SEQN,TELOMEAN,TELOSTD,HorvathTelo,RIDAGEYR,qPCR_age_pred,qPCR_residual,DNAm_age_pred,DNAm_residual,qPCR_z,DNAm_z,discordance_signed,discordance,TELO_CV,WBC,lymphocyte_pct,monocyte_pct,neutrophil_pct,eosinophil_pct,basophil_pct,CRP,BMXBMI,BMXWAIST,SMQ020,SMQ040,SMD070,smoking_status,RIAGENDR,sex,HbA1c
2084.0,0.389336528403,0.0274996225992,6.016262916,76.0,0.8699767099881364,-0.4806401815851364,6.389529652310903,-0.373266736310903,-2.2016827752922294,-1.462034109970854,-0.7396486653213754,0.7396486653213754,0.0706320126498259,5.9,27.3,11.3,52.8,8.4,0.4,0.1,27.92,107.4,2.0,,,never,1.0,male,5.9
6445.0,0.433243580893,0.0189151147048,5.608513908,81.0,0.8415427220671146,-0.4082991411741145,6.298962336788264,-0.6904484287882644,-1.8703080198683453,-2.7043908708313658,0.8340828509630205,0.8340828509630205,0.043659307463511,6.6,20.0,8.9,67.5,1.7,1.8,0.93,28.8,106.2,1.0,3.0,,former,1.0,male,5.7
5363.0,0.443292838114,0.0410102160122,5.970685016,81.0,0.8415427220671146,-0.3982498839531145,6.298962336788264,-0.3282773207882643,-1.8242750884247272,-1.285816800247966,-0.5384582881767612,0.5384582881767612,0.0925126969943366,5.1,31.8,10.4,54.4,2.7,0.7,0.05,23.94,91.6,2.0,,,never,1.0,male,5.5
8606.0,0.444447211029,0.0468386458093,5.903165326,78.0,0.8586031148197276,-0.4141559037907276,6.353302726101847,-0.4501374001018474,-1.897136266581814,-1.763125853717481,-0.1340104128643331,0.1340104128643331,0.1053862970606959,7.1,24.5,6.1,65.6,3.5,0.4,3.77,32.160000000000004,115.9,1.0,3.0,,former,1.0,male,5.1
5843.0,0.453035958781,0.015954447776,6.119855557,56.0,0.9837126616722238,-0.5306767028912238,6.751798914401458,-0.6319433574014575,-2.4308865566569837,-2.475234608960374,0.0443480523033903,0.0443480523033903,0.0352167360377511,11.6,33.8,6.6,54.3,4.7,0.6,0.21,24.23,93.0,1.0,3.0,,former,1.0,male,11.8
963.0,0.465105267875,0.0463729145967,6.39249571,80.0,0.8472295196513189,-0.3821242517763188,6.317075799892791,0.0754199101072092,-1.750407925493697,0.295409342491831,-2.045817267985528,2.045817267985528,0.0997041267852571,11.4,20.0,4.9,71.0,3.4,0.6,0.14,23.31,88.0,2.0,,,never,1.0,male,6.0
5411.0,0.471356279405,0.0434225986459,6.704415349,57.0,0.9780258640880196,-0.5066695846830195,6.73368545129693,-0.0292701022969303,-2.320916436245722,-0.1146469368885964,-2.206269499357126,2.206269499357126,0.0921226692910784,7.3,31.0,6.2,59.5,2.3,1.0,1.36,31.560000000000002,97.0,2.0,,,never,2.0,female,5.3
626.0,0.476963354107,0.0441365360049,6.489796527,66.0,0.9268446858301802,-0.4498813317231802,6.57066428335618,-0.0808677563561799,-2.0607847968803408,-0.316747801741084,-1.7440369951392567,1.7440369951392567,0.0925365347774676,6.9,21.6,11.6,64.9,0.3,1.6,0.55,22.8,91.0,1.0,1.0,3.0,current,1.0,male,5.4
9173.0,0.477484989345,0.0304783333013,6.165606531,74.0,0.8813503051565452,-0.4038653158115452,6.425756578519958,-0.260150047519958,-1.8499978641563772,-1.0189717062490022,-0.831026157907375,0.831026157907375,0.0638309768504121,5.5,19.7,12.0,66.4,1.4,0.6,2.81,33.730000000000004,123.4,1.0,3.0,,former,1.0,male,5.5
9370.0,0.478994278209,0.0197721340606,5.912344796,71.0,0.8984106979091583,-0.4194164197001583,6.480096967833541,-0.5677521718335408,-1.9212332682697448,-2.22380662534923,0.3025733570794853,0.3025733570794853,0.0412784347540218,8.1,43.5,11.2,44.3,0.8,0.2,0.08,26.42,91.7,1.0,3.0,,former,2.0,female,9.5
6962.0,0.499164340305,0.0455637174565,6.213041514,71.0,0.8984106979091583,-0.3992463576041583,6.480096967833541,-0.2670554538335405,-1.8288396649158147,-1.046019226404285,-0.7828204385115298,0.7828204385115298,0.0912799929351115,4.8,32.7,12.0,51.4,3.5,0.4,0.13,23.98,96.3,1.0,3.0,,former,1.0,male,5.3
7734.0,0.502227139033,0.152196541512,6.40768704,71.0,0.8984106979091583,-0.3961835588761583,6.480096967833541,-0.072409927833541,-1.8148098116867624,-0.2836196587980633,-1.531190152888699,1.531190152888699,0.3030432441485396,6.1,45.8,6.4,46.0,1.7,0.1,0.75,,,2.0,,,never,2.0,female,5.7
4721.0,0.507759482461,0.036008481793,5.822582721,85.0,0.8187955317302971,-0.311036049269297,6.226508484370153,-0.4039257633701529,-1.4247720819193654,-1.5821212727921543,0.1573491908727888,0.1573491908727888,0.0709164142409999,5.1,32.3,11.4,49.7,6.1,0.6,0.2,,,1.0,3.0,,former,1.0,male,5.3
8628.0,0.510831952842,0.0331934390177,6.010172368,85.0,0.8187955317302971,-0.307963578888297,6.226508484370153,-0.2163361163701527,-1.4106979254617555,-0.8473586060139604,-0.5633393194477951,0.5633393194477951,0.0649791753100587,5.7,40.7,9.3,47.0,2.3,0.8,0.11,22.94,86.3,2.0,,,never,2.0,female,5.6
8289.0,0.518340162362,0.0278926801667,6.182192068,76.0,0.8699767099881364,-0.3516365476261364,6.389529652310903,-0.2073375843109026,-1.610751992308318,-0.8121126022036135,-0.7986393901047045,0.7986393901047045,0.0538115357289644,5.1,28.1,8.3,60.7,2.8,0.3,0.52,27.93,102.5,1.0,3.0,,former,1.0,male,6.2
7796.0,0.52116636359,0.0207639685022,5.980143707,81.0,0.8415427220671146,-0.3203763584771145,6.298962336788264,-0.3188186297882645,-1.4675575141130168,-1.2487684175971323,-0.2187890965158843,0.2187890965158843,0.0398413442478704,6.9,30.0,8.8,56.1,4.4,0.7,0.23,,109.9,2.0,,,never,1.0,male,5.0
1141.0,0.52438929258,0.0488503052021,6.788212066,51.0,1.012146649593246,-0.4877573570132458,6.842366229924096,-0.0541541639240961,-2.234284632459317,-0.2121143599252696,-2.0221702725340474,2.0221702725340474,0.093156564966756,8.1,24.4,5.6,66.0,3.2,0.9,0.34,19.51,73.3,1.0,1.0,999.0,current,2.0,female,5.3
4812.0,0.524817946436,0.0248175490716,6.400244492,64.0,0.9382182809985888,-0.4134003345625888,6.6068912095652355,-0.2066467175652357,-1.8936752081458592,-0.809406572843504,-1.0842686353023554,1.0842686353023554,0.0472879200113756,10.6,39.2,4.6,52.6,2.9,0.7,0.61,25.86,95.0,2.0,,,never,2.0,female,11.6
3999.0,0.525336789497,0.0300591991089,6.19691575,73.0,0.8870371027407495,-0.3617003132437495,6.443870041624486,-0.246954291624486,-1.65685138279582,-0.9672857579732368,-0.6895656248225832,0.6895656248225832,0.0572189112011003,8.4,32.4,12.4,51.8,2.9,0.6,0.81,34.88,120.8,1.0,3.0,,former,1.0,male,5.1
3668.0,0.525627497699,0.0173518402278,6.374500309,79.0,0.8529163172355232,-0.3272888195365232,6.33518926299732,0.0393110460026804,-1.4992216300826522,0.1539759227478566,-1.6531975528305087,1.6531975528305087,0.0330116675854285,7.1,21.3,11.9,61.3,4.7,0.8,0.48,23.47,89.2,2.0,,,never,2.0,female,5.3
2102.0,0.52819356887,0.0318225016881,5.614743179,85.0,0.8187955317302971,-0.290601962860297,6.226508484370153,-0.6117653053701524,-1.3311690545420978,-2.396199973744547,1.0650309192024492,1.0650309192024492,0.0602478022520796,5.7,27.3,11.3,58.5,2.3,0.6,0.23,27.55,103.4,1.0,1.0,12.0,current,2.0,female,5.7
2190.0,0.529188193253,0.0426321307615,6.109939971,82.0,0.8358559244829101,-0.3066677312299101,6.280848873683736,-0.1709089026837356,-1.4047619975510592,-0.6694265015170919,-0.7353354960339673,0.7353354960339673,0.0805613793071115,4.9,16.2,6.1,75.9,1.3,0.6,0.63,,,1.0,3.0,,former,1.0,male,9.1
8953.0,0.537844247783,0.0201504712249,6.172995854,85.0,0.8187955317302971,-0.280951283947297,6.226508484370153,-0.0535126303701529,-1.2869619026087042,-0.2096015618446647,-1.0773603407640395,1.0773603407640395,0.0374652537569388,5.7,24.0,5.6,65.4,4.4,0.6,0.5,26.21,107.0,2.0,,,never,1.0,male,5.9
9090.0,0.538640333607,0.0497991786638,6.045039193,81.0,0.8415427220671146,-0.3029023884601145,6.298962336788264,-0.2539231437882643,-1.3875139799342433,-0.9945817867367044,-0.392932193197539,0.392932193197539,0.0924534899388619,7.4,28.9,7.3,61.3,2.1,0.4,0.3,21.57,87.5,1.0,1.0,20.0,current,2.0,female,5.6
4045.0,0.540877702018,0.0234887955141,5.426722732,84.0,0.8244823293145014,-0.2836046272965014,6.2446219474746805,-0.8178992154746805,-1.2991161514058256,-3.203597950786528,1.9044817993807024,1.9044817993807024,0.043427184050043,18.2,13.1,6.0,78.8,1.9,0.1,0.11,24.650000000000002,90.7,1.0,3.0,,former,1.0,male,5.3
8604.0,0.541430209394,0.03480741029,6.111790771,78.0,0.8586031148197276,-0.3171729054257276,6.353302726101847,-0.2415119551018474,-1.4528833614413958,-0.9459688795589484,-0.5069144818824475,0.5069144818824475,0.0642878983959141,4.6,,,,,,0.24,26.78,103.7,2.0,,,never,1.0,male,5.5
2488.0,0.542159770089,0.0124959351413,6.424088802,81.0,0.8415427220671146,-0.2993829519781146,6.298962336788264,0.1251264652117356,-1.3713923925638336,0.4901030346493678,-1.8614954272132016,1.8614954272132016,0.0230484366983715,9.0,19.5,5.9,73.4,0.9,0.4,5.24,24.41,101.4,1.0,3.0,,former,1.0,male,6.0
9246.0,0.542191100258,0.0206554551897,5.892990846,78.0,0.8586031148197276,-0.3164120145617276,6.353302726101847,-0.4603118801018473,-1.4493979260297722,-1.8029778827470004,0.3535799567172282,0.3535799567172282,0.0380962638078551,6.9,28.7,10.5,56.4,4.3,0.2,0.77,32.37,114.5,2.0,,,never,1.0,male,5.0
6300.0,0.543883637939,0.0232436845459,5.785158019,85.0,0.8187955317302971,-0.2749118937912971,6.226508484370153,-0.441350465370153,-1.2592970884937418,-1.7287086473336672,0.4694115588399254,0.4694115588399254,0.0427365026717478,5.6,39.1,7.8,51.7,1.2,0.2,0.33,23.47,85.9,1.0,3.0,,former,2.0,female,5.2
7456.0,0.546098579882,0.0568557821003,6.508891091,61.0,0.955278673751202,-0.409180093869202,6.661231598878818,-0.1523405078788187,-1.874343426080587,-0.5966966707250382,-1.2776467553555486,1.2776467553555486,0.1041126715850191,10.2,40.4,9.6,45.9,3.7,0.5,0.31,28.96,107.0,1.0,3.0,,former,1.0,male,6.1
5884.0,0.54794257345,0.0288975768552,6.269650375,74.0,0.8813503051565452,-0.3334077317065452,6.425756578519958,-0.1561062035199576,-1.5272507130524398,-0.611446379015487,-0.9158043340369528,0.9158043340369528,0.0527383310868742,7.8,36.2,6.3,55.3,1.6,0.6,0.64,32.42,109.0,2.0,,,never,2.0,female,6.6
7487.0,0.54800511571,0.0511112418713,5.998988382,76.0,0.8699767099881364,-0.3219715942781364,6.389529652310903,-0.3905412703109023,-1.4748648581932728,-1.5296960671853164,0.0548312089920435,0.0548312089920435,0.0932678188689531,8.7,33.6,10.2,52.4,3.4,0.6,3.73,22.01,83.7,2.0,,,never,2.0,female,8.9
8947.0,0.549872544188,0.035083713271,6.79299627,74.0,0.8813503051565452,-0.3314777609685452,6.425756578519958,0.3672396914800417,-1.5184100386904689,1.4384270100933467,-2.9568370487838154,2.9568370487838154,0.0638033552353633,10.2,23.3,8.6,66.6,1.2,0.4,0.05,47.4,142.7,2.0,,,never,2.0,female,5.9
6414.0,0.550455938925,0.0182834228804,6.291843084,67.0,0.9211578882459758,-0.3707019493209758,6.5525508202516525,-0.2607077362516525,-1.698085444907141,-1.0211560957730788,-0.6769293491340622,0.6769293491340622,0.0332150524456256,10.0,22.1,9.4,67.3,0.8,0.4,0.46,49.730000000000004,140.0,2.0,,,never,1.0,male,6.4
4229.0,0.553345811438,0.0231990296281,5.823166157,85.0,0.8187955317302971,-0.2654497202922971,6.226508484370153,-0.4033423273701526,-1.2159534289169056,-1.579836034784032,0.3638826058671265,0.3638826058671265,0.0419250117170162,6.9,17.2,9.9,69.7,2.8,0.5,0.9,,,2.0,,,never,2.0,female,5.4
4840.0,0.553575317874,0.0427962845149,6.618951253,81.0,0.8415427220671146,-0.2879674041931145,6.298962336788264,0.3199889162117353,-1.3191008532966195,1.2533522674372235,-2.5724531207338432,2.5724531207338432,0.0773088740286663,5.1,18.5,6.6,71.5,2.8,0.6,0.23,27.61,100.2,2.0,,,never,2.0,female,6.5
8727.0,0.554602663483,0.0438803235077,6.100675558,81.0,0.8415427220671146,-0.2869400585841145,6.298962336788264,-0.1982867787882645,-1.3143948607095086,-0.7766618504768702,-0.5377330102326384,0.5377330102326384,0.0791202898884834,4.6,33.6,7.6,56.1,2.4,0.4,0.1,32.74,108.2,1.0,3.0,,former,1.0,male,4.9
865.0,0.555028354236,0.0313635150397,6.204111822,73.0,0.8870371027407495,-0.3320087485047495,6.443870041624486,-0.2397582196244858,-1.5208423490905278,-0.939099740580454,-0.581742608510074,0.581742608510074,0.0565079509908499,6.1,36.4,8.6,52.3,1.9,0.8,0.37,28.22,103.6,1.0,3.0,,former,1.0,male,5.3
4472.0,0.557086885513,0.0279326250325,6.058814781,73.0,0.8870371027407495,-0.3299502172277495,6.443870041624486,-0.3850552606244859,-1.511412773643831,-1.508208127037093,-0.0032046466067379,0.0032046466067379,0.0501405180392604,10.1,34.8,6.4,55.3,2.8,0.5,0.08,28.810000000000002,104.4,2.0,,,never,1.0,male,5.6
8239.0,0.557432094881,0.0220233270097,6.703972046,74.0,0.8813503051565452,-0.3239182102755452,6.425756578519958,0.2782154674800416,-1.4837817799900914,1.08973145423413,-2.5735132342242215,2.5735132342242215,0.0395085378325794,10.0,20.3,6.4,71.3,1.5,0.5,0.53,,,,,,,2.0,female,5.1
6944.0,0.558225755444,0.033077281272,6.582808724,64.0,0.9382182809985888,-0.3799925255545888,6.6068912095652355,-0.024082485565235,-1.7406430637866646,-0.0943277606176179,-1.6463153031690465,1.6463153031690465,0.0592543087620367,8.4,31.8,9.4,49.9,8.4,0.5,0.22,31.01,105.2,1.0,3.0,,former,1.0,male,5.8
6912.0,0.559324146472,0.0365144047469,5.886044707,81.0,0.8415427220671146,-0.2822185755951145,6.298962336788264,-0.4129176297882644,-1.292767023152454,-1.6173411682093295,0.3245741450568757,0.3245741450568757,0.0652830831231204,6.9,12.5,7.0,76.4,3.4,0.6,0.06,20.63,,1.0,3.0,,former,1.0,male,5.5
9597.0,0.561122478227,0.0420007205224,6.341057786,83.0,0.8301691268987057,-0.2690466486717057,6.262735410579208,0.0783223754207922,-1.2324299857265884,0.3067778971436739,-1.5392078828702622,1.5392078828702622,0.0748512528942188,9.7,16.0,11.1,70.9,1.6,0.4,1.5,24.43,91.8,2.0,,,never,1.0,male,5.9
3466.0,0.562177078563,0.038039819097,5.809824856,70.0,0.9040974954933628,-0.3419204169303627,6.4982104309380695,-0.6883855749380698,-1.5662450234468646,-2.696310957998316,1.1300659345514512,1.1300659345514512,0.0676651904667384,8.8,35.3,7.6,54.1,2.5,0.6,0.77,27.84,107.7,1.0,1.0,20.0,current,1.0,male,5.3
211.0,0.562373323183,0.0511129384702,6.402849545,76.0,0.8699767099881364,-0.3076033868051363,6.389529652310903,0.0133198926890969,-1.4090479828733598,0.0521721749038753,-1.461220157777235,1.461220157777235,0.0908879144211602,7.9,29.1,12.2,56.7,1.6,0.5,0.27,31.3,117.3,2.0,,,never,1.0,male,6.4
9530.0,0.563541236444,0.0809893591053,6.528368117,80.0,0.8472295196513189,-0.2836882832073188,6.317075799892791,0.2112923171072092,-1.2994993565246544,0.827602742849858,-2.1271020993745124,2.1271020993745124,0.1437150537844412,6.2,15.6,10.2,69.0,3.9,1.3,0.41,29.01,109.0,1.0,3.0,,former,1.0,male,5.0
8918.0,0.56793110915,0.0342864255872,6.692993576,59.0,0.9666522689196108,-0.3987211597696107,6.697458525087875,-0.0044649490878745,-1.8264338755743357,-0.0174885871971151,-1.8089452883772208,1.8089452883772208,0.0603707474987857,8.4,35.0,5.9,53.4,5.1,0.7,0.34,26.44,91.0,2.0,,,never,2.0,female,5.2
3743.0,0.568739986473,0.0200341728666,6.148280327,76.0,0.8699767099881364,-0.3012367235151364,6.389529652310903,-0.2412493253109024,-1.3798840189795183,-0.9449401950411396,-0.4349438239383788,0.4349438239383788,0.0352255395138303,17.3,13.9,8.2,77.5,0.3,0.2,29.6,20.79,84.7,1.0,3.0,,former,2.0,female,12.7
5432.0,0.569142253626,0.0318430021232,6.325070566,71.0,0.8984106979091583,-0.3292684442831582,6.480096967833541,-0.155026401833541,-1.5082897560388184,-0.6072169453586121,-0.9010728106802064,0.9010728106802064,0.0559491092434774,6.3,39.7,7.7,47.7,4.3,0.6,0.77,25.490000000000002,98.6,1.0,3.0,,former,2.0,female,5.7
9915.0,0.570849998999,0.0396984009788,6.595545725,66.0,0.9268446858301802,-0.3559946868311802,6.57066428335618,0.0248814416438198,-1.6307154501874033,0.0974571609247662,-1.7281726111121696,1.7281726111121696,0.069542613731124,9.9,27.3,10.1,57.8,4.3,0.5,0.44,34.63,120.8,1.0,3.0,,former,1.0,male,5.7
3116.0,0.571120758648,0.0275878405243,6.49003925,57.0,0.9780258640880196,-0.4069051054400194,6.73368545129693,-0.2436462012969302,-1.8639223189188807,-0.9543284263193316,-0.9095938925995491,0.9095938925995491,0.0483047413468353,5.6,32.1,6.9,58.3,2.3,0.4,0.36,27.150000000000002,90.4,2.0,,,never,1.0,male,5.5
2531.0,0.57200094078,0.0405472822215,5.7399417,84.0,0.8244823293145014,-0.2524813885345014,6.2446219474746805,-0.5046802474746803,-1.1565490059216208,-1.976762632880132,0.8202136269585112,0.8202136269585112,0.0708867404417348,11.0,25.4,5.9,63.9,4.6,0.3,0.6,30.77,111.7,1.0,3.0,,former,1.0,male,5.7
7276.0,0.573597557474,0.028706646256,6.338009045,73.0,0.8870371027407495,-0.3134395452667495,6.443870041624486,-0.1058609966244858,-1.4357818475211988,-0.4146428623942372,-1.0211389851269614,1.0211389851269614,0.0500466675318805,6.3,38.1,8.6,49.2,3.3,0.9,0.13,30.63,117.3,1.0,3.0,,former,1.0,male,6.0
5463.0,0.574048085722,0.0270132366858,6.515506904,60.0,0.9609654713354064,-0.3869173856134064,6.679345061983346,-0.1638381579833456,-1.7723639762216712,-0.6417313737994824,-1.1306326024221889,1.1306326024221889,0.0470574458093079,4.6,38.3,15.2,42.8,2.8,0.8,0.08,27.46,103.7,1.0,3.0,,former,1.0,male,5.4
8731.0,0.574236145397,0.0282202392201,6.340646247,82.0,0.8358559244829101,-0.2616197790859101,6.280848873683736,0.0597973733162637,-1.198409503320268,0.234218029549302,-1.43262753286957,1.43262753286957,0.0491439618462015,5.7,19.2,5.8,73.1,1.3,0.6,0.08,,,2.0,,,never,2.0,female,4.9
4303.0,0.574370759403,0.0363946253874,6.265850719,78.0,0.8586031148197276,-0.2842323554167276,6.353302726101847,-0.0874520071018469,-1.301991604276434,-0.3425374000157831,-0.959454204260651,0.959454204260651,0.0633643422677514,10.8,26.3,6.9,62.8,2.8,1.1,0.5,23.12,97.9,1.0,3.0,,former,1.0,male,7.2
1919.0,0.575087440405,0.02354403938,6.849335859,79.0,0.8529163172355232,-0.2778288768305231,6.33518926299732,0.5141465960026803,-1.2726589994602846,2.0138410090076007,-3.2865000084678853,3.2865000084678853,0.0409399296973332,8.2,14.3,5.1,79.7,0.8,0.1,4.47,24.830000000000002,87.8,2.0,,,never,2.0,female,4.7
2790.0,0.576739144478,0.0188652394624,6.917384857,50.0,1.0178334471774502,-0.4410943026994501,6.860479693028624,0.0569051639713764,-2.0205337916819492,0.2228896461064235,-2.2434234377883726,2.2434234377883726,0.032710176937053,5.3,39.4,7.1,46.7,6.7,0.1,0.1,33.82,107.0,2.0,,,never,2.0,female,5.5
8108.0,0.577192206724,0.0231233906643,6.528737447,63.0,0.9439050785827932,-0.3667128718587933,6.625004672669763,-0.0962672256697629,-1.6798125591304494,-0.3770653902688626,-1.3027471688615868,1.3027471688615868,0.0400618552969428,5.3,40.2,13.0,43.0,2.3,1.5,0.21,19.900000000000002,86.0,2.0,,,never,1.0,male,4.8
9625.0,0.579001060777,0.0427544411818,6.688006176,70.0,0.9040974954933628,-0.3250964347163627,6.4982104309380695,0.1897957450619305,-1.489178907729643,0.7434036473497823,-2.232582555079425,2.232582555079425,0.0738417320417772,5.9,27.1,6.6,63.3,2.2,0.8,0.2,30.060000000000002,94.7,2.0,,,never,2.0,female,5.2
4122.0,0.580135875138,0.024435345027,7.087407629,51.0,1.012146649593246,-0.4320107744552458,6.842366229924096,0.2450413990759044,-1.978924603685663,0.9597932227894802,-2.938717826475143,2.938717826475143,0.0421200378638666,5.6,40.5,11.4,42.8,4.6,0.7,1.01,47.09,131.6,1.0,1.0,20.0,current,2.0,female,6.1
3275.0,0.580933617525,0.0494047428618,6.779573454,63.0,0.9439050785827932,-0.3629714610577933,6.625004672669763,0.1545687813302372,-1.662674167394895,0.6054245092260367,-2.268098676620932,2.268098676620932,0.0850436975437626,7.3,28.1,5.2,65.1,1.0,0.6,3.69,28.1,95.3,2.0,,,never,2.0,female,4.9
7792.0,0.581233282756,0.0534659472802,5.650103708,78.0,0.8586031148197276,-0.2773698320637277,6.353302726101847,-0.7031990181018477,-1.270556239443824,-2.754333163259913,1.4837769238160892,1.4837769238160892,0.0919870710546437,6.3,7.9,4.6,87.4,0.3,5.397605346934028e-79,3.58,23.11,86.8,1.0,3.0,,former,1.0,male,6.2
2184.0,0.583137950254,0.033999456153,6.459933951,60.0,0.9609654713354064,-0.3778275210814064,6.679345061983346,-0.2194111109833461,-1.7307257634034212,-0.8594029340376629,-0.8713228293657583,0.8713228293657583,0.0583043105635479,4.9,38.5,11.8,43.5,5.3,0.9,0.01,23.62,82.3,2.0,,,never,1.0,male,5.5
2231.0,0.583732220932,0.0460294352494,7.057999773,58.0,0.9723390665038152,-0.3886068455718152,6.715571988192401,0.3424277848075983,-1.7801029357021445,1.3412422080211075,-3.121345143723252,3.121345143723252,0.078853682559973,14.7,64.6,5.4,27.1,1.7,1.2,0.28,26.6,101.0,1.0,3.0,,former,1.0,male,5.1
374.0,0.584786161506,0.0368192900843,6.741997825,53.0,1.000773054424837,-0.4159868929188369,6.806139303715041,-0.0641414787150402,-1.9055235329393847,-0.2512332887526554,-1.654290244186729,1.654290244186729,0.0629619722694519,5.1,23.1,6.4,66.1,3.8,0.7,0.21,22.09,75.9,1.0,1.0,10.0,current,2.0,female,5.1
7497.0,0.584899755881,0.031207257441,6.697241232,65.0,0.9325314834143844,-0.3476317275333845,6.588777746460708,0.1084634855392918,-1.59240699379555,0.42483645103777,-2.01724344483332,2.01724344483332,0.0533548819728849,5.6,51.3,8.0,37.8,1.3,1.6,0.09,20.830000000000002,91.8,2.0,,,never,2.0,female,5.4
3482.0,0.586035698292,0.0163954946957,6.63200001,69.0,0.909784293077567,-0.323748594785567,6.516323894042596,0.1156761159574033,-1.483004817270337,0.453087325461011,-1.936092142731348,1.936092142731348,0.02797695557367,7.6,39.6,8.2,48.4,3.4,0.4,0.25,26.45,94.2,2.0,,,never,2.0,female,6.4
293.0,0.586254637058,0.0350411903375,6.525976542,85.0,0.8187955317302971,-0.2325408946722971,6.226508484370153,0.2994680576298476,-1.065206992604203,1.172974906440292,-2.238181899044495,2.238181899044495,0.0597712804684106,7.0,23.2,10.5,63.0,2.8,0.5,0.23,23.8,87.6,2.0,,,never,2.0,female,5.7
8337.0,0.58813549686,0.0360877421449,6.278862573,84.0,0.8244823293145014,-0.2363468324545014,6.2446219474746805,0.0342406255253191,-1.082640965001762,0.1341157879738265,-1.2167567529755887,1.2167567529755887,0.0613595716251936,6.0,35.4,9.6,52.5,2.3,0.3,0.04,24.05,82.1,2.0,,,never,2.0,female,4.9
5533.0,0.589378632231,0.0294914865888,5.941453422,77.0,0.864289912403932,-0.2749112801729321,6.371416189206375,-0.4299627672063746,-1.2592942776738467,-1.68410461078317,0.4248103331093231,0.4248103331093231,0.0500382690786814,2.4,51.0,10.9,37.1,0.3,0.8,0.19,23.66,89.5,2.0,,,never,1.0,male,4.1
5139.0,0.58995216017,0.0461397164542,6.130383687,67.0,0.9211578882459758,-0.3312057280759758,6.5525508202516525,-0.4221671332516523,-1.517163929528501,-1.6535701922510089,0.1364062627225073,0.1364062627225073,0.0782092507990892,5.5,40.0,7.5,49.3,2.7,0.6,0.36,36.32,124.1,2.0,,,never,1.0,male,10.1
695.0,0.590590873232,0.0627448863073,6.26031254,59.0,0.9666522689196108,-0.3760613956876107,6.697458525087875,-0.4371459850878745,-1.7226356202828397,-1.7122402803740384,-0.0103953399088012,0.0103953399088012,0.1062408668185634,6.1,30.1,6.9,55.2,6.6,1.3,1.13,26.1,95.4,1.0,3.0,,former,1.0,male,7.1
6396.0,0.591331638049,0.0765056821018,5.833494928,72.0,0.8927239003249539,-0.3013922622759538,6.461983504729013,-0.6284885767290129,-1.3805965000073277,-2.4617027115416477,1.0811062115343202,1.0811062115343202,0.1293786382785432,8.4,12.3,6.5,80.7,0.4,0.3,2.08,22.43,88.6,1.0,3.0,,former,1.0,male,5.5
2031.0,0.591873295449,0.0546819135229,6.680190392,54.0,0.9950862568406328,-0.4032129613916326,6.788025840610513,-0.1078354486105128,-1.8470096048623448,-0.4223765173686969,-1.424633087493648,1.424633087493648,0.0923878707543611,7.1,37.6,5.0,51.6,5.1,0.7,0.25,27.84,88.8,2.0,,,never,2.0,female,5.7
5235.0,0.592134716523,0.0362414024423,6.231693237,70.0,0.9040974954933628,-0.3119627789703627,6.4982104309380695,-0.2665171939380695,-1.4290171802244196,-1.0439109369408686,-0.385106243283551,0.385106243283551,0.06120465737106,4.0,41.7,7.4,49.2,1.4,0.4,0.26,38.51,122.0,2.0,,,never,2.0,female,5.2
1623.0,0.592644178959,0.0216026404244,6.387119326,81.0,0.8415427220671146,-0.2488985431081145,6.298962336788264,0.0881569892117353,-1.1401369593137087,0.3452987173026187,-1.4854356766163277,1.4854356766163277,0.0364512825593694,7.4,22.9,10.2,62.9,3.3,0.8,0.44,29.98,112.8,2.0,,,never,1.0,male,5.8
4338.0,0.593011644419,0.032535186051,6.532520406,58.0,0.9723390665038152,-0.3793274220848152,6.715571988192401,-0.1830515821924017,-1.737596404540743,-0.7169876954331955,-1.0206087091075475,1.0206087091075475,0.0548643291530576,6.3,24.1,8.7,64.6,2.2,0.4,0.46,22.53,89.4,1.0,1.0,20.0,current,1.0,male,5.2
4261.0,0.593383984693,0.0290920292614,6.162263909,72.0,0.8927239003249539,-0.2993399156319538,6.461983504729013,-0.2997195957290133,-1.3711952546929609,-1.1739601463375626,-0.197235108355398,0.197235108355398,0.0490273246529418,7.9,28.3,10.9,58.8,1.7,0.4,0.33,25.59,93.6,1.0,3.0,,former,1.0,male,7.6
2817.0,0.594558634777,0.0500176314826,5.880655083,59.0,0.9666522689196108,-0.3720936341426107,6.697458525087875,-0.8168034420878749,-1.7044603769619773,-3.1993059581912555,1.4948455812292782,1.4948455812292782,0.0841256497794536,6.0,20.9,12.5,63.9,1.7,1.1,0.52,25.14,96.9,1.0,1.0,30.0,current,1.0,male,5.4
6116.0,0.594834288974,0.0292796063262,6.305016374,71.0,0.8984106979091583,-0.3035764089351582,6.480096967833541,-0.1750805938335409,-1.3906014855714206,-0.6857664379860056,-0.704835047585415,0.704835047585415,0.0492231313307491,7.6,32.9,7.8,58.3,0.9,0.1,0.14,26.61,86.4,2.0,,,never,2.0,female,5.6
93.0,0.596702185373,0.0576272109047,6.597607564,63.0,0.9439050785827932,-0.3472028932097932,6.625004672669763,-0.0273971086697635,-1.5904426196548127,-0.1073106802541581,-1.4831319394006546,1.4831319394006546,0.096576168677306,6.3,41.2,5.7,50.3,2.0,0.9,0.06,22.85,83.5,2.0,,,never,2.0,female,4.8
5856.0,0.59726407035,0.172172458936,6.109732665,84.0,0.8244823293145014,-0.2272182589645014,6.2446219474746805,-0.1348892824746803,-1.0408254369082954,-0.5283426377517151,-0.5124827991565803,0.5124827991565803,0.2882685691022834,8.6,16.4,6.8,74.9,1.6,0.4,0.19,28.87,111.0,2.0,,,never,1.0,male,5.1
2723.0,0.597939522304,0.0450984856624,6.469130349,66.0,0.9268446858301802,-0.3289051635261801,6.57066428335618,-0.1015339343561798,-1.506625665070402,-0.3976943587725217,-1.1089313062978805,1.1089313062978805,0.0754231556539782,8.5,18.5,3.2,77.0,0.7,0.7,0.1,25.740000000000002,91.4,1.0,2.0,,current,1.0,male,9.3
6990.0,0.59868345277,0.0550445174005,6.536455495,85.0,0.8187955317302971,-0.220112078960297,6.226508484370153,0.3099470106298474,-1.0082739468065227,1.2140195140423482,-2.2222934608488707,2.2222934608488707,0.0919426069750533,3.8,24.2,8.9,61.7,4.0,1.2,0.05,21.990000000000002,81.5,2.0,,,never,2.0,female,5.4
4419.0,0.599827683345,0.031016715155,6.477288484,52.0,1.0064598520090415,-0.4066321686640415,6.824252766819568,-0.3469642828195685,-1.8626720693113,-1.3590110424446256,-0.5036610268666744,0.5036610268666744,0.0517093759028128,4.7,31.0,9.6,54.5,4.4,0.5,0.35,41.08,131.0,1.0,3.0,,former,1.0,male,5.2
136.0,0.600486513684,0.0353080206864,6.225233585,53.0,1.000773054424837,-0.400286540740837,6.806139303715041,-0.5809057187150408,-1.8336044627477857,-2.2753272467630703,0.4417227840152846,0.4417227840152846,0.0587990235946922,5.0,32.1,8.1,58.3,1.2,0.3,2.1,43.730000000000004,136.5,1.0,3.0,,former,1.0,male,5.9
2548.0,0.603722535429,0.0210867753982,6.260445384,77.0,0.864289912403932,-0.260567376974932,6.371416189206375,-0.1109708052063753,-1.1935887336692992,-0.4346572749185873,-0.7589314587507119,0.7589314587507119,0.0349279249336219,7.9,24.2,8.2,64.7,2.6,0.4,1.04,45.59,130.0,1.0,3.0,,former,2.0,female,5.0
7301.0,0.604455672281,0.0209288675641,6.455175398,73.0,0.8870371027407495,-0.2825814304597496,6.443870041624486,0.0113053563755141,-1.2944291632231473,0.0442815151699208,-1.338710678393068,1.338710678393068,0.0346243215571489,4.6,40.8,14.0,43.3,1.5,0.5,0.65,22.53,84.4,2.0,,,never,2.0,female,5.6
5479.0,0.606116062538,0.0483181008283,6.457014179,75.0,0.8756635075723407,-0.2695474450343407,6.40764311541543,0.0493710635845694,-1.2347239985199137,0.1933796183382869,-1.4281036168582006,1.4281036168582006,0.0797175719547454,8.5,30.9,10.4,56.3,1.9,0.6,0.15,31.17,104.0,2.0,,,never,2.0,female,5.3
2947.0,0.60799949993,0.0303827812432,6.152654162,75.0,0.8756635075723407,-0.2676640076423406,6.40764311541543,-0.2549889534154301,-1.2260964808399892,-0.998756415435346,-0.2273400654046433,0.2273400654046433,0.0499717207772342,6.3,27.4,7.8,60.1,4.3,0.6,0.09,27.21,101.6,1.0,3.0,,former,1.0,male,5.9
9042.0,0.608208345688,0.020399083513,6.499243529,62.0,0.9495918761669976,-0.3413835304789977,6.643118135774291,-0.1438746067742906,-1.5637856917106796,-0.5635369085967824,-1.0002487831138973,1.0002487831138973,0.0335396310452214,8.5,36.5,7.3,54.9,1.0,0.4,0.35,27.07,98.5,1.0,2.0,,current,2.0,female,5.4
1777.0,0.608490172693,0.042155448808,5.762071548,85.0,0.8187955317302971,-0.210305359037297,6.226508484370153,-0.464436936370153,-0.9633520131775514,-1.8191351568438507,0.8557831436662994,0.8557831436662994,0.0692787668557279,10.5,14.6,6.8,76.3,1.5,0.9,0.08,26.1,99.3,1.0,3.0,,former,1.0,male,5.3
5302.0,0.609693779977,0.0876947700319,6.475838578,62.0,0.9495918761669976,-0.3398980961899976,6.643118135774291,-0.1672795577742905,-1.556981318682328,-0.6552108601585805,-0.9017704585237476,0.9017704585237476,0.1438341228201609,5.9,25.8,8.2,61.9,2.9,1.1,0.21,23.54,86.8,1.0,1.0,20.0,current,1.0,male,5.5
8174.0,0.609745828483,0.0272687334748,6.267451642,66.0,0.9268446858301802,-0.3170988573471802,6.57066428335618,-0.30321264135618,-1.452544167205609,-1.1876419222843713,-0.2649022449212377,0.2649022449212377,0.0447214760659248,7.7,26.3,9.1,60.9,2.8,0.9,4.65,27.61,105.4,1.0,2.0,,current,1.0,male,5.7
6703.0,0.609937146817,0.0335409482026,5.699954717,74.0,0.8813503051565452,-0.2714131583395452,6.425756578519958,-0.7258018615199582,-1.243270326948293,-2.8428653705125915,1.5995950435642985,1.5995950435642985,0.0549908271329854,7.1,28.0,7.6,62.8,1.6,0.1,0.54,24.38,96.9,1.0,1.0,20.0,current,1.0,male,4.9
4390.0,0.610225171436,0.0539367704587,5.755614561,85.0,0.8187955317302971,-0.2085703602942971,6.226508484370153,-0.470893923370153,-0.955404452832058,-1.844426280652363,0.8890218278203049,0.8890218278203049,0.0883883080925265,8.5,19.5,16.4,56.8,6.9,0.4,0.45,24.01,98.6,1.0,3.0,,former,1.0,male,5.5
5792.0,0.61195613647,0.0584045361684,6.541980933,52.0,1.0064598520090415,-0.3945037155390415,6.824252766819568,-0.2822718338195686,-1.8071149033494651,-1.1056196793932729,-0.7014952239561927,0.7014952239561927,0.0954390889930444,6.1,56.9,7.8,31.1,3.5,0.7,0.72,33.7,107.1,2.0,,,never,2.0,female,5.6
9819.0,0.61241966626,0.0349188204782,6.407152601,63.0,0.9439050785827932,-0.3314854123227932,6.625004672669763,-0.2178520716697631,-1.5184450874764444,-0.8532963929679405,-0.6651486945085039,0.6651486945085039,0.0570177974385547,6.8,41.0,6.6,48.4,3.4,0.6,0.23,30.3,108.5,1.0,3.0,,former,1.0,male,6.0
9648.0,0.614420305044,0.191899784111,6.532813898,74.0,0.8813503051565452,-0.2669300001125452,6.425756578519958,0.1070573194800417,-1.2227341907169376,0.4193286933328492,-1.6420628840497868,1.6420628840497868,0.312326566253792,7.5,25.6,11.2,61.1,1.6,0.6,0.19,31.3,99.7,2.0,,,never,2.0,female,5.5
3786.0,0.616211360594,0.0320932320098,6.128578441,80.0,0.8472295196513189,-0.2310181590573189,6.317075799892791,-0.1884973588927909,-1.0582317522825038,-0.7383180485472806,-0.3199137037352232,0.3199137037352232,0.0520815325099874,10.0,13.9,8.4,75.0,2.1,0.6,4.95,22.400000000000002,93.5,1.0,3.0,,former,1.0,male,5.9
8412.0,0.616998669859,0.0938495602496,6.45021666,62.0,0.9495918761669976,-0.3325932063079977,6.643118135774291,-0.192901475774291,-1.523519592333182,-0.7555683644170784,-0.7679512279161035,0.7679512279161035,0.1521065843967654,8.4,30.3,9.6,56.7,2.7,0.8,0.62,28.830000000000002,94.0,2.0,,,never,2.0,female,12.3
162.0,0.617419963215,0.0297797623513,6.292266521,63.0,0.9439050785827932,-0.3264851153677932,6.625004672669763,-0.3327381516697629,-1.4955400784926716,-1.303289257001064,-0.1922508214916074,0.1922508214916074,0.0482325874211002,7.6,23.4,7.1,67.7,1.1,0.8,0.09,25.41,104.2,1.0,1.0,20.0,current,1.0,male,5.4
9762.0,0.618264409643,0.0265730141389,6.603040273,66.0,0.9268446858301802,-0.3085802761871802,6.57066428335618,0.0323759896438202,-1.4135228491209515,0.1268122674716507,-1.5403351165926025,1.5403351165926025,0.0429800158709505,6.1,27.8,4.8,65.3,1.6,0.6,0.28,32.410000000000004,102.2,1.0,3.0,,former,2.0,female,6.1
4931.0,0.618487342785,0.0606105172934,6.211013966,63.0,0.9439050785827932,-0.3254177357977933,6.625004672669763,-0.4139907066697628,-1.4906507011496926,-1.6215442617367022,0.1308935605870096,0.1308935605870096,0.0979979913905361,6.1,50.2,9.4,38.6,1.7,0.1,0.46,22.44,92.8,2.0,,,never,1.0,male,5.6
5941.0,0.61945169132,0.0334838574569,6.183245058,78.0,0.8586031148197276,-0.2391514234997276,6.353302726101847,-0.1700576681018475,-1.095488038618556,-0.6660923335528978,-0.4293957050656581,0.4293957050656581,0.0540540254003483,14.1,13.8,3.1,82.2,1.0,5.397605346934028e-79,3.35,34.28,,1.0,2.0,,current,1.0,male,6.5
2830.0,0.619608166754,0.0194584526372,6.522031387,66.0,0.9268446858301802,-0.3072365190761802,6.57066428335618,-0.0486328963561799,-1.4073674609557176,-0.1904883195383072,-1.2168791414174105,1.2168791414174105,0.0314044482969597,5.6,36.3,8.9,52.2,2.1,0.6,0.31,25.19,80.9,2.0,,,never,2.0,female,6.1
813.0,0.619678184818,0.0497948364205,6.541187644,62.0,0.9495918761669976,-0.3299136913489977,6.643118135774291,-0.1019304917742909,-1.5112454584646569,-0.3992476192574245,-1.1119978392072325,1.1119978392072325,0.0803559615950088,5.4,30.5,9.5,55.4,4.4,0.4,0.77,24.740000000000002,96.1,1.0,1.0,7.0,current,1.0,male,5.4
1473.0,0.620480295034,0.0606575494277,6.385277308,62.0,0.9495918761669976,-0.3291115811329976,6.643118135774291,-0.2578408277742907,-1.5075712083413544,-1.0099268123242144,-0.4976443960171399,0.4976443960171399,0.0977590262143235,13.1,9.8,10.0,73.8,6.2,0.2,15.6,,,1.0,2.0,,current,1.0,male,5.1
4823.0,0.620784661996,0.0601650726388,6.924079053,59.0,0.9666522689196108,-0.3458676069236107,6.697458525087875,0.2266205279121251,-1.5843260340487648,0.887641221668246,-2.471967255717011,2.471967255717011,0.0969177821587152,9.6,17.8,6.4,73.3,1.5,1.0,0.17,27.46,97.6,1.0,3.0,,former,1.0,male,5.5
8497.0,0.620809631085,0.01381473379,6.535595606,75.0,0.8756635075723407,-0.2548538764873407,6.40764311541543,0.1279524905845699,-1.1674167320512334,0.501172184639967,-1.6685889166912005,1.6685889166912005,0.0222527697675304,7.1,25.1,9.4,61.4,3.4,0.8,0.47,31.29,106.5,1.0,3.0,,former,1.0,male,6.1
1546.0,0.622570991245,0.0252843554952,6.288780133,57.0,0.9780258640880196,-0.3554548728430194,6.73368545129693,-0.4449053182969296,-1.628242708196345,-1.7426325139129497,0.1143898057166041,0.1143898057166041,0.0406128069742489,4.4,28.8,6.6,63.5,0.7,0.4,0.2,24.900000000000002,76.2,2.0,,,never,2.0,female,5.4
2361.0,0.623519075296,0.0362494483926,6.385811943,70.0,0.9040974954933628,-0.2805784201973627,6.4982104309380695,-0.1123984879380692,-1.2852539145394295,-0.4402493104494852,-0.8450046040899445,0.8450046040899445,0.0581368715550386,6.4,26.5,7.8,60.8,4.4,0.6,0.35,28.59,99.5,2.0,,,never,2.0,female,5.7
8944.0,0.6241762415,0.023117714396,6.276614865,77.0,0.864289912403932,-0.2401136709039321,6.371416189206375,-0.0948013242063749,-1.0998958339227682,-0.3713236572590818,-0.7285721766636863,0.7285721766636863,0.0370371585122244,6.4,24.1,9.1,62.2,3.8,0.8,1.95,30.41,116.0,1.0,3.0,,former,1.0,male,5.6
3305.0,0.62529510674,0.0530198938903,5.741013064,76.0,0.8699767099881364,-0.2446816032481363,6.389529652310903,-0.648516588310903,-1.1208202974742063,-2.5401496590972026,1.4193293616229965,1.4193293616229965,0.0847917940166224,6.7,25.0,7.6,62.8,3.8,0.8,0.33,34.22,101.6,2.0,,,never,2.0,female,5.4
3412.0,0.625602866464,0.0633581439871,6.096454677,66.0,0.9268446858301802,-0.3012418193661802,6.57066428335618,-0.4742096063561805,-1.379907361695959,-1.857413351697945,0.477505990001986,0.477505990001986,0.1012753415680615,5.9,30.0,10.2,56.3,2.9,0.7,0.32,30.740000000000002,113.7,1.0,3.0,,former,1.0,male,5.4
9207.0,0.626563377071,0.0249838665447,6.343845121,66.0,0.9268446858301802,-0.3002813087591802,6.57066428335618,-0.2268191623561799,-1.3755075221903583,-0.8884192452754214,-0.4870882769149369,0.4870882769149369,0.0398744444041594,7.0,31.5,8.6,57.7,1.8,0.5,0.31,33.3,118.2,1.0,3.0,,former,1.0,male,5.5
225.0,0.629107132489,0.0546814643111,6.307453615,79.0,0.8529163172355232,-0.2238091847465232,6.33518926299732,-0.0277356479973196,-1.0252093892431546,-0.1086366919136632,-0.9165726973294914,0.9165726973294914,0.0869191612798256,5.3,24.4,11.4,60.2,3.6,0.4,0.09,25.91,100.0,2.0,,,never,1.0,male,5.6
4559.0,0.629410213555,0.0560221655085,6.438693856,70.0,0.9040974954933628,-0.2746872819383626,6.4982104309380695,-0.059516574938069,-1.2582682022984568,-0.2331181811915227,-1.025150021106934,1.025150021106934,0.0890073981991469,11.1,29.5,7.4,57.8,4.6,0.7,2.12,28.54,98.3,1.0,2.0,,current,2.0,female,5.5
6189.0,0.631713267934,0.0556295330184,6.161198724,67.0,0.9211578882459758,-0.2894446203119758,6.5525508202516525,-0.3913520962516523,-1.3258675811085865,-1.5328719600986305,0.2070043789900439,0.2070043789900439,0.0880613655627889,7.6,39.6,7.2,51.2,1.0,0.9,1.01,33.87,100.4,2.0,,,never,2.0,female,5.3
7010.0,0.632438481634,0.0348654630237,6.386532269,62.0,0.9495918761669976,-0.3171533945329977,6.643118135774291,-0.2565858667742908,-1.4527939873147626,-1.0050113038949964,-0.4477826834197662,0.4477826834197662,0.0551286236309021,8.9,44.3,6.9,45.4,2.8,0.6,0.07,30.02,99.8,2.0,,,never,2.0,female,6.8
5195.0,0.632889354908,0.0579719695784,6.326763848,74.0,0.8813503051565452,-0.2484609502485452,6.425756578519958,-0.0989927305199582,-1.138132464686715,-0.3877408152940314,-0.7503916493926837,0.7503916493926837,0.0915989013384924,7.9,29.6,6.8,61.6,1.6,0.5,0.45,30.67,103.0,2.0,,,never,2.0,female,5.9
2185.0,0.633151436844,0.0736934412125,6.592969509,73.0,0.8870371027407495,-0.2538856658967495,6.443870041624486,0.1490994673755139,-1.162981621001779,0.5840019639465541,-1.746983584948333,1.746983584948333,0.1163914932892382,3.9,39.3,11.9,46.5,2.0,0.4,0.24,35.54,122.5,1.0,3.0,,former,2.0,female,5.4
1625.0,0.63382450481,0.0281193560397,6.29162198,85.0,0.8187955317302971,-0.1849710269202971,6.226508484370153,0.0651134956298475,-0.8473022845394319,0.2550405443869566,-1.1023428289263886,1.1023428289263886,0.0443645769866996,7.5,7.9,10.5,81.1,0.3,0.3,0.7,26.27,96.5,2.0,,,never,2.0,female,5.2
5124.0,0.636096953441,0.0592356687199,6.590394434,60.0,0.9609654713354064,-0.3248685178944063,6.679345061983346,-0.0889506279833458,-1.4881348823644605,-0.3484072904547774,-1.139727591909683,1.139727591909683,0.0931236478959088,11.7,28.2,6.4,63.1,1.5,0.8,0.54,40.17,134.0,1.0,1.0,45.0,current,1.0,male,6.1
9303.0,0.636137241426,0.0300985379305,6.81010258,74.0,0.8813503051565452,-0.2452130637305452,6.425756578519958,0.3843460014800417,-1.1232547743130112,1.5054300571982566,-2.6286848315112676,2.6286848315112676,0.0473145352456169,10.6,21.5,4.9,72.5,0.9,0.2,1.25,31.470000000000002,100.7,1.0,3.0,,former,2.0,female,6.1
6077.0,0.636141428927,0.0371728341633,6.765008352,53.0,1.000773054424837,-0.364631625497837,6.806139303715041,-0.0411309517150408,-1.670278932023067,-0.1611042413724918,-1.5091746906505752,1.5091746906505752,0.0584348581509627,9.8,25.5,7.0,64.6,2.0,0.9,0.3,23.1,82.4,2.0,,,never,2.0,female,5.1
160.0,0.637710355855,0.0452310513638,6.565277018,62.0,0.9495918761669976,-0.3118815203119977,6.643118135774291,-0.077841117774291,-1.4286449562712005,-0.3048928775948573,-1.1237520786763429,1.1237520786763429,0.0709272649385741,7.0,26.0,6.8,60.3,6.1,0.8,0.61,,,1.0,3.0,,former,1.0,male,5.9
7042.0,0.639035391136,0.0270963918215,6.716465646,65.0,0.9325314834143844,-0.2934960922783844,6.588777746460708,0.1276878995392918,-1.344426279246564,0.5001358181605623,-1.8445620974071264,1.8445620974071264,0.0424020206037905,7.7,27.3,5.1,64.0,3.2,0.5,0.26,27.52,102.6,1.0,3.0,,former,1.0,male,6.5
2571.0,0.639045431982,0.0761089880988,5.816956725,85.0,0.8187955317302971,-0.179750099748297,6.226508484370153,-0.409551759370153,-0.823386628158523,-1.6041575199430618,0.7807708917845387,0.7807708917845387,0.1190979299589825,6.6,17.3,7.6,73.3,1.4,0.4,4.17,,,2.0,,,never,2.0,female,4.9
1846.0,0.640060200857,0.0465127568411,6.967638723,62.0,0.9495918761669976,-0.3095316753099977,6.643118135774291,0.3245205872257095,-1.4178809513799582,1.2711021951781143,-2.6889831465580727,2.6889831465580727,0.0726693470064571,5.3,29.5,9.3,57.1,3.3,0.8,0.12,28.11,104.5,2.0,,,never,1.0,male,5.1
3221.0,0.640307477172,0.0602386876311,6.727798273,60.0,0.9609654713354064,-0.3206579941634063,6.679345061983346,0.0484532110166542,-1.468847611077801,0.1897845169491863,-1.6586321280269871,1.6586321280269871,0.0940777513596309,7.6,26.1,6.5,64.3,2.7,0.5,0.07,28.080000000000002,100.1,2.0,,,never,1.0,male,5.3
7741.0,0.640559730097,0.0312371608477,6.388304356,79.0,0.8529163172355232,-0.2123565871385232,6.33518926299732,0.0531150930026802,-0.9727481347497656,0.2080444630338319,-1.1807925977835974,1.1807925977835974,0.0487654146522288,5.7,31.4,9.0,52.8,5.9,0.9,1.56,25.35,96.9,2.0,,,never,2.0,female,5.5
4446.0,0.641839502808,0.0494173545626,6.754145953,64.0,0.9382182809985888,-0.2963787781905889,6.6068912095652355,0.1472547434347646,-1.357631084343272,0.5767764357585591,-1.9344075201018311,1.9344075201018311,0.0769933205207887,9.8,16.0,4.6,76.1,2.1,1.0,0.32,27.330000000000002,89.2,1.0,3.0,,former,2.0,female,5.4
8971.0,0.642052893878,0.0456966521463,6.655945905,61.0,0.955278673751202,-0.313225779873202,6.661231598878818,-0.0052856938788181,-1.4348026460250296,-0.0207033308729111,-1.4140993151521184,1.4140993151521184,0.0711727220327474,5.9,39.3,7.7,42.4,9.6,1.0,0.79,31.66,114.4,1.0,3.0,,former,1.0,male,5.8
197.0,0.642360202484,0.0112689925393,6.555231726,74.0,0.8813503051565452,-0.2389901026725451,6.425756578519958,0.1294751474800417,-1.0947490715073749,0.507136220816788,-1.6018852923241629,1.6018852923241629,0.0175431050923188,7.9,33.8,4.6,58.8,2.5,0.3,0.17,27.39,109.7,1.0,3.0,,former,1.0,male,5.1
2426.0,0.642740075394,0.030051395786,6.056169193,82.0,0.8358559244829101,-0.1931158490889101,6.280848873683736,-0.2246796806837361,-0.8846115136956654,-0.8800391918753108,-0.0045723218203546,0.0045723218203546,0.0467551300073804,8.7,24.0,12.7,60.8,1.3,1.1,0.4,25.830000000000002,85.0,2.0,,,never,2.0,female,5.1
421.0,0.642886409526,0.0423450858979,6.673061283,70.0,0.9040974954933628,-0.2612110859673627,6.4982104309380695,0.1748508520619305,-1.1965373905965278,0.6848665712850528,-1.8814039618815803,1.8814039618815803,0.0658671349564241,7.5,31.1,10.1,55.3,3.2,0.3,0.85,27.94,96.0,2.0,,,never,1.0,male,5.8
4445.0,0.643312779763,0.0412397878792,6.779934632,76.0,0.8699767099881364,-0.2266639302251363,6.389529652310903,0.3904049796890971,-1.0382862067646883,1.5291622356954877,-2.567448442460176,2.567448442460176,0.0641053452946993,6.6,27.0,7.8,63.4,1.4,0.4,0.1,23.68,90.7,2.0,,,never,2.0,female,5.3
3802.0,0.643636031578,0.0378074996582,6.714809195,73.0,0.8870371027407495,-0.2434010711627495,6.443870041624486,0.2709391533755143,-1.1149545260642773,1.061231139631169,-2.1761856656954466,2.1761856656954466,0.0587404958754523,5.8,27.9,7.8,59.9,3.8,0.6,4.63,29.72,108.0,2.0,,,never,1.0,male,5.5
3281.0,0.644309081481,0.0341709793682,6.239330403,65.0,0.9325314834143844,-0.2882224019333845,6.588777746460708,-0.3494473434607075,-1.320268929029779,-1.3687368470806098,0.0484679180508307,0.0484679180508307,0.0530350733062074,5.9,39.8,11.4,44.6,3.4,0.8,1.9,40.33,132.3,1.0,3.0,,former,1.0,male,6.0
2754.0,0.64491134353,0.0563831313874,6.530978771,65.0,0.9325314834143844,-0.2876201398843845,6.588777746460708,-0.0577989754607077,-1.3175101293490648,-0.2263905819203177,-1.091119547428747,1.091119547428747,0.0874277246834892,5.6,27.8,6.1,62.4,3.3,0.4,0.06,25.35,91.3,1.0,3.0,,former,1.0,male,5.8
3292.0,0.645105814882,0.0627335960153,5.736294472,77.0,0.864289912403932,-0.219184097521932,6.371416189206375,-0.635121717206375,-1.004023114631191,-2.4876838041243365,1.4836606894931452,1.4836606894931452,0.0972454356604659,6.4,35.7,14.0,48.0,1.7,0.7,0.5,27.96,106.7,1.0,3.0,,former,1.0,male,5.5
5562.0,0.645117244541,0.0421075645525,5.840503372,64.0,0.9382182809985888,-0.2931010364575889,6.6068912095652355,-0.7663878375652358,-1.342616635298245,-3.001835017663876,1.659218382365631,1.659218382365631,0.0652711811826693,9.2,39.2,15.2,37.7,7.6,0.4,0.1,21.06,86.0,1.0,1.0,40.0,current,1.0,male,5.1
1085.0,0.64519645956,0.0336609851081,6.27022864,61.0,0.955278673751202,-0.3100822141912019,6.661231598878818,-0.3910029588788184,-1.4204028212075672,-1.5315044373635651,0.1111016161559979,0.1111016161559979,0.0521716829181851,8.0,41.4,9.5,47.2,0.9,0.9,0.04,24.43,90.5,1.0,1.0,20.0,current,1.0,male,5.1
8645.0,0.645215023452,0.0306656036065,6.565450737,61.0,0.955278673751202,-0.310063650299202,6.661231598878818,-0.0957808618788185,-1.420317785035344,-0.3751603706594451,-1.045157414375899,1.045157414375899,0.0475277271791259,8.4,22.7,8.1,61.5,6.9,0.9,0.28,34.85,113.2,1.0,3.0,,former,1.0,male,5.9
8710.0,0.646702995082,0.0297295247846,6.742147429,50.0,1.0178334471774502,-0.3711304520954501,6.860479693028624,-0.1183322640286235,-1.7000483003109772,-0.4634910895886096,-1.2365572107223677,1.2365572107223677,0.0459709093829546,4.9,52.7,12.7,30.0,3.9,0.8,0.38,29.16,108.0,1.0,3.0,,former,1.0,male,5.6
6583.0,0.646958384176,0.0497336308624,6.075173406,85.0,0.8187955317302971,-0.171837147554297,6.226508484370153,-0.1513350783701526,-0.7871395326914231,-0.5927585425881213,-0.1943809901033018,0.1943809901033018,0.0768729984475637,7.9,9.9,6.4,82.3,0.9,0.6,0.69,35.21,114.4,2.0,,,never,2.0,female,5.8
4530.0,0.646963785712,0.0277329927599,6.158147088,83.0,0.8301691268987057,-0.1832053411867057,6.262735410579208,-0.1045883225792083,-0.8392141553834246,-0.4096579744198625,-0.4295561809635621,0.4295561809635621,0.042866375788529,9.6,27.8,7.8,62.9,0.6,0.9,0.17,28.0,91.3,1.0,3.0,,former,2.0,female,4.9
1897.0,0.648239250635,0.0198613946272,6.521034456,70.0,0.9040974954933628,-0.2558582448583627,6.4982104309380695,0.0228240250619302,-1.172017472120935,0.0893985451186237,-1.261416017239559,1.261416017239559,0.0306389880090479,6.3,32.0,6.3,60.0,0.9,0.9,0.73,31.62,114.0,1.0,3.0,,former,1.0,male,5.6
8068.0,0.649698367261,0.0121531830862,6.551400677,60.0,0.9609654713354064,-0.3112671040744063,6.679345061983346,-0.1279443849833459,-1.4258304815373075,-0.5011404361225705,-0.9246900454147372,0.9246900454147372,0.0187058852209147,5.6,29.5,8.2,55.2,5.7,1.3,0.08,22.21,77.7,1.0,1.0,20.0,current,2.0,female,5.3
6736.0,0.649863950599,0.0468517343552,6.435681328,65.0,0.9325314834143844,-0.2826675328153845,6.588777746460708,-0.1530964184607075,-1.294823574844515,-0.5996574677832816,-0.6951661070612334,0.6951661070612334,0.0720946812206082,12.3,48.7,8.1,35.6,2.8,4.8,1.23,38.160000000000004,136.1,1.0,1.0,10.0,current,1.0,male,5.5
4508.0,0.650197796572,0.0369702033086,6.93711864,53.0,1.000773054424837,-0.3505752578528369,6.806139303715041,0.1309793362849589,-1.6058905106782115,0.5130279200406735,-2.1189184307188853,2.1189184307188853,0.0568599332441848,7.1,29.3,6.3,54.6,9.4,0.4,0.34,29.740000000000002,91.5,1.0,3.0,,former,2.0,female,6.1
3575.0,0.650315030346,0.0284139605459,5.960577373,70.0,0.9040974954933628,-0.2537824651473627,6.4982104309380695,-0.5376330579380699,-1.1625088862596005,-2.1058342276143365,0.943325341354736,0.943325341354736,0.0436926093047278,5.7,41.6,9.9,43.9,3.7,0.9,1.4,28.580000000000002,111.4,1.0,3.0,,former,1.0,male,6.8
5136.0,0.651313355403,0.0413116069449,6.481496545,64.0,0.9382182809985888,-0.2869049255955889,6.6068912095652355,-0.1253946645652357,-1.3142339259840214,-0.4911535343723398,-0.8230803916116816,0.8230803916116816,0.0634281588151043,6.2,29.7,6.6,61.1,2.2,0.4,0.07,28.22,106.0,2.0,,,never,1.0,male,5.0
3570.0,0.6513711574,0.0303958661766,6.589451267,65.0,0.9325314834143844,-0.2811603260143845,6.588777746460708,0.0006735205392924,-1.2879194678228738,0.0026380866721308,-1.2905575544950048,1.2905575544950048,0.046664433681601,9.0,31.2,9.5,57.1,1.4,0.9,0.14,30.26,107.7,1.0,3.0,,former,1.0,male,5.3
6000.0,0.652679950383,0.014236912527,6.309476085,77.0,0.864289912403932,-0.211609962020932,6.371416189206375,-0.0619401042063749,-0.9693280468670178,-0.2426108096850102,-0.7267172371820076,0.7267172371820076,0.02181300730725,7.8,35.0,5.6,57.1,1.9,0.4,0.28,27.82,100.4,2.0,,,never,2.0,female,8.5
5278.0,0.653063207169,0.0651158494659,6.464089863,65.0,0.9325314834143844,-0.2794682762453845,6.588777746460708,-0.1246878834607079,-1.2801686451199976,-0.488385170672656,-0.7917834744473415,0.7917834744473415,0.099708341782374,7.8,29.0,6.0,60.2,4.4,0.5,0.22,26.17,105.0,1.0,3.0,,former,1.0,male,5.5
3436.0,0.653114993268,0.0368265428428,6.574064236,63.0,0.9439050785827932,-0.2907900853147932,6.625004672669763,-0.0509404366697632,-1.332030792664666,-0.1995266353602173,-1.1325041573044483,1.1325041573044483,0.056386001274493,5.1,32.4,7.4,55.3,4.2,0.8,0.21,32.13,112.0,2.0,,,never,2.0,female,5.7
1729.0,0.65449245691,0.0515551342661,6.49182456,64.0,0.9382182809985888,-0.2837258240885888,6.6068912095652355,-0.115066649565235,-1.2996713211560524,-0.4507001300118866,-0.8489711911441659,0.8489711911441659,0.0787711664539311,8.4,38.8,8.1,48.4,4.1,0.5,0.17,37.81,108.5,2.0,,,never,2.0,female,8.6
4990.0,0.654675394776,0.0432099413469,6.909208048,56.0,0.9837126616722238,-0.3290372668962238,6.751798914401458,0.1574091335985423,-1.5072307949066632,0.6165497756819696,-2.123780570588633,2.123780570588633,0.0660020854482922,8.7,40.2,6.7,48.5,3.7,0.9,0.16,22.29,89.1,1.0,1.0,5.0,current,2.0,female,7.7
477.0,0.654854561619,0.0210682478072,6.742397445,51.0,1.012146649593246,-0.3572920879742458,6.842366229924096,-0.099968784924096,-1.6366584941915718,-0.3915638852148616,-1.2450946089767103,1.2450946089767103,0.0321724074962734,5.6,35.8,10.0,51.8,1.7,0.6,0.6,24.41,94.9,2.0,,,never,1.0,male,5.7
3748.0,0.654882852482,0.0251674690014,6.40522706,57.0,0.9780258640880196,-0.3231430116060195,6.73368545129693,-0.3284583912969303,-1.4802308043881445,-1.2865260283527682,-0.1937047760353762,0.1937047760353762,0.0384304901342515,6.9,25.3,9.1,63.4,1.5,0.7,0.56,27.35,90.8,1.0,3.0,,former,2.0,female,5.1
3946.0,0.655507780726,0.0420168005368,6.624732943,61.0,0.955278673751202,-0.299770893025202,6.661231598878818,-0.0364986558788187,-1.3731694456566157,-0.142960180139048,-1.2302092655175674,1.2302092655175674,0.0640980958155291,6.1,30.5,8.7,58.2,2.6,0.1,1.24,31.02,109.0,1.0,3.0,,former,1.0,male,5.1
9818.0,0.656586664726,0.036031874937,6.584956535,85.0,0.8187955317302971,-0.162208867004297,6.226508484370153,0.3584480506298471,-0.74303498160561,1.403991370495149,-2.147026352100759,2.147026352100759,0.0548775612919833,6.1,27.6,6.9,62.1,2.8,0.6,0.36,21.8,88.2,1.0,3.0,,former,2.0,female,5.5
2337.0,0.65697765473,0.0487555627412,6.678919205,62.0,0.9495918761669976,-0.2926142214369976,6.643118135774291,0.0358010692257089,-1.3403866672542617,0.1402278298321686,-1.48061449708643,1.48061449708643,0.0742119041495212,4.9,19.9,13.4,64.6,1.5,0.7,0.24,28.27,101.5,2.0,,,never,1.0,male,7.8
4753.0,0.657607737288,0.0419843590273,6.654234887,56.0,0.9837126616722238,-0.3261049243842238,6.751798914401458,-0.0975640274014573,-1.4937985263463536,-0.3821447830493304,-1.111653743297023,1.111653743297023,0.0638440770183835,8.5,40.7,4.3,51.4,3.0,0.6,1.64,32.11,101.2,1.0,3.0,,former,2.0,female,5.5
1634.0,0.658381492628,0.0594303168652,6.822213204,75.0,0.8756635075723407,-0.2172820149443406,6.40764311541543,0.4145700885845693,-0.9953101883950716,1.6238136204545974,-2.619123808849669,2.619123808849669,0.0902672956798611,5.4,33.8,9.5,50.7,5.4,0.6,0.12,36.54,109.9,2.0,,,never,2.0,female,5.3
6109.0,0.659555440646,0.0619080247376,6.501414021,66.0,0.9268446858301802,-0.2672892451841802,6.57066428335618,-0.0692502623561797,-1.2243797953014708,-0.2712436867260383,-0.9531361085754324,0.9531361085754324,0.0938632614067504,9.3,32.4,6.4,56.9,3.3,0.9,0.08,34.29,108.2,2.0,,,never,2.0,female,5.5
4212.0,0.659993492536,0.0644290379731,6.313657946,62.0,0.9495918761669976,-0.2895983836309976,6.643118135774291,-0.3294601897742906,-1.326571929317356,-1.2904499342429454,-0.0361219950744107,0.0361219950744107,0.097620717024851,8.8,24.6,6.9,65.4,2.7,0.4,0.08,29.86,105.0,1.0,3.0,,former,1.0,male,6.1
1244.0,0.660274439784,0.0452466591655,6.32971806,66.0,0.9268446858301802,-0.2665702460461802,6.57066428335618,-0.2409462233561798,-1.2210862545651058,-0.9437529866630692,-0.2773332679020365,0.2773332679020365,0.0685270494194835,7.6,22.3,9.3,65.6,2.0,0.9,0.58,38.04,130.4,1.0,3.0,,former,1.0,male,5.9
6352.0,0.660825718994,0.0182956655821,6.280942322,82.0,0.8358559244829101,-0.1750302054889101,6.280848873683736,9.344831626378892e-05,-0.8017660681424602,0.0003660241125349,-0.8021320922549952,0.8021320922549952,0.027686067682039,6.6,38.1,8.9,45.7,6.8,0.5,0.97,27.17,105.7,1.0,3.0,,former,1.0,male,5.6
1255.0,0.661144899988,0.0434866230905,6.541574926,68.0,0.9154710906617712,-0.2543261906737714,6.534437357147125,0.0071375688528751,-1.1649995459502502,0.027956868667979,-1.1929564146182292,1.1929564146182292,0.0657747236517884,6.9,35.8,7.8,54.4,1.2,0.8,0.47,29.91,99.0,1.0,3.0,,former,2.0,female,5.3
5064.0,0.662887551306,0.0374383333499,6.397854961,63.0,0.9439050785827932,-0.2810175272767933,6.625004672669763,-0.2271497116697629,-1.287265345398379,-0.8897139611567831,-0.3975513842415957,0.3975513842415957,0.0564776533759612,4.7,24.2,7.8,65.1,2.8,0.2,0.42,37.88,125.0,1.0,1.0,1.0,current,1.0,male,5.6
1824.0,0.663265388372,0.0492428814634,6.630622958,68.0,0.9154710906617712,-0.2522057022897713,6.534437357147125,0.0961856008528752,-1.1552861617407506,0.3767456771658695,-1.53203183890662,1.53203183890662,0.0742431043843065,5.9,24.1,7.3,65.3,2.6,0.8,0.27,29.650000000000002,97.9,1.0,3.0,,former,1.0,male,5.4
266.0,0.664071018435,0.0380112172614,6.20265186,82.0,0.8358559244829101,-0.17178490604791,6.280848873683736,-0.0781970136837362,-0.7869002284693165,-0.3062868725817949,-0.4806133558875216,0.4806133558875216,0.0572396870307337,6.1,22.0,8.6,67.1,1.9,0.4,1.14,29.51,110.6,2.0,,,never,1.0,male,8.2
1351.0,0.664353656883,0.0532837223247,6.348357842,81.0,0.8415427220671146,-0.1771890651841146,6.298962336788264,0.049395505211736,-0.8116552209584579,0.1934753528068174,-1.0051305737652754,1.0051305737652754,0.080203851928347,8.2,26.7,7.8,61.8,3.1,0.6,0.48,18.73,74.4,2.0,,,never,2.0,female,5.5
424.0,0.664453073815,0.0453409119506,6.363700745,69.0,0.909784293077567,-0.245331219262567,6.516323894042596,-0.1526231490425962,-1.1237960128728006,-0.5978037370187259,-0.5259922758540747,0.5259922758540747,0.0682379444650203,6.6,41.2,5.4,51.2,1.7,0.6,0.31,33.53,101.4,2.0,,,never,2.0,female,5.8
2701.0,0.665095667222,0.0286776938826,6.669831818,69.0,0.909784293077567,-0.244688625855567,6.516323894042596,0.1535079239574033,-1.120852466140935,0.6012692778217431,-1.722121743962678,1.722121743962678,0.0431181487054068,8.1,34.5,8.6,52.1,4.1,0.7,0.59,36.74,133.2,1.0,3.0,,former,1.0,male,6.1
1652.0,0.665680597131,0.0325659134239,6.868001519,57.0,0.9780258640880196,-0.3123452669570195,6.73368545129693,0.1343160677030699,-1.4307692543210986,0.526097434879591,-1.9568666892006896,1.9568666892006896,0.0489212297372869,5.1,24.5,7.0,66.2,1.8,0.4,0.18,32.63,102.7,1.0,3.0,,former,2.0,female,5.1
622.0,0.66572588662,0.0308402405513,6.479621307,82.0,0.8358559244829101,-0.1701300378629101,6.280848873683736,0.1987724333162646,-0.7793197245541479,0.7785640920015651,-1.557883816555713,1.557883816555713,0.0463257343166884,5.4,26.8,7.9,61.0,3.6,0.7,0.05,21.63,73.4,2.0,,,never,2.0,female,5.0
7269.0,0.666238152785,0.0392674419159,6.284318735,79.0,0.8529163172355232,-0.1866781644505232,6.33518926299732,-0.0508705279973193,-0.855122220198906,-0.1992528127723654,-0.6558694074265405,0.6558694074265405,0.0589390471736792,5.5,31.7,11.4,53.8,2.3,0.6,0.11,28.330000000000002,104.8,1.0,3.0,,former,1.0,male,6.0
8729.0,0.667248178049,0.0167834579592,6.569457482,62.0,0.9495918761669976,-0.2823436981179976,6.643118135774291,-0.0736606537742909,-1.293340175614498,-0.2885185790867404,-1.0048215965277576,1.0048215965277576,0.0251532465900079,9.2,33.8,6.9,57.6,1.1,0.6,0.38,29.07,101.5,1.0,2.0,,current,2.0,female,5.6
6534.0,0.667968181699,0.120232093237,6.091713132,68.0,0.9154710906617712,-0.2475029089627713,6.534437357147125,-0.442724225147125,-1.1337439364742994,-1.7340894741190636,0.6003455376447642,0.6003455376447642,0.1799967371667098,4.8,19.9,8.0,68.7,2.9,0.6,0.16,29.38,98.8,1.0,3.0,,former,1.0,male,5.2
879.0,0.668273493969,0.0416383199942999,6.802862676,57.0,0.9780258640880196,-0.3097523701190194,6.73368545129693,0.0691772247030702,-1.4188918946556892,0.2709576083542721,-1.6898495030099614,1.6898495030099614,0.0623073043747437,5.9,42.5,8.9,41.3,6.5,0.8,1.04,24.580000000000002,96.0,2.0,,,never,1.0,male,6.3
3356.0,0.668948351513,0.0311750074717,6.428625839,70.0,0.9040974954933628,-0.2351491439803626,6.4982104309380695,-0.0695845919380691,-1.0771546777858645,-0.272553209394802,-0.8046014683910625,0.8046014683910625,0.0466030111311129,3.3,52.1,10.2,34.7,2.2,0.8,0.04,26.330000000000002,99.3,1.0,3.0,,former,1.0,male,5.1
16.0,0.669215824355,0.0297494283751,6.745862256,85.0,0.8187955317302971,-0.149579707375297,6.226508484370153,0.5193537716298469,-0.6851842144685721,2.0342367947633004,-2.7194210092318727,2.7194210092318727,0.0444541615610672,7.4,28.0,6.3,64.6,0.6,0.5,0.04,19.96,74.4,2.0,,,never,2.0,female,4.6
3506.0,0.669273791863,0.039389433878,6.458377761,76.0,0.8699767099881364,-0.2007029181251364,6.389529652310903,0.0688481086890977,-0.9193658264893276,0.2696685065089778,-1.1890343329983055,1.1890343329983055,0.058853991231832,8.6,26.2,8.5,59.6,4.9,0.8,0.18,24.84,102.7,1.0,3.0,,former,1.0,male,11.1
6866.0,0.66928804625,0.0566782573421,6.590500544,53.0,1.000773054424837,-0.3314850081748369,6.806139303715041,-0.2156387597150404,-1.5184432361838804,-0.8446271565773834,-0.673816079606497,0.673816079606497,0.08468440107315,5.7,24.5,11.6,59.8,3.5,0.6,0.54,27.09,102.6,1.0,1.0,5.0,current,1.0,male,11.1
7531.0,0.670400882429,0.0449114398022,6.351000622,64.0,0.9382182809985888,-0.2678173985695888,6.6068912095652355,-0.2558905875652355,-1.2267991232226854,-1.0022879915269054,-0.2245111316957799,0.2245111316957799,0.0669919162986132,6.6,29.0,8.4,56.1,5.3,1.2,0.3,33.8,123.8,1.0,1.0,11.0,current,1.0,male,5.4
8139.0,0.670653576849,0.0490993816134,6.12196147,85.0,0.8187955317302971,-0.1481419548812971,6.226508484370153,-0.1045470143701532,-0.67859825885676,-0.4094961758860384,-0.2691020829707215,0.2691020829707215,0.0732112424481334,6.6,17.7,11.7,68.9,1.3,0.4,0.28,24.34,96.7,2.0,,,never,1.0,male,5.6
4101.0,0.671064862317,0.0384169996992,6.61086011,67.0,0.9211578882459758,-0.2500930259289757,6.5525508202516525,0.0583092897483474,-1.1456085622982937,0.228389412308229,-1.3739979746065227,1.3739979746065227,0.0572478188867716,7.4,22.8,8.5,64.6,2.9,1.2,0.66,25.51,95.5,1.0,3.0,,former,1.0,male,5.6
2973.0,0.671194084001,0.0509177331374,6.723900264,62.0,0.9495918761669976,-0.2783977921659977,6.643118135774291,0.0807821282257093,-1.2752650468585338,0.316412408213232,-1.5916774550717658,1.5916774550717658,0.0758614152763064,5.4,23.7,8.1,65.3,2.2,0.8,0.04,25.52,97.2,1.0,3.0,,former,1.0,male,5.7
2948.0,0.6714096867379999,0.0275360394035,6.669954626,67.0,0.9211578882459758,-0.2497482015079758,6.5525508202516525,0.1174038057483475,-1.144029014817033,0.4598544470930465,-1.6038834619100792,1.6038834619100792,0.041012276032659,4.2,40.7,11.0,44.8,3.4,0.2,0.89,30.14,110.0,2.0,,,never,1.0,male,5.2
7601.0,0.672024517127,0.0489851578643,6.085230627,66.0,0.9268446858301802,-0.2548201687031802,6.57066428335618,-0.4854336563561805,-1.1672623258017714,-1.9013764010556304,0.7341140752538591,0.7341140752538591,0.0728919207794955,9.5,21.3,7.9,68.3,2.0,0.6,0.55,25.5,99.4,1.0,1.0,40.0,current,1.0,male,5.8
4430.0,0.672452526927,0.0293069649064,6.410288235,65.0,0.9325314834143844,-0.2600789564873845,6.588777746460708,-0.1784895114607074,-1.1913514114150785,-0.6991186962082522,-0.4922327152068263,0.4922327152068263,0.043582206524419,6.6,43.6,12.2,41.0,1.7,1.6,0.43,26.060000000000002,95.7,1.0,1.0,15.0,current,1.0,male,4.9
4130.0,0.673405201449,0.0271748170439,6.23290412,76.0,0.8699767099881364,-0.1965715085391364,6.389529652310903,-0.1566255323109029,-0.9004409557197326,-0.6134805179643686,-0.2869604377553639,0.2869604377553639,0.040354331961539,5.8,30.3,11.6,52.2,5.4,0.4,0.12,27.36,,1.0,3.0,,former,1.0,male,5.3
1779.0,0.673880109592,0.0448093671646,7.038898334,52.0,1.0064598520090415,-0.3325797424170416,6.824252766819568,0.2146455671804314,-1.5234579178874277,0.8407369589730697,-2.364194876860497,2.364194876860497,0.0664945685839129,7.5,25.0,10.9,61.2,2.5,0.5,0.25,30.19,97.0,2.0,,,never,1.0,male,5.6
8016.0,0.673911626174,0.0260441904103,6.289131978,77.0,0.864289912403932,-0.190378286229932,6.371416189206375,-0.0822842112063746,-0.8720714780852132,-0.3222958592151725,-0.5497756188700407,0.5497756188700407,0.0386462993050895,5.1,42.7,9.7,44.2,3.3,0.2,2.04,,,2.0,,,never,2.0,female,7.1
6721.0,0.674164949247,0.0744990038844,6.208699423,71.0,0.8984106979091583,-0.2242457486621583,6.480096967833541,-0.2713975448335413,-1.027209170556065,-1.063026595486621,0.0358174249305558,0.0358174249305558,0.1105056024754931,7.8,22.4,6.8,68.4,2.0,0.4,0.33,31.830000000000002,118.4,1.0,3.0,,former,1.0,male,5.3
8489.0,0.674794784395,0.0370671694737,6.272141617,75.0,0.8756635075723407,-0.2008687231773407,6.40764311541543,-0.1355014984154303,-0.920125334623439,-0.5307406028018311,-0.3893847318216079,0.3893847318216079,0.0549310254478823,4.4,41.2,6.6,49.0,2.6,0.6,0.74,25.71,95.7,1.0,3.0,,former,1.0,male,10.3
2020.0,0.676306159673,0.0406637084153,6.53582186,53.0,1.000773054424837,-0.324466894751837,6.806139303715041,-0.2703174437150402,-1.4862951552899628,-1.0587959889957417,-0.4274991662942213,0.4274991662942213,0.0601261837315828,4.6,40.4,11.1,41.3,5.8,1.4,0.04,21.27,68.1,2.0,,,never,2.0,female,5.3
392.0,0.676325271018,0.043334950276,6.557915729,77.0,0.864289912403932,-0.187964641385932,6.371416189206375,0.1864995397936253,-0.8610152233601465,0.7304928678269216,-1.591508091187068,1.591508091187068,0.0640741254733429,6.9,21.2,7.2,68.7,2.4,0.6,0.33,25.580000000000002,95.0,2.0,,,never,1.0,male,5.5
9446.0,0.676743650528,0.0376166368416,5.906984076,85.0,0.8187955317302971,-0.142051881202297,6.226508484370153,-0.3195244083701531,-0.6507012772205295,-1.2515328545544846,0.6008315773339551,0.6008315773339551,0.055584765091259,7.5,28.0,8.6,61.7,1.5,0.3,0.78,25.64,99.4,2.0,,,never,1.0,male,5.5
9840.0,0.678282064271,0.0407542693168,6.508863679,74.0,0.8813503051565452,-0.2030682408855452,6.425756578519958,0.0831071004800421,-0.9302007308088625,0.3255190025327943,-1.2557197333416568,1.2557197333416568,0.0600845451524678,9.1,23.7,7.8,65.6,2.0,0.9,0.48,26.05,89.4,2.0,,,never,2.0,female,5.8
1045.0,0.678346679476,0.0307236735516,6.231946805,61.0,0.955278673751202,-0.276931994275202,6.661231598878818,-0.4292847938788187,-1.268550622863475,-1.6814490831561069,0.4128984602926318,0.4128984602926318,0.0452919937270615,4.6,31.6,10.6,56.1,1.7,0.1,0.24,28.310000000000002,77.0,2.0,,,never,2.0,female,5.2
1021.0,0.680188049413,0.070254394195,5.437674609,85.0,0.8187955317302971,-0.138607482317297,6.226508484370153,-0.7888338753701527,-0.6349234168025132,-3.0897530390467134,2.4548296222442003,2.4548296222442003,0.1032867223345504,6.6,15.9,8.9,72.7,2.4,0.2,0.2,21.89,86.7,1.0,3.0,,former,1.0,male,5.3
9234.0,0.680389070301,0.0228275196469,6.418502552,74.0,0.8813503051565452,-0.2009612348555451,6.425756578519958,-0.0072540265199583,-0.9205491056193312,-0.0284130172209573,-0.8921360883983739,0.8921360883983739,0.0335506853994601,8.4,30.7,7.4,57.1,4.0,0.9,0.26,26.310000000000002,86.8,1.0,3.0,,former,2.0,female,7.2
8548.0,0.680578500804,0.0448555126298,6.623878918,81.0,0.8415427220671146,-0.1609642212631146,6.298962336788264,0.3249165812117356,-0.7373335958399324,1.2726532487775737,-2.0099868446175058,2.0099868446175058,0.0659079188907819,7.4,15.4,9.4,71.2,3.4,0.6,2.14,25.45,101.6,2.0,,,never,1.0,male,5.1
3514.0,0.682421690381,0.0293200654193,5.990828233,80.0,0.8472295196513189,-0.1648078292703189,6.317075799892791,-0.3262475668927909,-0.7549401253575608,-1.2778665353533287,0.5229264099957679,0.5229264099957679,0.0429647325584426,6.8,15.5,9.0,69.9,5.1,0.4,0.7,21.21,85.6,1.0,3.0,,former,1.0,male,5.5
7716.0,0.682486887024,0.0483335184755,6.071830636,70.0,0.9040974954933628,-0.2216106084693627,6.4982104309380695,-0.4263797949380699,-1.0151383054989151,-1.670070604637554,0.6549322991386388,0.6549322991386388,0.0708197027583334,6.1,18.6,8.4,69.4,3.1,0.5,0.04,29.62,112.5,1.0,3.0,,former,1.0,male,5.5
7231.0,0.682495389214,0.0257996894244,6.210393416,64.0,0.9382182809985888,-0.2557228917845888,6.6068912095652355,-0.3964977935652358,-1.1713974562701424,-1.55302694381456,0.3816294875444177,0.3816294875444177,0.0378019981264816,7.2,42.7,10.9,44.8,1.1,0.6,0.1,22.76,87.6,1.0,1.0,40.0,current,1.0,male,7.8
2927.0,0.682962584806,0.0318771858703,6.045374782,77.0,0.864289912403932,-0.181327327597932,6.371416189206375,-0.3260414072063753,-0.8306114826802573,-1.2770590364140464,0.4464475537337891,0.4464475537337891,0.0466748641572435,8.2,41.2,7.3,48.2,2.7,0.6,0.05,20.63,90.0,1.0,3.0,,former,2.0,female,5.4
7063.0,0.683916384803,0.0384021094789,6.246863897,85.0,0.8187955317302971,-0.134879146927297,6.226508484370153,0.020355412629847,-0.617844919991024,0.0797293321164837,-0.6975742521075078,0.6975742521075078,0.0561502989725295,4.4,25.4,9.8,64.0,0.8,0.1,1.73,,,1.0,3.0,,former,2.0,female,5.2
6379.0,0.684897890653,0.0350744160458,6.49388387,71.0,0.8984106979091583,-0.2135128072561583,6.480096967833541,0.0137869021664593,-0.9780444666316488,0.0540013863474979,-1.0320458529791463,1.0320458529791463,0.0512111608525456,5.9,30.7,9.9,57.1,1.7,0.6,0.68,36.5,114.4,2.0,,,never,2.0,female,6.4
2605.0,0.685362138584,0.0220469106074,6.766683803,64.0,0.9382182809985888,-0.2528561424145888,6.6068912095652355,0.1597925934347648,-1.158265652166305,0.6258854577594646,-1.7841511099257696,1.7841511099257696,0.0321682645804599,6.4,34.0,6.0,58.9,0.9,0.2,1.11,18.63,70.5,2.0,,,never,2.0,female,5.0
2962.0,0.686148479071,0.0453229523969,6.866538526,73.0,0.8870371027407495,-0.2008886236697495,6.443870041624486,0.4226684843755146,-0.9202164934009094,1.6555339151677713,-2.5757504085686804,2.5757504085686804,0.0660541468491838,7.2,12.0,6.1,79.4,2.2,0.3,1.35,22.87,94.3,1.0,3.0,,former,1.0,male,5.3
351.0,0.686166817867,0.0395899557216,6.369503208,70.0,0.9040974954933628,-0.2179306776263627,6.4982104309380695,-0.1287072229380692,-0.9982815368355474,-0.5041283667407891,-0.4941531700947583,0.4941531700947583,0.0576972751971135,5.0,46.1,9.9,34.8,8.1,1.2,0.26,26.98,101.3,1.0,3.0,,former,1.0,male,5.7
5706.0,0.686563612587,0.0323416389453,7.088700466,53.0,1.000773054424837,-0.3142094418378369,6.806139303715041,0.2825611622849591,-1.439308535643131,1.10675293892121,-2.5460614745643406,2.5460614745643406,0.0471065438837274,6.4,34.3,7.2,55.0,2.8,0.9,0.06,30.44,101.9,2.0,,,never,1.0,male,5.5
129.0,0.687417823828,0.0430640806727,6.963891051,63.0,0.9439050785827932,-0.2564872547547933,6.625004672669763,0.3388863783302369,-1.1748987964619262,1.327371009321898,-2.502269805783824,2.502269805783824,0.0626461508270043,6.9,23.5,10.0,61.2,4.3,1.0,0.21,38.32,118.3,1.0,3.0,,former,2.0,female,5.5
9833.0,0.687487381716,0.0363688041588,6.695122941,60.0,0.9609654713354064,-0.2734780896194063,6.679345061983346,0.015777879016654,-1.2527292190784485,0.0617997669262655,-1.314528986004714,1.314528986004714,0.0529010497153006,8.0,32.4,6.9,59.0,0.9,0.7,0.81,26.740000000000002,102.5,1.0,1.0,20.0,current,1.0,male,5.4
402.0,0.687785979887,0.0529352940235,6.355818668,85.0,0.8187955317302971,-0.1310095518432971,6.226508484370153,0.1293101836298475,-0.6001193506977934,0.5064900802625033,-1.1066094309602967,1.1066094309602967,0.0769647762116305,7.6,29.9,9.0,56.1,3.8,1.3,0.32,23.21,82.3,1.0,3.0,,former,2.0,female,5.0
5322.0,0.688637381181,0.0323195681146,6.445881076,67.0,0.9211578882459758,-0.2325205070649757,6.5525508202516525,-0.1066697442516524,-1.0651136024849648,-0.4178106148410843,-0.6473029876438805,0.6473029876438805,0.0469326368242928,5.9,32.5,8.4,51.7,5.6,1.7,0.72,34.24,110.6,2.0,,,never,1.0,male,5.6
8408.0,0.688644414577,0.0337723242359,6.834680637,54.0,0.9950862568406328,-0.3064418422636327,6.788025840610513,0.046654796389487,-1.4037272612446994,0.1827403759288116,-1.5864676371735111,1.5864676371735111,0.0490417456687638,5.8,30.4,8.3,49.9,10.1,1.3,0.61,29.38,93.3,2.0,,,never,2.0,female,5.5
9424.0,0.68924594493,0.0392872703862,6.506808638,66.0,0.9268446858301802,-0.2375987409001801,6.57066428335618,-0.0638556453561802,-1.0883756192539382,-0.2501137190729377,-0.8382619001810006,0.8382619001810006,0.0570003649280664,6.9,42.8,5.6,49.5,1.7,0.6,0.85,30.19,99.7,1.0,3.0,,former,2.0,female,6.1
6867.0,0.689294953354,0.0387940944567,6.09292822,85.0,0.8187955317302971,-0.129500578376297,6.226508484370153,-0.1335802643701527,-0.5932071510566601,-0.5232153951307847,-0.0699917559258753,0.0699917559258753,0.0562808334341258,7.1,17.0,11.5,68.8,2.5,0.2,0.93,26.67,103.2,1.0,3.0,,former,1.0,male,5.5
1171.0,0.689897878963,0.0424914174587,6.51801607,62.0,0.9495918761669976,-0.2596939972039976,6.643118135774291,-0.1251020657742909,-1.189588016975965,-0.4900074654321351,-0.6995805515438298,0.6995805515438298,0.0615908799756997,5.9,18.5,8.2,69.9,2.8,0.4,0.13,32.410000000000004,110.2,1.0,3.0,,former,1.0,male,10.8
2416.0,0.690557011954,0.00754701512857,6.443573028,79.0,0.8529163172355232,-0.1623593052815232,6.33518926299732,0.1083837650026806,-0.7437240986965306,0.424524196736884,-1.1682482954334146,1.1682482954334146,0.0109288805962812,6.5,21.3,8.4,68.2,2.2,5.397605346934028e-79,0.21,36.2,,1.0,3.0,,former,1.0,male,5.6
8769.0,0.692000113814,0.0491063023347,6.49970767,64.0,0.9382182809985888,-0.2462181671845889,6.6068912095652355,-0.1071835395652351,-1.1278588815993738,-0.4198230799255045,-0.7080358016738693,0.7080358016738693,0.0709628529741818,7.6,28.6,8.4,61.1,1.4,0.5,0.9,36.15,120.4,1.0,3.0,,former,1.0,male,8.2
7312.0,0.692135990153,0.0505765902329,6.316021932,62.0,0.9495918761669976,-0.2574558860139977,6.643118135774291,-0.3270962037742908,-1.1793358344806093,-1.2811905284848752,0.1018546940042659,0.1018546940042659,0.0730731979733055,4.9,25.1,9.0,60.4,4.1,1.3,0.16,25.84,100.2,1.0,3.0,,former,2.0,female,5.3
925.0,0.694505576638,0.0295372718607,6.355890863,73.0,0.8870371027407495,-0.1925315261027494,6.443870041624486,-0.0879791786244856,-0.8819348880136545,-0.3446022578585165,-0.537332630155138,0.537332630155138,0.042529927554629,6.2,19.8,6.8,65.1,7.8,0.6,0.42,30.68,104.6,2.0,,,never,1.0,male,6.1
3035.0,0.696821903087,0.0259222918332,6.821381374,69.0,0.909784293077567,-0.212962389990567,6.516323894042596,0.3050574799574042,-0.9755231538922954,1.1948678995815665,-2.1703910534738617,2.1703910534738617,0.0372007419949937,6.6,20.4,7.3,65.7,5.7,1.0,1.26,30.18,96.2,2.0,,,never,2.0,female,4.5
2732.0,0.697931998752,0.0625803310282,5.9047363,73.0,0.8870371027407495,-0.1891051039887495,6.443870041624486,-0.5391337416244859,-0.8662393743252349,-2.1117121977744997,1.245472823449265,1.245472823449265,0.0896653701794765,6.6,16.2,6.5,68.7,7.8,0.9,0.08,22.62,87.2,2.0,,,never,1.0,male,7.6
6270.0,0.698097529107,0.0327004756575,6.619265592,60.0,0.9609654713354064,-0.2628679422284063,6.679345061983346,-0.0600794699833464,-1.2041270013507603,-0.2353229631248468,-0.9688040382259134,0.9688040382259134,0.0468422738858998,8.6,23.1,7.1,66.9,2.3,0.6,0.59,25.96,93.5,2.0,,,never,1.0,male,5.3
508.0,0.698197569095,0.0430906551044,6.624885653,78.0,0.8586031148197276,-0.1604055457247276,6.353302726101847,0.2715829268981524,-0.734774454184761,1.0637527113589245,-1.7985271655436854,1.7985271655436854,0.0617169938879247,8.5,34.8,8.1,54.2,2.7,0.3,0.24,30.740000000000002,107.6,2.0,,,never,2.0,female,5.1
3664.0,0.698438993979,0.0378754902627,6.915957572,82.0,0.8358559244829101,-0.1374169305039101,6.280848873683736,0.6351086983162642,-0.6294698207007845,2.487632810934844,-3.1171026316356287,3.1171026316356287,0.0542287738645915,6.4,36.5,9.3,51.9,1.8,0.5,0.45,29.42,88.7,2.0,,,never,2.0,female,5.3
1799.0,0.698988073827,0.0497012797816,6.506644591,66.0,0.9268446858301802,-0.2278566120031802,6.57066428335618,-0.0640196923561804,-1.0437495596588722,-0.2507562684519931,-0.792993291206879,0.792993291206879,0.0711046177218484,5.0,30.4,7.5,58.4,3.0,0.8,0.13,26.18,80.2,2.0,,,never,2.0,female,5.7
3597.0,0.700822671165,0.0475325152257,6.146582419,65.0,0.9325314834143844,-0.2317088122493845,6.588777746460708,-0.4421953274607082,-1.0613954479012442,-1.732017855131879,0.6706224072306348,0.6706224072306348,0.0678238835320284,6.3,29.6,8.5,57.3,3.8,0.8,0.3,28.34,106.3,1.0,3.0,,former,1.0,male,5.1
7221.0,0.701616265735,0.0413730429645,6.695338766,61.0,0.955278673751202,-0.253662408016202,6.661231598878818,0.0341071671211814,-1.1619589369880772,0.133593049888349,-1.2955519868764265,1.2955519868764265,0.0589681924223327,5.1,31.2,7.9,56.3,3.7,1.0,0.73,25.67,84.0,2.0,,,never,2.0,female,5.1
8815.0,0.701684432933,0.0350900163914,6.752851106,50.0,1.0178334471774502,-0.3161490142444502,6.860479693028624,-0.1076285870286239,-1.4481931926540972,-0.4215662692020557,-1.0266269234520415,1.0266269234520415,0.0500082583344848,5.0,32.0,8.1,58.1,1.5,0.4,0.07,26.73,104.3,2.0,,,never,1.0,male,5.3
8353.0,0.701990764602,0.0344660215821,6.72114038,70.0,0.9040974954933628,-0.2021067308913626,6.4982104309380695,0.2229299490619301,-0.92579631338067,0.8731857354445072,-1.798982048825177,1.798982048825177,0.0490975427598977,7.8,33.5,7.7,56.6,1.6,0.6,0.18,30.41,110.9,1.0,3.0,,former,1.0,male,5.5
8938.0,0.703803282247,0.0537871674327,6.341599505,82.0,0.8358559244829101,-0.1320526422359101,6.280848873683736,0.0607506313162637,-0.6048974658834924,0.2379518091123482,-0.8428492749958406,0.8428492749958406,0.076423581403281,5.2,39.1,6.8,53.2,0.8,0.2,0.03,24.330000000000002,92.0,1.0,3.0,,former,1.0,male,5.0
7244.0,0.704621643746,0.0502092849297,6.005643204,82.0,0.8358559244829101,-0.1312342807369101,6.280848873683736,-0.2752056696837357,-0.601148773024796,-1.0779424931126405,0.4767937200878445,0.4767937200878445,0.0712570858067472,8.1,31.4,10.3,54.0,3.5,0.8,0.28,24.52,95.5,2.0,,,never,1.0,male,6.1
2940.0,0.704850946728,0.0241773005674,6.655341206,65.0,0.9325314834143844,-0.2276805366863845,6.588777746460708,0.0665634595392923,-1.0429430062182827,0.2607198522052381,-1.3036628584235208,1.3036628584235208,0.034301295443574,6.6,25.0,5.4,64.3,4.6,0.8,1.01,36.37,116.0,2.0,,,never,2.0,female,5.5
8268.0,0.705456724466,0.0589212902197,6.691742969,58.0,0.9723390665038152,-0.2668823420378151,6.715571988192401,-0.0238290191924015,-1.222515881956545,-0.0933349679394497,-1.1291809140170952,1.1291809140170952,0.0835221894926309,8.1,34.8,5.7,57.1,1.7,0.6,0.81,38.72,120.3,2.0,,,never,2.0,female,6.3
5789.0,0.705578294393,0.0488111411549,6.499707579,69.0,0.909784293077567,-0.204205998684567,6.516323894042596,-0.0166163150425964,-0.9354124917987556,-0.0650838047193763,-0.8703286870793794,0.8703286870793794,0.0691789154269429,7.2,41.8,10.2,45.7,1.8,0.5,0.49,21.86,74.8,2.0,,,never,2.0,female,5.4
9414.0,0.705778982392,0.0350349318653,6.901080066,53.0,1.000773054424837,-0.294994072032837,6.806139303715041,0.0949407622849589,-1.3512881196616489,0.371869816901201,-1.72315793656285,1.72315793656285,0.0496400895172039,6.4,48.5,9.7,39.6,1.9,0.3,0.53,34.61,117.6,2.0,,,never,2.0,female,14.0
7047.0,0.705818552738,0.0463532067741,5.909408912,85.0,0.8187955317302971,-0.112976978992297,6.226508484370153,-0.3170995723701528,-0.5175170079029963,-1.242035107773928,0.7245180998709317,0.7245180998709317,0.0656729786916019,4.7,16.0,10.7,69.9,2.8,0.6,0.1,23.67,91.0,2.0,,,never,1.0,male,6.5
332.0,0.705844699381,0.0372991860854,6.325220515,71.0,0.8984106979091583,-0.1925659985281582,6.480096967833541,-0.1548764528335411,-0.8820927968780252,-0.6066296158930333,-0.2754631809849919,0.2754631809849919,0.0528433324187459,6.1,36.3,11.9,45.5,5.4,0.9,0.06,33.480000000000004,117.7,1.0,3.0,,former,1.0,male,5.5
1283.0,0.707241068768,0.0603445303474,6.599464769,67.0,0.9211578882459758,-0.2139168194779758,6.5525508202516525,0.0469139487483474,-0.979895137432516,0.1837554398267577,-1.1636505772592738,1.1636505772592738,0.0853238492675757,9.4,17.9,10.5,68.4,2.7,0.4,0.67,23.86,82.2,1.0,1.0,15.0,current,1.0,male,5.6
9544.0,0.707642137516,0.0366715532092,5.9620256,77.0,0.864289912403932,-0.156647774887932,6.371416189206375,-0.4093905892063754,-0.7175611215466472,-1.6035262387330582,0.885965117186411,0.885965117186411,0.0518221729106272,6.0,31.4,9.1,58.7,0.9,5.397605346934028e-79,0.21,21.82,88.3,2.0,,,never,1.0,male,5.4
7991.0,0.707935991562,0.0345011643442,6.294757108,85.0,0.8187955317302971,-0.110859540168297,6.226508484370153,0.0682486236298469,-0.5078175929036903,0.2673204065585109,-0.7751379994622013,0.7751379994622013,0.0487348641055473,8.6,31.6,8.9,56.6,2.2,0.8,1.41,,,2.0,,,never,2.0,female,5.2
6845.0,0.707941971777,0.0424760046661,6.571873223,59.0,0.9666522689196108,-0.2587102971426107,6.697458525087875,-0.1255853020878747,-1.1850819528469383,-0.4919002351458758,-0.6931817177010626,0.6931817177010626,0.0599992744595737,6.6,36.7,6.2,53.8,2.7,0.6,0.29,46.19,140.8,2.0,,,never,1.0,male,6.0
9113.0,0.708601540704,0.0288522178753,6.49079415,84.0,0.8244823293145014,-0.1158807886105013,6.2446219474746805,0.2461722025253196,-0.5308185749880522,0.9642224232884522,-1.4950409982765045,1.4950409982765045,0.0407171255182921,5.5,34.3,11.6,51.2,2.1,0.8,0.04,28.37,103.7,2.0,,,never,2.0,female,6.1
8230.0,0.708659962121,0.0619021520009,5.80313436,83.0,0.8301691268987057,-0.1215091647777056,6.262735410579208,-0.4596010505792085,-0.5566006450998997,-1.8001936619542678,1.243593016854368,1.243593016854368,0.0873509938611863,9.2,17.0,10.1,70.4,1.7,0.9,1.21,19.54,81.4,2.0,,,never,2.0,female,6.0
8496.0,0.710461388112,0.0364953012137,6.178696499,73.0,0.8870371027407495,-0.1765757146287495,6.443870041624486,-0.2651735426244856,-0.8088456278268359,-1.0386480408366456,0.2298024130098097,0.2298024130098097,0.0513684512970981,8.8,33.0,4.1,58.8,3.4,0.8,3.02,32.29,110.1,2.0,,,never,2.0,female,8.0
7267.0,0.710822307659,0.0824682963957,6.203216038,78.0,0.8586031148197276,-0.1477808071607276,6.353302726101847,-0.1500866881018474,-0.6769439387516626,-0.5878687708049278,-0.0890751679467347,0.0890751679467347,0.1160181602449964,5.9,32.7,9.5,52.6,4.4,0.8,0.39,27.150000000000002,98.2,2.0,,,never,2.0,female,5.6
917.0,0.711588108559,0.0812721032153,7.281104615,82.0,0.8358559244829101,-0.1242678159239101,6.280848873683736,1.0002557413162645,-0.5692372804548709,3.917863206756485,-4.487100487211356,4.487100487211356,0.1142122840977203,10.0,15.2,11.8,71.8,0.8,0.4,0.22,17.01,63.0,1.0,3.0,,former,2.0,female,5.5
7522.0,0.711895170767,0.0415382704682,6.227184005,67.0,0.9211578882459758,-0.2092627174789757,6.5525508202516525,-0.3253668152516527,-0.9585759539804422,-1.2744167531560628,0.3158407991756207,0.3158407991756207,0.0583488583346427,5.1,22.0,11.4,62.4,3.6,0.6,0.11,27.02,104.5,1.0,3.0,,former,1.0,male,5.9
9715.0,0.713250342495,0.0533423750676,6.776616854,60.0,0.9609654713354064,-0.2477151288404063,6.679345061983346,0.0972717920166541,-1.13471605837976,0.3810001375206519,-1.515716195900412,1.515716195900412,0.0747877314450416,8.4,28.7,6.8,60.3,3.8,0.5,0.88,24.51,91.0,1.0,1.0,5.0,current,2.0,female,5.4
8721.0,0.714465608419,0.0469164644211,6.523371575,57.0,0.9780258640880196,-0.2635602556690195,6.73368545129693,-0.2103138762969303,-1.2072983021194026,-0.8237703257066822,-0.3835279764127204,0.3835279764127204,0.0656665119611827,8.1,28.8,3.9,65.9,0.8,0.6,3.8,23.66,84.3,1.0,3.0,,former,2.0,female,5.8
8155.0,0.714539086398,0.0890530760723,6.421789047,77.0,0.864289912403932,-0.149750826005932,6.371416189206375,0.0503728577936248,-0.6859680626694408,0.1973035075101053,-0.883271570179546,0.883271570179546,0.1246300975937056,6.8,16.5,8.2,70.6,4.4,0.4,1.32,28.05,103.4,1.0,3.0,,former,2.0,female,5.3
1855.0,0.715433128363,0.0210057934463,6.696344285,69.0,0.909784293077567,-0.194351164714567,6.516323894042596,0.180020390957404,-0.8902701607236532,0.7051149391752687,-1.595385099898922,1.595385099898922,0.0293609459969569,4.9,20.3,17.2,59.2,2.5,0.9,0.39,25.52,,2.0,,,never,1.0,male,5.1
7388.0,0.715937453712,0.0378989544552,6.555311514,71.0,0.8984106979091583,-0.1824732441971582,6.480096967833541,0.0752145461664586,-0.8358606169289114,0.29460496037811,-1.1304655773070216,1.1304655773070216,0.0529361248789277,5.1,34.8,8.5,55.0,1.3,0.4,0.21,36.79,119.2,1.0,3.0,,former,2.0,female,5.4
9316.0,0.716500479778,0.0502920329917,6.487302634,72.0,0.8927239003249539,-0.1762234205469538,6.461983504729013,0.0253191292709864,-0.8072318638482002,0.0991715227421469,-0.9064033865903472,0.9064033865903472,0.070191206302168,9.8,29.2,8.8,52.6,9.0,0.4,0.35,38.32,131.4,2.0,,,never,1.0,male,7.6
8697.0,0.716516255272,0.059406115409,6.585962313,70.0,0.9040974954933628,-0.1875812402213627,6.4982104309380695,0.08775188206193,-0.8592589662422428,0.3437119687027782,-1.202970934945021,1.202970934945021,0.0829096548360212,6.3,27.9,8.1,62.1,1.7,0.3,0.12,33.160000000000004,107.4,2.0,,,never,1.0,male,6.7
2620.0,0.717561228003,0.0550475751712,6.007962215,73.0,0.8870371027407495,-0.1694758747377495,6.443870041624486,-0.4359078266244856,-0.7763231800701899,-1.707390585153632,0.931067405083442,0.931067405083442,0.076714812650064,7.2,18.7,9.8,68.8,1.9,0.8,0.1,25.490000000000002,98.5,1.0,3.0,,former,1.0,male,5.8
3849.0,0.717610435579,0.0191554612229,5.919877059,85.0,0.8187955317302971,-0.1011850961512971,6.226508484370153,-0.3066314253701527,-0.4635015794515675,-1.201032825777277,0.7375312463257095,0.7375312463257095,0.0266933983581837,9.2,29.5,5.3,62.2,2.5,0.4,0.06,26.45,92.5,1.0,3.0,,former,2.0,female,5.5
9720.0,0.718784152964,0.0257358149743,6.754249428,54.0,0.9950862568406328,-0.2763021038766327,6.788025840610513,-0.0337764126105133,-1.2656652651801488,-0.132297530278424,-1.1333677349017248,1.1333677349017248,0.0358046499330501,8.6,38.3,7.4,51.3,1.9,1.2,0.45,31.810000000000002,101.2,2.0,,,never,2.0,female,5.7
5009.0,0.719390469854,0.0516535890452,6.65051658,57.0,0.9780258640880196,-0.2586353942340195,6.73368545129693,-0.0831688712969302,-1.1847388428657448,-0.3257609502674996,-0.8589778925982452,0.8589778925982452,0.0718018811893394,5.5,30.2,9.1,57.6,2.7,0.4,0.33,24.36,102.2,1.0,3.0,,former,1.0,male,5.6
3333.0,0.719548575851,0.0519361704427,6.580551018,80.0,0.8472295196513189,-0.1276809438003189,6.317075799892791,0.2634752181072093,-0.5848718968337512,1.0319959389145776,-1.6168678357483288,1.6168678357483288,0.0721788245932886,8.9,23.6,6.7,67.3,2.1,0.3,0.61,33.59,106.7,2.0,,,never,2.0,female,6.1
5882.0,0.720273492149,0.0528021288474,6.15628696,85.0,0.8187955317302971,-0.098522039581297,6.226508484370153,-0.0702215243701527,-0.4513028370150501,-0.2750479855183228,-0.1762548514967273,0.1762548514967273,0.0733084438382705,5.8,37.9,11.3,48.4,1.7,0.8,0.38,23.36,85.0,1.0,3.0,,former,2.0,female,5.7
8939.0,0.720994583704,0.0427468823102,6.385940022,64.0,0.9382182809985888,-0.2172236972945888,6.6068912095652355,-0.2209511875652356,-0.9950430510023328,-0.8654352007136156,-0.1296078502887173,0.1296078502887173,0.0592887703685572,5.8,23.2,10.0,64.9,0.9,1.0,0.42,25.93,100.1,2.0,,,never,1.0,male,13.5
2265.0,0.721568003148,0.0437602964843,6.236515844,85.0,0.8187955317302971,-0.0972275285822971,6.226508484370153,0.0100073596298475,-0.4453730319797639,0.0391974416852291,-0.484570473664993,0.484570473664993,0.0606461155336517,4.2,43.9,11.1,42.2,2.1,0.8,0.41,27.73,,2.0,,,never,2.0,female,5.7
389.0,0.722342070978,0.0576687956226,6.266510099,81.0,0.8415427220671146,-0.1192006510891146,6.298962336788264,-0.0324522377882647,-0.5460259677852919,-0.1271109208933341,-0.4189150468919577,0.4189150468919577,0.0798358533160342,4.9,21.7,10.9,62.7,3.7,1.1,0.36,22.19,78.4,1.0,3.0,,former,2.0,female,5.8
3296.0,0.723566280363,0.0329724936582,6.600272018,74.0,0.8813503051565452,-0.1577840247935452,6.425756578519958,0.1745154394800421,-0.7227659752843552,0.6835528066552846,-1.40631878193964,1.40631878193964,0.0455694171398621,5.6,33.6,8.7,52.5,4.0,1.3,0.14,29.93,96.2,1.0,3.0,,former,2.0,female,5.4
3362.0,0.723769251951,0.0430684432267,6.88021515,54.0,0.9950862568406328,-0.2713170048896327,6.788025840610513,0.0921893093894867,-1.2428298739804216,0.3610927569763976,-1.603922630956819,1.603922630956819,0.0595057652844525,6.4,25.9,6.7,65.9,1.0,0.5,0.24,27.63,107.0,1.0,1.0,25.0,current,2.0,female,5.2
4636.0,0.724787964476,0.0314968065856,6.254869698,85.0,0.8187955317302971,-0.094007567254297,6.226508484370153,0.0283612136298474,-0.4306232593544614,0.1110869458575864,-0.5417102052120478,0.5417102052120478,0.0434565805854285,,,,,,,0.42,22.85,78.9,2.0,,,never,2.0,female,5.4
4781.0,0.724844464653,0.0407259747178,7.034099593,54.0,0.9950862568406328,-0.2702417921876326,6.788025840610513,0.2460737523894867,-1.2379046151767117,0.9638368077413996,-2.2017414229181114,2.2017414229181114,0.0561858118586812,5.6,26.1,6.6,65.9,1.3,0.1,0.17,30.3,106.1,2.0,,,never,1.0,male,5.6
5753.0,0.725065370147,0.0244443756106,6.7543411,61.0,0.955278673751202,-0.230213303604202,6.661231598878818,0.0931095011211819,-1.0545449269698894,0.3646970205460583,-1.419241947515948,1.419241947515948,0.0337133403649441,7.4,20.5,6.3,69.5,3.2,0.6,0.16,33.21,114.3,1.0,3.0,,former,1.0,male,5.1
1967.0,0.725368649831,0.0544476582051,6.934840766,51.0,1.012146649593246,-0.2867779997622458,6.842366229924096,0.0924745360759038,-1.3136525130441183,0.3622099504041783,-1.6758624634482966,1.6758624634482966,0.075062050472936,8.0,24.2,6.2,65.3,3.4,0.9,0.24,32.02,102.0,1.0,3.0,,former,2.0,female,5.0
9822.0,0.72617866584,0.0793787147562,6.404471602,71.0,0.8984106979091583,-0.1722320320691582,6.480096967833541,-0.0756253658335408,-0.7889483919335538,-0.2962140841169604,-0.4927343078165934,0.4927343078165934,0.1093101718492093,7.6,22.1,6.5,68.7,2.3,0.4,0.08,25.44,95.1,2.0,,,never,1.0,male,5.3
4941.0,0.726215838529,0.02281275951,6.585507751,73.0,0.8870371027407495,-0.1608212642117495,6.443870041624486,0.1416377093755141,-0.7366787482228253,0.5547752912883697,-1.291454039511195,1.291454039511195,0.0314131946725491,5.9,38.4,8.2,52.1,0.8,0.5,0.07,24.73,90.3,2.0,,,never,2.0,female,5.2
1210.0,0.726484511705,0.0376347198681,6.010729063,56.0,0.9837126616722238,-0.2572281499672239,6.751798914401458,-0.7410698514014573,-1.1782926371976823,-2.9026679723143465,1.7243753351166642,1.7243753351166642,0.0518038846826539,6.9,51.1,7.4,38.1,3.4,0.2,0.29,38.97,107.4,1.0,3.0,,former,2.0,female,5.8
981.0,0.726538181534,0.0350561147916,6.355323085,79.0,0.8529163172355232,-0.1263781357015232,6.33518926299732,0.0201338220026805,-0.5789040850266529,0.078861392319412,-0.6577654773460649,0.6577654773460649,0.048250891257474,6.4,44.9,10.0,42.2,2.0,0.9,0.08,27.07,89.9,2.0,,,never,2.0,female,5.5
6122.0,0.726542945814,0.0469432070691,6.409497542,59.0,0.9666522689196108,-0.2401093231056107,6.697458525087875,-0.2879609830878742,-1.0998759178336823,-1.1279032891496223,0.0280273713159397,0.0280273713159397,0.064611744342939,6.9,31.7,7.7,57.7,2.8,0.2,0.69,38.32,120.7,1.0,3.0,,former,2.0,female,5.6
368.0,0.7270962923,0.0329123648535,6.365438215,72.0,0.8927239003249539,-0.1656276080249539,6.461983504729013,-0.0965452897290131,-0.7586953102812972,-0.3781545286780297,-0.3805407816032675,0.3805407816032675,0.0452654829931664,5.9,36.5,6.4,55.9,1.0,0.3,0.09,23.96,93.8,1.0,3.0,,former,1.0,male,5.2
4563.0,0.72765616509,0.0642891772484,5.856013014,70.0,0.9040974954933628,-0.1764413304033627,6.4982104309380695,-0.6421974169380693,-0.8082300500086657,-2.51539834001331,1.707168290004645,1.707168290004645,0.0883510376641259,5.7,21.6,6.9,69.4,1.3,0.9,0.03,22.93,,2.0,,,never,1.0,male,5.2
5310.0,0.727677894662,0.012180039114,6.09474827,82.0,0.8358559244829101,-0.1081780298209101,6.280848873683736,-0.1861006036837356,-0.4955343187002335,-0.7289302903357624,0.2333959716355288,0.2333959716355288,0.0167382288280964,7.9,20.0,7.0,66.1,6.6,0.4,0.54,24.34,98.2,1.0,3.0,,former,1.0,male,5.0
2014.0,0.728046377659,0.0378350272005,6.929600551,51.0,1.012146649593246,-0.2841002719342458,6.842366229924096,0.0872343210759041,-1.3013865655397188,0.3416847540009308,-1.6430713195406494,1.6430713195406494,0.0519678805657364,7.1,22.1,4.9,71.6,1.2,0.2,0.87,29.98,93.1,2.0,,,never,2.0,female,5.2
7295.0,0.729995028952,0.0312485450598,6.593142715,68.0,0.9154710906617712,-0.1854760617097713,6.534437357147125,0.0587053578528751,-0.8496157124206418,0.2299407562195938,-1.0795564686402357,1.0795564686402357,0.0428065176069229,7.6,34.6,10.1,50.3,3.7,1.3,0.67,25.45,103.9,1.0,1.0,14.0,current,1.0,male,5.7
9931.0,0.730767849364,0.0445702819985,6.390579813,62.0,0.9495918761669976,-0.2188240268029977,6.643118135774291,-0.2525383227742903,-1.0023737279795173,-0.989157634617915,-0.0132160933616023,0.0132160933616023,0.0609910275024965,8.2,33.8,7.4,56.3,2.2,0.4,0.33,36.19,120.3,2.0,,,never,2.0,female,7.0
5964.0,0.731033783907,0.0144480126797,6.536742971,78.0,0.8586031148197276,-0.1275693309127276,6.353302726101847,0.1834402448981524,-0.5843606283599003,0.7185100334231735,-1.302870661783074,1.302870661783074,0.0197638098235115,5.3,27.7,9.4,60.2,2.2,0.6,0.1,21.01,81.3,1.0,3.0,,former,1.0,male,4.7
151.0,0.731517972361,0.00449235553828,6.35738829,84.0,0.8244823293145014,-0.0929643569535013,6.2446219474746805,0.1127663425253198,-0.4258445949017841,0.4416901459211506,-0.8675347408229348,0.8675347408229348,0.0061411417190212,6.9,24.8,8.1,62.6,3.3,1.2,0.17,26.6,102.8,1.0,3.0,,former,1.0,male,5.6
6972.0,0.73178266784,0.0594671503403,6.694081981,63.0,0.9439050785827932,-0.2121224107427932,6.625004672669763,0.0690773083302369,-0.9716754359688224,0.2705662497599582,-1.2422416857287806,1.2422416857287806,0.0812634036767076,7.6,13.1,6.1,57.6,22.8,0.4,0.32,20.71,67.8,2.0,,,never,2.0,female,5.0
8365.0,0.731853528983,0.0546295210076,6.534989796,70.0,0.9040974954933628,-0.1722439665103626,6.4982104309380695,0.0367793650619301,-0.7890030603833406,0.1440596791320391,-0.9330627395153795,0.9330627395153795,0.0746454295076152,6.2,39.4,9.6,49.5,1.0,0.4,0.08,31.13,109.0,2.0,,,never,2.0,female,5.8
5401.0,0.732164506605,0.070952045858,6.646349588,54.0,0.9950862568406328,-0.2629217502356327,6.788025840610513,-0.1416762526105133,-1.204373481289854,-0.554926259801756,-0.6494472214880979,0.6494472214880979,0.0969072458688281,6.3,35.1,6.1,55.4,2.9,0.4,0.36,30.59,93.4,2.0,,,never,2.0,female,5.6
2864.0,0.732304436204,0.0513589057271,6.877568666,71.0,0.8984106979091583,-0.1661062617051583,6.480096967833541,0.3974716981664592,-0.7608878934306309,1.556841593255115,-2.317729486685746,2.317729486685746,0.0701332713390702,7.3,34.9,7.6,49.7,6.7,1.2,0.65,29.240000000000002,96.5,2.0,,,never,2.0,female,6.0
5520.0,0.73295136921,0.0592094909559,6.640975061,69.0,0.909784293077567,-0.176832923867567,6.516323894042596,0.1246511669574035,-0.8100238338371674,0.4882413572143221,-1.2982651910514895,1.2982651910514895,0.0807822912176533,6.8,30.1,4.9,63.5,1.0,0.4,0.08,26.61,97.7,2.0,,,never,2.0,female,10.3
8189.0,0.733037416525,0.0917600597595,6.68897464,60.0,0.9609654713354064,-0.2279280548104063,6.679345061983346,0.0096295780166535,-1.0440768198508303,0.037717723427802,-1.0817945432786324,1.0817945432786324,0.1251778663557081,5.3,38.8,5.9,52.4,2.2,0.6,0.26,26.6,81.2,2.0,,,never,2.0,female,6.0
1873.0,0.733239040506,0.0536108229445,6.594895245,55.0,0.9893994592564282,-0.2561604187504283,6.769912377505985,-0.1750171325059852,-1.1734016490557675,-0.6855178687551458,-0.4878837803006217,0.4878837803006217,0.0731150688696332,7.5,42.1,5.6,50.9,1.2,0.3,0.26,23.46,87.1,2.0,,,never,2.0,female,9.2
1659.0,0.733265718511,0.0483050363065,6.70965051,51.0,1.012146649593246,-0.2788809310822459,6.842366229924096,-0.1327157199240956,-1.277478175662016,-0.5198290942720108,-0.7576490813900051,0.7576490813900051,0.0658765780085699,10.2,33.3,8.1,55.2,2.8,0.6,0.16,28.3,98.0,1.0,3.0,,former,1.0,male,5.1
6682.0,0.733275750722,0.0684486136383,6.000976391,83.0,0.8301691268987057,-0.0968933761767056,6.262735410579208,-0.2617590195792081,-0.4438423701168984,-1.0252738269679893,0.5814314568510909,0.5814314568510909,0.0933463483156287,4.7,27.5,11.8,55.7,4.7,0.4,0.06,24.46,97.3,2.0,,,never,1.0,male,6.1
2762.0,0.734359613171,0.041267857285,6.652501121,51.0,1.012146649593246,-0.2777870364222459,6.842366229924096,-0.1898651089240957,-1.2724673398576452,-0.7436753359912269,-0.5287920038664182,0.5287920038664182,0.0561957064969891,12.5,21.0,6.8,68.6,1.7,2.0,1.52,43.050000000000004,131.8,2.0,,,never,2.0,female,14.6
8050.0,0.734717878487,0.0224966301004,6.711161581,54.0,0.9950862568406328,-0.2603683783536327,6.788025840610513,-0.0768642596105131,-1.19267717476597,-0.3010666594588345,-0.8916105153071356,0.8916105153071356,0.0306194129190474,4.3,17.2,10.5,69.9,1.9,0.5,0.53,28.45,99.4,1.0,3.0,,former,1.0,male,5.4
2938.0,0.734720293164,0.0787827501485,6.502497464,80.0,0.8472295196513189,-0.1125092264873188,6.317075799892791,0.185421664107209,-0.5153743600912508,0.7262709780453038,-1.2416453381365546,1.2416453381365546,0.1072282212448902,7.1,15.1,10.0,71.7,2.5,0.8,0.13,25.55,96.0,1.0,3.0,,former,1.0,male,5.8
9199.0,0.735268337519,0.0471653197983,6.326248125,64.0,0.9382182809985888,-0.2029499434795888,6.6068912095652355,-0.2806430845652352,-0.9296588423629216,-1.0992400941402176,0.1695812517772961,0.1695812517772961,0.064147083984942,5.4,,,,,,0.03,25.66,88.6,1.0,3.0,,former,1.0,male,12.3
728.0,0.735427325258,0.0402348809954,6.753531534,51.0,1.012146649593246,-0.2767193243352458,6.842366229924096,-0.0888346959240955,-1.2675764393441535,-0.3479532006348853,-0.9196232387092682,0.9196232387092682,0.0547095268472448,5.1,25.1,8.9,61.7,3.5,0.8,0.39,27.69,100.0,1.0,3.0,,former,2.0,female,5.1
876.0,0.735523756201,0.0594525561949,6.751877183,62.0,0.9495918761669976,-0.2140681199659977,6.643118135774291,0.1087590472257096,-0.9805882040780732,0.4259941252291915,-1.4065823293072648,1.4065823293072648,0.0808302324617957,6.0,30.5,5.5,61.0,2.2,0.9,0.81,28.25,95.4,1.0,3.0,,former,2.0,female,11.4
3652.0,0.735734429227,0.0490716841933,6.497069824,66.0,0.9268446858301802,-0.1911102566031801,6.57066428335618,-0.0735944593561797,-0.8754244365446782,-0.2882593047186977,-0.5871651318259805,0.5871651318259805,0.0666975504257116,5.4,27.9,9.4,60.2,1.9,0.6,0.3,33.68,115.7,2.0,,,never,1.0,male,6.2
9532.0,0.737796902355,0.0490488978447,6.64614751,64.0,0.9382182809985888,-0.2004213786435889,6.6068912095652355,0.0392563004347641,-0.9180761702124772,0.1537614919404013,-1.0718376621528785,1.0718376621528785,0.066480216558431,5.8,31.0,7.1,55.6,5.5,0.9,0.5,34.15,106.1,2.0,,,never,2.0,female,5.5
2977.0,0.738266430689,0.0548551293979,5.910818687,69.0,0.909784293077567,-0.171517862388567,6.516323894042596,-0.6055052070425964,-0.7856769736363819,-2.3716800355975938,1.586003061961212,1.586003061961212,0.0743026191055517,8.6,39.5,7.8,47.6,4.3,0.9,1.16,29.72,102.2,2.0,,,never,2.0,female,9.1
9347.0,0.739013441027,0.0329256997718,6.442438091,83.0,0.8301691268987057,-0.0911556858717057,6.262735410579208,0.1797026804207915,-0.4175595614827602,0.7038705110051737,-1.121430072487934,1.121430072487934,0.0445535871797452,8.1,17.1,4.9,75.9,2.0,0.1,0.47,28.68,105.0,2.0,,,never,2.0,female,5.6
5333.0,0.739051355453,0.0473830417551,6.59210522,56.0,0.9837126616722238,-0.2446613062192237,6.751798914401458,-0.1596936944014579,-1.1207273222701792,-0.6254980839431776,-0.4952292383270016,0.4952292383270016,0.0641133277213958,7.2,33.7,8.6,54.7,2.2,0.9,0.37,32.02,109.0,1.0,3.0,,former,1.0,male,6.3
690.0,0.739500204887,0.0583152354146,6.82076787,68.0,0.9154710906617712,-0.1759708857747713,6.534437357147125,0.2863305128528752,-0.8060750703062146,1.1215169630536503,-1.9275920333598648,1.9275920333598648,0.0788576325323816,7.0,28.3,6.1,63.6,1.5,0.7,0.65,25.490000000000002,97.9,2.0,,,never,2.0,female,5.3
221.0,0.739904038585,0.062454805053,6.172942751,85.0,0.8187955317302971,-0.078891493145297,6.226508484370153,-0.0535657333701529,-0.3613806090914996,-0.2098095589410816,-0.151571050150418,0.151571050150418,0.0844093312052184,6.9,38.8,8.2,50.7,2.0,0.4,0.53,27.1,98.6,2.0,,,never,1.0,male,4.8
2045.0,0.73995916902,0.150581347788,6.881129395,51.0,1.012146649593246,-0.2721874805732458,6.842366229924096,0.0387631650759043,-1.246817287834588,0.1518299490372985,-1.3986472368718863,1.3986472368718863,0.2034995363155369,4.4,35.2,7.5,53.0,4.2,0.1,0.14,37.22,120.1,2.0,,,never,1.0,male,5.2
8498.0,0.740556243218,0.0374686817747,6.629571944,50.0,1.0178334471774502,-0.2772772039594502,6.860479693028624,-0.2309077490286233,-1.2701319351315563,-0.9044336730161926,-0.3656982621153637,0.3656982621153637,0.0505953222565301,6.4,31.1,10.0,55.9,2.3,0.6,0.16,28.45,98.5,2.0,,,never,1.0,male,5.5
3085.0,0.740637814092,0.0467264076767,6.224727169,68.0,0.9154710906617712,-0.1748332765697713,6.534437357147125,-0.3097101881471245,-0.8008639899853762,-1.2130919131766216,0.4122279231912453,0.4122279231912453,0.063089416699558,8.3,29.3,7.5,61.7,0.9,0.7,0.4,35.54,111.6,1.0,3.0,,former,1.0,male,7.1
6025.0,0.740926646564,0.048765271217,6.943540317,50.0,1.0178334471774502,-0.2769068006134502,6.860479693028624,0.0830606239713764,-1.268435217507763,0.3253369604851876,-1.5937721779929503,1.5937721779929503,0.0658165979630316,6.6,22.1,6.5,67.4,3.8,0.1,0.27,29.89,117.1,1.0,3.0,,former,1.0,male,5.1
1861.0,0.742572567535,0.0305698189161,6.381102915,67.0,0.9211578882459758,-0.1785853207109757,6.5525508202516525,-0.1714479052516528,-0.8180510901786685,-0.6715376999256224,-0.1465133902530461,0.1465133902530461,0.0411674498259177,10.6,29.7,7.5,60.7,1.3,0.8,1.28,34.800000000000004,115.9,2.0,,,never,2.0,female,6.7
3890.0,0.742800565876,0.0378844111687,6.67991432,71.0,0.8984106979091583,-0.1556101320331583,6.480096967833541,0.199817352166459,-0.7128079600595532,0.7826568944201104,-1.4954648544796636,1.4954648544796636,0.0510021301936168,4.8,29.0,6.6,58.1,5.5,0.8,0.14,28.01,84.3,1.0,3.0,,former,2.0,female,5.1
1825.0,0.74305290763,0.0257409194679,6.332095989,75.0,0.8756635075723407,-0.1326105999423407,6.40764311541543,-0.0755471264154303,-0.6074533193444708,-0.295907631152112,-0.3115456881923588,0.3115456881923588,0.0346421085276441,10.0,30.0,9.1,57.7,2.5,0.7,0.38,27.86,102.5,1.0,3.0,,former,1.0,male,5.7
7767.0,0.743100556383,0.0527497471809,6.584280589,72.0,0.8927239003249539,-0.1496233439419538,6.461983504729013,0.1222970842709862,-0.6853841017873236,0.4790207413639799,-1.1644048431513034,1.1644048431513034,0.0709860149178954,7.3,16.9,7.5,73.1,2.0,0.6,0.37,31.48,106.0,2.0,,,never,2.0,female,5.5
403.0,0.743512486957,0.0428973215009,6.656850906,71.0,0.8984106979091583,-0.1548982109521582,6.480096967833541,0.1767539381664589,-0.7095468419894079,0.6923206959856115,-1.4018675379750194,1.4018675379750194,0.0576954957091136,8.9,25.6,5.6,67.4,0.8,0.6,3.22,28.03,94.4,1.0,3.0,,former,2.0,female,5.5
3141.0,0.74376638821,0.0515970211325,6.593986786,63.0,0.9439050785827932,-0.2001386903727933,6.625004672669763,-0.0310178866697627,-0.91678125164255,-0.1214927662148576,-0.7952884854276921,0.7952884854276921,0.0693726174648426,10.2,23.6,10.4,60.1,5.4,0.6,2.59,26.22,96.0,2.0,,,never,1.0,male,5.0
2451.0,0.743900605194,0.064792352437,6.809182109,59.0,0.9666522689196108,-0.2227516637256107,6.697458525087875,0.1117235839121253,-1.0203651712491997,0.4376058048517487,-1.4579709761009485,1.4579709761009485,0.0870981311005963,8.8,41.0,7.4,49.3,1.6,0.8,0.37,35.38,121.6,1.0,3.0,,former,2.0,female,5.2
4644.0,0.744341039134,0.0287885188268,6.787391929,64.0,0.9382182809985888,-0.1938772418645888,6.6068912095652355,0.1805007194347645,-0.8880992482290441,0.7069963192972478,-1.595095567526292,1.595095567526292,0.0386765169636405,4.6,25.0,9.1,58.6,5.8,1.5,0.91,32.04,103.6,2.0,,,never,2.0,female,5.7
3915.0,0.744413882157,0.0430022698786,6.733128607,59.0,0.9666522689196108,-0.2222383867626107,6.697458525087875,0.0356700819121256,-1.0180139881985766,0.1397147706661551,-1.1577287588647318,1.1577287588647318,0.0577666146606474,6.3,25.0,7.6,61.7,4.5,1.3,1.61,32.480000000000004,95.2,1.0,3.0,,former,2.0,female,5.2
8777.0,0.744755118679,0.0312704585323,6.477892623,72.0,0.8927239003249539,-0.1479687816459538,6.461983504729013,0.0159091182709865,-0.6778049990669948,0.0623138129093005,-0.7401188119762953,0.7401188119762953,0.041987571146561,6.2,13.3,9.9,73.4,3.1,0.4,1.67,26.12,89.8,2.0,,,never,1.0,male,5.6
7554.0,0.744861852384,0.0373174397591,6.654496497,63.0,0.9439050785827932,-0.1990432261987932,6.625004672669763,0.0294918243302371,-0.9117632263187172,0.11551539138532,-1.0272786177040374,1.0272786177040374,0.0500998133273465,8.2,20.9,8.6,67.9,2.0,0.6,0.27,28.6,107.1,1.0,3.0,,former,1.0,male,5.3
4863.0,0.745733416159,0.0261354770385,6.363254217,80.0,0.8472295196513189,-0.1014961034923188,6.317075799892791,0.0461784171072086,-0.4649262200287634,0.180874464257019,-0.6458006842857825,0.6458006842857825,0.0350466754904377,6.4,21.6,7.8,65.8,3.9,0.9,0.55,27.84,101.7,1.0,3.0,,former,1.0,male,5.2
7578.0,0.746525470946,0.0429582921832,6.474686003,71.0,0.8984106979091583,-0.1518852269631583,6.480096967833541,-0.0054109648335405,-0.6957451766169145,-0.0211939998529623,-0.6745511767639522,0.6745511767639522,0.0575443087410843,6.5,26.1,7.8,63.4,2.5,0.4,0.21,28.21,100.4,1.0,3.0,,former,1.0,male,5.4
4396.0,0.746839545049,0.0696627887629,6.670372834,60.0,0.9609654713354064,-0.2141259262864063,6.679345061983346,-0.0089722279833459,-0.9808529992092812,-0.0351429743880546,-0.9457100248212266,0.9457100248212266,0.0932767811034021,4.9,23.4,5.9,67.3,2.5,0.9,0.01,23.080000000000002,80.9,2.0,,,never,1.0,male,5.4
2897.0,0.746992350534,0.0481132810104,7.156186379,77.0,0.864289912403932,-0.117297561869932,6.371416189206375,0.7847701897936252,-0.5373084303960954,3.073836145449929,-3.611144575846024,3.611144575846024,0.06440933561904,7.7,25.0,7.7,66.3,0.8,0.4,0.39,29.62,102.7,2.0,,,never,1.0,male,7.0
6051.0,0.74719399442,0.0412562584344,6.865037108,65.0,0.9325314834143844,-0.1853374889943845,6.588777746460708,0.2762593615392923,-0.8489809482617515,1.0820696581781584,-1.9310506064399096,1.9310506064399096,0.0552149224197454,4.4,43.9,11.7,40.1,4.0,0.3,0.16,27.8,90.0,2.0,,,never,1.0,male,5.9
7347.0,0.747922169835,0.0237408331304,6.256010703,85.0,0.8187955317302971,-0.070873361895297,6.226508484370153,0.0295022186298474,-0.3246517167942781,0.115556104417319,-0.4402078212115972,0.4402078212115972,0.0317423845527101,7.6,32.8,12.1,50.1,4.6,0.5,0.23,23.990000000000002,102.0,1.0,3.0,,former,1.0,male,5.4
1782.0,0.748651214766,0.0556776122713,6.466939458,62.0,0.9495918761669976,-0.2009406614009976,6.643118135774291,-0.176178677774291,-0.9204548641841764,-0.6900674807010756,-0.2303873834831009,0.2303873834831009,0.0743705629178771,6.7,23.3,10.6,62.4,3.2,0.4,0.57,26.51,78.8,2.0,,,never,2.0,female,5.6
2822.0,0.748825831476,0.0302131036802,6.57300589,56.0,0.9837126616722238,-0.2348868301962238,6.751798914401458,-0.1787930244014575,-1.0759530892329563,-0.7003075143616718,-0.3756455748712847,0.3756455748712847,0.040347304286562,7.3,28.3,8.6,60.0,2.3,0.9,0.17,29.7,108.1,1.0,3.0,,former,1.0,male,5.2
4853.0,0.748839043572,0.0318277423938,6.895706847,62.0,0.9495918761669976,-0.2007528325949976,6.643118135774291,0.2525887112257088,-0.9195944711860088,0.989354999203494,-1.9089494703895027,1.9089494703895027,0.0425027816952226,5.9,28.7,6.4,61.2,2.8,1.0,0.11,23.37,81.2,2.0,,,never,2.0,female,5.2
9599.0,0.74961686534,0.0659553767445,6.504567573,66.0,0.9268446858301802,-0.1772278204901801,6.57066428335618,-0.06609671035618,-0.8118327485416373,-0.2588916602981435,-0.5529410882434939,0.5529410882434939,0.0879854493596337,5.9,35.7,6.9,54.5,2.2,0.7,0.51,35.7,123.1,2.0,,,never,1.0,male,5.8
9087.0,0.749838306377,0.0462927205352,6.854902213,54.0,0.9950862568406328,-0.2452479504636326,6.788025840610513,0.0668763723894869,-1.1234145810088885,0.2619454885020971,-1.3853600695109856,1.3853600695109856,0.0617369373390283,10.4,17.9,7.1,72.2,2.3,0.6,0.84,44.43,142.8,2.0,,,never,1.0,male,5.1
164.0,0.750306565588,0.0604713002818,6.784999436,51.0,1.012146649593246,-0.2618400840052458,6.842366229924096,-0.0573667939240962,-1.1994186606167174,-0.2246977866970665,-0.9747208739196508,0.9747208739196508,0.0805954566509888,7.9,23.1,7.6,66.9,1.7,0.7,0.96,30.17,100.6,1.0,3.0,,former,1.0,male,6.5
5284.0,0.751068893704,0.0375866927169,6.54061115,70.0,0.9040974954933628,-0.1530286017893627,6.4982104309380695,0.0424007190619306,-0.7009826676902885,0.1660777442118494,-0.8670604119021379,0.8670604119021379,0.0500442676190942,6.4,38.1,8.1,49.3,4.1,0.4,0.05,30.080000000000002,97.0,2.0,,,never,2.0,female,5.4
1899.0,0.751311148941,0.0294554279582,6.246816018,75.0,0.8756635075723407,-0.1243523586313406,6.40764311541543,-0.1608270974154306,-0.5696245477493207,-0.6299374665764901,0.0603129188271693,0.0603129188271693,0.0392053651802165,9.3,19.2,10.2,63.5,6.8,0.3,0.21,34.94,122.2,1.0,3.0,,former,1.0,male,5.1
6775.0,0.751493165535,0.0742979557717,6.098924741,78.0,0.8586031148197276,-0.1071099492847276,6.353302726101847,-0.254377985101847,-0.4906417304206131,-0.9963633371680508,0.5057216067474375,0.5057216067474375,0.0988671077518131,7.7,17.8,12.6,61.6,7.9,0.2,0.25,24.92,96.3,1.0,3.0,,former,1.0,male,6.3
2344.0,0.751619482394,0.0498086150516,6.545072727,60.0,0.9609654713354064,-0.2093459889414063,6.679345061983346,-0.1342723349833461,-0.9589573980451106,-0.5259261398732642,-0.4330312581718464,0.4330312581718464,0.0662683927417015,9.4,40.0,6.8,50.5,2.0,0.8,0.2,26.36,96.1,1.0,3.0,,former,1.0,male,5.5
5612.0,0.751750223312,0.0489207905527,6.182676512,85.0,0.8187955317302971,-0.067045308418297,6.226508484370153,-0.0438319723701532,-0.3071164383757893,-0.1716837651964975,-0.1354326731792917,0.1354326731792917,0.0650758576926904,7.4,31.7,12.6,53.4,2.2,0.2,0.53,26.26,102.6,1.0,3.0,,former,1.0,male,4.8
5184.0,0.75386103553,0.0379214474664,6.524063633,61.0,0.955278673751202,-0.201417638221202,6.661231598878818,-0.1371679658788185,-0.9226397660910342,-0.5372679250559115,-0.3853718410351227,0.3853718410351227,0.0503029678934651,6.8,26.3,7.2,63.4,2.7,0.6,0.08,24.77,91.6,2.0,,,never,1.0,male,6.4
8243.0,0.754702725923,0.0483757912429,7.046224735,66.0,0.9268446858301802,-0.1721419599071801,6.57066428335618,0.4755604516438199,-0.7885357957021973,1.862704425602203,-2.6512402213044,2.6512402213044,0.0640991341110322,7.9,14.0,6.5,75.5,3.9,0.2,7.36,22.86,88.0,2.0,,,never,1.0,male,11.4
9861.0,0.754982723947,0.0625084001045,6.855089806,60.0,0.9609654713354064,-0.2059827473884063,6.679345061983346,0.1757447440166535,-0.94355129743162,0.688367822270742,-1.631919119702362,1.631919119702362,0.0827944774387819,9.8,27.0,5.9,61.7,4.7,0.6,0.39,20.830000000000002,85.6,1.0,3.0,,former,2.0,female,5.3
999.0,0.755384803726,0.0342553082679,6.515002959,64.0,0.9382182809985888,-0.1828334772725888,6.6068912095652355,-0.0918882505652352,-0.8375107472918168,-0.3599135512574157,-0.4775971960344011,0.4775971960344011,0.0453481564613595,11.2,27.5,4.7,66.2,0.8,0.9,0.48,28.96,106.2,2.0,,,never,1.0,male,6.1
9187.0,0.755685055947,0.0458538058196,6.54692802,54.0,0.9950862568406328,-0.2394012008936327,6.788025840610513,-0.2410978206105127,-1.0966322013558547,-0.944346772112593,-0.1522854292432617,0.1522854292432617,0.0606784605024873,9.4,24.0,10.1,63.9,1.6,0.3,0.24,30.51,99.7,1.0,1.0,2.0,current,1.0,male,8.2
6557.0,0.756189032736,0.0393795409774,6.159364726,80.0,0.8472295196513189,-0.0910404869153188,6.317075799892791,-0.1577110738927913,-0.4170318661969183,-0.6177324339968508,0.2007005677999325,0.2007005677999325,0.0520763185825628,6.9,43.3,9.0,44.1,2.8,0.9,0.14,33.12,114.6,1.0,3.0,,former,1.0,male,5.9
8299.0,0.756396412806,0.0355760443109,6.65239317,73.0,0.8870371027407495,-0.1306406899347495,6.443870041624486,0.2085231283755142,-0.5984296939823848,0.8167562141109224,-1.4151859080933071,1.4151859080933071,0.0470335973420652,6.3,32.3,10.6,53.3,3.3,0.6,0.14,30.490000000000002,105.5,2.0,,,never,1.0,male,5.8
7393.0,0.756445466269,0.0464512302962,6.601557481,56.0,0.9837126616722238,-0.2272671954032238,6.751798914401458,-0.1502414334014572,-1.0410496015086497,-0.5884748867118077,-0.4525747147968419,0.4525747147968419,0.0614072426467309,6.9,27.0,14.1,57.2,1.0,0.7,0.89,29.29,121.2,2.0,,,never,1.0,male,5.7
6256.0,0.756770656032,0.0550104670719,7.102742023,52.0,1.0064598520090415,-0.2496891959770415,6.824252766819568,0.2784892561804319,-1.143758726426502,1.0908038466547654,-2.2345625730812673,2.2345625730812673,0.0726910678069075,4.9,57.3,8.2,32.3,1.3,0.9,1.51,31.92,92.2,2.0,,,never,2.0,female,5.5
7634.0,0.756847093932,0.0381735749535,6.970305434,50.0,1.0178334471774502,-0.2609863532454501,6.860479693028624,0.1098257409713765,-1.1955079507331197,0.4301722168975545,-1.6256801676306742,1.6256801676306742,0.0504376316690062,7.7,47.1,7.8,42.4,2.0,0.7,0.2,31.45,92.3,2.0,,,never,2.0,female,5.4
6938.0,0.757131248813,0.0227093883833,6.334034295,53.0,1.000773054424837,-0.243641805611837,6.806139303715041,-0.4721050087150402,-1.116057265515289,-1.849169934217132,0.7331126687018432,0.7331126687018432,0.0299939916875744,9.2,35.8,8.6,52.0,2.7,0.9,1.69,28.48,96.4,2.0,,,never,1.0,male,5.2
1695.0,0.757382268091,0.0382766331595,6.189894221,78.0,0.8586031148197276,-0.1012208467287276,6.353302726101847,-0.163408505101847,-0.46366534318492,-0.6400484829680984,0.1763831397831783,0.1763831397831783,0.0505380635012451,8.5,39.7,10.5,40.8,8.3,0.8,0.26,25.04,91.8,1.0,3.0,,former,1.0,male,5.5
8734.0,0.757533615807,0.0336773169965,6.325460733,77.0,0.864289912403932,-0.106756296596932,6.371416189206375,-0.045955456206375,-0.4890217430350656,-0.1800011572877719,-0.3090205857472936,0.3090205857472936,0.0444565314248445,4.9,29.5,7.6,61.4,0.9,0.6,0.4,26.82,91.7,2.0,,,never,2.0,female,5.2
1305.0,0.758654554633,0.0525343168959,6.299129462,64.0,0.9382182809985888,-0.1795637263655888,6.6068912095652355,-0.3077617475652356,-0.8225329020611162,-1.205460141269681,0.3829272392085648,0.3829272392085648,0.0692466901768137,12.8,27.9,10.1,57.7,4.1,0.3,0.84,19.76,81.1,1.0,1.0,5.0,current,1.0,male,4.8
5198.0,0.758670163962,0.0377018702965,6.780170451,50.0,1.0178334471774502,-0.2591632832154501,6.860479693028624,-0.0803092420286235,-1.187156959623793,-0.3145601784723588,-0.8725967811514341,0.8725967811514341,0.0496946790415609,6.5,26.9,10.0,60.2,2.8,0.2,0.85,30.740000000000002,93.9,2.0,,,never,2.0,female,5.3
4497.0,0.758858912206,0.034374808696,6.699654466,62.0,0.9495918761669976,-0.1907329639609977,6.643118135774291,0.0565363302257093,-0.8736961609169559,0.2214449754068505,-1.0951411363238064,1.0951411363238064,0.0452980233124923,10.0,28.1,5.5,62.7,2.8,0.9,0.38,25.91,85.5,1.0,3.0,,former,2.0,female,6.8
5016.0,0.758999062255,0.0519622557184,6.33652416,54.0,0.9950862568406328,-0.2360871945856326,6.788025840610513,-0.4515016806105132,-1.081451634093521,-1.7684695515217674,0.6870179174282465,0.6870179174282465,0.0684615545690125,9.7,23.6,5.9,69.1,0.8,0.8,0.18,21.400000000000002,85.2,1.0,1.0,20.0,current,1.0,male,5.3
5700.0,0.759455043297,0.0582867903392,6.672462806,78.0,0.8586031148197276,-0.0991480715227276,6.353302726101847,0.3191600798981531,-0.4541705201490005,1.2501058303879005,-1.704276350536901,1.704276350536901,0.0767481773327375,3.0,36.4,11.2,49.0,2.7,0.7,0.11,19.740000000000002,70.3,2.0,,,never,2.0,female,4.8
9097.0,0.759741030192,0.0346086013465,6.744468406,56.0,0.9837126616722238,-0.2239716314802238,6.751798914401458,-0.0073305084014574,-1.0259535138278106,-0.0287125861583118,-0.9972409276694988,0.9972409276694988,0.0455531555769125,6.0,28.9,10.6,56.1,3.2,1.2,0.13,36.12,113.3,1.0,3.0,,former,1.0,male,5.7
4998.0,0.759897678795,0.0312589329705,6.565094662,61.0,0.955278673751202,-0.1953809949562019,6.661231598878818,-0.0961369368788185,-0.8949875347413747,-0.3765550671192825,-0.5184324676220922,0.5184324676220922,0.0411357131924241,6.0,26.8,6.5,63.8,2.3,0.6,0.48,27.400000000000002,93.1,2.0,,,never,1.0,male,5.5
9463.0,0.760219141843,0.021441611045,6.396382138,73.0,0.8870371027407495,-0.1268179608977495,6.443870041624486,-0.0474879036244857,-0.5809188053845667,-0.1860035415858155,-0.3949152637987512,0.3949152637987512,0.0282045134946471,8.9,23.3,6.3,69.2,1.0,0.2,0.2,22.62,85.9,1.0,3.0,,former,1.0,male,6.9
5452.0,0.760638231737,0.0565378445009,6.532169845,85.0,0.8187955317302971,-0.0581572999932971,6.226508484370153,0.3056613606298475,-0.266402873830607,1.197233216540131,-1.463636090370738,1.463636090370738,0.0743294803520323,5.6,24.9,11.4,57.8,5.1,0.9,0.16,26.43,99.7,2.0,,,never,2.0,female,5.4
4399.0,0.763259118911,0.0426018484539,6.146923928,75.0,0.8756635075723407,-0.1124043886613407,6.40764311541543,-0.2607191874154306,-0.5148941263436395,-1.0212009483956508,0.5063068220520113,0.5063068220520113,0.0558157084512574,8.5,14.5,7.5,76.8,1.0,0.3,0.23,28.830000000000002,101.5,1.0,3.0,,former,1.0,male,5.2
4525.0,0.763663796003,0.0431162024361,6.074859705,67.0,0.9211578882459758,-0.1574940922429757,6.5525508202516525,-0.4776911152516527,-0.7214378726266035,-1.871049939864504,1.1496120672379004,1.1496120672379004,0.0564596654467178,6.7,18.8,10.3,67.0,2.3,1.6,0.69,26.2,99.2,1.0,1.0,30.0,current,1.0,male,5.3
2912.0,0.763694974703,0.0310916665671,5.920115754,71.0,0.8984106979091583,-0.1347157232061583,6.480096967833541,-0.5599812138335407,-0.6170963200909517,-2.193368859114181,1.5762725390232295,1.5762725390232295,0.0407121528843259,7.4,7.3,1.8,90.3,0.5,0.2,0.1,20.1,84.0,1.0,3.0,,former,1.0,male,5.3
9550.0,0.763890234057,0.0432165107346,6.643210119,64.0,0.9382182809985888,-0.1743280469415888,6.6068912095652355,0.0363189094347644,-0.7985496696007007,0.1422561382119515,-0.9408058078126524,0.9408058078126524,0.0565742417010338,6.9,39.2,7.6,49.1,3.4,0.7,0.34,26.8,91.4,2.0,,,never,2.0,female,5.9
655.0,0.764266785944,0.035379687419,6.423983455,69.0,0.909784293077567,-0.145517507133567,6.516323894042596,-0.0923404390425961,-0.6665763730007429,-0.3616847108966899,-0.304891662104053,0.304891662104053,0.0462923262788399,9.0,21.2,7.5,68.8,1.7,0.9,0.27,35.92,121.7,2.0,,,never,1.0,male,8.8
4316.0,0.765379303859,0.0228018443235,6.596702969,70.0,0.9040974954933628,-0.1387181916343627,6.4982104309380695,0.0984925380619303,-0.6354305462639827,0.3857816307108709,-1.0212121769748537,1.0212121769748537,0.0297915611364644,8.1,30.5,8.3,58.1,2.7,0.5,0.24,29.560000000000002,106.0,1.0,3.0,,former,1.0,male,5.0
2702.0,0.765400361931,0.0349877926047,6.829697276,61.0,0.955278673751202,-0.1898783118202019,6.661231598878818,0.1684656771211816,-0.8697812304360067,0.659856725366904,-1.5296379558029107,1.5296379558029107,0.0457117534102421,8.9,28.7,10.2,54.3,6.5,0.3,0.68,27.69,100.7,2.0,,,never,1.0,male,5.4
3695.0,0.765694642886,0.0431388634468,5.660217294,75.0,0.8756635075723407,-0.1099688646863407,6.40764311541543,-0.7474258214154306,-0.5037376492324578,-2.927563426579097,2.4238257773466394,2.4238257773466394,0.0563395132088219,4.9,35.3,9.5,54.3,0.9,0.1,0.17,28.1,92.0,2.0,,,never,2.0,female,5.4
897.0,0.765744089182,0.0368437521519,6.732516755,54.0,0.9950862568406328,-0.2293421676586327,6.788025840610513,-0.0555090856105131,-1.0505544886341422,-0.2174214005189725,-0.8331330881151697,0.8331330881151697,0.0481149677449786,8.1,27.2,4.1,66.7,1.7,0.3,0.44,33.68,104.4,2.0,,,never,2.0,female,5.7
8125.0,0.765839598127,0.0516255909928,6.767601468,60.0,0.9609654713354064,-0.1951258732084063,6.679345061983346,0.0882564060166535,-0.8938188909632544,0.3456881191585978,-1.2395070101218522,1.2395070101218522,0.0674104487663732,9.0,23.6,5.5,67.5,2.7,0.8,0.23,26.69,84.0,2.0,,,never,2.0,female,5.2
5881.0,0.76694186222,0.0488611544546,6.360696072,80.0,0.8472295196513189,-0.0802876574313188,6.317075799892791,0.0436202721072085,-0.3677760603620834,0.1708545645863013,-0.5386306249483848,0.5386306249483848,0.0637090721755177,8.0,19.9,9.4,68.9,1.3,0.4,0.72,17.68,66.0,1.0,3.0,,former,2.0,female,5.5
875.0,0.767742839086,0.0350196281086,6.564425524,74.0,0.8813503051565452,-0.1136074660705451,6.425756578519958,0.1386689454800418,-0.5204050988146739,0.5431470542733917,-1.0635521530880656,1.0635521530880656,0.0456137476323334,6.3,26.0,10.6,61.4,1.3,0.8,0.49,35.410000000000004,118.0,2.0,,,never,2.0,female,6.0
4096.0,0.770137772134,0.0341073147413,6.024095329,81.0,0.8415427220671146,-0.0714049499331145,6.298962336788264,-0.2748670077882647,-0.3270867779299374,-1.076616001371588,0.7495292234416506,0.7495292234416506,0.0442872898530751,6.6,26.4,10.2,45.9,16.7,0.8,0.62,25.13,90.0,1.0,3.0,,former,1.0,male,5.3
7265.0,0.770368453236,0.0504978549613,6.462874989,77.0,0.864289912403932,-0.093921459167932,6.371416189206375,0.0914587997936253,-0.4302288214821679,0.3582314520624746,-0.7884602735446425,0.7884602735446425,0.0655502633177401,4.9,35.0,7.1,55.1,2.5,0.4,0.48,40.730000000000004,125.7,2.0,,,never,2.0,female,6.1
2929.0,0.77096097892,0.0379027545893,6.553865579,61.0,0.955278673751202,-0.1843176948312019,6.661231598878818,-0.1073660198788184,-0.8443095468070964,-0.4205378300409144,-0.4237717167661819,0.4237717167661819,0.0491629999775034,9.5,28.8,7.1,62.7,1.0,0.6,0.48,27.740000000000002,105.5,1.0,1.0,15.0,current,2.0,female,7.3
334.0,0.771246184826,0.045740858886,6.590754939,58.0,0.9723390665038152,-0.2010928816778151,6.715571988192401,-0.1248170491924014,-0.9211521441336266,-0.4888910949546901,-0.4322610491789365,0.4322610491789365,0.0593077279161122,4.3,32.5,9.4,56.3,0.9,1.0,0.71,22.82,71.2,1.0,3.0,,former,2.0,female,5.0
8610.0,0.771358951745,0.0223565473271,6.237899949,74.0,0.8813503051565452,-0.1099913534115452,6.425756578519958,-0.1878566295199579,-0.5038406640048759,-0.7358084003327078,0.2319677363278318,0.2319677363278318,0.0289833251776285,5.6,28.2,6.4,59.3,5.5,0.6,0.28,34.72,116.0,2.0,,,never,2.0,female,5.3
2617.0,0.771500683165,0.0523516621186,6.760622161,66.0,0.9268446858301802,-0.1553440026651802,6.57066428335618,0.1899578776438195,-0.7115888933482675,0.7440386982182366,-1.455627591566504,1.455627591566504,0.0678569225678878,5.0,39.5,7.3,50.9,1.7,0.6,0.09,21.51,82.9,2.0,,,never,2.0,female,7.4
2061.0,0.771724716232,0.0366418791441,6.403880992,73.0,0.8870371027407495,-0.1153123865087495,6.443870041624486,-0.0399890496244852,-0.5282148785747819,-0.1566315690332967,-0.3715833095414851,0.3715833095414851,0.0474805048657849,9.1,28.3,11.3,56.4,3.7,0.3,0.29,26.14,102.0,1.0,3.0,,former,1.0,male,5.2
4255.0,0.771776720634,0.0500811081681,6.87221912,61.0,0.955278673751202,-0.1835019531172019,6.661231598878818,0.2109875211211811,-0.8405728544754689,0.8264088991857818,-1.6669817536612506,1.6669817536612506,0.0648906695798745,7.0,23.8,7.5,65.2,2.8,0.8,0.45,29.8,109.6,2.0,,,never,2.0,female,5.4
6673.0,0.772360519986,0.0470035408635,6.344840758,79.0,0.8529163172355232,-0.0805557972495232,6.33518926299732,0.0096514950026804,-0.3690043364025168,0.0378035692266424,-0.4068079056291592,0.4068079056291592,0.0608569957257162,6.0,19.0,5.0,73.6,2.2,0.2,1.33,39.660000000000004,118.5,2.0,,,never,2.0,female,6.5
7936.0,0.772447332959,0.0247678080852,6.234044621,82.0,0.8358559244829101,-0.0634085915239101,6.280848873683736,-0.046804252683736,-0.29045762113213,-0.1833257755342024,-0.1071318455979276,0.1071318455979276,0.0320640735340782,10.7,23.0,7.5,66.5,2.3,0.7,0.71,35.82,,2.0,,,never,2.0,female,7.4
4952.0,0.772486757947,0.0379696936644,6.211602135,74.0,0.8813503051565452,-0.1088635472095452,6.425756578519958,-0.2141544435199582,-0.4986744885914473,-0.8388132956139337,0.3401388070224863,0.3401388070224863,0.0491525495729016,5.1,30.8,8.6,58.5,1.7,0.5,0.2,21.54,80.6,1.0,3.0,,former,2.0,female,5.4
6565.0,0.77290488449,0.0131896898107,6.2944023,76.0,0.8699767099881364,-0.0970718254981363,6.389529652310903,-0.0951273523109028,-0.4446597982311286,-0.3726006641907465,-0.072059134040382,0.072059134040382,0.0170650879239858,10.2,24.5,6.3,68.1,1.0,0.1,0.65,29.03,85.5,2.0,,,never,2.0,female,5.4
2037.0,0.773552598005,0.0483196077223,6.474802692,53.0,1.000773054424837,-0.227220456419837,6.806139303715041,-0.3313366117150407,-1.0408355028573093,-1.2977996191068797,0.2569641162495701,0.2569641162495701,0.0624645406749544,8.2,22.0,7.6,67.1,2.5,0.8,0.11,20.3,87.0,1.0,1.0,30.0,current,1.0,male,5.5
1442.0,0.773799075179,0.0493141938389,6.271474506,68.0,0.9154710906617712,-0.1416720154827713,6.534437357147125,-0.2629628511471251,-0.6489612150208907,-1.029989068492989,0.3810278534720986,0.3810278534720986,0.0637299725739428,3.2,31.0,11.8,54.2,2.3,0.8,4.37,,,2.0,,,never,2.0,female,4.3
3089.0,0.774705041028,0.0397018156097,6.493305533,67.0,0.9211578882459758,-0.1464528472179758,6.5525508202516525,-0.0592452872516524,-0.6708609131448723,-0.2320555848962402,-0.438805328248632,0.438805328248632,0.0512476536321713,10.4,23.0,6.2,69.7,0.6,0.5,1.69,42.35,126.5,2.0,,,never,2.0,female,6.0
1945.0,0.774711740922,0.0374042206746,6.264864702,82.0,0.8358559244829101,-0.0611441835609101,6.280848873683736,-0.0159841716837361,-0.2800849802265578,-0.0626077867324012,-0.2174771934941566,0.2174771934941566,0.048281468704843,6.8,27.1,7.9,57.9,5.9,1.3,0.02,21.47,74.0,2.0,,,never,2.0,female,5.2
1333.0,0.774862444319,0.056921136585,6.826747566,50.0,1.0178334471774502,-0.2429710028584502,6.860479693028624,-0.0337321270286237,-1.1129844993914089,-0.132124069787563,-0.9808604296038458,0.9808604296038458,0.0734596662960301,11.9,19.4,9.0,68.7,1.7,1.2,0.29,20.44,81.5,1.0,1.0,10.0,current,2.0,female,5.4
8861.0,0.774923298946,0.0281411657437,6.797202885,61.0,0.955278673751202,-0.180355374805202,6.661231598878818,0.1359712861211814,-0.8261592296141625,0.532580696181277,-1.3587399257954396,1.3587399257954396,0.0363147756455068,7.1,45.2,9.9,41.0,3.2,0.8,3.83,40.69,118.0,1.0,3.0,,former,2.0,female,6.7
452.0,0.775953964122,0.0714776310298,6.12508396,81.0,0.8415427220671146,-0.0655887579451145,6.298962336788264,-0.1738783767882639,-0.300444374301634,-0.6810575203225807,0.3806131460209467,0.3806131460209467,0.0921158139976482,5.2,25.0,8.5,60.1,6.0,0.4,0.16,23.07,87.6,2.0,,,never,1.0,male,5.6
8040.0,0.776294161797,0.0264237486871,6.841305414,73.0,0.8870371027407495,-0.1107429409437495,6.443870041624486,0.3974353723755142,-0.5072834833678378,1.5566993101629805,-2.063982793530818,2.063982793530818,0.0340383194766441,3.4,32.3,11.7,50.5,4.6,0.9,0.19,30.98,93.6,2.0,,,never,2.0,female,5.5
7048.0,0.776479381306,0.0555029841431,6.01352341,80.0,0.8472295196513189,-0.0707501383453188,6.317075799892791,-0.3035523898927907,-0.3240872630139,-1.188972670248272,0.8648854072343721,0.8648854072343721,0.0714803064696279,9.0,22.8,8.5,63.8,4.4,0.5,0.08,23.7,96.1,1.0,3.0,,former,1.0,male,5.8
3981.0,0.777377653613,0.0370432647799,6.413649482,82.0,0.8358559244829101,-0.05847827086991,6.280848873683736,0.1328006083162645,-0.2678731546716275,0.5201615903473862,-0.7880347450190137,0.7880347450190137,0.0476515688452515,6.1,24.1,7.1,64.8,2.6,1.4,0.2,26.2,90.6,1.0,3.0,,former,2.0,female,5.3
7567.0,0.778345040606,0.0274757830499,6.909042914,56.0,0.9837126616722238,-0.2053676210662238,6.751798914401458,0.1572439995985419,-0.9407335699921212,0.6159029686744589,-1.55663653866658,1.55663653866658,0.0353002609594686,8.2,26.5,4.6,66.8,2.0,5.397605346934028e-79,2.23,24.53,96.1,1.0,1.0,20.0,current,2.0,female,7.3
9932.0,0.778407097631,0.0600085573744,6.801182313,52.0,1.0064598520090415,-0.2280527543780415,6.824252766819568,-0.0230704538195682,-1.0446480348691904,-0.0903637724327566,-0.9542842624364338,0.9542842624364338,0.0770914827948379,7.1,25.6,6.8,64.9,2.0,0.8,0.02,21.72,83.3,1.0,1.0,20.0,current,2.0,female,8.8
6027.0,0.778439303211,0.0374307800929,6.728494363,55.0,0.9893994592564282,-0.2109601560454282,6.769912377505985,-0.041418014505985,-0.966351461308086,-0.162228626567411,-0.804122834740675,0.804122834740675,0.0480843913436809,6.8,32.8,8.1,54.2,4.2,0.6,0.34,28.580000000000002,87.3,2.0,,,never,2.0,female,5.8
8028.0,0.779091200482,0.0293122972422,6.445354446,84.0,0.8244823293145014,-0.0453911288325014,6.2446219474746805,0.2007324985253191,-0.2079244938947887,0.7862413959631429,-0.9941658898579316,0.9941658898579316,0.03762370467548,6.4,18.2,8.4,71.4,1.9,0.3,0.53,22.31,85.4,2.0,,,never,2.0,female,5.4
3750.0,0.779371936892,0.0654379645799,6.645569739,62.0,0.9495918761669976,-0.1702199392749976,6.643118135774291,0.0024516032257091,-0.7797315386264021,0.0096025902964893,-0.7893341289228915,0.7893341289228915,0.083962433701238,4.2,34.7,6.7,56.4,1.8,0.4,0.08,29.38,96.6,1.0,3.0,,former,2.0,female,5.7
5519.0,0.780590059897,0.0412436801142,6.583210516,57.0,0.9780258640880196,-0.1974358041910194,6.73368545129693,-0.1504749352969296,-0.904400060518743,-0.5893894812971641,-0.3150105792215789,0.3150105792215789,0.0528365428066585,7.5,17.2,7.4,73.6,1.2,0.8,0.27,34.43,121.2,2.0,,,never,1.0,male,5.7
8869.0,0.781188201795,0.0369576258221,6.596250338,60.0,0.9609654713354064,-0.1797772695404063,6.679345061983346,-0.0830947239833461,-0.8235110856333392,-0.3254705255093384,-0.4980405601240007,0.4980405601240007,0.0473095033145398,7.1,19.3,9.3,69.1,1.8,0.6,0.1,26.39,98.0,1.0,3.0,,former,1.0,male,5.4
94.0,0.781601419128,0.0412340079299,6.92237725,61.0,0.955278673751202,-0.173677254623202,6.661231598878818,0.2611456511211818,-0.7955685658715882,1.022871347667322,-1.81843991353891,1.81843991353891,0.0527557997219389,6.1,43.9,9.3,45.3,0.9,0.6,0.34,35.28,105.7,2.0,,,never,2.0,female,5.5
6610.0,0.781635697086,0.0448815250421,6.250585433,77.0,0.864289912403932,-0.082654215317932,6.371416189206375,-0.1208307562063746,-0.3786166224609585,-0.4732773374162888,0.0946607149553303,0.0946607149553303,0.0574200042416459,7.6,26.5,8.6,60.9,3.5,0.4,0.05,28.79,101.9,2.0,,,never,1.0,male,8.9
3408.0,0.782053891071,0.0662324569915,6.27333111,67.0,0.9211578882459758,-0.1391039971749758,6.5525508202516525,-0.2792197102516525,-0.6371978171787421,-1.09366493408636,0.4564671169076179,0.4564671169076179,0.0846904001728021,5.1,36.5,16.1,43.6,3.1,0.8,0.14,26.51,99.0,2.0,,,never,1.0,male,6.1
788.0,0.782094283571,0.0236794470328,6.362745405,80.0,0.8472295196513189,-0.0651352360803189,6.317075799892791,0.0456696051072089,-0.2983669132066296,0.1788815181217322,-0.4772484313283618,0.4772484313283618,0.0302769723935085,7.5,20.9,10.8,63.8,4.0,0.6,0.89,30.73,109.2,1.0,3.0,,former,1.0,male,5.3
9040.0,0.782264201716,0.0325656285524,6.356686964,68.0,0.9154710906617712,-0.1332068889457713,6.534437357147125,-0.1777503931471251,-0.6101847581176915,-0.6962236721392941,0.0860389140216026,0.0860389140216026,0.0416299614388118,7.0,35.9,9.1,49.2,4.9,0.9,1.24,31.04,95.4,2.0,,,never,2.0,female,8.7
4037.0,0.782452141572,0.0664191639893,6.118700057,79.0,0.8529163172355232,-0.0704641756635231,6.33518926299732,-0.2164892059973198,-0.322777345252115,-0.8479582368811872,0.5251808916290722,0.5251808916290722,0.0848859124544784,6.4,34.8,8.1,54.1,1.9,1.1,0.16,24.63,96.0,1.0,2.0,,current,2.0,female,7.7
1128.0,0.782668177613,0.0519960811295,7.027573731,59.0,0.9666522689196108,-0.1839840913066107,6.697458525087875,0.3301152059121257,-0.8427813992197537,1.2930155417373637,-2.1357969409571176,2.1357969409571176,0.0664343876712592,7.8,33.5,8.8,55.5,1.7,0.6,0.1,47.77,114.0,2.0,,,never,2.0,female,5.6
2769.0,0.782828899587,0.0272512463083,6.450229853,76.0,0.8699767099881364,-0.0871478104011364,6.389529652310903,0.060700200689097,-0.3992005671099484,0.2377542793302046,-0.6369548464401531,0.6369548464401531,0.0348112420513308,8.4,28.7,6.8,62.8,1.0,0.6,0.16,25.77,93.4,1.0,3.0,,former,1.0,male,5.5
7114.0,0.783746562217,0.0974233938796,6.24885488,77.0,0.864289912403932,-0.080543350186932,6.371416189206375,-0.1225613092063753,-0.3689473197726969,-0.4800556738416541,0.1111083540689571,0.1111083540689571,0.1243047160602739,5.7,15.5,8.5,73.8,2.0,0.3,1.05,30.17,114.3,2.0,,,never,2.0,female,5.5
7421.0,0.783834713279,0.0419823700114,6.560630892,62.0,0.9495918761669976,-0.1657571628879977,6.643118135774291,-0.0824872437742909,-0.7592887660957448,-0.3230911096643885,-0.4361976564313563,0.4361976564313563,0.0535602331718328,5.0,25.9,11.3,59.4,2.8,0.7,0.67,26.72,97.6,1.0,3.0,,former,1.0,male,5.6
9423.0,0.784253061105,0.0408563610411,6.483066079,60.0,0.9609654713354064,-0.1767124102304063,6.679345061983346,-0.1962789829833457,-0.8094717934350323,-0.7687975923818159,-0.0406742010532164,0.0406742010532164,0.0520958897929375,6.7,31.6,6.0,58.9,2.2,1.3,0.25,31.59,108.4,1.0,3.0,,former,1.0,male,5.3
2307.0,0.784296502393,0.100629268832,6.530343509,80.0,0.8472295196513189,-0.0629330172583189,6.317075799892791,0.2132677091072086,-0.2882791439489049,0.835340079728859,-1.123619223677764,1.123619223677764,0.1283051352708648,5.9,25.0,7.3,63.4,3.8,0.6,0.03,25.490000000000002,102.4,1.0,3.0,,former,1.0,male,5.3
4574.0,0.784564938648,0.0868892111803,6.451695555,85.0,0.8187955317302971,-0.034230593082297,6.226508484370153,0.2251870706298468,-0.1568010958400931,0.8820265680224645,-1.0388276638625575,1.0388276638625575,0.1107482719404102,13.0,12.2,8.4,78.2,0.6,0.6,0.39,30.560000000000002,111.5,2.0,,,never,1.0,male,5.5
4868.0,0.784983602794,0.0512704114095,6.988675694,52.0,1.0064598520090415,-0.2214762492150415,6.824252766819568,0.164422927180432,-1.0145228420664476,0.6440218337559476,-1.6585446758223952,1.6585446758223952,0.0653139902884757,5.1,32.9,6.9,56.2,3.1,0.9,0.02,21.28,76.8,2.0,,,never,2.0,female,5.3
1901.0,0.785203568393,0.0398580532224,6.675694878,73.0,0.8870371027407495,-0.1018335343477495,6.443870041624486,0.2318248363755142,-0.4664718995843174,0.9080257771405214,-1.3744976767248387,1.3744976767248387,0.0507614264973013,5.7,32.8,10.2,52.6,3.7,0.8,0.13,34.09,115.6,1.0,3.0,,former,1.0,male,6.3
9925.0,0.786025949216,0.030681999773,6.398623917,77.0,0.864289912403932,-0.078263963187932,6.371416189206375,0.0272077277936251,-0.3585060639514035,0.1065689015909239,-0.4650749655423274,0.4650749655423274,0.0390343344308199,5.3,25.8,11.6,54.6,6.9,1.1,0.25,33.72,121.7,1.0,3.0,,former,1.0,male,7.0
8100.0,0.786149329037,0.0251199635654,6.497613453,65.0,0.9325314834143844,-0.1463821543773845,6.588777746460708,-0.0911642934607082,-0.6705370883473847,-0.357077911544552,-0.3134591768028326,0.3134591768028326,0.0319531705206323,5.9,30.5,6.5,60.9,1.5,0.6,0.21,23.28,88.0,1.0,3.0,,former,2.0,female,5.4
2643.0,0.787411260764,0.080497320903,6.735834275,62.0,0.9495918761669976,-0.1621806154029976,6.643118135774291,0.0927161392257094,-0.7429055686552609,0.3631562764807617,-1.106061845136023,1.106061845136023,0.1022303399939899,8.0,23.8,8.2,61.2,5.8,1.0,0.3,27.0,96.7,1.0,1.0,20.0,current,2.0,female,4.9
7946.0,0.787643836649,0.0274137625091,6.762752509,54.0,0.9950862568406328,-0.2074424201916327,6.788025840610513,-0.0252733316105127,-0.9502376640558732,-0.0989921396488896,-0.8512455244069836,0.8512455244069836,0.034804769914446,6.8,28.2,8.2,61.8,1.3,0.4,0.05,26.02,93.7,1.0,1.0,7.0,current,1.0,male,5.1
2376.0,0.78920589158,0.0415719235151,6.548635428,61.0,0.955278673751202,-0.166072782171202,6.661231598878818,-0.1125961708788185,-0.7607345327336679,-0.4410236071499929,-0.3197109255836749,0.3197109255836749,0.0526756375726903,7.6,35.8,7.2,51.9,3.8,1.3,0.23,25.29,91.9,1.0,1.0,20.0,current,1.0,male,5.1
5222.0,0.789746486683,0.0352576552353,6.443588881,71.0,0.8984106979091583,-0.1086642112261583,6.480096967833541,-0.0365080868335407,-0.4977613843235695,-0.1429971198825395,-0.35476426444103,0.35476426444103,0.0446442698129434,6.3,24.3,6.2,65.4,3.8,0.3,0.36,34.46,99.8,2.0,,,never,2.0,female,5.5
257.0,0.78984917441,0.0326270222542,6.280537132,75.0,0.8756635075723407,-0.0858143331623406,6.40764311541543,-0.1271059834154302,-0.3930922682610707,-0.4978565332967777,0.104764265035707,0.104764265035707,0.0413079146136623,7.7,27.1,6.4,63.1,2.9,0.4,0.23,35.1,113.6,2.0,,,never,1.0,male,5.2
7761.0,0.789854876969,0.0740570891327,6.510755724,69.0,0.909784293077567,-0.119929416108567,6.516323894042596,-0.0055681700425962,-0.5493642433852891,-0.0218097508844529,-0.5275544925008362,0.5275544925008362,0.0937603745853766,9.6,24.7,5.9,67.1,1.3,1.0,0.38,19.56,79.5,2.0,,,never,2.0,female,6.1
8535.0,0.789961293445,0.0876261968382,6.276966197,70.0,0.9040974954933628,-0.1141362020483627,6.4982104309380695,-0.2212442339380693,-0.5228270954342636,-0.8665830227700905,0.3437559273358268,0.3437559273358268,0.1109246713292299,6.2,30.7,7.8,59.7,0.8,1.0,0.14,34.0,112.1,2.0,,,never,1.0,male,5.7
4974.0,0.789964491177,0.100255289144,6.625907811,75.0,0.8756635075723407,-0.0856990163953407,6.40764311541543,0.2182646955845699,-0.3925640333166497,0.8549125836952458,-1.2474766170118956,1.2474766170118956,0.1269111336822565,6.6,,,,,,0.71,20.240000000000002,88.4,1.0,3.0,,former,2.0,female,12.9
7077.0,0.789987604035,0.0460207115193,6.435201708,64.0,0.9382182809985888,-0.1482306769635888,6.6068912095652355,-0.1716895015652353,-0.679004670737942,-0.6724839992256665,-0.0065206715122755,0.0065206715122755,0.0582549792987145,6.7,28.7,8.0,58.8,4.1,0.5,1.27,40.300000000000004,131.9,1.0,3.0,,former,2.0,female,5.9
4038.0,0.790748099111,0.222774868208,6.965502402,67.0,0.9211578882459758,-0.1304097891349758,6.5525508202516525,0.4129515817483478,-0.5973719998212631,1.6174741533347468,-2.2148461531560097,2.2148461531560097,0.2817267198725549,5.5,20.2,8.8,69.4,1.1,0.6,0.23,34.86,116.4,1.0,3.0,,former,1.0,male,5.3
59.0,0.791306662151,0.0322098279538,6.60339261,70.0,0.9040974954933628,-0.1127908333423627,6.4982104309380695,0.1051821790619307,-0.51666432498788,0.411984028015606,-0.928648353003486,0.928648353003486,0.0407046085853042,4.4,14.4,7.7,73.0,4.9,5.397605346934028e-79,0.73,29.28,107.5,1.0,3.0,,former,1.0,male,5.0
287.0,0.79166998298,0.0921876509086,6.790958234,71.0,0.8984106979091583,-0.1067407149291582,6.480096967833541,0.3108612661664587,-0.4889503676260542,1.217600526358008,-1.706550893984062,1.706550893984062,0.1164470712424737,5.3,25.5,10.0,62.0,1.1,1.4,0.35,17.8,79.6,2.0,,,never,2.0,female,5.3
2342.0,0.791852451123,0.0382438642342,6.047946036,74.0,0.8813503051565452,-0.0894978540335452,6.425756578519958,-0.377810542519958,-0.4099654818734122,-1.4798315695901931,1.069866087716781,1.069866087716781,0.0482967049984663,7.3,32.1,11.6,50.7,4.7,0.9,0.09,23.09,94.7,1.0,3.0,,former,1.0,male,9.5
2068.0,0.792016096033,0.0365591298654,6.400086535,68.0,0.9154710906617712,-0.1234549946287713,6.534437357147125,-0.134350822147125,-0.5655139657727819,-0.5262335632235839,-0.0392804025491979,0.0392804025491979,0.0461595793930389,8.9,27.8,8.3,61.1,2.6,0.2,0.41,26.61,93.7,2.0,,,never,2.0,female,5.9
1430.0,0.792487102335,0.0389803442912,6.746148036,54.0,0.9950862568406328,-0.2025991545056327,6.788025840610513,-0.0418778046105128,-0.9280519728765324,-0.1640295607274985,-0.764022412149034,0.764022412149034,0.0491873548179491,6.4,35.6,6.4,54.3,3.0,0.6,0.24,27.51,98.4,1.0,3.0,,former,1.0,male,5.2
2429.0,0.792503618648,0.0424533460327,6.771143332,58.0,0.9723390665038152,-0.1798354478558151,6.715571988192401,0.0555713438075988,-0.823777584773109,0.2176652572544111,-1.04144284202752,1.04144284202752,0.0535686462922715,3.6,40.5,13.7,42.4,3.3,0.1,0.03,18.330000000000002,71.0,1.0,1.0,10.0,current,1.0,male,4.6
9256.0,0.79250813205,0.140334635803,7.012483313,53.0,1.000773054424837,-0.2082649223748369,6.806139303715041,0.2063440092849591,-0.9540053242698586,0.8082209064337158,-1.7622262307035743,1.7622262307035743,0.1770765877695072,12.4,27.8,7.2,60.0,4.2,0.9,1.5,40.76,113.1,1.0,3.0,,former,2.0,female,5.9
8786.0,0.792815808163,0.0583185884651,6.339952558,76.0,0.8699767099881364,-0.0771609018251363,6.389529652310903,-0.0495770943109024,-0.3534532379588945,-0.1941866121587863,-0.1592666258001081,0.1592666258001081,0.0735588113463927,12.0,16.9,8.4,73.0,1.3,0.4,2.39,30.240000000000002,108.8,1.0,3.0,,former,2.0,female,5.7
1196.0,0.792957026924,0.0519315961107,7.128928601,52.0,1.0064598520090415,-0.2135028250850414,6.824252766819568,0.3046758341804318,-0.9779987410035178,1.193373045929793,-2.171371786933311,2.171371786933311,0.0654910598524493,4.6,27.0,11.6,58.4,2.0,1.0,1.26,47.33,133.0,2.0,,,never,2.0,female,6.2
5306.0,0.79307953289,0.0284030334776,6.592972171,51.0,1.012146649593246,-0.2190671167032458,6.842366229924096,-0.2493940589240955,-1.0034872571157178,-0.9768419885864288,-0.0266452685292889,0.0266452685292889,0.0358136004015873,9.0,37.8,9.4,49.7,2.8,0.3,0.1,29.02,107.0,1.0,3.0,,former,1.0,male,8.0
6283.0,0.793968540826,0.0431933999729,6.422723044,79.0,0.8529163172355232,-0.0589477764095232,6.33518926299732,0.0875337810026799,-0.2700238326612649,0.3428576970599419,-0.6128815297212069,0.6128815297212069,0.054401903541372,6.8,27.8,9.3,58.8,3.8,0.3,0.53,29.79,104.0,2.0,,,never,1.0,male,5.4
9117.0,0.794596251244,0.0321973967657,7.101433944,56.0,0.9837126616722238,-0.1891164104282238,6.751798914401458,0.3496350295985424,-0.8662911660688178,1.369471987688625,-2.2357631537574427,2.2357631537574427,0.0405204488635487,6.0,50.3,8.9,39.1,1.6,0.2,0.09,29.78,,2.0,,,never,2.0,female,5.8
9369.0,0.794717353278,0.0232131883585,6.384736278,74.0,0.8813503051565452,-0.0866329518785452,6.425756578519958,-0.0410203005199578,-0.3968421393622663,-0.1606708359661615,-0.2361713033961048,0.2361713033961048,0.0292093638861058,7.1,33.0,7.4,56.6,2.4,0.6,0.15,27.04,93.0,2.0,,,never,2.0,female,7.8
5076.0,0.79529426746,0.0767699908997,7.133828449,55.0,0.9893994592564282,-0.1941051917964282,6.769912377505985,0.3639160714940148,-0.8891434252616522,1.425408850918014,-2.314552276179666,2.314552276179666,0.096530295817279,6.1,22.4,5.4,69.7,2.0,0.6,0.79,34.980000000000004,116.7,2.0,,,never,2.0,female,7.9
9802.0,0.795371212273,0.0446609656212,6.345560154,62.0,0.9495918761669976,-0.1542206638939977,6.643118135774291,-0.2975579817742906,-0.7064431820280572,-1.1654934038530107,0.4590502218249535,0.4590502218249535,0.0561510964088938,5.9,32.2,6.4,59.3,1.6,0.5,0.7,36.42,119.1,1.0,3.0,,former,2.0,female,5.6
6661.0,0.796108516138,0.0215026655293,6.656857721,63.0,0.9439050785827932,-0.1477965624447932,6.625004672669763,0.0318530483302366,-0.6770161094499856,0.1247639787719165,-0.8017800882219022,0.8017800882219022,0.0270097167577248,6.2,30.3,6.1,60.0,2.5,1.1,0.85,42.85,121.3,1.0,3.0,,former,2.0,female,7.0
9811.0,0.796641255021,0.0366121701383,7.070374861,63.0,0.9439050785827932,-0.1472638235617932,6.625004672669763,0.4453701883302372,-0.6745757766035697,1.7444533454505151,-2.4190291220540847,2.4190291220540847,0.0459581648672398,3.7,40.5,7.4,49.9,1.5,0.8,0.87,29.240000000000002,89.7,2.0,,,never,2.0,female,5.2
8113.0,0.796779469735,0.0444652109041,6.583613968,82.0,0.8358559244829101,-0.0390764547479101,6.280848873683736,0.3027650943162641,-0.1789986785004587,1.185888942512746,-1.3648876210132048,1.3648876210132048,0.0558061704562852,5.5,16.4,4.1,78.4,0.8,0.3,0.15,24.6,,1.0,3.0,,former,2.0,female,5.4
3923.0,0.796904212187,0.0621368890468,6.400708381,78.0,0.8586031148197276,-0.0616989026327275,6.353302726101847,0.0474056548981529,-0.2826259983776387,0.1856813847159357,-0.4683073830935744,0.4683073830935744,0.0779728455397084,7.6,26.3,10.9,60.5,1.6,0.8,0.4,25.12,102.9,1.0,3.0,,former,2.0,female,5.7
9154.0,0.797931941984,0.0290968373884,6.571776577,60.0,0.9609654713354064,-0.1630335293514063,6.679345061983346,-0.1075684849833464,-0.7468125369466444,-0.4213308578146302,-0.3254816791320142,0.3254816791320142,0.0364653122120325,6.6,32.0,8.2,58.8,0.9,0.1,0.4,35.300000000000004,103.0,1.0,1.0,1.0,current,2.0,female,5.2
6339.0,0.797969457092,0.0772036923606,6.718653159,62.0,0.9495918761669976,-0.1516224190749977,6.643118135774291,0.0755350232257088,-0.6945413247070185,0.2958602246342228,-0.9904015493412412,0.9904015493412412,0.0967501847024941,6.6,35.4,10.0,49.7,4.4,0.4,0.43,28.87,99.7,1.0,3.0,,former,1.0,male,8.1
3080.0,0.798454791059,0.0164057353324,6.746571917,51.0,1.012146649593246,-0.2136918585342458,6.842366229924096,-0.0957943129240961,-0.9788646521466412,-0.375213056540874,-0.6036515956057672,0.6036515956057672,0.0205468556468186,4.9,31.8,9.2,48.8,7.8,2.5,0.2,27.8,100.5,1.0,3.0,,former,1.0,male,5.6
8285.0,0.798501392432,0.0601533509723,6.416271784,61.0,0.955278673751202,-0.156777281319202,6.661231598878818,-0.2449598148788183,-0.7181543555082279,-0.959473668788625,0.241319313280397,0.241319313280397,0.0753328066080017,10.1,28.6,4.9,64.1,1.9,0.6,1.94,30.080000000000002,96.7,2.0,,,never,2.0,female,5.4
1229.0,0.799232826301,0.0516719159716,6.12822985,85.0,0.8187955317302971,-0.019562705429297,6.226508484370153,-0.0982786343701525,-0.0896114666063763,-0.3849437995751025,0.2953323329687262,0.2953323329687262,0.0646518940053392,6.6,40.2,12.3,44.2,2.8,0.6,0.65,24.650000000000002,97.4,2.0,,,never,2.0,female,7.8
4557.0,0.799495257614,0.100533423403,6.986124872,60.0,0.9609654713354064,-0.1614702137214063,6.679345061983346,0.3067798100166543,-0.7396514105431781,1.2016140278868608,-1.941265438430039,1.941265438430039,0.1257461159970232,4.8,28.0,8.8,62.0,0.8,0.4,0.17,21.88,86.5,2.0,,,never,1.0,male,5.4
3545.0,0.800063850652,0.0341763857629,6.17579805,66.0,0.9268446858301802,-0.1267808351781801,6.57066428335618,-0.3948662333561801,-0.5807487424967186,-1.5466363484411652,0.9658876059444466,0.9658876059444466,0.0427170728124367,7.6,38.8,8.6,48.3,2.8,1.5,0.27,24.29,83.1,1.0,1.0,30.0,current,2.0,female,5.2
6896.0,0.800907238164,0.0477328123215,6.654337248,57.0,0.9780258640880196,-0.1771186259240195,6.73368545129693,-0.0793482032969299,-0.8113325577446912,-0.3107959228608732,-0.5005366348838178,0.5005366348838178,0.0595984279414463,5.2,19.0,9.1,68.1,3.6,0.3,0.37,45.660000000000004,157.0,1.0,3.0,,former,1.0,male,5.6
475.0,0.801232751974,0.0393893009772,6.406320523,85.0,0.8187955317302971,-0.017562779756297,6.226508484370153,0.1798120386298469,-0.0804503475930071,0.7042988519643081,-0.7847491995573153,0.7847491995573153,0.0491608722685841,5.6,31.4,13.5,47.1,6.9,1.2,0.31,23.23,79.2,2.0,,,never,2.0,female,5.8
6160.0,0.802257248441,0.0735195952372,6.320513581,64.0,0.9382182809985888,-0.1359610325575888,6.6068912095652355,-0.2863776285652353,-0.6228007456758302,-1.1217015087736004,0.4989007630977702,0.4989007630977702,0.0916409236315012,6.4,32.1,7.8,57.8,2.0,0.4,0.07,27.810000000000002,106.5,1.0,3.0,,former,1.0,male,5.2
2987.0,0.802684112658,0.0684217139713,6.31904975,69.0,0.909784293077567,-0.107100180419567,6.516323894042596,-0.1972741440425967,-0.4905969818894203,-0.7726955004245183,0.2820985185350979,0.2820985185350979,0.0852411464140345,7.0,33.8,15.1,46.9,4.1,5.397605346934028e-79,0.87,30.970000000000002,113.2,1.0,3.0,,former,1.0,male,5.9
954.0,0.802775504508,0.0101871499289,6.545294455,55.0,0.9893994592564282,-0.1866239547484283,6.769912377505985,-0.2246179225059856,-0.8548739002041805,-0.8797972936463574,0.0249233934421768,0.0249233934421768,0.0126899112786748,5.9,28.3,10.4,54.5,6.4,0.4,0.35,29.75,110.9,1.0,3.0,,former,1.0,male,5.4
9194.0,0.803453441286,0.0590344258667,6.674570126,81.0,0.8415427220671146,-0.0380892807811145,6.298962336788264,0.3756077892117355,-0.1744767013496037,1.471203689955641,-1.6456803913052451,1.6456803913052451,0.0734758516588217,4.6,36.2,8.9,52.4,1.7,0.9,0.07,36.24,126.8,1.0,3.0,,former,2.0,female,6.4
8470.0,0.803599374968,0.0315950891047,6.465182429,67.0,0.9211578882459758,-0.1175585132779757,6.5525508202516525,-0.087368391251652,-0.5385037782723036,-0.3422098883110774,-0.1962938899612261,0.1962938899612261,0.0393169657529389,4.4,40.9,7.8,44.2,5.9,1.3,0.28,39.12,108.6,1.0,3.0,,former,2.0,female,5.2
5878.0,0.803734449091,0.0435148617781,6.644245219,66.0,0.9268446858301802,-0.1231102367391802,6.57066428335618,0.0735809356438199,-0.5639347230539241,0.2882063342103722,-0.8521410572642963,0.8521410572642963,0.0541408444385008,8.2,42.2,6.3,45.8,5.5,0.4,0.19,,98.0,2.0,,,never,2.0,female,4.9
9331.0,0.804231188264,0.0220845529398,6.740479157,73.0,0.8870371027407495,-0.0828059144767495,6.443870041624486,0.2966091153755146,-0.3793115153096865,1.1617768255837373,-1.541088340893424,1.541088340893424,0.0274604532404063,3.9,28.0,11.4,54.3,5.6,0.6,0.21,35.910000000000004,116.4,2.0,,,never,2.0,female,7.6
1400.0,0.804714657193,0.0612520013144,6.153393831,85.0,0.8187955317302971,-0.0140808745372971,6.226508484370153,-0.073114653370153,-0.0645006807953001,-0.2863799711229096,0.2218792903276094,0.2218792903276094,0.0761164230909609,5.8,36.2,6.7,55.1,1.5,0.6,0.06,24.62,92.0,1.0,3.0,,former,2.0,female,5.5
6094.0,0.80477968093,0.0669573579969,6.712136176,63.0,0.9439050785827932,-0.1391253976527933,6.625004672669763,0.0871315033302364,-0.6372958469839874,0.3412820311310546,-0.978577878115042,0.978577878115042,0.0831996129916256,8.7,39.9,8.2,49.6,1.6,0.6,0.28,27.84,96.0,2.0,,,never,1.0,male,6.0
1000.0,0.805231799518,0.0784414713467,6.599092529,53.0,1.000773054424837,-0.195541254906837,6.806139303715041,-0.2070467747150406,-0.8957216422638018,-0.8109735412927506,-0.0847481009710512,0.0847481009710512,0.0974147709934629,10.8,32.5,7.5,57.8,1.6,0.6,0.24,30.34,114.4,1.0,3.0,,former,1.0,male,5.5
1721.0,0.805280220782,0.0630186854631,6.439942899,59.0,0.9666522689196108,-0.1613720481376107,6.697458525087875,-0.2575156260878746,-0.7392017405337825,-1.0086530423578373,0.2694513018240547,0.2694513018240547,0.0782568400871725,4.7,41.1,8.6,48.9,1.3,0.1,0.03,29.61,104.0,2.0,,,never,1.0,male,4.7
828.0,0.805322737859,0.0468262002013,6.628396091,65.0,0.9325314834143844,-0.1272087455553845,6.588777746460708,0.0396183445392921,-0.5827088842887606,0.1551795685559744,-0.737888452844735,0.737888452844735,0.058145881147961,10.7,38.5,8.8,48.4,3.7,0.6,0.91,25.78,98.0,1.0,1.0,10.0,current,2.0,female,6.0
8541.0,0.805417883497,0.0687253218519,7.008492152,50.0,1.0178334471774502,-0.2124155636804501,6.860479693028624,0.148012458971376,-0.9730182903494876,0.5797443025744707,-1.5527625929239584,1.5527625929239584,0.0853287756083901,5.7,38.7,8.1,51.1,1.5,0.7,0.24,23.240000000000002,77.1,1.0,3.0,,former,2.0,female,5.2
7713.0,0.805417914411,0.103462286541,6.676115128,62.0,0.9495918761669976,-0.1441739617559977,6.643118135774291,0.0329969922257094,-0.6604219547291322,0.129244648578189,-0.7896666033073213,0.7896666033073213,0.1284578908536715,7.9,30.9,6.6,58.9,3.0,0.6,0.46,28.23,94.4,2.0,,,never,2.0,female,7.8
4405.0,0.806561158743,0.037764394314,6.944693894,52.0,1.0064598520090415,-0.1998986932660414,6.824252766819568,0.1204411271804319,-0.9156818897575056,0.4717512144839513,-1.387433104241457,1.387433104241457,0.0468214888662065,5.1,36.3,6.4,54.3,2.0,1.0,0.2,28.35,92.0,1.0,3.0,,former,2.0,female,5.3
6140.0,0.807170776063,0.0608070384864,6.465125473,82.0,0.8358559244829101,-0.0286851484199101,6.280848873683736,0.1842765993162638,-0.1313989125389641,0.7217859178467059,-0.8531848303856701,0.8531848303856701,0.0753335481036468,9.0,29.0,10.4,58.9,1.3,0.4,0.26,29.61,103.1,1.0,3.0,,former,2.0,female,5.7
6904.0,0.807748927704,0.0402274142504,6.743944547,69.0,0.909784293077567,-0.102035365373567,6.516323894042596,0.2276206529574036,-0.467396432967266,0.8915585729567234,-1.3589550059239894,1.3589550059239894,0.049801878864445,7.1,45.7,8.1,42.8,2.4,0.9,0.37,33.01,103.0,1.0,3.0,,former,2.0,female,6.1
800.0,0.807969181672,0.0787726946796,6.712615279,70.0,0.9040974954933628,-0.0961283138213626,6.4982104309380695,0.2144048480619309,-0.4403378262308087,0.8397940955246729,-1.2801319217554816,1.2801319217554816,0.0974946773546348,8.4,30.3,5.2,60.8,3.1,0.7,0.3,31.970000000000002,108.5,2.0,,,never,2.0,female,7.3
2458.0,0.808444075257,0.0560274855712,6.718647253,62.0,0.9495918761669976,-0.1411478009099976,6.643118135774291,0.0755291172257095,-0.6465599297358642,0.2958370916501863,-0.9423970213860504,0.9423970213860504,0.0693028587702732,7.0,35.9,5.3,53.0,0.8,5.0,0.84,29.55,105.3,1.0,3.0,,former,2.0,female,5.4
1629.0,0.80852168039,0.0136987450612,6.602883785,73.0,0.8870371027407495,-0.0785154223507494,6.443870041624486,0.1590137433755147,-0.3596579304175793,0.6228348099454362,-0.9824927403630156,0.9824927403630156,0.0169429532855473,4.9,24.6,7.6,65.2,2.3,0.4,2.58,25.46,97.9,2.0,,,never,1.0,male,5.9
6222.0,0.809791086514,0.0210686879347,6.861467792,61.0,0.955278673751202,-0.145487587237202,6.661231598878818,0.2002361931211815,-0.6664393180415671,0.7842974364317272,-1.4507367544732943,1.4507367544732943,0.026017436207401,5.4,22.1,5.8,69.9,0.9,1.2,0.54,33.3,99.7,2.0,,,never,2.0,female,5.9
3945.0,0.810029557698,0.0420596772205,6.933541126,61.0,0.955278673751202,-0.145249116053202,6.661231598878818,0.2723095271211813,-0.6653469459962571,1.066598703800897,-1.7319456497971542,1.7319456497971542,0.0519236326882048,9.5,26.3,7.8,63.5,1.9,0.5,0.39,34.82,112.6,2.0,,,never,2.0,female,6.0
8536.0,0.810278532476,0.0464933596402,6.768570559,65.0,0.9325314834143844,-0.1222529509383845,6.588777746460708,0.1797928125392918,-0.5600077284882811,0.704223546030351,-1.264231274518632,1.264231274518632,0.0573794785086165,4.9,28.8,6.9,60.2,3.2,0.9,0.66,30.22,98.9,2.0,,,never,2.0,female,8.3
3614.0,0.810659663432,0.0601796521108,6.843899372,62.0,0.9495918761669976,-0.1389322127349976,6.643118135774291,0.2007812362257093,-0.6364109190852126,0.7864322947855673,-1.42284321387078,1.42284321387078,0.0742354095379854,9.3,38.6,8.9,47.8,4.0,0.8,0.22,32.28,100.0,2.0,,,never,2.0,female,6.2
907.0,0.810967618686,0.0636071533352,7.07318583,77.0,0.864289912403932,-0.053322293717932,6.371416189206375,0.7017696407936249,-0.2442550167792184,2.7487344903074447,-2.992989507086663,2.992989507086663,0.0784336536621053,5.3,32.9,8.6,55.0,2.8,0.8,0.23,28.92,99.0,2.0,,,never,1.0,male,5.3
6299.0,0.811049407549,0.122442575143,6.141300667,76.0,0.8699767099881364,-0.0589273024391363,6.389529652310903,-0.2482289853109023,-0.269930046936164,-0.9722785566022388,0.7023485096660748,0.7023485096660748,0.1509680840690369,6.6,26.9,10.1,60.2,2.0,0.8,0.33,34.04,107.5,2.0,,,never,2.0,female,9.3
1892.0,0.812507165658,0.0130569330565,6.344452315,75.0,0.8756635075723407,-0.0631563419143407,6.40764311541543,-0.0631908004154304,-0.2893021338430077,-0.2475096135187579,-0.0417925203242497,0.0417925203242497,0.0160699297290824,5.0,24.4,7.1,64.3,3.4,0.8,0.11,28.85,102.0,1.0,3.0,,former,2.0,female,5.1
9429.0,0.812950103457,0.0559803991467,6.452054668,75.0,0.8756635075723407,-0.0627134041153406,6.40764311541543,0.0444115525845694,-0.287273155492991,0.1739539006264998,-0.4612270561194908,0.4612270561194908,0.0688608057353682,10.0,41.2,12.4,43.0,3.1,0.3,0.57,27.22,98.3,1.0,3.0,,former,1.0,male,5.3
2505.0,0.81354524772,0.0940749136988,6.146180849,74.0,0.8813503051565452,-0.0678050574365451,6.425756578519958,-0.2795757295199577,-0.3105966433006158,-1.0950594122528676,0.7844627689522518,0.7844627689522518,0.1156357485492657,5.5,27.3,9.6,60.0,2.8,0.3,0.18,21.57,77.3,1.0,3.0,,former,1.0,male,5.1
1715.0,0.813735918206,0.0454446015962,6.981475111,55.0,0.9893994592564282,-0.1756635410504282,6.769912377505985,0.2115627334940146,-0.8046672071861742,0.8286619263852357,-1.63332913357141,1.63332913357141,0.0558468669988038,3.9,40.3,13.4,42.2,3.8,0.2,0.01,21.04,77.0,2.0,,,never,1.0,male,5.4
7237.0,0.813899062513,0.058789013303,6.663496756,73.0,0.8870371027407495,-0.0731380402277495,6.443870041624486,0.2196267143755141,-0.3350255961892428,0.8602474226644571,-1.1952730188537,1.1952730188537,0.0722313318822148,9.0,15.5,9.4,73.8,0.6,0.7,10.8,24.060000000000002,102.0,2.0,,,never,1.0,male,8.9
6183.0,0.814964681452,0.0284248840643,6.540992084,62.0,0.9495918761669976,-0.1346271947149977,6.643118135774291,-0.1021260517742908,-0.6166907949984218,-0.4000136006930367,-0.216677194305385,0.216677194305385,0.0348786698506445,4.1,23.4,10.4,57.5,7.7,1.0,0.19,26.310000000000002,91.2,2.0,,,never,1.0,male,5.5
6148.0,0.815298031045,0.0818201289531,6.668929409,70.0,0.9040974954933628,-0.0887994644483627,6.4982104309380695,0.1707189780619309,-0.4067663479286205,0.6686825930773899,-1.0754489410060104,1.0754489410060104,0.1003560978164363,5.3,31.7,9.6,55.5,2.8,0.4,0.12,29.830000000000002,105.1,1.0,3.0,,former,1.0,male,6.4
7087.0,0.815711169148,0.0611201863554,6.688604085,60.0,0.9609654713354064,-0.1452543021874063,6.679345061983346,0.0092590230166536,-0.665370702275456,0.0362663108133951,-0.7016370130888512,0.7016370130888512,0.074928710880886,4.9,39.9,11.1,46.0,2.3,0.8,0.07,21.87,81.1,2.0,,,never,2.0,female,5.4
8227.0,0.817126357474,0.0530497057265,6.145544734,56.0,0.9837126616722238,-0.1665863041982238,6.751798914401458,-0.6062541804014581,-0.7630868383563446,-2.3746136605140213,1.6115268221576766,1.6115268221576766,0.0649222794507494,5.3,29.8,10.0,54.1,5.4,0.9,0.08,22.46,91.0,1.0,1.0,30.0,current,2.0,female,4.4
6104.0,0.817838341201,0.0648204941924,6.926924065,85.0,0.8187955317302971,-0.0009571905292971,6.226508484370153,0.7004155806298469,-0.0043846311269191,2.743430824178601,-2.74781545530552,2.74781545530552,0.0792583215127952,6.9,24.6,8.5,64.0,1.9,1.0,0.15,17.87,69.6,1.0,3.0,,former,2.0,female,5.1
7751.0,0.817855648612,0.0466674250758,6.186126395,62.0,0.9495918761669976,-0.1317362275549977,6.643118135774291,-0.4569917407742911,-0.6034480557436304,-1.7899733568288383,1.1865253010852082,1.1865253010852082,0.0570607113309057,6.4,33.7,13.2,50.9,1.8,0.4,0.09,28.900000000000002,103.5,2.0,,,never,1.0,male,4.8
3258.0,0.818306481053,0.0351658282131,6.660546681,72.0,0.8927239003249539,-0.0744174192719538,6.461983504729013,0.1985631762709863,-0.340886085829133,0.7777444611365909,-1.1186305469657238,1.1186305469657238,0.0429739089538292,,,,,,,0.56,38.27,115.7,2.0,,,never,2.0,female,5.9
2212.0,0.818434785673,0.0614166121391,6.35454546,57.0,0.9780258640880196,-0.1595910784150195,6.73368545129693,-0.3791399912969302,-0.7310435995547775,-1.4850388363255107,0.7539952367707332,0.7539952367707332,0.0750415466378265,6.1,31.0,7.8,59.5,1.2,0.5,0.06,19.81,81.9,2.0,,,never,1.0,male,5.2
1691.0,0.818916398609,0.0577836848245,6.603387941,60.0,0.9609654713354064,-0.1420490727264063,6.679345061983346,-0.0759571209833458,-0.6506884123514853,-0.2975135230917995,-0.3531748892596857,0.3531748892596857,0.0705611524236791,7.8,19.0,9.5,67.8,2.8,0.9,0.63,33.980000000000004,,1.0,3.0,,former,1.0,male,4.8
458.0,0.819406304932,0.0456009164425,6.292837692,76.0,0.8699767099881364,-0.0505704050561364,6.389529652310903,-0.0966919603109026,-0.2316493585377127,-0.37872901703392,0.1470796584962072,0.1470796584962072,0.0556511661773023,8.3,13.8,5.5,69.7,10.4,0.6,1.3,24.05,84.7,2.0,,,never,2.0,female,4.9
887.0,0.819533839914,0.0606234423664,6.822414839,56.0,0.9837126616722238,-0.1641788217582238,6.751798914401458,0.0706159245985427,-0.7520588119385666,0.2765927965898515,-1.028651608528418,1.028651608528418,0.0739730800777691,6.4,39.5,5.9,51.4,2.6,0.6,0.04,30.080000000000002,99.9,1.0,3.0,,former,1.0,male,6.0
8055.0,0.819975016989,0.0383859068835,6.030822672,81.0,0.8415427220671146,-0.0215677050781145,6.298962336788264,-0.2681396647882641,-0.0987958281316862,-1.0502659305544495,0.9514701024227632,0.9514701024227632,0.0468135078364405,8.4,32.3,7.1,58.8,0.9,0.8,0.54,28.0,107.0,2.0,,,never,1.0,male,8.4
7195.0,0.82036708243,0.046932634786,6.766994285,63.0,0.9439050785827932,-0.1235379961527932,6.625004672669763,0.1419896123302368,-0.5658941733225533,0.55615364642467,-1.1220478197472232,1.1220478197472232,0.0572093100651739,5.5,22.9,7.6,68.2,1.2,0.2,0.41,31.45,102.9,2.0,,,never,2.0,female,5.3
9908.0,0.82064986894,0.0342709685052,6.62434586,85.0,0.8187955317302971,0.0018543372097029,6.226508484370153,0.3978373756298472,0.00849421760936,1.5582739012341351,-1.549779683624775,1.549779683624775,0.041760767657791,6.4,24.5,14.5,59.7,0.9,0.4,1.86,25.7,90.4,1.0,3.0,,former,1.0,male,5.8
9190.0,0.820787823861,0.0234716347054,6.626393606,63.0,0.9439050785827932,-0.1231172547217932,6.625004672669763,0.0013889333302365,-0.5639668705356129,0.0054402594920484,-0.5694071300276613,0.5694071300276613,0.0285964703947349,5.1,37.7,8.2,50.1,3.1,0.9,0.39,24.560000000000002,81.6,2.0,,,never,2.0,female,5.6
9793.0,0.82162193825,0.0401716457875,6.66646551,61.0,0.955278673751202,-0.133656735501202,6.661231598878818,0.0052339111211816,-0.6122453836137743,0.0205005049829827,-0.6327458885967571,0.6327458885967571,0.0488931026757427,5.7,29.6,9.2,56.0,3.9,1.3,2.47,22.2,85.0,1.0,1.0,20.0,current,1.0,male,5.9
6184.0,0.822047612685,0.054455431746,6.696256307,73.0,0.8870371027407495,-0.0649894900557495,6.443870041624486,0.252386265375514,-0.2976992900570138,0.9885620468463348,-1.2862613369033489,1.2862613369033489,0.0662436468468484,10.6,19.8,6.9,72.0,1.0,0.4,0.86,29.91,101.0,2.0,,,never,2.0,female,5.8
330.0,0.823620013742,0.0408517401208,6.729534941,56.0,0.9837126616722238,-0.1600926479302238,6.751798914401458,-0.0222639734014578,-0.7333411539510726,-0.0872049003297815,-0.6461362536212911,0.6461362536212911,0.0496002275797014,7.0,22.7,7.7,66.3,2.9,0.4,0.37,28.55,110.2,1.0,3.0,,former,1.0,male,5.4
2247.0,0.823904236592,0.0723300973666,6.558101232,54.0,0.9950862568406328,-0.1711820202486327,6.788025840610513,-0.2299246086105126,-0.7841385715571547,-0.9005828481600191,0.1164442766028643,0.1164442766028643,0.0877894470670359,6.3,27.1,7.3,61.5,3.2,0.9,0.02,19.22,72.0,1.0,3.0,,former,2.0,female,5.2
551.0,0.823992565753,0.115939315328,6.899450912,53.0,1.000773054424837,-0.176780488671837,6.806139303715041,0.0933116082849592,-0.8097836423765262,0.3654886463154268,-1.175272288691953,1.175272288691953,0.1407043220372378,5.7,44.3,8.2,43.8,2.5,1.0,0.32,29.2,101.7,2.0,,,never,2.0,female,5.3
273.0,0.824067302738,0.0456525267278,6.625914881,64.0,0.9382182809985888,-0.1141509782605888,6.6068912095652355,0.0190236714347644,-0.5228947812690913,0.0745130862969195,-0.5974078675660108,0.5974078675660108,0.0553990269679642,10.7,32.5,4.7,60.9,1.7,0.2,0.32,26.51,81.3,1.0,1.0,20.0,current,2.0,female,5.8
7927.0,0.824499393038,0.0413885736345,6.399621716,77.0,0.864289912403932,-0.039790519365932,6.371416189206375,0.0282055267936254,-0.1822696155343946,0.110477142082196,-0.2927467576165906,0.2927467576165906,0.0501984282632364,7.3,33.2,7.1,57.3,2.0,0.6,0.09,23.94,85.9,1.0,3.0,,former,2.0,female,5.7
3344.0,0.824517241746,0.073943345545,6.470466661,63.0,0.9439050785827932,-0.1193878368367932,6.625004672669763,-0.1545380116697634,-0.5468834151070806,-0.6053039887274531,0.0584205736203724,0.0584205736203724,0.0896807753691328,8.5,18.4,7.8,66.3,7.3,0.4,0.14,25.7,90.9,2.0,,,never,1.0,male,5.2
6788.0,0.825010962261,0.0544894861877,7.074256323,61.0,0.955278673751202,-0.130267711490202,6.661231598878818,0.4130247241211817,-0.5967211805280843,1.6177606418791703,-2.2144818224072544,2.2144818224072544,0.066046984440507,5.2,36.0,13.3,45.2,4.3,1.3,0.54,30.16,96.1,2.0,,,never,2.0,female,6.0
4621.0,0.825018861002,0.0670291861898,6.318511356,69.0,0.909784293077567,-0.084765432075567,6.516323894042596,-0.1978125380425961,-0.3882875358558055,-0.7748043151567992,0.3865167793009936,0.3865167793009936,0.0812456409886094,9.4,33.1,9.8,54.1,2.5,0.7,0.13,29.1,105.5,1.0,3.0,,former,1.0,male,8.8
6287.0,0.825093064649,0.0386668000544,6.780059164,53.0,1.000773054424837,-0.175679989775837,6.806139303715041,-0.0260801397150407,-0.8047425543518825,-0.1021522952541789,-0.7025902590977036,0.7025902590977036,0.0468635620769023,8.8,23.8,4.4,66.4,5.0,0.6,2.56,47.82,140.6,2.0,,,never,2.0,female,10.3
8120.0,0.825401490874,0.0442328391659,6.655398046,61.0,0.955278673751202,-0.1298771828772019,6.661231598878818,-0.0058335528788182,-0.5949322744951653,-0.0228492186993246,-0.5720830557958406,0.5720830557958406,0.0535894830030689,11.1,27.8,5.6,61.9,4.2,0.6,0.25,28.6,107.7,2.0,,,never,1.0,male,5.6
5862.0,0.825784616089,0.16041987142,6.311436733,75.0,0.8756635075723407,-0.0498788914833406,6.40764311541543,-0.0962063824154304,-0.2284817217473719,-0.3768270756682235,0.1483453539208515,0.1483453539208515,0.1942635746591706,5.1,38.0,8.8,50.9,1.4,1.0,0.03,22.34,77.5,2.0,,,never,2.0,female,5.1
7939.0,0.825858380147,0.0192591847753,6.701935614,64.0,0.9382182809985888,-0.1123599008515888,6.6068912095652355,0.0950444044347644,-0.5146903397103245,0.372275768847908,-0.8869661085582325,0.8869661085582325,0.0233202026379776,5.9,28.5,11.3,57.1,2.2,0.9,0.67,36.71,,1.0,3.0,,former,1.0,male,5.4
3489.0,0.825973712382,0.0318331491131,6.482627104,70.0,0.9040974954933628,-0.0781237831113627,6.4982104309380695,-0.0155833269380698,-0.3578639369053376,-0.0610377333792448,-0.2968262035260927,0.2968262035260927,0.0385401479924795,7.5,33.3,9.5,55.3,1.4,0.4,0.48,34.5,116.4,2.0,,,never,2.0,female,5.8
7060.0,0.8269986674,0.0277912027145,6.386351645,71.0,0.8984106979091583,-0.0714120305091582,6.480096967833541,-0.0937453228335405,-0.3271192121352158,-0.3671874461342468,0.040068233999031,0.040068233999031,0.0336048941915139,6.9,39.7,7.1,50.5,1.8,1.0,0.54,28.150000000000002,107.7,2.0,,,never,2.0,female,8.2
7953.0,0.827055423143,0.0294637720892,6.041275184,73.0,0.8870371027407495,-0.0599816795977495,6.443870041624486,-0.4025948576244857,-0.274759863746578,-1.5769082993122436,1.3021484355656656,1.3021484355656656,0.0356249064630166,10.2,41.7,6.9,47.4,3.6,0.5,0.06,25.66,94.0,1.0,3.0,,former,1.0,male,7.2
1931.0,0.827163183974,0.0327316262462,6.64714026,65.0,0.9325314834143844,-0.1053682994403845,6.588777746460708,0.0583625135392917,-0.4826637031773761,0.2285978825260459,-0.7112615857034221,0.7112615857034221,0.0395709418411794,9.6,19.5,6.9,70.0,3.1,0.4,0.4,23.92,81.0,2.0,,,never,2.0,female,6.0
3182.0,0.827264558634,0.0567394388311,6.779878898,69.0,0.909784293077567,-0.082519734443567,6.516323894042596,0.2635550039574035,-0.3780006019199394,1.0323084490397223,-1.410309050959662,1.410309050959662,0.0685868120892179,7.6,17.7,5.8,74.4,1.5,0.6,0.14,23.51,85.3,2.0,,,never,1.0,male,7.5
3173.0,0.830445394696,0.0982991427211,6.386344957,65.0,0.9325314834143844,-0.1020860887183845,6.588777746460708,-0.2024327894607074,-0.4676287829015174,-0.7929012000726131,0.3252724171710957,0.3252724171710957,0.1183691827890553,8.7,17.0,6.4,75.2,1.3,0.2,0.07,34.59,120.6,2.0,,,never,1.0,male,6.0
1374.0,0.83065939963,0.0414534228668,6.419529113,75.0,0.8756635075723407,-0.0450041079423406,6.40764311541543,0.0118859975845699,-0.2061516557922086,0.0465558063689826,-0.2527074621611912,0.2527074621611912,0.0499042361830427,4.7,37.1,8.6,52.8,0.9,0.6,0.15,28.28,98.6,2.0,,,never,1.0,male,7.2
1332.0,0.831079668309,0.0391758716039,6.613089976,63.0,0.9439050785827932,-0.1128254102737932,6.625004672669763,-0.0119146966697627,-0.5168227125660926,-0.0466682167109581,-0.4701544958551344,0.4701544958551344,0.0471385272649146,9.3,31.0,8.4,57.7,2.3,0.7,0.41,27.1,95.0,1.0,1.0,40.0,current,2.0,female,6.1
1431.0,0.831560282173,0.118450057299,7.122441674,59.0,0.9666522689196108,-0.1350919867466107,6.697458525087875,0.4249831489121254,-0.6188198816817709,1.6646001355845996,-2.2834200172663706,2.2834200172663706,0.1424431395273846,4.6,34.5,14.5,49.6,1.0,0.4,0.23,23.14,82.7,2.0,,,never,2.0,female,5.5
9735.0,0.832431072784,0.0573354484657,6.356842537,65.0,0.9325314834143844,-0.1001004106303845,6.588777746460708,-0.2319352094607074,-0.4585329282245184,-0.9084580932289308,0.4499251650044122,0.4499251650044122,0.0688771122802349,6.9,27.0,11.2,59.9,1.2,0.7,0.1,24.16,98.7,1.0,3.0,,former,1.0,male,5.5
3382.0,0.832608214078,0.0348220654042,6.497017898,74.0,0.8813503051565452,-0.0487420910785452,6.425756578519958,0.0712613194800422,-0.2232743463216865,0.2791207189557141,-0.5023950652774006,0.5023950652774006,0.04182287036738,8.6,34.7,9.3,51.6,3.5,0.9,0.58,36.63,116.8,2.0,,,never,1.0,male,7.7
3075.0,0.832686776293,0.11427446508,6.223514996,85.0,0.8187955317302971,0.0138912445627029,6.226508484370153,-0.0029934883701532,0.0636320371305817,-0.0117250793580484,0.0753571164886302,0.0753571164886302,0.1372358350504054,4.4,16.7,11.1,66.9,4.7,0.6,0.15,30.310000000000002,106.8,2.0,,,never,2.0,female,5.4
561.0,0.832935117702,0.04524987662,6.424599688,77.0,0.864289912403932,-0.031354794701932,6.371416189206375,0.0531834987936248,-0.1436278406653353,0.2083123990429951,-0.3519402397083304,0.3519402397083304,0.0543258120090322,5.3,30.0,7.2,55.8,5.3,1.7,1.57,36.65,111.5,2.0,,,never,2.0,female,5.7
8466.0,0.833170095635,0.0500096897372,6.291649628,85.0,0.8187955317302971,0.0143745639047029,6.226508484370153,0.0651411436298472,0.0658459924156714,0.2551488377738024,-0.1893028453581309,0.1893028453581309,0.0600233853797706,9.8,34.6,6.1,57.6,1.2,0.6,0.76,29.04,89.3,1.0,3.0,,former,2.0,female,6.9
2816.0,0.833283369667,0.0356526474796,6.375839503,63.0,0.9439050785827932,-0.1106217089157932,6.625004672669763,-0.2491651696697632,-0.5067281522116184,-0.9759454610775836,0.4692173088659652,0.4692173088659652,0.0427857422545797,6.3,23.8,7.4,65.7,2.4,0.8,0.06,23.38,85.7,2.0,,,never,1.0,male,8.8
3350.0,0.833874548949,0.0409292630218,6.399123499,67.0,0.9211578882459758,-0.0872833392969757,6.5525508202516525,-0.1534273212516526,-0.399821388354106,-0.600953568186515,0.201132179832409,0.201132179832409,0.0490832380882549,5.1,38.8,6.2,50.9,3.4,0.6,0.07,25.94,97.4,1.0,3.0,,former,1.0,male,8.8
3914.0,0.835083317283,0.0591169812843,6.572189117,58.0,0.9723390665038152,-0.1372557492208151,6.715571988192401,-0.1433828711924016,-0.6287314928033555,-0.5616108484262098,-0.0671206443771457,0.0671206443771457,0.0707917163004059,8.9,22.5,4.7,69.3,2.7,0.9,0.37,25.310000000000002,89.4,1.0,1.0,20.0,current,1.0,male,5.5
4964.0,0.835481314071,0.044374413112,5.929425216,70.0,0.9040974954933628,-0.0686161814223627,6.4982104309380695,-0.5687852149380692,-0.3143121830674142,-2.227852912116752,1.9135407290493376,1.9135407290493376,0.0531123944541373,5.3,31.5,10.0,53.8,4.0,0.7,0.96,31.1,108.4,2.0,,,never,1.0,male,5.5
9944.0,0.835554429824,0.05373812976,6.368135962,50.0,1.0178334471774502,-0.1822790173534502,6.860479693028624,-0.4923437310286234,-0.8349709162491199,-1.9284422065260176,1.0934712902768975,1.0934712902768975,0.0643143376923024,9.4,24.4,5.7,67.6,1.6,0.7,1.55,27.0,97.7,1.0,1.0,20.0,current,1.0,male,5.6
2934.0,0.835921897379,0.0505871222459,7.11456337,55.0,0.9893994592564282,-0.1534775618774282,6.769912377505985,0.3446509924940146,-0.7030392325189458,1.3499502046221836,-2.0529894371411297,2.0529894371411297,0.0605165654883714,7.4,35.9,11.4,46.1,5.0,1.7,0.4,28.87,104.3,2.0,,,never,2.0,female,5.3
4571.0,0.836219629989,0.0241777560861,6.858711451,61.0,0.955278673751202,-0.119059043762202,6.661231598878818,0.1974798521211811,-0.5453773028911285,0.7735012304784723,-1.3188785333696007,1.3188785333696007,0.0289131649378023,6.6,44.6,8.6,44.5,1.5,0.9,2.06,42.34,126.0,2.0,,,never,2.0,female,10.2
2168.0,0.836290346279,0.0507488426717,6.654153352,60.0,0.9609654713354064,-0.1246751250564063,6.679345061983346,-0.0251917099833463,-0.5711030535125429,-0.0986724390395934,-0.4724306144729494,0.4724306144729494,0.0606832817065299,7.5,63.4,6.2,29.0,1.0,0.4,0.44,46.12,133.2,1.0,3.0,,former,2.0,female,6.9
6956.0,0.836331451035,0.0866057012854,6.626808885,70.0,0.9040974954933628,-0.0677660444583627,6.4982104309380695,0.1285984540619305,-0.3104179353911068,0.5037023341170688,-0.8141202695081756,0.8141202695081756,0.1035542800384002,4.7,18.8,12.5,65.3,2.8,0.6,0.24,26.14,97.5,1.0,3.0,,former,1.0,male,5.4
7525.0,0.837285774643,0.0477690363984,6.244634584,74.0,0.8813503051565452,-0.0440645305135452,6.425756578519958,-0.181121994519958,-0.2018477055186172,-0.7094297677614886,0.5075820622428714,0.5075820622428714,0.0570522488797419,10.1,24.0,10.2,63.3,1.9,0.6,0.24,25.23,97.0,1.0,3.0,,former,2.0,female,5.8
6121.0,0.837457408975,0.0570530769144,7.617974745,83.0,0.8301691268987057,0.0072882820762942,6.262735410579208,1.3552393344207916,0.0333856504795903,5.308284776940405,-5.274899126460815,5.274899126460815,0.0681265414849331,7.8,18.1,6.0,74.6,1.2,0.1,0.36,24.1,99.0,1.0,3.0,,former,1.0,male,5.4
8864.0,0.838096217147,0.0692047354541,6.189147137,69.0,0.909784293077567,-0.071688075930567,6.516323894042596,-0.3271767570425963,-0.3283837016073811,-1.2815060444804771,0.953122342873096,0.953122342873096,0.08257373561437,8.1,31.9,7.6,55.7,4.1,0.8,0.35,37.01,127.0,1.0,3.0,,former,1.0,male,5.0
4502.0,0.838135936852,0.0585342163959,6.767602839,53.0,1.000773054424837,-0.1626371175728369,6.806139303715041,-0.0385364647150403,-0.7449966817222209,-0.1509419951210142,-0.5940546866012066,0.5940546866012066,0.0698385713130877,6.6,28.8,7.7,60.1,2.3,1.1,0.1,24.07,85.8,1.0,3.0,,former,1.0,male,5.1
2396.0,0.838142631729,0.055281797448,6.541295131,72.0,0.8927239003249539,-0.0545812685959538,6.461983504729013,0.0793116262709867,-0.2500220404482021,0.3106526557160461,-0.5606746961642483,0.5606746961642483,0.0659575057457219,8.2,25.6,7.5,63.6,2.5,0.9,3.57,38.9,,2.0,,,never,2.0,female,5.2
9091.0,0.838361155201,0.0665076802696,6.952464966,83.0,0.8301691268987057,0.0081920283022942,6.262735410579208,0.6897295554207918,0.037525467696822,2.701575143412464,-2.664049675715642,2.664049675715642,0.0793305842678917,6.4,23.4,10.0,63.9,2.0,0.8,0.17,30.2,,2.0,,,never,2.0,female,5.7
2162.0,0.838516966666,0.0455061880366,6.149801017,77.0,0.864289912403932,-0.025772945737932,6.371416189206375,-0.2216151722063752,-0.1180588990970478,-0.8680359365933706,0.7499770374963228,0.7499770374963228,0.0542698476544078,5.2,30.9,9.8,57.0,2.0,0.3,0.17,30.830000000000002,101.8,2.0,,,never,2.0,female,5.7
5309.0,0.839239616669,0.0772936527145,6.907421409,55.0,0.9893994592564282,-0.1501598425874282,6.769912377505985,0.137509031494015,-0.6878416570895309,0.5386038318342218,-1.2264454889237526,1.2264454889237526,0.09209962349166,6.9,26.5,6.8,63.7,2.5,0.6,0.84,25.28,83.4,1.0,3.0,,former,2.0,female,5.4
1696.0,0.840072408579,0.042945202001,6.980419019,51.0,1.012146649593246,-0.1720742410142458,6.842366229924096,0.1380527890759042,-0.7882255937551949,0.5407336549739272,-1.328959248729122,1.328959248729122,0.0511208338262682,7.7,37.8,6.8,52.5,2.6,0.4,0.17,26.18,83.2,1.0,3.0,,former,2.0,female,4.7
965.0,0.840158410946,0.0418807675459,5.774621875,77.0,0.864289912403932,-0.024131501457932,6.371416189206375,-0.5967943142063747,-0.1105398864627747,-2.3375606747868063,2.2270207883240314,2.2270207883240314,0.0498486559204271,4.0,39.8,6.6,51.9,1.7,5.397605346934028e-79,0.1,26.060000000000002,,1.0,1.0,5.0,current,1.0,male,5.2
5605.0,0.841130358829,0.0234144146767,6.64862226,58.0,0.9723390665038152,-0.1312087076748151,6.715571988192401,-0.0669497281924016,-0.6010316297386474,-0.2622328130225875,-0.3387988167160599,0.3387988167160599,0.0278368441121266,8.1,36.7,10.5,49.5,2.8,0.4,0.23,29.0,110.5,1.0,2.0,,current,1.0,male,5.3
1506.0,0.84116184797,0.0920467097647,6.214062843,85.0,0.8187955317302971,0.0223663162397029,6.226508484370153,-0.012445641370153,0.102454050032374,-0.0487478535683722,0.1512019036007463,0.1512019036007463,0.1094280607077448,5.6,36.8,5.9,44.4,12.0,0.9,0.46,22.44,89.2,1.0,3.0,,former,1.0,male,5.9
5830.0,0.841197371639,0.0611319042465,6.805696463,70.0,0.9040974954933628,-0.0629001238543627,6.4982104309380695,0.3074860320619308,-0.2881284681550664,1.2043802018288847,-1.4925086699839512,1.4925086699839512,0.0726724860390252,7.6,22.6,9.5,66.8,0.9,0.2,0.68,27.650000000000002,110.0,1.0,1.0,20.0,current,1.0,male,7.6
3403.0,0.841206902952,0.0716990025104,7.22062999,62.0,0.9495918761669976,-0.1083849732149977,6.643118135774291,0.5775118542257092,-0.4964822704605721,2.2620339495969155,-2.7585162200574875,2.7585162200574875,0.0852334928051478,5.8,29.2,5.8,56.3,8.7,5.397605346934028e-79,0.8,41.82,121.6,2.0,,,never,2.0,female,6.0
5320.0,0.841884075806,0.0460684924177,7.064895692,64.0,0.9382182809985888,-0.0963342051925888,6.6068912095652355,0.4580044824347649,-0.4412809589587362,1.793940125651678,-2.2352210846104144,2.2352210846104144,0.0547207076860256,7.9,34.1,12.1,49.0,4.1,0.9,3.38,23.7,86.3,2.0,,,never,2.0,female,5.9
6368.0,0.841897103822,0.0252614052859,7.023607978,71.0,0.8984106979091583,-0.0565135940871582,6.480096967833541,0.5435110101664593,-0.258873501298213,2.128857352416774,-2.387730853714987,2.387730853714987,0.0300053357722928,7.4,25.8,9.6,63.1,1.2,0.3,4.13,,,2.0,,,never,1.0,male,9.0
8807.0,0.8422101957,0.0693380816151,6.229633344,75.0,0.8756635075723407,-0.0334533118723406,6.40764311541543,-0.1780097714154305,-0.1532405806832552,-0.6972396208932483,0.5439990402099931,0.5439990402099931,0.0823287131515546,11.0,34.6,9.8,49.7,4.5,1.5,0.13,33.97,113.4,1.0,3.0,,former,1.0,male,6.6
5093.0,0.842914104938,0.0995906148312,6.792285711,53.0,1.000773054424837,-0.1578589494868369,6.806139303715041,-0.0138535927150407,-0.7231091850553744,-0.0542626039898793,-0.668846581065495,0.668846581065495,0.1181503717256283,6.9,34.2,7.5,53.8,3.9,0.6,0.92,23.400000000000002,81.3,2.0,,,never,2.0,female,5.0
1177.0,0.843503957936,0.0652068607803,6.428462881,82.0,0.8358559244829101,0.0076480334530898,6.280848873683736,0.1476140073162639,0.0350335743112314,0.5781836226255802,-0.5431500483143488,0.5431500483143488,0.0773047478518737,9.9,16.5,9.3,72.9,0.9,0.5,0.25,29.89,114.5,1.0,3.0,,former,1.0,male,6.4
1316.0,0.843558238478,0.0710970856158,6.632586251,65.0,0.9325314834143844,-0.0889732449363844,6.588777746460708,0.0438085045392924,-0.4075623893787912,0.1715918449532296,-0.5791542343320208,0.5791542343320208,0.0842823676810717,10.1,24.7,8.2,62.7,3.4,1.0,0.64,32.81,96.7,2.0,,,never,2.0,female,6.5
5894.0,0.843644702869,0.0632919320115,6.855491932,64.0,0.9382182809985888,-0.0945735781295888,6.6068912095652355,0.2486007224347641,-0.4332160022055653,0.9737345994320928,-1.406950601637658,1.406950601637658,0.075022022655108,6.4,26.2,6.5,62.4,3.8,1.1,0.07,35.56,122.2,1.0,3.0,,former,1.0,male,7.0
9826.0,0.843950720785,0.0607680783861,6.563017142,75.0,0.8756635075723407,-0.0317127867873406,6.40764311541543,0.1553740265845693,-0.1452677056585944,0.608578543363558,-0.7538462490221525,0.7538462490221525,0.0720042970394961,8.0,15.8,5.8,76.9,1.5,5.397605346934028e-79,0.07,21.09,79.0,2.0,,,never,2.0,female,5.2
7982.0,0.844982324258,0.0608510379578,6.369041597,72.0,0.8927239003249539,-0.0477415760669538,6.461983504729013,-0.0929419077290134,-0.2186912574501377,-0.3640405804400425,0.1453493229899047,0.1453493229899047,0.0720145690754357,7.1,20.0,11.0,62.2,6.3,0.4,13.1,27.54,101.1,1.0,2.0,,current,1.0,male,5.2
505.0,0.845253523303,0.104174896002,7.161603749,60.0,0.9609654713354064,-0.1157119480324063,6.679345061983346,0.4822586870166541,-0.530045161930209,1.8889404858750372,-2.418985647805246,2.418985647805246,0.1232469231183035,4.6,37.3,12.1,47.5,2.6,0.6,0.84,41.43,125.6,1.0,3.0,,former,1.0,male,5.2
2008.0,0.84604770104,0.0489988389402,6.334259063,55.0,0.9893994592564282,-0.1433517582164282,6.769912377505985,-0.4356533145059851,-0.6566556625209269,-1.7063936964345183,1.0497380339135916,1.0497380339135916,0.0579149838478,4.9,44.4,12.7,38.5,3.6,0.8,0.35,19.98,84.0,1.0,3.0,,former,1.0,male,4.5
6927.0,0.84622847342,0.0521282654554,6.349515023,79.0,0.8529163172355232,-0.0066878438155232,6.33518926299732,0.0143257600026807,-0.0306352050798607,0.0561120178620201,-0.0867472229418808,0.0867472229418808,0.0616006989752136,6.9,21.3,8.4,67.1,2.7,0.5,0.2,26.38,107.6,1.0,3.0,,former,1.0,male,7.7
6419.0,0.846233841262,0.283015488028,6.323348806,69.0,0.909784293077567,-0.063550451815567,6.516323894042596,-0.192975088042596,-0.2911074447894219,-0.7558566934769829,0.464749248687561,0.464749248687561,0.3344412315228792,6.6,37.3,8.2,46.1,7.7,0.8,1.42,24.64,80.6,2.0,,,never,2.0,female,5.7
2053.0,0.846689627288,0.0440882109388,6.794217307,74.0,0.8813503051565452,-0.0346606778685452,6.425756578519958,0.3684607284800423,-0.1587711980123146,1.4432096429129246,-1.6019808409252394,1.6019808409252394,0.0520712779723277,6.1,29.0,8.1,51.0,10.5,1.5,0.92,21.400000000000002,86.1,1.0,3.0,,former,1.0,male,5.5
3757.0,0.846729586736,0.0583563256376,6.218578296,76.0,0.8699767099881364,-0.0232471232521364,6.389529652310903,-0.170951356310903,-0.1064887889117487,-0.6695927864950256,0.5631039975832768,0.5631039975832768,0.0689196722917806,7.3,18.1,8.5,68.8,3.8,0.7,0.35,26.48,100.0,2.0,,,never,1.0,male,5.4
792.0,0.847011226438,0.0440875690746,6.612137508,82.0,0.8358559244829101,0.0111553019550898,6.280848873683736,0.3312886343162642,0.0510994234537476,1.2976116982805768,-1.2465122748268291,1.2465122748268291,0.0520507493861737,7.1,18.4,9.4,70.8,1.0,0.5,0.23,18.47,68.5,1.0,3.0,,former,2.0,female,5.2
1730.0,0.847278357514,0.107177251358,6.555161478,60.0,0.9609654713354064,-0.1136871138214062,6.679345061983346,-0.1241835839833465,-0.5207699436359773,-0.4864098994635742,-0.034360044172403,0.034360044172403,0.126495915312258,6.9,24.4,9.2,63.4,2.4,0.6,0.04,25.490000000000002,88.5,2.0,,,never,1.0,male,5.1
3884.0,0.847791979511,0.0957236200305,6.757217291,57.0,0.9780258640880196,-0.1302338845770194,6.73368545129693,0.0235318397030699,-0.5965662285807676,0.0921709570380748,-0.6887371856188425,0.6887371856188425,0.1129093248625832,8.6,33.4,7.6,57.7,0.8,0.6,1.03,32.33,105.8,1.0,2.0,,current,2.0,female,6.2
6376.0,0.847939869183,0.0589264834739,6.039996946,80.0,0.8472295196513189,0.0007103495316811,6.317075799892791,-0.2770788538927915,0.0032539192274382,-1.0852794962299428,1.088533415457381,1.088533415457381,0.0694937054094134,8.5,40.1,10.2,46.8,2.1,0.8,0.42,25.98,95.1,1.0,1.0,10.0,current,1.0,male,5.4
8095.0,0.848522081159,0.0461566548916,6.852344746,68.0,0.9154710906617712,-0.0669490095027713,6.534437357147125,0.3179073888528752,-0.3066753190692575,1.2451992130569474,-1.5518745321262049,1.5518745321262049,0.0543965276997322,7.1,25.8,5.6,64.8,3.0,0.8,0.63,30.1,104.2,2.0,,,never,2.0,female,5.9
6545.0,0.851264093612,0.0526610174781,6.84248844,51.0,1.012146649593246,-0.1608825559812459,6.842366229924096,0.0001222100759044,-0.7369595092543358,0.0004786799416424,-0.7374381891959783,0.7374381891959783,0.0618621387572615,5.1,37.4,11.2,50.0,1.3,0.2,0.23,28.64,103.7,1.0,3.0,,former,1.0,male,5.3
5874.0,0.851470719921,0.0589767723256,6.843977928,58.0,0.9723390665038152,-0.1208683465828152,6.715571988192401,0.1284059398075987,-0.5536652301349436,0.5029482824454133,-1.0566135125803569,1.0566135125803569,0.0692645923644584,7.8,24.8,7.0,66.4,1.4,0.4,0.9,34.85,110.0,1.0,3.0,,former,2.0,female,5.2
1465.0,0.852096586444,0.0280841128814,6.338538229,64.0,0.9382182809985888,-0.0861216945545888,6.6068912095652355,-0.2683529805652354,-0.3945002077322795,-1.0511014589093446,0.656601251177065,0.656601251177065,0.0329588374465876,9.3,15.9,8.0,73.5,2.0,0.8,0.14,23.81,87.5,1.0,3.0,,former,2.0,female,5.5
3816.0,0.852330415499,0.0497789004482,6.859816929,54.0,0.9950862568406328,-0.1427558413416326,6.788025840610513,0.071791088389487,-0.6539259283684131,0.2811957504028377,-0.9351216787712509,0.9351216787712509,0.0584032900187619,5.3,31.4,9.8,55.6,2.1,1.2,0.38,29.04,107.5,2.0,,,never,1.0,male,5.3
4053.0,0.852700226566,0.0211454063599,6.736149462,51.0,1.012146649593246,-0.1594464230272458,6.842366229924096,-0.1062167679240957,-0.7303809723175705,-0.4160363693017079,-0.3143446030158626,0.3143446030158626,0.024798171386745,8.4,37.8,9.9,45.3,6.3,0.8,0.4,26.990000000000002,98.1,1.0,3.0,,former,1.0,male,5.4
5248.0,0.852823333818,0.0677101960672,6.268417529,67.0,0.9211578882459758,-0.0683345544279757,6.5525508202516525,-0.2841332912516527,-0.3130221259178973,-1.1129107503492952,0.7998886244313979,0.7998886244313979,0.0793953370905889,5.7,26.3,7.3,62.0,3.7,0.9,0.53,40.2,132.6,1.0,3.0,,former,1.0,male,7.6
1571.0,0.853285109745,0.0679595907237,6.79630148,65.0,0.9325314834143844,-0.0792463736693844,6.588777746460708,0.2075237335392925,-0.3630062208632684,0.8128417229501889,-1.1758479438134573,1.1758479438134573,0.0796446462589853,6.4,24.9,8.0,65.3,1.3,0.5,1.05,27.41,98.0,1.0,3.0,,former,1.0,male,5.2
3894.0,0.855524340151,0.0698906347188,6.838638277,61.0,0.955278673751202,-0.099754333600202,6.661231598878818,0.1774066781211818,-0.4569476428791187,0.6948773879860228,-1.1518250308651417,1.1518250308651417,0.0816933328939119,4.2,36.5,8.5,51.7,2.1,1.3,0.22,32.47,104.6,2.0,,,never,2.0,female,5.5
5265.0,0.855871380621,0.0481170981059,6.30476022,81.0,0.8415427220671146,0.0143286585538854,6.298962336788264,0.005797883211736,0.0656357124098357,0.0227095055534897,0.042926206856346,0.042926206856346,0.0562200106177021,8.4,26.3,8.0,63.8,1.5,0.5,2.59,30.82,117.8,2.0,,,never,2.0,female,13.1
3234.0,0.856358990085,0.0423221247375,6.813827162,62.0,0.9495918761669976,-0.0932328860819976,6.643118135774291,0.1707090262257091,-0.4270746542674507,0.6686436131132043,-1.0957182673806551,1.0957182673806551,0.0494210082774972,6.0,23.8,9.9,63.2,2.4,0.8,0.58,34.95,132.4,1.0,3.0,,former,1.0,male,5.6
3462.0,0.856388817272,0.0605013140318,6.618198325,65.0,0.9325314834143844,-0.0761426661423845,6.588777746460708,0.029420578539292,-0.3487889754819015,0.115236331489485,-0.4640253069713865,0.4640253069713865,0.0706470154812682,8.6,33.9,5.7,58.8,1.3,0.3,0.5,29.8,90.4,2.0,,,never,2.0,female,12.9
8248.0,0.857675332496,0.0353237002671,6.75878149,67.0,0.9211578882459758,-0.0634825557499757,6.5525508202516525,0.2062306697483471,-0.2907964312623599,0.8077769711659427,-1.0985734024283027,1.0985734024283027,0.0411853984004661,7.4,25.5,9.4,62.4,2.0,0.6,0.22,31.48,108.0,1.0,3.0,,former,1.0,male,5.9
5434.0,0.858612364848,0.0416130363745,6.51209639,54.0,0.9950862568406328,-0.1364738919926327,6.788025840610513,-0.275929450610513,-0.6251500161437263,-1.0807774427616583,0.4556274266179322,0.4556274266179322,0.0484654520225395,3.8,17.0,14.4,67.5,0.5,0.7,0.09,19.5,74.4,1.0,1.0,10.0,current,1.0,male,5.4
372.0,0.85950133086,0.0549842356709,6.19916922,70.0,0.9040974954933628,-0.0445961646333626,6.4982104309380695,-0.2990412109380695,-0.2042829777434645,-1.171303007065396,0.9670200293219317,0.9670200293219317,0.0639722519287827,8.4,10.2,7.2,80.3,1.6,0.6,6.75,17.81,77.2,1.0,1.0,10.0,current,1.0,male,5.5
2349.0,0.860449940959,0.0749455015122,6.606901748,64.0,0.9382182809985888,-0.0777683400395888,6.6068912095652355,1.053843476483962e-05,-0.3562357482546499,4.127758943691375e-05,-0.3562770258440868,0.3562770258440868,0.0871003621996542,8.8,35.1,8.0,49.9,6.8,0.3,0.3,26.810000000000002,98.0,1.0,1.0,10.0,current,1.0,male,6.9
4263.0,0.861658145286,0.108183514042,6.212437835,74.0,0.8813503051565452,-0.0196921598705451,6.425756578519958,-0.2133187435199577,-0.0902044624157177,-0.8355399744555068,0.745335512039789,0.745335512039789,0.1255527086163526,8.4,37.0,6.2,54.9,1.7,0.3,0.47,24.96,95.2,2.0,,,never,2.0,female,5.4
9011.0,0.862215816813,0.0507711475172,6.743860887,56.0,0.9837126616722238,-0.1214968448592238,6.751798914401458,-0.0079380274014573,-0.5565442108828832,-0.0310921539420198,-0.5254520569408634,0.5254520569408634,0.058884500292357,6.3,31.3,15.1,42.2,10.3,1.0,0.26,23.29,81.5,1.0,1.0,10.0,current,1.0,male,4.8
4728.0,0.86256972239,0.0538754641268,6.300410378,62.0,0.9495918761669976,-0.0870221537769977,6.643118135774291,-0.3427077577742912,-0.3986249680743974,-1.342338823356351,0.9437138552819536,0.9437138552819536,0.0624592571804194,6.2,43.8,10.4,42.6,2.6,0.6,0.46,28.84,90.2,2.0,,,never,2.0,female,6.7
8956.0,0.862960860762,0.0539939686611,6.424444089,71.0,0.8984106979091583,-0.0354498371471583,6.480096967833541,-0.0556528788335413,-0.1623861233915337,-0.217984618658707,0.0555984952671733,0.0555984952671733,0.0625682706089624,4.0,9.8,10.4,78.3,1.2,0.4,1.27,27.61,102.9,1.0,3.0,,former,1.0,male,5.1
7582.0,0.864146693481,0.0769771833596,6.455387692,62.0,0.9495918761669976,-0.0854451826859976,6.643118135774291,-0.1877304437742903,-0.3914012896945787,-0.7353141482432195,0.3439128585486408,0.3439128585486408,0.0890788380494943,5.3,42.6,9.3,45.1,2.8,0.4,0.07,21.82,90.0,2.0,,,never,1.0,male,5.7
6201.0,0.865126375307,0.049357636247,6.706537968,70.0,0.9040974954933628,-0.0389711201863627,6.4982104309380695,0.2083275370619306,-0.1785161693414513,0.8159901100243394,-0.9945062793657908,0.9945062793657908,0.0570525158587205,8.9,31.7,6.7,44.7,16.8,0.1,0.07,27.95,104.7,2.0,,,never,1.0,male,5.6
8017.0,0.865166571786,0.0501138126064,6.32280239,78.0,0.8586031148197276,0.0065634569662723,6.353302726101847,-0.0305003361018476,0.0300654225399047,-0.1194655923193073,0.1495310148592121,0.1495310148592121,0.0579238891569145,10.1,22.7,8.1,62.6,6.1,0.6,1.85,30.560000000000002,107.3,1.0,2.0,,current,1.0,male,6.5
3785.0,0.866137157153,0.0344816381603,7.02281086,56.0,0.9837126616722238,-0.1175755045192238,6.751798914401458,0.2710119455985422,-0.538581610556453,1.061516256687297,-1.6000978672437505,1.6000978672437505,0.0398108288918598,3.3,51.3,9.9,35.3,3.3,0.2,0.14,27.09,88.3,2.0,,,never,1.0,male,5.3
5608.0,0.866172441643,0.0358215717231,6.42594294,54.0,0.9950862568406328,-0.1289138151976326,6.788025840610513,-0.3620829006105133,-0.5905193475122695,-1.4182285744552,0.8277092269429304,0.8277092269429304,0.0413561665101602,8.1,24.8,8.8,64.5,1.6,0.4,0.13,20.650000000000002,82.4,1.0,3.0,,former,1.0,male,4.8
9459.0,0.86652328871,0.0358106262805,6.632140805,61.0,0.955278673751202,-0.088755385041202,6.661231598878818,-0.0290907938788187,-0.4065644320772019,-0.1139446106484522,-0.2926198214287497,0.2926198214287497,0.0413267903437558,6.2,23.3,8.0,65.3,3.2,0.3,0.2,30.080000000000002,99.8,1.0,3.0,,former,1.0,male,5.4
9381.0,0.866736593459,0.0421156532551,6.718270022,51.0,1.012146649593246,-0.1454100561342458,6.842366229924096,-0.1240962079240963,-0.6660841690122765,-0.4860676595407751,-0.1800165094715014,0.1800165094715014,0.0485910639667623,11.6,22.9,7.2,67.6,1.8,0.6,0.09,30.400000000000002,112.4,1.0,1.0,30.0,current,1.0,male,9.7
1805.0,0.867354137763,0.137199667453,6.348188258,71.0,0.8984106979091583,-0.0310565601461583,6.480096967833541,-0.1319087098335405,-0.1422617087654213,-0.5166681475154281,0.3744064387500068,0.3744064387500068,0.1581818330939802,9.1,40.4,6.4,51.2,1.5,0.6,0.09,22.16,74.5,1.0,1.0,20.0,current,2.0,female,5.4
889.0,0.868144198788,0.0553212826617,6.542760829,80.0,0.8472295196513189,0.0209146791366811,6.317075799892791,0.2256850291072085,0.0958044927790501,0.883977002412754,-0.7881725096337039,0.7881725096337039,0.0637236103621184,5.1,21.9,13.5,62.3,1.8,0.4,0.31,37.4,127.4,2.0,,,never,1.0,male,6.0
4988.0,0.869211316089,0.0664700323293,6.514808158,59.0,0.9666522689196108,-0.0974409528306107,6.697458525087875,-0.1826503670878745,-0.4463506707818134,-0.7154161914356744,0.2690655206538609,0.2690655206538609,0.0764716601118133,8.4,24.4,7.3,64.0,3.4,1.0,0.08,32.58,111.5,1.0,1.0,40.0,current,2.0,female,5.0
5984.0,0.869611190432,0.0500305752158,6.251607742,74.0,0.8813503051565452,-0.0117391147245452,6.425756578519958,-0.1741488365199579,-0.0537737119709217,-0.6821168736338838,0.6283431616629621,0.6283431616629621,0.0575321198327106,6.4,20.2,12.5,65.1,1.7,0.5,3.03,23.150000000000002,,2.0,,,never,1.0,male,8.1
2825.0,0.870412824443,0.0853332990944,6.34226955,70.0,0.9040974954933628,-0.0336846710503626,6.4982104309380695,-0.1559408809380693,-0.1543003745512519,-0.6107988333588394,0.4564984588075875,0.4564984588075875,0.09803773186477,8.0,27.2,7.5,60.9,3.4,0.9,1.12,30.55,103.5,2.0,,,never,2.0,female,5.8
4688.0,0.872177357587,0.0607314270822,6.886388001,60.0,0.9609654713354064,-0.0887881137484063,6.679345061983346,0.2070429390166541,-0.4067143534397305,0.8109585173934017,-1.2176728708331324,1.2176728708331324,0.0696319694084032,7.0,30.4,8.5,56.2,4.6,0.3,0.6,46.5,137.7,1.0,1.0,20.0,current,2.0,female,7.3
6605.0,0.873066812184,0.0969106845939,6.932834817,57.0,0.9780258640880196,-0.1049590519040195,6.73368545129693,0.1991493657030698,-0.4807890508154493,0.7800404839568423,-1.2608295347722918,1.2608295347722918,0.1110003074695684,10.8,21.7,7.4,66.3,3.9,0.7,0.36,31.04,98.7,2.0,,,never,2.0,female,5.9
3955.0,0.873222296705,0.0702497886447,6.63441305,64.0,0.9382182809985888,-0.0649959842935888,6.6068912095652355,0.0275218404347645,-0.2977290384054404,0.1077992373027469,-0.4055282757081873,0.4055282757081873,0.0804489176579425,3.9,15.0,12.9,68.3,3.4,0.5,0.76,21.73,73.4,2.0,,,never,2.0,female,4.8
8199.0,0.873517448613,0.0269125825147,6.397940885,69.0,0.909784293077567,-0.036266844464567,6.516323894042596,-0.1183830090425965,-0.1661286131103378,-0.4636898507803322,0.2975612376699943,0.2975612376699943,0.0308094389613312,5.1,44.8,8.0,44.2,2.6,0.5,0.13,27.96,92.5,2.0,,,never,1.0,male,5.5
3628.0,0.874164620131,0.0680455373328,6.159757244,65.0,0.9325314834143844,-0.0583668632833844,6.588777746460708,-0.4290205024607081,-0.2673628266264745,-1.68041389027482,1.4130510636483455,1.4130510636483455,0.0778406443886997,6.5,27.4,9.1,60.5,2.5,0.4,0.98,33.65,109.4,1.0,3.0,,former,2.0,female,7.3
4679.0,0.874214960017,0.107401596101,6.591879717,54.0,0.9950862568406328,-0.1208712968236326,6.788025840610513,-0.1961461236105126,-0.553678744390804,-0.7682772006189945,0.2145984562281905,0.2145984562281905,0.1228549052728535,7.6,33.9,8.3,53.8,3.2,0.9,0.06,21.740000000000002,88.3,1.0,1.0,20.0,current,1.0,male,5.3
7371.0,0.874548852259,0.0486220135748,6.969925143,60.0,0.9609654713354064,-0.0864166190764063,6.679345061983346,0.2905800810166541,-0.3958511772612009,1.1381619330006,-1.5340131102618009,1.5340131102618009,0.0555966810192559,7.6,25.4,5.6,65.2,3.4,0.5,0.15,33.14,112.6,1.0,3.0,,former,1.0,male,5.3
7521.0,0.875382565437,0.0912099110425,6.550031715,73.0,0.8870371027407495,-0.0116545373037495,6.443870041624486,0.1061616733755146,-0.0533862856639275,0.4158205715853211,-0.4692068572492487,0.4692068572492487,0.104194342729418,5.9,31.5,8.9,51.6,6.4,1.6,0.36,27.63,88.5,2.0,,,never,2.0,female,4.9
9483.0,0.875403018746,0.0429282849371,6.701087314,51.0,1.012146649593246,-0.1367436308472458,6.842366229924096,-0.1412789159240963,-0.6263856169377968,-0.553369947030825,-0.0730156699069718,0.0730156699069718,0.0490383103757101,10.0,19.8,7.1,71.3,1.7,0.1,0.45,28.01,105.8,2.0,,,never,2.0,female,6.6
3345.0,0.875546976368,0.0444171617835,6.483962199,81.0,0.8415427220671146,0.0340042543008854,6.298962336788264,0.1849998622117352,0.1557642990521696,0.7246188384388444,-0.5688545393866749,0.5688545393866749,0.0507307580088439,6.6,22.1,8.2,65.8,2.8,1.0,0.07,21.580000000000002,86.5,1.0,2.0,,current,2.0,female,5.5
3254.0,0.876033271247,0.0683571337308,6.512278937,72.0,0.8927239003249539,-0.0166906290779538,6.461983504729013,0.0502954322709863,-0.0764552610406615,0.1970002424610986,-0.2734555035017601,0.2734555035017601,0.0780302940246735,6.9,29.1,8.0,60.0,2.7,0.3,0.31,22.57,88.5,1.0,1.0,15.0,current,1.0,male,5.9
2682.0,0.876186037994,0.0804109394516,6.598282995,52.0,1.0064598520090415,-0.1302738140150415,6.824252766819568,-0.2259697718195683,-0.5967491345451221,-0.8850923001811811,0.288343165636059,0.288343165636059,0.0917738196738426,6.6,33.1,7.4,55.8,3.1,0.6,1.12,48.43,141.8,2.0,,,never,2.0,female,7.0
5652.0,0.876284668012,0.0739335849412,6.134067244,73.0,0.8870371027407495,-0.0107524347287495,6.443870041624486,-0.3098027976244859,-0.0492539975677179,-1.2134546516733524,1.1642006541056344,1.1642006541056344,0.0843716518616385,8.4,39.6,9.6,48.6,1.8,0.4,0.13,26.91,109.4,1.0,3.0,,former,1.0,male,5.0
4624.0,0.877690377824,0.0632428680261,6.706876871,65.0,0.9325314834143844,-0.0548411055903845,6.588777746460708,0.1180991245392926,-0.2512122834968279,0.4625779144979178,-0.7137901979947456,0.7137901979947456,0.0720560115776749,5.8,18.8,8.6,70.3,1.7,0.6,0.11,22.990000000000002,86.2,1.0,3.0,,former,1.0,male,10.2
6910.0,0.878088740623,0.0774330839913,6.283594799,55.0,0.9893994592564282,-0.1113107186334282,6.769912377505985,-0.486317578505985,-0.5098843195181529,-1.9048386016962375,1.3949542821780847,1.3949542821780847,0.0881836657378861,9.4,38.4,8.9,51.3,1.1,0.4,0.29,18.82,77.2,1.0,1.0,60.0,current,1.0,male,5.1
1558.0,0.878383376562,0.058742781128,6.477462152,68.0,0.9154710906617712,-0.0370877140997712,6.534437357147125,-0.0569752051471246,-0.1698887950631433,-0.2231639876913672,0.0532751926282238,0.0532751926282238,0.0668760164359209,5.2,33.5,11.2,53.1,1.6,0.8,0.14,24.91,94.8,1.0,3.0,,former,1.0,male,5.8
101.0,0.878470258292,0.0666123408497,6.585608682,52.0,1.0064598520090415,-0.1279895937170415,6.824252766819568,-0.2386440848195681,-0.5862857386873442,-0.934735828853429,0.3484500901660847,0.3484500901660847,0.075827656338888,5.3,33.6,8.0,56.7,1.2,0.6,0.01,23.55,91.8,2.0,,,never,1.0,male,4.7
698.0,0.879899367272,0.0251436290047,6.879890948,52.0,1.0064598520090415,-0.1265604847370415,6.824252766819568,0.0556381811804316,-0.5797393766771921,0.2179270499870507,-0.7976664266642429,0.7976664266642429,0.0285755734575127,8.1,22.4,7.0,69.0,1.0,0.6,1.12,26.55,88.4,2.0,,,never,2.0,female,5.2
2441.0,0.879942947377,0.0517812963384,6.815499997,52.0,1.0064598520090415,-0.1265169046320415,6.824252766819568,-0.0087527698195684,-0.5795397479940317,-0.0342833871547386,-0.5452563608392931,0.5452563608392931,0.058846197350355,7.3,23.6,9.3,58.8,7.3,1.2,0.04,21.46,85.4,1.0,3.0,,former,1.0,male,5.2
4581.0,0.879995431489,0.1842562251,6.817084363,56.0,0.9837126616722238,-0.1037172301832238,6.751798914401458,0.0652854485985425,-0.4751006011239511,0.2557140603504402,-0.7308146614743913,0.7308146614743913,0.2093831609878116,4.3,31.2,9.3,56.1,2.8,0.6,0.84,48.34,133.6,1.0,3.0,,former,2.0,female,5.9
4778.0,0.88135549588,0.0315242156355,6.19178164,75.0,0.8756635075723407,0.0056919883076592,6.40764311541543,-0.21586147541543,0.026073460135622,-0.845499503130451,0.871572963266073,0.871572963266073,0.0357678777551892,7.3,20.1,8.6,69.3,1.6,0.5,0.27,30.150000000000002,105.5,1.0,3.0,,former,1.0,male,5.3
4170.0,0.881390836032,0.0451309928943,6.964182698,65.0,0.9325314834143844,-0.0511406473823845,6.588777746460708,0.3754049515392923,-0.2342614845220666,1.470409202885001,-1.7046706874070676,1.7046706874070676,0.0512042910469532,6.6,24.5,8.8,64.1,1.8,0.8,4.13,31.87,117.0,1.0,3.0,,former,1.0,male,9.4
6859.0,0.881543774651,0.0817119369003,6.711882345,52.0,1.0064598520090415,-0.1249160773580415,6.824252766819568,-0.112370421819568,-0.5722067908871996,-0.4401393793503766,-0.1320674115368229,0.1320674115368229,0.0926918653956231,6.9,27.0,7.7,63.3,1.6,0.5,0.8,28.96,87.8,2.0,,,never,2.0,female,5.3
8511.0,0.881560129148,0.023775469938,6.58446691,73.0,0.8870371027407495,-0.0054769735927495,6.443870041624486,0.1405968683755141,-0.025088535835931,0.5506984612442676,-0.5757869970801986,0.5757869970801986,0.0269697654781395,10.0,23.6,9.4,55.9,10.7,0.5,0.26,30.78,117.0,2.0,,,never,1.0,male,9.5
3273.0,0.882100209144,0.062039308106,6.951097026,56.0,0.9837126616722238,-0.1016124525282238,6.751798914401458,0.1992981115985426,-0.4654591835180601,0.7806231010286143,-1.2460822845466746,1.2460822845466746,0.0703313608396076,7.6,32.8,7.9,56.6,2.2,0.6,0.44,28.18,96.8,1.0,1.0,15.0,current,2.0,female,9.1
1279.0,0.882122600894,0.0579795499044,6.257674133,72.0,0.8927239003249539,-0.0106012994309538,6.461983504729013,-0.2043093717290132,-0.0485616876139435,-0.8002515129173781,0.7516898253034345,0.7516898253034345,0.0657273148263515,9.0,31.4,8.9,53.2,5.7,0.8,0.29,27.3,103.1,1.0,1.0,20.0,current,1.0,male,9.6
2831.0,0.882896815197,0.0979577901053,6.605750385,61.0,0.955278673751202,-0.0723818585542019,6.661231598878818,-0.0554812138788181,-0.3315617323063887,-0.2173122308060619,-0.1142495015003267,0.1142495015003267,0.1109504399825508,14.1,16.2,8.9,71.9,2.8,0.2,1.42,34.78,,1.0,1.0,10.0,current,1.0,male,7.4
7635.0,0.883159595085,0.0724144977708,6.180901091,63.0,0.9439050785827932,-0.0607454834977932,6.625004672669763,-0.4441035816697631,-0.2782586429890484,-1.7394922225821037,1.4612335795930549,1.4612335795930549,0.0819948038540309,10.7,33.8,8.8,55.1,1.3,0.9,0.49,29.36,107.9,1.0,3.0,,former,1.0,male,10.6
5482.0,0.884863194748,0.0656776795933,6.973525492,65.0,0.9325314834143844,-0.0476682886663845,6.588777746460708,0.3847477455392925,-0.2183555476745894,1.5070036330381718,-1.7253591807127613,1.7253591807127613,0.0742235409757373,10.0,24.3,5.8,66.2,3.3,0.5,1.13,28.28,104.2,1.0,1.0,18.0,current,1.0,male,8.5
2318.0,0.884973048288,0.0583765723413,6.441033162,80.0,0.8472295196513189,0.0377435286366811,6.317075799892791,0.1239573621072089,0.1728929042180184,0.4855238197056952,-0.3126309154876768,0.3126309154876768,0.0659642375033124,8.6,18.0,6.7,71.6,3.4,0.4,1.1,32.78,112.2,1.0,3.0,,former,2.0,female,5.4
4011.0,0.885459798426,0.0672038265055,6.421580127,56.0,0.9837126616722238,-0.0982528632462238,6.751798914401458,-0.3302187874014572,-0.4500698129709671,-1.2934212560853953,0.8433514431144282,0.8433514431144282,0.0758970950741773,10.2,29.4,10.9,56.9,2.3,0.6,0.19,53.1,129.7,2.0,,,never,1.0,male,6.6
6093.0,0.885633155399,0.0596678336784,6.810015218,52.0,1.0064598520090415,-0.1208266966100415,6.824252766819568,-0.014237548819568,-0.5534744428658794,-0.0557665068747133,-0.4977079359911661,0.4977079359911661,0.067373080281212,8.2,36.5,8.2,52.0,2.5,0.8,0.99,32.79,102.9,2.0,,,never,2.0,female,11.5
6976.0,0.886614867394,0.0301645750521,6.982512095,65.0,0.9325314834143844,-0.0459166160203845,6.588777746460708,0.3937343485392919,-0.2103316086856983,1.5422029123755676,-1.752534521061266,1.752534521061266,0.0340221850111332,7.1,,,,,,0.89,40.64,,1.0,1.0,10.0,current,2.0,female,4.8
2432.0,0.887352859335,0.054327441809,6.918297214,60.0,0.9609654713354064,-0.0736126120004063,6.679345061983346,0.2389521520166537,-0.3371994812232669,0.9359424853981664,-1.2731419666214334,1.2731419666214334,0.0612241694354983,7.0,27.5,6.4,63.2,2.3,0.6,1.77,31.740000000000002,88.5,1.0,3.0,,former,2.0,female,5.8
3535.0,0.887919755083,0.0423746022249,6.502725306,60.0,0.9609654713354064,-0.0730457162524063,6.679345061983346,-0.1766197559833457,-0.3346026850094299,-0.6917951229581282,0.3571924379486982,0.3571924379486982,0.0477234592228877,6.6,32.7,5.9,54.3,7.2,0.1,0.36,31.45,113.6,2.0,,,never,1.0,male,8.9
2645.0,0.887990215733,0.0374756720049,6.521886362,65.0,0.9325314834143844,-0.0445412676813845,6.588777746460708,-0.0668913844607077,-0.2040315096427582,-0.2620042887059487,0.0579727790631904,0.0579727790631904,0.0422027983427332,8.4,35.4,8.9,53.2,2.3,0.2,0.28,25.11,93.3,1.0,3.0,,former,1.0,male,5.6
55.0,0.888251865194,0.0757073609,6.731024413,61.0,0.955278673751202,-0.067026808557202,6.661231598878818,0.0697928141211816,-0.3070316955118366,0.2733687868479978,-0.5804004823598345,0.5804004823598345,0.0852318625680172,4.7,43.3,7.2,47.1,1.5,0.9,0.18,23.2,91.0,1.0,2.0,,current,2.0,female,6.7
4431.0,0.888312934994,0.100758511394,6.803931179,60.0,0.9609654713354064,-0.0726525363414063,6.679345061983346,0.124586117016654,-0.3328016340969061,0.4879865656055993,-0.8207881997025055,0.8207881997025055,0.1134268200143686,5.9,34.1,8.1,55.2,2.0,0.6,0.35,30.990000000000002,101.6,1.0,3.0,,former,1.0,male,8.4
8475.0,0.888798134069,0.0191693796516,6.215219311,64.0,0.9382182809985888,-0.0494201469295888,6.6068912095652355,-0.3916718985652352,-0.2263803369257294,-1.5341245814694142,1.3077442445436849,1.3077442445436849,0.0215677541578995,6.1,29.4,7.7,60.0,2.3,0.8,0.12,21.78,87.7,1.0,3.0,,former,1.0,male,5.1
4995.0,0.889184362937,0.0520712144099,6.296360975,73.0,0.8870371027407495,0.0021472601962504,6.443870041624486,-0.1475090666244858,0.0098360186461393,-0.5777725844698101,0.5876086031159494,0.5876086031159494,0.0585606501647277,7.8,24.2,7.6,53.0,14.4,0.9,0.18,27.59,98.0,2.0,,,never,1.0,male,5.5
118.0,0.890267053583,0.0359622595202,6.250100014,85.0,0.8187955317302971,0.0714715218527028,6.226508484370153,0.0235915296298472,0.3273917259020201,0.092404754214412,0.2349869716876081,0.2349869716876081,0.0403949122630844,7.6,27.0,8.6,58.6,4.9,0.9,0.29,30.67,119.7,1.0,3.0,,former,1.0,male,5.4
2395.0,0.890895575738,0.0420457910412,6.683637209,65.0,0.9325314834143844,-0.0416359076763844,6.588777746460708,0.0948594625392917,-0.190722840654794,0.3715513770571578,-0.5622742177119517,0.5622742177119517,0.0471949712022872,5.6,28.2,11.4,59.4,0.8,0.2,0.49,29.04,96.5,1.0,3.0,,former,2.0,female,5.3
6159.0,0.891112007862,0.0294886462212,6.797448118,51.0,1.012146649593246,-0.1210346417312459,6.842366229924096,-0.0449181119240957,-0.5544269832674159,-0.1759380234026986,-0.3784889598647173,0.3784889598647173,0.0330919637049338,8.5,44.5,6.6,47.1,0.9,1.0,0.36,29.150000000000002,99.7,1.0,1.0,10.0,current,2.0,female,5.4
6395.0,0.891323416829,0.0484920934825,6.628396612,59.0,0.9666522689196108,-0.0753288520906108,6.697458525087875,-0.0690619130878742,-0.3450611132499678,-0.2705059487278115,-0.0745551645221563,0.0745551645221563,0.0544045994606727,2.8,38.3,8.5,49.8,2.5,0.8,0.27,24.060000000000002,85.6,2.0,,,never,1.0,male,6.2
5613.0,0.891681417346,0.0480569582725,6.587182365,63.0,0.9439050785827932,-0.0522236612367932,6.625004672669763,-0.0378223076697628,-0.2392224782966415,-0.1481447408829561,-0.0910777374136853,0.0910777374136853,0.0538947625661379,9.4,44.7,7.3,46.4,1.3,0.3,0.22,30.04,104.5,1.0,1.0,10.0,current,1.0,male,5.6
5164.0,0.891788216795,0.0887564927219,6.725559518,54.0,0.9950862568406328,-0.1032980400456327,6.788025840610513,-0.0624663226105131,-0.4731804043928683,-0.2446719342945804,-0.2285084700982878,0.2285084700982878,0.0995264246043552,9.7,29.9,5.1,61.2,2.4,1.4,1.02,19.82,83.3,1.0,1.0,40.0,current,2.0,female,5.2
5275.0,0.892172978159,0.0463117703788,6.383278209,60.0,0.9609654713354064,-0.0687924931764063,6.679345061983346,-0.2960668529833459,-0.315119819563138,-1.1596528588950883,0.8445330393319505,0.8445330393319505,0.0519089588146509,6.0,31.0,8.4,57.8,2.3,0.6,0.32,35.57,112.7,1.0,3.0,,former,1.0,male,5.8
1031.0,0.892360809556,0.0937867568568,6.857371564,65.0,0.9325314834143844,-0.0401706738583845,6.588777746460708,0.2685938175392923,-0.1840110005247681,1.0520447839816334,-1.2360557845064015,1.2360557845064015,0.1050995918382657,6.1,25.1,6.9,65.0,2.5,0.4,0.37,24.11,95.7,1.0,1.0,10.0,current,1.0,male,5.2
7975.0,0.892563308305,0.0477627583803,6.371381898,79.0,0.8529163172355232,0.0396469910694767,6.33518926299732,0.0361926350026804,0.1816121511979124,0.1417615387500529,0.0398506124478594,0.0398506124478594,0.053511899868484,6.9,29.5,2.0,65.1,2.3,1.3,0.08,32.77,113.0,1.0,1.0,9.0,current,1.0,male,5.8
7947.0,0.893500351236,0.02106965865,6.532880548,63.0,0.9439050785827932,-0.0504047273467932,6.625004672669763,-0.0921241246697635,-0.2308904337268329,-0.3608374374571009,0.129947003730268,0.129947003730268,0.0235810300699421,3.8,38.1,15.4,36.2,9.8,0.5,0.41,31.39,102.6,1.0,3.0,,former,1.0,male,5.3
8397.0,0.893503512181,0.0546861995793,6.604266062,67.0,0.9211578882459758,-0.0276543760649757,6.5525508202516525,0.0517152417483472,-0.1266772229548312,0.202561439545193,-0.3292386625000242,0.3292386625000242,0.0612042357234988,7.7,21.6,9.1,66.9,1.6,0.8,0.61,30.560000000000002,103.8,1.0,3.0,,former,2.0,female,5.2
4570.0,0.893617982763,0.0331112870755,6.323598277,70.0,0.9040974954933628,-0.0104795127303627,6.4982104309380695,-0.1746121539380691,-0.0480038156522883,-0.6839316237927568,0.6359278081404685,0.6359278081404685,0.0370530670982273,3.8,30.7,4.8,63.5,0.9,0.2,0.08,25.54,98.5,2.0,,,never,1.0,male,6.2
4194.0,0.893724774457,0.0328481413711,6.641634475,85.0,0.8187955317302971,0.0749292427267029,6.226508484370153,0.4151259906298472,0.3432306107512801,1.62599101177543,-1.2827604010241498,1.2827604010241498,0.0367542025351792,5.1,63.2,3.6,32.3,0.6,0.3,0.01,,,1.0,3.0,,former,1.0,male,5.3
8036.0,0.894256181818,0.0765953811637,6.434402527,55.0,0.9893994592564282,-0.0951432774384282,6.769912377505985,-0.3355098505059857,-0.4358256407739239,-1.3141456174717945,0.8783199766978704,0.8783199766978704,0.0856526157951556,6.1,33.4,13.3,48.7,3.4,1.3,0.01,19.580000000000002,,2.0,,,never,1.0,male,5.4
1343.0,0.894274957362,0.0411242846271,6.678515948,72.0,0.8927239003249539,0.0015510570370461,6.461983504729013,0.2165324432709869,0.0071049731021197,0.8481275912939278,-0.841022618191808,0.841022618191808,0.0459861749326085,5.9,27.0,9.3,59.7,3.8,0.3,0.69,36.46,112.2,1.0,3.0,,former,2.0,female,6.0
5777.0,0.894499759465,0.0786797905919,6.322489016,60.0,0.9609654713354064,-0.0664657118704062,6.679345061983346,-0.3568560459833465,-0.3044614632301379,-1.3977557087819734,1.0932942455518355,1.0932942455518355,0.0879595435989366,7.6,31.3,7.7,57.6,2.8,0.7,0.18,31.39,111.1,1.0,3.0,,former,1.0,male,8.0
8996.0,0.895060198822,0.0483741092563,6.675207393,71.0,0.8984106979091583,-0.0033504990871582,6.480096967833541,0.195110425166459,-0.015347730821215,0.7642205132543083,-0.7795682440755234,0.7795682440755234,0.0540456489071525,9.4,22.0,9.9,65.9,1.7,0.4,0.78,29.490000000000002,115.3,2.0,,,never,2.0,female,7.1
7111.0,0.895346860805,0.066455928258,6.250233004,67.0,0.9211578882459758,-0.0258110274409757,6.5525508202516525,-0.3023178162516524,-0.11823334108683,-1.1841370162801357,1.0659036751933055,1.0659036751933055,0.0742236681304158,5.9,31.0,7.4,58.8,2.4,0.5,0.05,26.740000000000002,98.8,1.0,3.0,,former,1.0,male,5.2
2546.0,0.895455358554,0.0331832153714,6.383936212,67.0,0.9211578882459758,-0.0257025296919757,6.5525508202516525,-0.1686146082516524,-0.1177363422209768,-0.6604400679785086,0.5427037257575318,0.5427037257575318,0.0370573642274975,7.6,31.0,9.0,57.4,2.0,0.7,0.41,35.69,104.9,2.0,,,never,2.0,female,5.6
943.0,0.895941286816,0.0323632670713,6.220445544,78.0,0.8586031148197276,0.0373381719962724,6.353302726101847,-0.1328571821018469,0.1710360749989237,-0.5203831820302379,0.6914192570291616,0.6914192570291616,0.0361220847253425,9.1,20.3,7.8,67.6,3.9,0.6,0.03,25.61,104.2,1.0,3.0,,former,1.0,male,6.3
5332.0,0.896679594444,0.0211230516291,6.704120983,70.0,0.9040974954933628,-0.0074179010493626,6.4982104309380695,0.2059105520619306,-0.0339793999647345,0.8065231145234477,-0.8405025144881823,0.8405025144881823,0.0235569670147313,8.0,31.6,6.1,60.3,1.6,0.4,0.26,29.060000000000002,93.5,2.0,,,never,2.0,female,6.1
2560.0,0.897128497163,0.0391076368216,6.922045672,54.0,0.9950862568406328,-0.0979577596776326,6.788025840610513,0.1340198313894873,-0.4487180232771639,0.5249371182669986,-0.9736551415441626,0.9736551415441626,0.0435920126774152,8.1,31.3,7.4,49.5,10.9,1.0,0.14,25.62,88.3,1.0,3.0,,former,1.0,male,5.3
7342.0,0.897199368676,0.053658277425,6.561937807,75.0,0.8756635075723407,0.0215358611036593,6.40764311541543,0.1542946915845693,0.0986499594907755,0.6043509376527425,-0.505700978161967,0.505700978161967,0.0598064146034606,6.4,26.3,10.7,57.7,4.9,0.4,0.11,24.66,95.0,1.0,3.0,,former,1.0,male,5.7
6957.0,0.897531675423,0.0452316213631,6.906525532,56.0,0.9837126616722238,-0.0861809862492237,6.751798914401458,0.1547266175985422,-0.3947718069613849,0.6060427320292072,-1.0008145389905925,1.0008145389905925,0.0503955710997973,6.4,35.8,11.6,50.5,1.5,0.6,0.1,26.09,101.0,1.0,3.0,,former,1.0,male,4.5
2103.0,0.897928940302,0.0462555552257,6.700553276,62.0,0.9495918761669976,-0.0516629358649977,6.643118135774291,0.0574351402257091,-0.236653946908608,0.2249654896947566,-0.4616194366033647,0.4616194366033647,0.0515136033037791,7.5,22.0,9.1,65.3,3.1,0.6,0.14,31.68,107.2,2.0,,,never,1.0,male,5.9
2195.0,0.899144164556,0.084764186052,6.561702791,52.0,1.0064598520090415,-0.1073156874530415,6.824252766819568,-0.2625499758195682,-0.4915841613674039,-1.0283718930167614,0.5367877316493574,0.5367877316493574,0.0942720749278919,6.8,32.7,12.6,52.7,1.7,0.3,1.33,,,1.0,3.0,,former,1.0,male,5.2
3523.0,0.899659963933,0.0401908611705,6.625080391,61.0,0.955278673751202,-0.055618709818202,6.661231598878818,-0.0361512078788184,-0.2547742783111896,-0.1415992744433996,-0.11317500386779,0.11317500386779,0.0446733908162363,10.2,29.0,9.0,59.3,1.8,0.8,1.02,47.46,135.5,1.0,3.0,,former,2.0,female,5.6
7491.0,0.900678594009,0.0751731557199,6.58863596,54.0,0.9950862568406328,-0.0944076628316327,6.788025840610513,-0.1993898806105125,-0.4324559890654594,-0.780982547538808,0.3485265584733486,0.3485265584733486,0.0834627981834204,12.5,16.2,8.4,73.2,2.0,0.2,0.61,22.66,93.5,1.0,1.0,40.0,current,1.0,male,5.8
6237.0,0.90157485968,0.0513383660684,6.361102328,74.0,0.8813503051565452,0.0202245545234547,6.425756578519958,-0.0646542505199576,0.09264321843712,-0.2532417448953857,0.3458849633325058,0.3458849633325058,0.0569429876146077,7.9,15.6,8.2,73.3,2.0,0.9,0.33,16.03,67.5,1.0,3.0,,former,2.0,female,5.6
6309.0,0.901671172481,0.053680090296,6.322346927,80.0,0.8472295196513189,0.0544416528296811,6.317075799892791,0.0052711271072087,0.2493824983550963,0.0206462748459649,0.2287362235091313,0.2287362235091313,0.0595339985732228,6.6,33.2,6.9,54.1,4.8,1.0,0.38,33.4,110.5,2.0,,,never,2.0,female,5.8
5842.0,0.902453612846,0.0399154301715,6.643392624,60.0,0.9609654713354064,-0.0585118584894063,6.679345061983346,-0.0359524379833464,-0.2680270104792382,-0.1408207202917826,-0.1272062901874555,0.1272062901874555,0.0442298968094567,8.8,45.9,5.4,45.8,2.3,0.7,0.26,23.04,76.7,1.0,1.0,30.0,current,2.0,female,5.4
7557.0,0.902751608207,0.0282162915431,6.705008696,52.0,1.0064598520090415,-0.1037082438020415,6.824252766819568,-0.1192440708195681,-0.4750594369403907,-0.4670625105066356,-0.0079969264337551,0.0079969264337551,0.0312558751339604,8.5,31.9,5.2,61.4,0.9,0.6,0.38,21.19,78.2,2.0,,,never,2.0,female,5.4
8382.0,0.902983883898,0.0827919762091,6.758965443,59.0,0.9666522689196108,-0.0636683850216107,6.697458525087875,0.0615069179121254,-0.2916476649339904,0.2409140789652465,-0.532561743899237,0.532561743899237,0.0916871028214852,6.6,19.9,9.6,68.9,1.0,0.6,0.38,24.73,102.5,1.0,3.0,,former,1.0,male,5.2
2696.0,0.903091382617,0.0484384692315,6.584196908,84.0,0.8244823293145014,0.0786090533024985,6.2446219474746805,0.3395749605253195,0.3600868285030875,1.3300680904137712,-0.9699812619106836,0.9699812619106836,0.0536362877155729,9.1,14.8,9.1,74.1,1.3,0.7,0.15,26.150000000000002,101.6,1.0,3.0,,former,2.0,female,6.0
5761.0,0.903929607134,0.0271024037014,7.244895871,52.0,1.0064598520090415,-0.1025302448750415,6.824252766819568,0.4206431041804315,-0.4696633422186905,1.6476007814518203,-2.1172641236705108,2.1172641236705108,0.0299828697804587,4.9,47.0,6.7,43.9,2.4,5.397605346934028e-79,0.05,24.23,89.0,1.0,3.0,,former,2.0,female,5.3
5229.0,0.903936041637,0.0545851652401,6.693847579,64.0,0.9382182809985888,-0.0342822393615888,6.6068912095652355,0.0869563694347643,-0.1570376734877413,0.3405960559179325,-0.4976337294056738,0.4976337294056738,0.0603860922961407,7.1,30.5,8.1,58.6,1.9,0.8,0.11,34.04,110.7,2.0,,,never,2.0,female,6.2
2601.0,0.904167782632,0.0658340954908,6.687489344,55.0,0.9893994592564282,-0.0852316766244282,6.769912377505985,-0.082423033505985,-0.3904232761281148,-0.3228396069363354,-0.0675836691917794,0.0675836691917794,0.0728118129791788,5.5,34.1,11.4,51.8,2.0,0.6,0.15,20.080000000000002,74.3,1.0,1.0,7.0,current,1.0,male,5.5
6738.0,0.904761241157,0.0524318909882,6.625741247,60.0,0.9609654713354064,-0.0562042301784063,6.679345061983346,-0.0536038149833464,-0.2574563888400956,-0.2099587193457882,-0.0474976694943073,0.0474976694943073,0.0579510799126967,5.3,38.2,10.1,48.6,2.5,0.5,0.21,26.560000000000002,91.3,2.0,,,never,1.0,male,5.1
6167.0,0.906514235156,0.029201700749,6.766400594,68.0,0.9154710906617712,-0.0089568555057713,6.534437357147125,0.2319632368528754,-0.0410289344157652,0.9085678726423554,-0.9495968070581206,0.9495968070581206,0.0322131739541572,5.7,30.8,5.9,61.2,1.9,0.3,0.55,26.21,90.2,2.0,,,never,2.0,female,5.1
9633.0,0.907352914078,0.0459543336566,6.563959295,85.0,0.8187955317302971,0.0885573823477029,6.226508484370153,0.3374508106298473,0.4056574352499688,1.32174808946066,-0.9160906542106912,0.9160906542106912,0.0506465929007305,6.6,36.3,11.0,48.3,3.5,0.9,0.04,,,1.0,3.0,,former,2.0,female,6.3
1001.0,0.90750630099,0.0436657621318,6.777670576,53.0,1.000773054424837,-0.093266753434837,6.806139303715041,-0.0284687277150403,-0.4272297914579064,-0.1115080636389562,-0.3157217278189502,0.3157217278189502,0.0481162082116288,8.9,17.0,9.1,65.3,8.4,0.2,0.24,25.64,96.3,2.0,,,never,1.0,male,4.8
7146.0,0.907628510273,0.0552303713767,6.960728568,52.0,1.0064598520090415,-0.0988313417360415,6.824252766819568,0.1364758011804321,-0.4527196665947494,0.5345568117947617,-0.9872764783895112,0.9872764783895112,0.0608512962644679,9.2,33.4,6.1,58.6,1.3,0.8,0.48,33.08,97.4,1.0,3.0,,former,2.0,female,5.5
5018.0,0.90900664102,0.0386561521725,6.534097783,66.0,0.9268446858301802,-0.0178380448101802,6.57066428335618,-0.0365665003561801,-0.0817112624124377,-0.1432259175606459,0.0615146551482081,0.0615146551482081,0.0425257093051859,6.4,24.3,9.1,58.7,6.9,1.0,0.25,31.2,107.9,2.0,,,never,1.0,male,5.9
9210.0,0.909511401007,0.0419716891608,6.633753352,68.0,0.9154710906617712,-0.0059596896547713,6.534437357147125,0.0993159948528754,-0.0272997276584815,0.3890069969150699,-0.4163067245735515,0.4163067245735515,0.0461475129551201,5.6,26.3,8.9,62.6,1.4,0.8,0.3,35.4,113.6,2.0,,,never,2.0,female,5.9
6404.0,0.91004767277,0.0613836721917,6.185232098,79.0,0.8529163172355232,0.0571313555344767,6.33518926299732,-0.1499571649973194,0.2617032995337978,-0.5873614467429963,0.8490647462767942,0.8490647462767942,0.0674510512233503,6.9,22.5,6.3,66.5,4.0,0.7,0.13,22.5,86.1,2.0,,,never,1.0,male,5.0
5191.0,0.910340627917,0.05344349948,6.647064391,61.0,0.955278673751202,-0.044938045834202,6.661231598878818,-0.0141672078788186,-0.2058490431285967,-0.0554909911517761,-0.1503580519768206,0.1503580519768206,0.0587071452608755,8.8,36.4,9.2,51.1,2.9,0.4,0.67,33.69,110.0,2.0,,,never,2.0,female,10.9
1561.0,0.91048631421,0.114140932938,6.004318499,80.0,0.8472295196513189,0.0632567945586811,6.317075799892791,-0.3127573008927911,0.2897622802586642,-1.2250270317867644,1.5147893120454283,1.5147893120454283,0.1253626014544067,7.1,17.3,11.0,69.7,1.4,0.7,0.27,22.34,79.8,2.0,,,never,2.0,female,5.0
908.0,0.911025931171,0.0668675614507,6.617875237,68.0,0.9154710906617712,-0.0044451594907714,6.534437357147125,0.0834378798528749,-0.0203620742901301,0.3268146195243754,-0.3471766938145055,0.3471766938145055,0.0733980879827985,4.6,34.7,9.5,52.7,3.0,0.2,0.01,24.29,80.1,2.0,,,never,2.0,female,5.6
481.0,0.912252059295,0.0560721043666,6.582102342,63.0,0.9439050785827932,-0.0316530192877932,6.625004672669763,-0.0429023306697633,-0.1449939268957748,-0.1680424874082479,0.023048560512473,0.023048560512473,0.0614655826701375,13.5,31.9,5.6,59.4,2.3,0.8,1.09,30.1,97.6,1.0,1.0,5.0,current,2.0,female,7.6
7696.0,0.912889904911,0.0364799188971,6.786606373,56.0,0.9837126616722238,-0.0708227567612238,6.751798914401458,0.034807458598542,-0.3244199083514991,0.1363359946172099,-0.460755902968709,0.460755902968709,0.0399609182891079,13.1,21.1,5.9,68.6,3.4,1.0,2.12,27.810000000000002,95.5,1.0,1.0,10.0,current,2.0,female,9.1
469.0,0.912939714614,0.0541895431141,6.678078532,66.0,0.9268446858301802,-0.0139049712161801,6.57066428335618,0.1074142486438196,-0.0636949152204316,0.4207267354339061,-0.4844216506543377,0.4844216506543377,0.0593571976841996,8.0,8.9,5.4,84.4,0.8,0.6,9.53,25.3,108.4,1.0,3.0,,former,1.0,male,5.7
40.0,0.913508639842,0.0672791965875,6.491756299,68.0,0.9154710906617712,-0.0019624508197713,6.534437357147125,-0.0426810581471244,-0.0089894568385836,-0.1671757935825544,0.1581863367439707,0.1581863367439707,0.0736492175915671,10.4,33.4,5.0,58.6,2.5,0.5,0.7,30.23,99.3,2.0,,,never,2.0,female,8.0
7184.0,0.913900879895,0.0616912275265,6.318703198,85.0,0.8187955317302971,0.0951053481647029,6.226508484370153,0.0921947136298468,0.4356518970216541,0.3611139246374194,0.0745379723842346,0.0745379723842346,0.0675031930526074,7.3,24.8,10.3,63.5,1.2,0.2,0.19,19.92,71.4,2.0,,,never,2.0,female,5.5
1251.0,0.914117773337,0.0400368936082,6.419538562,71.0,0.8984106979091583,0.0157070754278416,6.480096967833541,-0.0605584058335413,0.0719498675821161,-0.2371988885190924,0.3091487561012086,0.3091487561012086,0.0437983975106891,4.4,16.8,13.9,67.9,1.3,0.2,0.63,23.17,94.6,1.0,3.0,,former,1.0,male,4.8
3033.0,0.914590367342,0.0152905441386,5.620543472,84.0,0.8244823293145014,0.0901080380274986,6.2446219474746805,-0.6240784754746809,0.4127605698429941,-2.4444289557122825,2.8571895255552766,2.8571895255552766,0.01671846182137,7.1,40.3,7.2,42.4,9.3,1.0,0.27,33.59,99.0,1.0,3.0,,former,2.0,female,5.4
9912.0,0.914663813886,0.0295342104227,5.995987197,71.0,0.8984106979091583,0.0162531159768417,6.480096967833541,-0.4841097708335411,0.0744511317656052,-1.8961909248170428,1.970642056582648,1.970642056582648,0.0322896893638136,7.5,23.4,5.9,69.4,0.9,0.5,1.49,31.91,103.0,2.0,,,never,2.0,female,5.5
9152.0,0.91480408557,0.0523432836953,6.546344484,64.0,0.9382182809985888,-0.0234141954285888,6.6068912095652355,-0.0605467255652358,-0.1072541013995909,-0.237153138525817,0.129899037126226,0.129899037126226,0.0572180257182451,4.9,39.5,10.3,46.3,3.2,0.9,0.17,26.560000000000002,97.2,2.0,,,never,1.0,male,5.0
6213.0,0.915841034154,0.031357224109,6.44611148,69.0,0.909784293077567,0.0060567410764329,6.516323894042596,-0.0702124140425963,0.0277442939922518,-0.2750123016270336,0.3027565956192855,0.3027565956192855,0.0342387193187581,8.0,20.0,10.6,63.0,5.7,0.7,2.19,34.800000000000004,119.0,1.0,3.0,,former,1.0,male,5.7
7360.0,0.915894704322,0.0529488870412,6.399828683,68.0,0.9154710906617712,0.0004236136602286,6.534437357147125,-0.1346086741471248,0.0019404596927958,-0.5272435337959683,0.5291839934887641,0.5291839934887641,0.0578111073154374,6.1,29.2,9.5,54.7,4.8,1.7,0.64,22.95,88.3,1.0,3.0,,former,2.0,female,5.7
1161.0,0.915917682382,0.0674767619947,6.847121218,57.0,0.9780258640880196,-0.0621081817060195,6.73368545129693,0.1134357667030698,-0.2845007952017048,0.4443121877124518,-0.7288129829141567,0.7288129829141567,0.0736712078963419,5.0,28.3,10.1,56.7,3.9,1.0,0.12,29.76,101.2,1.0,3.0,,former,1.0,male,5.3
2884.0,0.916827116582,0.0617157054771,6.872145928,72.0,0.8927239003249539,0.0241032162570461,6.461983504729013,0.4101624232709868,0.1104103196018001,1.6065494058677785,-1.4961390862659785,1.4961390862659785,0.0673144416879605,6.6,34.3,8.1,54.4,2.4,0.9,0.27,29.740000000000002,110.5,1.0,3.0,,former,1.0,male,5.3
7442.0,0.917238555092,0.0596496154189,6.249326051,71.0,0.8984106979091583,0.0188278571828417,6.480096967833541,-0.2307709168335412,0.0862453253875157,-0.9038977202588444,0.99014304564636,0.99014304564636,0.0650317358420646,8.1,28.2,8.8,56.1,6.3,0.7,0.23,19.36,74.3,1.0,3.0,,former,2.0,female,5.6
4834.0,0.917241845217,0.0507339909762,6.589726936,50.0,1.0178334471774502,-0.1005916019604501,6.860479693028624,-0.2707527570286236,-0.460782942959474,-1.0605010509556514,0.5997181079961773,0.5997181079961773,0.05531146582633,9.4,32.4,8.2,55.5,3.2,0.7,0.23,20.47,86.4,2.0,,,never,2.0,female,6.1
4803.0,0.917535766968,0.0523248472595,6.488257524,50.0,1.0178334471774502,-0.1002976802094501,6.860479693028624,-0.3722221690286238,-0.4594365668526613,-1.4579426845951418,0.9985061177424804,0.9985061177424804,0.0570275831670384,7.1,36.8,12.6,48.6,1.5,0.4,0.73,21.71,89.6,1.0,1.0,50.0,current,2.0,female,6.4
8514.0,0.917763723954,0.0480576553133,6.687922028,78.0,0.8586031148197276,0.0591606091342723,6.353302726101847,0.3346193018981527,0.2709987618537293,1.3106574619128313,-1.039658700059102,1.039658700059102,0.0523638645317699,7.6,19.5,6.2,70.5,3.3,0.5,0.31,28.85,100.7,2.0,,,never,2.0,female,7.4
5321.0,0.917916851282,0.0245990151274,6.543516831,76.0,0.8699767099881364,0.0479401412938635,6.389529652310903,0.1539871786890971,0.2196008310908962,0.6031464522306563,-0.3835456211397601,0.3835456211397601,0.0267987400961688,5.9,36.1,6.9,50.1,5.4,1.6,0.35,20.57,70.6,2.0,,,never,2.0,female,5.5
7566.0,0.919048046964,0.135286866681,7.014350479,56.0,0.9837126616722238,-0.0646646147082238,6.751798914401458,0.2625515645985423,-0.2962111238899543,1.028378116043963,-1.324589239933917,1.324589239933917,0.1472032579013786,6.9,33.1,8.2,53.6,4.6,0.5,0.37,22.79,84.5,2.0,,,never,2.0,female,5.5
7398.0,0.91954453498,0.0605911272335,6.52334068,78.0,0.8586031148197276,0.0609414201602723,6.353302726101847,0.1700379538981522,0.2791561758865388,0.6660151157473727,-0.3868589398608338,0.3868589398608338,0.0658925423713358,7.0,20.5,8.4,69.7,0.9,0.4,5.85,40.2,111.1,2.0,,,never,2.0,female,5.5
7992.0,0.920198861505,0.0403047105132,6.734450491,53.0,1.000773054424837,-0.080574192919837,6.806139303715041,-0.071688812715041,-0.369088601996659,-0.2807951507508619,-0.088293451245797,0.088293451245797,0.0438000004121728,8.2,21.0,8.5,69.2,1.0,0.4,14.0,38.47,129.8,2.0,,,never,1.0,male,13.0
6872.0,0.92048635139,0.0573436549681,6.278020702,82.0,0.8358559244829101,0.0846304269070898,6.280848873683736,-0.0028281716837357,0.3876691136651526,-0.0110775567931434,0.3987466704582961,0.3987466704582961,0.0622971268194329,9.4,14.4,6.9,73.8,4.6,0.4,0.53,29.39,106.7,1.0,3.0,,former,1.0,male,6.7
6304.0,0.921182236907,0.0657711314331,6.466837787,71.0,0.8984106979091583,0.0227715389978416,6.480096967833541,-0.0132591808335407,0.1043102659729723,-0.0519343749740447,0.156244640947017,0.156244640947017,0.0713986101750462,7.1,22.7,7.9,66.8,1.7,0.9,0.65,24.21,85.1,2.0,,,never,2.0,female,5.8
5962.0,0.921857181951,0.0547226684604,6.506794719,81.0,0.8415427220671146,0.0803144598838854,6.298962336788264,0.2078323822117358,0.3678988351537307,0.8140506570533699,-0.4461518218996392,0.4461518218996392,0.0593613300756479,6.3,34.5,7.8,53.7,3.2,0.9,0.38,31.7,106.4,2.0,,,never,2.0,female,6.3
9828.0,0.922160347668,0.0568558076797,7.053615594,68.0,0.9154710906617712,0.0066892570062286,6.534437357147125,0.5191782368528752,0.0306416785245572,2.0335492493528653,-2.002907570828308,2.002907570828308,0.061655012410238,7.9,39.5,7.3,51.2,1.2,0.9,1.0,30.51,100.1,1.0,1.0,3.0,current,2.0,female,5.3
855.0,0.922214653276,0.0404087061417,6.649787283,56.0,0.9837126616722238,-0.0614980083962237,6.751798914401458,-0.1020116314014574,-0.2817057561733618,-0.3995654319394764,0.1178596757661145,0.1178596757661145,0.0438170289293879,8.2,45.3,6.9,44.8,2.4,0.6,0.37,23.330000000000002,81.8,2.0,,,never,2.0,female,5.1
9741.0,0.922290046212,0.0154515322565,6.958734558,57.0,0.9780258640880196,-0.0557358178760195,6.73368545129693,0.2250491067030697,-0.2553107186747364,0.8814861824288078,-1.136796901103544,1.136796901103544,0.01675344141462,6.4,32.1,7.4,56.2,3.9,0.4,0.56,20.39,82.6,2.0,,,never,2.0,female,5.3
3730.0,0.922547450969,0.0723728454886,6.298379013,72.0,0.8927239003249539,0.0298235506440461,6.461983504729013,-0.1636044917290133,0.1366136254661454,-0.6408161354432352,0.7774297609093807,0.7774297609093807,0.0784489138337361,9.3,25.0,9.0,63.2,2.2,0.8,0.95,32.93,101.6,2.0,,,never,2.0,female,5.8
7471.0,0.923431711506,0.0930123237086,6.461699566,67.0,0.9211578882459758,0.0022738232600242,6.5525508202516525,-0.0908512542516524,0.0104157698366868,-0.3558517803175341,0.366267550154221,0.366267550154221,0.1007246367540364,6.7,33.6,7.7,56.2,1.3,1.2,0.54,28.98,86.6,2.0,,,never,2.0,female,5.5
2819.0,0.923585192413,0.0368703881486,6.600219395,68.0,0.9154710906617712,0.0081141017512286,6.534437357147125,0.065782037852875,0.0371685072266147,0.2576591316837571,-0.2204906244571424,0.2204906244571424,0.0399209390227129,7.8,30.5,10.6,50.9,7.9,0.3,0.29,32.24,106.3,2.0,,,never,2.0,female,5.7
6999.0,0.924043704436,0.110243613197,6.653813283,54.0,0.9950862568406328,-0.0710425524046326,6.788025840610513,-0.1342125576105131,-0.3254267327925632,-0.5256920001828378,0.2002652673902745,0.2002652673902745,0.1193056266362296,6.9,40.6,8.9,44.9,5.6,0.1,0.21,39.6,107.8,2.0,,,never,2.0,female,5.7
1173.0,0.92415852628,0.0742833237111,6.47751337,68.0,0.9154710906617712,0.0086874356182286,6.534437357147125,-0.0569239871471252,0.0397947947236411,-0.2229633738788863,0.2627581686025275,0.2627581686025275,0.0803794171657014,7.8,30.7,9.1,58.0,1.8,0.3,0.54,39.03,134.2,1.0,3.0,,former,1.0,male,7.4
5946.0,0.925172518891,0.082981004747,6.471784494,78.0,0.8586031148197276,0.0665694040712724,6.353302726101847,0.1184817678981531,0.3049364491787246,0.4640766755397855,-0.1591402263610608,0.1591402263610608,0.0896924660564593,6.5,25.9,7.7,63.8,1.7,0.9,0.06,21.79,89.0,2.0,,,never,2.0,female,5.4
443.0,0.925389678234,0.0468454800373,6.675018522,53.0,1.000773054424837,-0.075383376190837,6.806139303715041,-0.1311207817150403,-0.3453108734175644,-0.513581942200597,0.1682710687830326,0.1682710687830326,0.0506224362980784,5.9,36.0,9.1,51.9,2.7,0.4,0.36,26.5,100.0,1.0,1.0,10.0,current,1.0,male,5.5
5891.0,0.926310177379,0.0757274783336,6.152402769,77.0,0.864289912403932,0.0620202649750679,6.371416189206375,-0.2190134202063749,0.2840980724173599,-0.8578452343430714,1.1419433067604312,1.1419433067604312,0.0817517503131309,3.8,40.4,9.3,45.8,4.1,0.5,1.54,,,1.0,1.0,5.0,current,1.0,male,5.1
4755.0,0.927041482933,0.0576399089606,6.91019553,63.0,0.9439050785827932,-0.0168635956497932,6.625004672669763,0.2851908573302371,-0.0772475741607678,1.117053090209846,-1.194300664370614,1.194300664370614,0.0621761917042128,4.1,35.9,10.9,48.4,4.1,0.8,0.28,30.740000000000002,111.0,2.0,,,never,1.0,male,5.7
9452.0,0.927398484883,0.051029902431,5.577877219,79.0,0.8529163172355232,0.0744821676474768,6.33518926299732,-0.7573120439973193,0.3411826806386783,-2.966286391224536,3.3074690718632143,3.3074690718632143,0.0550247852059386,9.1,20.0,8.0,64.6,6.4,0.9,0.14,23.490000000000002,96.6,1.0,3.0,,former,1.0,male,5.4
3450.0,0.927572441831,0.0270020363536,6.60491449,85.0,0.8187955317302971,0.1087769101007029,6.226508484370153,0.3784060056298468,0.4982776274101572,1.4821639161220352,-0.983886288711878,0.983886288711878,0.0291104340058861,13.2,5.7,4.5,88.9,0.4,0.5,3.36,25.86,95.8,2.0,,,never,2.0,female,6.9
1987.0,0.927637671311,0.035270104555,6.975949236,66.0,0.9268446858301802,0.0007929854808197,6.57066428335618,0.4052849526438198,0.0036324521774682,1.5874450289340687,-1.5838125767566005,1.5838125767566005,0.0380214232838926,5.5,39.8,8.0,49.7,1.7,0.9,0.27,27.150000000000002,93.0,1.0,3.0,,former,2.0,female,5.4
2615.0,0.927815308436,0.016274038843,6.2959971,72.0,0.8927239003249539,0.0350914081110461,6.461983504729013,-0.1659864047290131,0.1607442568451909,-0.6501457587774776,0.8108900156226685,0.8108900156226685,0.0175401706514552,10.7,20.8,7.6,68.7,2.3,0.6,0.08,28.09,102.5,2.0,,,never,1.0,male,6.7
1822.0,0.927850068412,0.0411055757087,6.414483883,78.0,0.8586031148197276,0.0692469535922724,6.353302726101847,0.0611811568981526,0.3172015799069457,0.2396381181902947,0.0775634617166509,0.0775634617166509,0.0443019590213012,9.7,30.3,8.4,52.6,7.4,1.4,0.14,24.3,96.0,1.0,3.0,,former,1.0,male,5.4
9286.0,0.928289218413,0.0337571423259,6.192162219,76.0,0.8699767099881364,0.0583125084248636,6.389529652310903,-0.1973674333109025,0.2671138417093917,-0.7730609015682296,1.0401747432776212,1.0401747432776212,0.0363648975516607,4.1,21.2,9.3,65.7,3.4,0.5,0.51,23.490000000000002,90.5,2.0,,,never,2.0,female,5.3
1638.0,0.929458578434,0.0380635660929,6.587491454,62.0,0.9495918761669976,-0.0201332977329976,6.643118135774291,-0.0556266817742905,-0.0922251957428559,-0.2178820084058243,0.1256568126629683,0.1256568126629683,0.0409524071067604,5.7,31.2,7.3,54.3,6.9,0.4,0.08,30.25,102.6,2.0,,,never,1.0,male,5.4
2678.0,0.9298869545,0.0547908769574,6.50586639,78.0,0.8586031148197276,0.0712838396802724,6.353302726101847,0.1525636638981531,0.3265320045926055,0.5975707419464301,-0.2710387373538245,0.2710387373538245,0.058922083692271,5.3,30.0,13.1,55.2,1.3,0.4,1.55,26.91,99.4,2.0,,,never,2.0,female,6.6
7940.0,0.930179914441,0.0578541649251,6.926140813,52.0,1.0064598520090415,-0.0762799375680415,6.824252766819568,0.1018880461804316,-0.3494177787842223,0.3990813657448466,-0.748499144529069,0.748499144529069,0.0621967471312987,12.0,18.8,5.2,74.9,0.8,0.4,0.32,34.33,115.4,1.0,3.0,,former,1.0,male,6.1
5654.0,0.930840072872,0.0286591911172,6.452000356,82.0,0.8358559244829101,0.0949841483890898,6.280848873683736,0.1711514823162643,0.4350967136047026,0.6703766523412623,-0.2352799387365597,0.2352799387365597,0.0307885231334909,6.6,25.7,8.1,63.7,1.7,0.8,0.21,27.61,106.0,1.0,3.0,,former,2.0,female,8.0
2336.0,0.931105771355,0.114100312416,6.83701718,63.0,0.9439050785827932,-0.0127993072277933,6.625004672669763,0.212012507330237,-0.0586301673034682,0.8304236282095896,-0.8890537955130579,0.8890537955130579,0.1225428044012169,7.6,32.8,7.7,58.0,1.1,0.4,1.76,23.67,90.0,1.0,3.0,,former,2.0,female,5.1
83.0,0.935084216526,0.0568695599548,6.556599992,60.0,0.9609654713354064,-0.0258812548094062,6.679345061983346,-0.1227450699833463,-0.1185550336821467,-0.4807754393548141,0.3622204056726673,0.3622204056726673,0.0608175808656895,8.0,37.8,7.3,51.9,2.3,0.6,0.45,32.14,111.4,1.0,3.0,,former,2.0,female,8.6
6512.0,0.935415658656,0.0133891350907,6.590926397,69.0,0.909784293077567,0.0256313655784329,6.516323894042596,0.0746025029574033,0.1174103586494631,0.2922076718941195,-0.1747973132446564,0.1747973132446564,0.0143135674144448,7.0,42.9,7.5,47.0,2.2,0.4,0.08,20.580000000000002,85.4,1.0,1.0,10.0,current,1.0,male,5.0
1650.0,0.936516880975,0.0714098374596,6.914069023,68.0,0.9154710906617712,0.0210457903132286,6.534437357147125,0.3796316658528749,0.0964050776450531,1.4869646574659114,-1.3905595798208583,1.3905595798208583,0.0762504541138178,9.3,22.1,5.3,69.7,1.9,0.9,0.13,26.12,94.3,1.0,1.0,4.0,current,2.0,female,5.2
7251.0,0.936746699334,0.0672458383003,6.567804921,70.0,0.9040974954933628,0.0326492038406373,6.4982104309380695,0.06959449006193,0.1495571791061403,0.2725919789751094,-0.1230347998689691,0.1230347998689691,0.0717865761876821,5.4,24.0,8.6,63.7,2.8,0.9,0.29,23.25,77.8,1.0,3.0,,former,2.0,female,5.0
3870.0,0.936884841972,0.0698838244102,6.324930456,62.0,0.9495918761669976,-0.0127070341949977,6.643118135774291,-0.3181876797742911,-0.0582074894776984,-1.246297073776805,1.1880895842991066,1.1880895842991066,0.0745916907600993,9.9,44.3,8.4,45.3,1.5,0.6,0.6,28.45,108.6,1.0,3.0,,former,1.0,male,5.7
2500.0,0.937336475091,0.0813671860605,6.759697472,50.0,1.0178334471774502,-0.0804969720864501,6.860479693028624,-0.1007822210286235,-0.3687348742284125,-0.3947500017781937,0.0260151275497811,0.0260151275497811,0.0868068065446835,9.3,18.3,5.7,71.9,3.7,0.4,4.63,62.47,146.1,2.0,,,never,2.0,female,6.5
6161.0,0.937684204973,0.0521672621748,6.49463253,62.0,0.9495918761669976,-0.0119076711939977,6.643118135774291,-0.1484856057742911,-0.0545458236038561,-0.5815975530722846,0.5270517294684285,0.5270517294684285,0.0556341483605369,8.8,19.8,9.0,69.9,0.8,0.5,0.37,28.63,101.4,1.0,1.0,12.0,current,1.0,male,7.5
2140.0,0.938383970545,0.0986435971502,6.622584943,64.0,0.9382182809985888,0.0001656895464111,6.6068912095652355,0.0156937334347642,0.0007589790332892,0.0614701803358766,-0.0607112013025874,0.0607112013025874,0.1051207184335312,11.1,23.8,8.4,66.1,1.0,0.7,0.42,20.67,82.5,1.0,1.0,20.0,current,2.0,female,5.1
8881.0,0.939773049871,0.0979002666207,6.420593448,72.0,0.8927239003249539,0.0470491495460461,6.461983504729013,-0.0413900567290133,0.2155194386912268,-0.1621191198270686,0.3776385585182955,0.3776385585182955,0.1041743712847889,6.6,26.5,8.5,60.1,4.3,0.6,0.95,31.310000000000002,109.6,2.0,,,never,1.0,male,8.0
4033.0,0.940063062425,0.0959044370377,6.806534964,64.0,0.9382182809985888,0.0018447814264112,6.6068912095652355,0.1996437544347644,0.0084504451486212,0.7819769361477514,-0.7735264909991302,0.7735264909991302,0.1020191526197227,7.1,41.5,7.3,47.8,3.0,0.4,10.3,43.12,119.6,2.0,,,never,2.0,female,7.7
3478.0,0.94075172578,0.0226453198114,7.127441251,51.0,1.012146649593246,-0.0713949238132458,6.842366229924096,0.2850750210759036,-0.3270408509844518,1.1165993756445447,-1.4436402266289965,1.4436402266289965,0.0240715155665797,7.6,24.1,6.7,67.1,1.5,0.6,0.55,36.53,122.5,1.0,3.0,,former,1.0,male,5.5
6670.0,0.941428910122,0.0754388910885,6.947708424,52.0,1.0064598520090415,-0.0650309418870415,6.824252766819568,0.1234556571804317,-0.2978891696934997,0.4835587109919151,-0.7814478806854149,0.7814478806854149,0.0801323289282924,4.4,42.2,8.6,46.3,1.8,1.0,0.05,26.52,91.6,2.0,,,never,2.0,female,5.2
9399.0,0.94191836091,0.026568197039,6.101884178,60.0,0.9609654713354064,-0.0190471104254063,6.679345061983346,-0.5774608839833464,-0.0872496652369002,-2.2618343062167834,2.1745846409798832,2.1745846409798832,0.0282064753609135,10.0,11.2,4.6,81.6,2.2,0.5,0.19,29.48,103.7,1.0,3.0,,former,1.0,male,5.2
4049.0,0.94260235685,0.0666000597224,6.264609652,85.0,0.8187955317302971,0.1238068251197029,6.226508484370153,0.038101167629847,0.5671256061669583,0.149236996725461,0.4178886094414973,0.4178886094414973,0.0706555200487349,8.8,14.9,11.1,72.9,0.4,0.7,0.32,19.45,76.0,1.0,3.0,,former,1.0,male,5.8
9668.0,0.942641747191,0.0649507078444,6.113581754,69.0,0.909784293077567,0.0328574541134329,6.516323894042596,-0.4027421400425961,0.1505111173246472,-1.5774851841458737,1.7279963014705206,1.7279963014705206,0.0689028552341842,8.4,20.8,7.6,69.7,1.5,0.5,0.17,26.26,110.3,1.0,3.0,,former,1.0,male,6.2
8618.0,0.94274595821,0.0827449311072,6.414970727,71.0,0.8984106979091583,0.0443352603008416,6.480096967833541,-0.0651262408335409,0.2030878455075032,-0.2550904655846565,0.4581783110921598,0.4581783110921598,0.0877701255429495,4.9,32.0,9.9,50.9,6.2,0.9,0.39,25.11,84.4,1.0,3.0,,former,2.0,female,5.2
1534.0,0.943791074566,0.0652502517297,6.348225673,60.0,0.9609654713354064,-0.0171743967694063,6.679345061983346,-0.3311193889833461,-0.0786712700934237,-1.296948787751433,1.2182775176580092,1.2182775176580092,0.0691363305800546,7.6,33.3,7.6,54.2,4.4,0.6,0.15,31.01,111.2,1.0,3.0,,former,1.0,male,5.3
6147.0,0.943804549065,0.0391266735467,6.307036956,70.0,0.9040974954933628,0.0397070535716372,6.4982104309380695,-0.1911734749380693,0.1818872812879761,-0.7488000244637696,0.9306873057517456,0.9306873057517456,0.0414563307471463,8.1,25.6,8.6,61.8,2.8,1.1,1.51,28.32,108.9,1.0,1.0,30.0,current,1.0,male,5.6
4614.0,0.944927227334,0.0182190163759,6.715859229,73.0,0.8870371027407495,0.0578901245932504,6.443870041624486,0.2719891873755147,0.2651790155291132,1.065343977383074,-0.8001649618539607,0.8001649618539607,0.0192808671915431,6.9,40.4,6.2,50.2,2.6,0.7,0.46,38.59,114.6,2.0,,,never,2.0,female,6.1
9099.0,0.945479992405,0.0816209809309,6.165554011,79.0,0.8529163172355232,0.0925636751694768,6.33518926299732,-0.1696352519973194,0.4240091799363711,-0.6644377881746386,1.0884469681110098,1.0884469681110098,0.0863275601668547,3.6,34.6,12.5,47.7,4.2,1.0,0.06,24.98,95.0,1.0,3.0,,former,2.0,female,5.3
8910.0,0.945551120349,0.0686604589973,6.310220296,62.0,0.9495918761669976,-0.0040407558179976,6.643118135774291,-0.332897839774291,-0.0185096103582249,-1.3039147331902472,1.2854051228320222,1.2854051228320222,0.0726142220337676,6.5,31.7,8.2,50.5,8.8,0.8,0.03,16.88,75.7,1.0,3.0,,former,1.0,male,5.2
1030.0,0.945696439465,0.0566564794252,6.972789164,69.0,0.909784293077567,0.035912146387433,6.516323894042596,0.4564652699574036,0.1645038370787546,1.7879112435534874,-1.6234074064747328,1.6234074064747328,0.0599097945819186,8.3,31.1,6.3,58.5,3.3,0.9,1.64,38.51,113.7,1.0,3.0,,former,2.0,female,7.9
4273.0,0.946524901895,0.0838307949489,6.908303398,51.0,1.012146649593246,-0.0656217476982458,6.842366229924096,0.0659371680759042,-0.3005954914450045,0.2582667552823601,-0.5588622467273646,0.5588622467273646,0.0885669196669476,8.0,26.6,7.6,59.4,5.9,0.5,0.17,48.93,142.2,2.0,,,never,2.0,female,7.9
1295.0,0.946594849155,0.0220261983911,6.358699892,60.0,0.9609654713354064,-0.0143706221804063,6.679345061983346,-0.3206451699833463,-0.0658279364419486,-1.2559227225717344,1.1900947861297857,1.1900947861297857,0.0232688762365041,6.1,33.7,8.5,55.6,1.8,0.4,0.25,34.35,111.0,1.0,3.0,,former,1.0,male,6.3
5936.0,0.947275466812,0.0266786800358,6.201412432,66.0,0.9268446858301802,0.0204307809818198,6.57066428335618,-0.3692518513561804,0.0935878861086711,-1.4463083616509609,1.539896247759632,1.539896247759632,0.0281635922923091,8.1,31.5,8.3,56.3,3.3,0.6,0.16,23.89,93.2,1.0,3.0,,former,1.0,male,5.1
7848.0,0.947822593709,0.0460507141547,6.397331848,83.0,0.8301691268987057,0.1176534668102943,6.262735410579208,0.1345964374207922,0.5389387347419635,0.5271956042336677,0.0117431305082957,0.0117431305082957,0.0485857949160035,8.4,39.4,7.9,50.7,1.2,0.9,0.07,30.240000000000002,107.5,2.0,,,never,2.0,female,6.3
4669.0,0.948542194157,0.0656125554664,6.828835103,61.0,0.955278673751202,-0.0067364795942019,6.661231598878818,0.1676035041211818,-0.0308579924378106,0.6564797131338994,-0.6873377055717101,0.6873377055717101,0.0691719945307356,7.8,36.7,7.7,52.6,2.0,1.0,0.08,25.27,86.1,2.0,,,never,2.0,female,5.9
7085.0,0.94872949199,0.0734091856498,6.317546555,60.0,0.9609654713354064,-0.0122359793454063,6.679345061983346,-0.3617985069833462,-0.0560497145177628,-1.4171146440051257,1.361064929487363,1.361064929487363,0.0773763082834298,6.0,36.6,7.6,51.3,3.6,1.0,0.76,27.57,91.0,1.0,3.0,,former,2.0,female,5.1
7758.0,0.949094361392,0.0584537807497,6.247432379,85.0,0.8187955317302971,0.1302988296617029,6.226508484370153,0.0209238946298473,0.596863724461815,0.0819559973776833,0.5149077270841317,0.5149077270841317,0.0615890085617705,5.4,24.5,9.3,64.1,2.0,0.2,0.18,25.84,96.2,2.0,,,never,2.0,female,6.2
7985.0,0.949846055758,0.0666980850028,6.248836499,81.0,0.8415427220671146,0.1083033336908854,6.298962336788264,-0.050125837788264,0.4961083018642963,-0.196335964360528,0.6924442662248242,0.6924442662248242,0.0702198894215266,6.1,22.1,11.4,64.4,1.5,0.6,0.47,29.07,99.7,1.0,3.0,,former,1.0,male,5.2
8852.0,0.951176033753,0.0782105818016,6.601325991,67.0,0.9211578882459758,0.0300181455070241,6.5525508202516525,0.0487751707483479,0.1375050119427527,0.1910455886279152,-0.0535405766851625,0.0535405766851625,0.0822251392237134,8.0,15.7,5.4,75.6,2.7,0.7,0.3,38.5,124.1,1.0,3.0,,former,1.0,male,6.4
8099.0,0.95145540545,0.0664869457646,6.333004558,68.0,0.9154710906617712,0.0359843147882286,6.534437357147125,-0.2014327991471249,0.1648344210187574,-0.7889843765095292,0.9538187975282868,0.9538187975282868,0.0698792033591467,6.4,22.6,12.6,61.9,2.2,0.7,0.22,31.96,111.2,2.0,,,never,1.0,male,5.7
6373.0,0.951605846307,0.0554599545802,7.128542385,51.0,1.012146649593246,-0.0605408032862458,6.842366229924096,0.2861761550759043,-0.2773210582562845,1.1209123650192765,-1.3982334232755609,1.3982334232755609,0.0582803844631991,9.0,22.1,6.6,67.9,3.2,0.3,0.4,38.6,126.1,2.0,,,never,1.0,male,5.4
3886.0,0.951855387472,0.0660709991045,6.633225326,66.0,0.9268446858301802,0.0250107016418198,6.57066428335618,0.0625610426438196,0.114567264894839,0.2450429395466435,-0.1304756746518045,0.1304756746518045,0.0694128540680698,6.6,9.0,9.9,62.9,16.4,1.8,0.05,19.3,86.2,1.0,3.0,,former,1.0,male,5.5
987.0,0.952190320431,0.0856174722766,6.773306244,66.0,0.9268446858301802,0.0253456346008198,6.57066428335618,0.2026419606438194,0.1161015022619188,0.7937204946273737,-0.6776189923654549,0.6776189923654549,0.0899163438647917,7.9,23.8,7.1,65.6,2.9,0.6,0.36,29.310000000000002,107.3,1.0,2.0,,current,1.0,male,5.7
4842.0,0.952244186877,0.040950689676,7.11164094,53.0,1.000773054424837,-0.048528867547837,6.806139303715041,0.3055016362849594,-0.222297626952742,1.1966075984024769,-1.4189052253552188,1.4189052253552188,0.0430043997541247,3.7,28.1,9.6,59.8,2.3,0.4,0.21,23.21,85.0,1.0,3.0,,former,2.0,female,5.5
2529.0,0.952522368632,0.0242378068187,6.886458485,52.0,1.0064598520090415,-0.0539374833770415,6.824252766819568,0.062205718180432,-0.2470730343480622,0.2436511828347702,-0.4907242171828324,0.4907242171828324,0.0254459187698762,10.5,37.4,9.1,50.7,2.0,0.8,0.28,19.91,,1.0,1.0,16.0,current,1.0,male,5.4
2326.0,0.953054003137,0.0461215525774,6.873517025,56.0,0.9837126616722238,-0.0306586585352238,6.751798914401458,0.1217181105985423,-0.1404390290215717,0.4767529816748789,-0.6171920106964507,0.6171920106964507,0.0483934304095988,3.8,27.3,8.8,60.5,3.0,0.4,0.08,25.84,88.1,2.0,,,never,2.0,female,5.5
5230.0,0.953474496203,0.0434456974562,6.724190607,55.0,0.9893994592564282,-0.0359249630534282,6.769912377505985,-0.0457217705059855,-0.1645625467618806,-0.1790858427640119,0.0145232960021312,0.0145232960021312,0.045565662877416,7.9,35.0,8.2,52.9,3.3,0.6,0.58,26.45,96.5,1.0,3.0,,former,2.0,female,5.5
8717.0,0.953853969527,0.0575499894344,6.712749403,63.0,0.9439050785827932,0.0099488909442067,6.625004672669763,0.087744730330237,0.0455731806543536,0.3436839563602267,-0.2981107757058731,0.2981107757058731,0.060334171972821,5.3,34.5,7.5,56.2,0.9,0.9,0.08,24.89,89.5,2.0,,,never,2.0,female,5.4
8501.0,0.954104400644,0.0749861271254,6.990485114,54.0,0.9950862568406328,-0.0409818561966326,6.788025840610513,0.2024592733894872,-0.1877268075882807,0.7930049339537105,-0.9807317415419912,0.9807317415419912,0.0785932095845967,3.9,50.9,10.5,32.2,5.5,0.9,0.17,34.81,111.2,1.0,3.0,,former,1.0,male,7.3
5341.0,0.954230857527,0.0672750744501,6.766641912,52.0,1.0064598520090415,-0.0522289944820415,6.824252766819568,-0.0576108548195684,-0.2392469084517753,-0.2256537394230364,-0.0135931690287388,0.0135931690287388,0.0705018852821959,9.5,31.8,9.9,54.2,3.8,0.3,0.13,32.94,107.0,1.0,1.0,40.0,current,2.0,female,5.1
9937.0,0.954421559496,0.0894437989662,7.058691647,51.0,1.012146649593246,-0.0577250900972458,6.842366229924096,0.2163254170759039,-0.2644230371047039,0.8473166983602033,-1.1117397354649072,1.1117397354649072,0.0937151912341884,4.8,34.6,8.6,51.6,4.1,1.1,0.36,37.78,107.5,2.0,,,never,2.0,female,5.4
2139.0,0.954993409999,0.00991011855234,6.51084152,81.0,0.8415427220671146,0.1134506879318854,6.298962336788264,0.2118791832117352,0.5196869405319202,0.82990141610235,-0.3102144755704298,0.3102144755704298,0.0103771590972029,11.8,15.3,2.8,80.9,0.7,0.4,1.22,31.93,109.2,2.0,,,never,2.0,female,5.8
4461.0,0.955187372853,0.0588458468005,6.393200602,80.0,0.8472295196513189,0.1079578532016811,6.317075799892791,0.0761248021072091,0.4945257491118985,0.2981703068307134,0.196355442281185,0.196355442281185,0.0616066004146771,7.6,12.7,7.5,78.4,1.3,0.1,0.64,29.900000000000002,114.3,2.0,,,never,1.0,male,5.1
3711.0,0.955306676682,0.0585467020919,6.647049137,66.0,0.9268446858301802,0.0284619908518197,6.57066428335618,0.0763848536438196,0.1303766880295188,0.2991888926833734,-0.1688122046538545,0.1688122046538545,0.0612857666767766,5.6,36.6,8.7,51.3,2.7,0.8,0.07,28.04,99.5,2.0,,,never,1.0,male,5.3
4078.0,0.955911160466,0.0835773696892,6.593671587,62.0,0.9495918761669976,0.0063192842990023,6.643118135774291,-0.0494465487742905,0.0289469335406023,-0.1936752833719854,0.2226222169125878,0.2226222169125878,0.0874321518000235,5.7,26.4,6.4,65.7,1.1,0.4,0.16,27.5,96.6,1.0,3.0,,former,1.0,male,5.9
3547.0,0.956264136317,0.049067883092,6.581416701,69.0,0.909784293077567,0.0464798432394329,6.516323894042596,0.0650928069574039,0.2129116003598548,0.2549595097223048,-0.04204790936245,0.04204790936245,0.0513120603696195,8.4,27.9,6.7,62.1,2.8,0.6,2.32,32.47,112.1,1.0,3.0,,former,2.0,female,6.7
9849.0,0.957016514821,0.0407515660593,6.497277513,60.0,0.9609654713354064,-0.0039489565144062,6.679345061983346,-0.1820675489833458,-0.0180891025579107,-0.7131333736385382,0.6950442710806275,0.6950442710806275,0.0425818838318815,7.8,26.3,6.4,61.8,3.6,2.0,0.37,24.19,92.5,2.0,,,never,1.0,male,5.1
5747.0,0.957455890453,0.0584193257625,6.814695157,52.0,1.0064598520090415,-0.0490039615560415,6.824252766819568,-0.0095576098195682,-0.224473904206672,-0.0374358339671665,-0.1870380702395054,0.1870380702395054,0.0610151614763789,4.8,38.8,8.7,48.2,3.4,0.9,0.28,29.41,103.6,2.0,,,never,2.0,female,5.4
8314.0,0.957894825292,0.0543193054651,6.397613523,70.0,0.9040974954933628,0.0537973297986372,6.4982104309380695,-0.100596907938069,0.2464310286829292,-0.3940241560677174,0.6404551847506467,0.6404551847506467,0.0567069620075894,6.8,30.3,12.9,51.3,4.7,0.8,3.19,27.5,96.4,2.0,,,never,1.0,male,5.2
6847.0,0.958904501608,0.0895798953329,6.577649548,85.0,0.8187955317302971,0.1401089698777029,6.226508484370153,0.3511410636298473,0.6418013255286601,1.3753709144087136,-0.7335695888800535,0.7335695888800535,0.0934189955127776,8.8,31.3,16.4,46.3,5.6,0.4,0.49,25.67,90.9,1.0,3.0,,former,2.0,female,4.3
5438.0,0.959710483554,0.0358920863225,6.377011716,81.0,0.8415427220671146,0.1181677614868854,6.298962336788264,0.0780493792117358,0.5412945796635031,0.3057086088018358,0.2355859708616673,0.2355859708616673,0.0373988686562893,5.3,17.4,9.1,60.7,12.3,0.6,0.24,29.36,110.5,2.0,,,never,2.0,female,5.2
1505.0,0.959813054802,0.0703859224901,6.170594171,80.0,0.8472295196513189,0.112583535150681,6.317075799892791,-0.1464816288927908,0.5157147479956495,-0.5737482531713523,1.089463001167002,1.089463001167002,0.0733329497217767,6.3,28.8,8.3,61.1,1.6,0.3,0.16,27.560000000000002,98.6,1.0,3.0,,former,1.0,male,5.7
531.0,0.960026909825,0.0554543120225,6.608583529,69.0,0.909784293077567,0.050242616747433,6.516323894042596,0.0922596349574034,0.2301478488827473,0.3613682124860778,-0.1312203636033305,0.1312203636033305,0.0577632891901004,5.3,23.8,11.9,60.9,2.9,0.6,0.03,25.62,98.4,1.0,3.0,,former,1.0,male,5.1
8573.0,0.960090306587,0.0428746284045,6.334028883,67.0,0.9211578882459758,0.0389324183410242,6.5525508202516525,-0.2185219372516522,0.1783388866474144,-0.8559201636781212,1.0342590503255356,1.0342590503255356,0.0446568704114031,5.6,30.2,12.2,56.3,0.8,0.6,0.21,31.01,97.9,1.0,3.0,,former,1.0,male,5.8
1058.0,0.961101298168,0.0375660993462,6.476500706,61.0,0.955278673751202,0.005822624416798,6.661231598878818,-0.184730892878818,0.026671868846216,-0.7235653228131351,0.7502371916593511,0.7502371916593511,0.0390865139999357,5.5,32.1,7.5,56.2,4.0,0.3,0.08,26.34,98.2,1.0,1.0,10.0,current,1.0,male,5.6
9511.0,0.961244060716,0.0494400245173,6.813098137,52.0,1.0064598520090415,-0.0452157912930415,6.824252766819568,-0.0111546298195683,-0.2071213200127846,-0.0436911401253909,-0.1634301798873936,0.1634301798873936,0.0514333732064609,8.9,33.8,8.6,56.0,0.9,0.8,0.12,24.38,91.8,1.0,1.0,40.0,current,2.0,female,5.6
6518.0,0.961378650185,0.0626642082836,6.608257692,51.0,1.012146649593246,-0.0507679994082458,6.842366229924096,-0.2341085379240963,-0.2325544848633969,-0.916970719821509,0.6844162349581121,0.6844162349581121,0.0651816100467192,7.2,27.3,9.8,60.1,2.3,0.6,0.04,24.240000000000002,76.5,2.0,,,never,2.0,female,4.4
1682.0,0.961386671657,0.0353737892432,7.032355075,52.0,1.0064598520090415,-0.0450731803520415,6.824252766819568,0.2081023081804316,-0.2064680578337208,0.8151079196889331,-1.021575977522654,1.021575977522654,0.0367945492548086,8.0,22.3,8.4,67.4,1.5,0.5,0.69,34.45,101.0,2.0,,,never,2.0,female,6.2
3215.0,0.961570671156,0.0478504587672,7.135575644,55.0,0.9893994592564282,-0.0278287881004282,6.769912377505985,0.3656632664940149,-0.1274761573531015,1.4322523717525173,-1.5597285291056189,1.5597285291056189,0.0497628101631616,5.7,32.0,12.6,52.8,1.4,1.3,0.2,32.37,104.5,2.0,,,never,2.0,female,6.0
340.0,0.962370137257,0.0524721363944,6.486560081,72.0,0.8927239003249539,0.0696462369320461,6.461983504729013,0.024576576270987,0.3190305889771859,0.0962630454821855,0.2227675434950003,0.2227675434950003,0.0545238618313312,9.4,19.0,8.4,68.5,4.0,0.1,0.25,29.09,106.5,1.0,3.0,,former,1.0,male,5.4
4830.0,0.963009367656,0.0473965623543,6.851562563,55.0,0.9893994592564282,-0.0263900916004282,6.769912377505985,0.0816501854940146,-0.1208858775049278,0.3198124683102383,-0.4406983458151662,0.4406983458151662,0.0492171353116376,5.7,42.0,7.2,48.2,1.9,0.6,0.6,39.21,121.2,1.0,1.0,10.0,current,2.0,female,9.5
6574.0,0.963096461662,0.0848705660029,6.457041082,50.0,1.0178334471774502,-0.0547369855154501,6.860479693028624,-0.4034386110286236,-0.2507353375727704,-1.5802131645393076,1.3294778269665373,1.3294778269665373,0.088122601817517,7.5,43.3,7.3,37.6,11.3,0.6,0.12,28.310000000000002,102.0,2.0,,,never,1.0,male,5.7
9809.0,0.96326388394,0.0475624195501,6.121109422,80.0,0.8472295196513189,0.116034364288681,6.317075799892791,-0.1959663778927911,0.5315220636648355,-0.767573161536843,1.2990952252016783,1.2990952252016783,0.0493763135347266,12.6,30.2,4.6,61.6,2.9,0.7,0.38,24.12,105.2,1.0,3.0,,former,1.0,male,5.4
1394.0,0.963440235842,0.0504888009231,6.460438355,85.0,0.8187955317302971,0.1446447041117029,6.226508484370153,0.2339298706298471,0.6625782982390289,0.9162709047747406,-0.2536926065357117,0.2536926065357117,0.0524047045626812,7.7,22.9,16.0,58.8,2.3,0.1,0.56,33.43,110.4,1.0,3.0,,former,1.0,male,5.2
9096.0,0.963555322799,0.0977449753078,6.864102627,54.0,0.9950862568406328,-0.0315309340416326,6.788025840610513,0.0760767863894873,-0.1444346873775499,0.2979822359144087,-0.4424169232919587,0.4424169232919587,0.1014419961106787,6.2,29.7,7.5,60.3,2.0,0.6,0.4,25.330000000000002,93.4,1.0,3.0,,former,2.0,female,5.2
2709.0,0.964044998043,0.0623181996116,6.80713832,60.0,0.9609654713354064,0.0030795267075937,6.679345061983346,0.1277932580166538,0.0141064795827114,0.5005484927246027,-0.4864420131418912,0.4864420131418912,0.0646424178727188,7.6,30.8,7.8,59.3,1.8,0.4,0.48,29.93,107.0,1.0,3.0,,former,1.0,male,5.6
6303.0,0.964866724008,0.0467498641615,6.770977062,73.0,0.8870371027407495,0.0778296212672504,6.443870041624486,0.3271070203755144,0.3565164609968644,1.281232895613806,-0.9247164346169414,0.9247164346169414,0.0484521468076998,3.4,28.6,8.9,54.2,7.3,1.2,0.07,29.57,103.8,1.0,3.0,,former,1.0,male,4.8
956.0,0.965079852532,0.092222901549,6.790048938,56.0,0.9837126616722238,-0.0186328091402238,6.751798914401458,0.0382500235985423,-0.0853518630174531,0.1498200449388008,-0.235171907956254,0.235171907956254,0.0955598661675947,6.4,29.2,10.2,58.6,1.2,0.8,1.18,33.59,91.9,1.0,3.0,,former,2.0,female,6.0
4199.0,0.96517598631,0.0387640953142,7.165605343,61.0,0.955278673751202,0.009897312558798,6.661231598878818,0.5043737441211817,0.0453369140102349,1.975562101694138,-1.9302251876839032,1.9302251876839032,0.0401627225128139,4.0,30.6,11.8,53.8,2.5,1.3,0.55,39.68,135.5,2.0,,,never,1.0,male,5.8
8485.0,0.965328082996,0.0144899973989,6.68204019,60.0,0.9609654713354064,0.0043626116605937,6.679345061983346,0.0026951280166542,0.0199839449892452,0.0105564431752756,0.0094275018139695,0.0094275018139695,0.0150104380615642,5.1,38.0,8.9,47.9,4.8,0.4,0.66,29.810000000000002,104.4,1.0,3.0,,former,1.0,male,7.5
5924.0,0.966437103434,0.0567045660297,6.242021464,82.0,0.8358559244829101,0.1305811789510899,6.280848873683736,-0.0388274096837362,0.5981570902495216,-0.1520815862685186,0.7502386765180402,0.7502386765180402,0.0586738297072971,6.1,27.3,8.2,59.9,3.7,0.9,0.1,24.03,88.8,2.0,,,never,2.0,female,5.5
6173.0,0.968338418747,0.0825003583059,6.836831719,85.0,0.8187955317302971,0.1495428870167029,6.226508484370153,0.6103232346298473,0.6850155503568257,2.3905515823766086,-1.7055360320197828,1.7055360320197828,0.0851978571837033,6.6,10.0,1.9,87.1,0.4,0.6,0.33,,,2.0,,,never,2.0,female,9.5
2798.0,0.968346599783,0.0544422238371,6.457426444,64.0,0.9382182809985888,0.0301283187844111,6.6068912095652355,-0.1494647655652352,0.1380096859513225,-0.5854327863631498,0.7234424723144723,0.7234424723144723,0.0562218361166344,4.9,29.2,12.7,52.7,4.4,0.9,0.19,23.91,81.0,2.0,,,never,1.0,male,5.2
434.0,0.968392890308,0.0589814979587,6.388774893,58.0,0.9723390665038152,-0.0039461761958151,6.715571988192401,-0.3267970951924015,-0.0180763666698463,-1.2800189615951243,1.261942594925278,1.261942594925278,0.0609065788782699,6.2,35.7,9.7,50.1,4.2,0.4,0.03,32.09,109.0,1.0,3.0,,former,1.0,male,5.6
9484.0,0.969018657635,0.0496816807278,6.731435111,52.0,1.0064598520090415,-0.0374411943740415,6.824252766819568,-0.0928176558195685,-0.1715079926689278,-0.3635539029192089,0.1920459102502811,0.1920459102502811,0.0512700971610327,7.3,19.5,7.6,65.5,6.9,0.6,0.12,24.5,92.9,2.0,,,never,1.0,male,5.3
2906.0,0.96940639694,0.0558636740012,6.816250598,66.0,0.9268446858301802,0.0425617111098197,6.57066428335618,0.2455863146438197,0.194963695978164,0.9619275816000732,-0.766963885621909,0.766963885621909,0.0576266818307963,4.0,40.6,9.6,46.8,2.6,0.4,0.23,28.77,92.0,2.0,,,never,2.0,female,5.4
5623.0,0.970128530684,0.0643463619485,6.42501822,70.0,0.9040974954933628,0.0660310351906372,6.4982104309380695,-0.0731922109380693,0.3024703268346903,-0.2866837533749817,0.589154080209672,0.589154080209672,0.0663276668124912,5.7,20.4,8.9,67.4,2.8,0.5,0.19,22.03,87.1,2.0,,,never,1.0,male,5.4
807.0,0.970694828135,0.0382092680086,6.517384426,77.0,0.864289912403932,0.1064049157310679,6.371416189206375,0.1459682367936245,0.487412162251809,0.5717373674219578,-0.0843252051701488,0.0843252051701488,0.0393628016768273,7.1,47.0,4.7,46.1,2.2,5.397605346934028e-79,0.72,23.47,85.1,1.0,3.0,,former,2.0,female,6.1
7984.0,0.97091405677,0.0711082308485,6.482820681,76.0,0.8699767099881364,0.1009373467818636,6.389529652310903,0.0932910286890971,0.4623667065462845,0.3654080388886381,0.0969586676576463,0.0969586676576463,0.0732384399552934,8.1,30.7,6.7,59.3,2.2,1.2,0.52,28.740000000000002,100.0,2.0,,,never,2.0,female,11.8
1851.0,0.971560336614,0.0561064118104,6.543232774,66.0,0.9268446858301802,0.0447156507838197,6.57066428335618,-0.0274315093561803,0.2048303115066961,-0.107445422978476,0.3122757344851722,0.3122757344851722,0.0577487673137597,8.8,25.3,7.1,64.9,2.3,0.4,0.32,24.44,95.6,1.0,3.0,,former,1.0,male,6.5
8033.0,0.973647461936,0.0457055009939,5.877754246,67.0,0.9211578882459758,0.0524895736900242,6.5525508202516525,-0.6747965742516522,0.2404405513800938,-2.643084724339467,2.883525275719561,2.883525275719561,0.0469425565009117,4.7,36.1,15.4,47.8,0.5,0.3,0.36,31.6,100.7,1.0,3.0,,former,2.0,female,5.2
1268.0,0.975254546468,0.0312511726573,6.595955084,67.0,0.9211578882459758,0.0540966582220242,6.5525508202516525,0.0434042637483473,0.2478021712947538,0.1700084897610568,0.0777936815336969,0.0777936815336969,0.0320441189128313,6.1,24.0,5.3,69.2,1.0,0.6,0.15,25.43,87.8,2.0,,,never,2.0,female,5.9
8780.0,0.975426901793,0.0596053997237,6.618681499,61.0,0.955278673751202,0.0201482280417979,6.661231598878818,-0.0425500998788184,0.0922935874524441,-0.1666628481828695,0.2589564356353137,0.2589564356353137,0.0611069877344321,9.2,28.6,6.1,61.8,3.2,0.4,1.33,38.07,115.3,1.0,1.0,20.0,current,2.0,female,5.4
3265.0,0.975608470212,0.0150001496683,6.642554801,68.0,0.9154710906617712,0.0601373795502286,6.534437357147125,0.1081174438528753,0.2754730831498258,0.4234810536776598,-0.148007970527834,0.148007970527834,0.0153751736749891,7.8,10.7,4.4,84.3,0.2,0.5,0.53,29.95,104.0,1.0,3.0,,former,1.0,male,6.6
4119.0,0.976168957393,0.0662401416442,6.774497942,80.0,0.8472295196513189,0.1289394377416811,6.317075799892791,0.4574221421072089,0.5906367174618744,1.7916591792407732,-1.2010224617788987,1.2010224617788987,0.0678572506762598,7.7,16.1,3.0,80.3,0.6,0.1,0.06,21.19,83.3,2.0,,,never,2.0,female,5.7
7823.0,0.976674917374,0.0617497042051,6.81514087,67.0,0.9211578882459758,0.0555170291280242,6.5525508202516525,0.2625900497483471,0.2543085065494406,1.028528857045687,-0.7742203504962464,0.7742203504962464,0.0632244190023097,4.8,38.6,9.2,45.1,6.7,0.5,0.05,25.310000000000002,97.8,2.0,,,never,1.0,male,8.4
5127.0,0.976740040654,0.00876871926964,6.824205373,84.0,0.8244823293145014,0.1522577113394986,6.2446219474746805,0.5795834255253194,0.6974514268782831,2.2701480074719895,-1.5726965805937063,1.5726965805937063,0.0089775364013629,7.4,27.3,6.6,61.8,1.9,2.5,0.67,44.26,127.5,2.0,,,never,2.0,female,5.3
6247.0,0.976785906274,0.0515926704466,6.918923208,61.0,0.955278673751202,0.0215072325227979,6.661231598878818,0.2576916091211814,0.0985188196989343,1.0093423435262554,-0.910823523827321,0.910823523827321,0.0528188112822009,4.9,29.5,7.7,60.8,1.9,0.3,0.47,27.55,100.6,1.0,3.0,,former,1.0,male,5.5
1865.0,0.978986632319,0.0615938773018,6.588075087,66.0,0.9268446858301802,0.0521419464888197,6.57066428335618,0.0174108036438198,0.2388481651201876,0.0681957065364303,0.1706524585837572,0.1706524585837572,0.0629159533628134,5.7,26.3,9.3,62.7,1.8,5.397605346934028e-79,0.09,23.830000000000002,81.3,1.0,3.0,,former,2.0,female,4.3
5144.0,0.97920933229,0.051697214156,6.966805015,54.0,0.9950862568406328,-0.0158769245506327,6.788025840610513,0.1787791743894873,-0.0727279005106455,0.7002532657829637,-0.7729811662936091,0.7729811662936091,0.0527948544312785,5.1,37.4,9.6,51.6,0.8,0.6,2.17,24.68,85.5,2.0,,,never,2.0,female,5.7
6493.0,0.979281460026,0.0725724449351,6.816576588,54.0,0.9950862568406328,-0.0158047968146326,6.788025840610513,0.0285507473894872,-0.072397502845081,0.1118293233443218,-0.1842268261894029,0.1842268261894029,0.0741078514170718,7.4,33.7,3.3,56.9,5.1,0.9,0.1,20.68,83.5,1.0,1.0,18.0,current,1.0,male,5.1
858.0,0.979358742486,0.0385221029731,6.879999386,50.0,1.0178334471774502,-0.0384747046914502,6.860479693028624,0.0195196929713761,-0.1762422241192009,0.0764559339585508,-0.2526981580777518,0.2526981580777518,0.0393340063267477,8.3,15.9,6.1,73.4,4.6,0.1,0.17,29.93,109.2,1.0,3.0,,former,1.0,male,4.9
5396.0,0.979598390936,0.0584719787345,6.72019418,65.0,0.9325314834143844,0.0470669075216154,6.588777746460708,0.1314164335392922,0.2156007831780863,0.5147399694494309,-0.2991391862713445,0.2991391862713445,0.0596897455891392,8.2,27.8,9.9,55.9,5.1,1.4,0.29,24.32,100.4,1.0,1.0,15.0,current,1.0,male,5.5
3583.0,0.981061736419,0.0465588717166,6.564086401,71.0,0.8984106979091583,0.0826510385098416,6.480096967833541,0.083989433166459,0.3786020703616523,0.3289749774654474,0.0496270928962048,0.0496270928962048,0.0474576369541694,7.2,18.0,8.1,68.1,4.9,0.9,1.14,33.87,114.8,1.0,3.0,,former,1.0,male,5.1
2105.0,0.981286787422,0.0312215936081,6.480811162,70.0,0.9040974954933628,0.0771892919286373,6.4982104309380695,-0.0173992689380693,0.3535832853503978,-0.0681505266915225,0.4217338120419204,0.4217338120419204,0.0318169917380872,6.6,23.3,10.6,62.8,3.0,0.3,0.56,21.07,84.2,1.0,3.0,,former,2.0,female,5.4
7576.0,0.981779953955,0.0730777777529,6.77413834,75.0,0.8756635075723407,0.1061164463826592,6.40764311541543,0.36649522458457,0.4860907621277151,1.4355110363698882,-0.9494202742421732,0.9494202742421732,0.0744339680786042,7.2,,,,,,0.4,22.96,84.7,1.0,3.0,,former,2.0,female,5.1
8743.0,0.981810381027,0.0526624146108,6.884407012,58.0,0.9723390665038152,0.0094713145231848,6.715571988192401,0.1688350238075981,0.0433855321381978,0.6613034051843519,-0.6179178730461541,0.6179178730461541,0.0536380706788959,6.2,39.5,8.3,48.8,2.3,1.1,0.21,21.080000000000002,77.0,2.0,,,never,2.0,female,4.8
4260.0,0.982172111345,0.0564983191474,6.473615639,61.0,0.955278673751202,0.026893437593798,6.661231598878818,-0.1876159598788183,0.1231915694675925,-0.734865730680281,0.8580573001478736,0.8580573001478736,0.0575238479028186,8.9,40.7,5.8,51.6,1.7,0.3,0.49,29.63,101.6,2.0,,,never,2.0,female,5.2
7861.0,0.982765027617,0.0860275092853,6.584859044,77.0,0.864289912403932,0.1184751152130679,6.371416189206375,0.2134428547936249,0.5427024840185368,0.8360261011254766,-0.2933236171069397,0.2933236171069397,0.0875361931568716,10.4,29.7,6.7,61.7,1.7,0.4,0.64,31.54,101.3,2.0,,,never,2.0,female,7.5
1189.0,0.985086489524,0.0434053848257,6.894328662,51.0,1.012146649593246,-0.0270601600692458,6.842366229924096,0.0519624320759044,-0.1239552800696419,0.2035296498232243,-0.3274849298928663,0.3274849298928663,0.0440625115533497,7.1,33.6,6.6,57.9,1.7,0.3,0.5,27.39,96.9,2.0,,,never,1.0,male,5.0
3893.0,0.987960373244,0.075141986141,6.75413773,51.0,1.012146649593246,-0.0241862763492458,6.842366229924096,-0.0882284999240958,-0.1107907954365653,-0.3455788148589473,0.234788019422382,0.234788019422382,0.0760576923690459,7.1,44.7,10.1,35.8,7.8,1.5,0.55,31.03,104.1,1.0,3.0,,former,1.0,male,6.2
6072.0,0.988037647852,0.0292737526403,6.151182475,83.0,0.8301691268987057,0.1578685209532943,6.262735410579208,-0.1115529355792084,0.723153029356456,-0.4369373989659203,1.1600904283223763,1.1600904283223763,0.0296281753068228,6.5,34.8,7.3,55.9,1.7,0.3,0.03,28.060000000000002,99.3,2.0,,,never,1.0,male,7.2
627.0,0.988184125347,0.0687453715602,6.90337553,61.0,0.955278673751202,0.0329054515957979,6.661231598878818,0.2421439311211815,0.1507309808196879,0.9484442421001752,-0.7977132612804873,0.7977132612804873,0.0695673708946297,8.9,33.2,7.0,53.9,5.3,0.6,0.47,22.27,84.5,2.0,,,never,2.0,female,5.4
2992.0,0.990519625766,0.0641081983094,6.955477382,53.0,1.000773054424837,-0.010253428658837,6.806139303715041,0.1493380782849591,-0.0469681856215147,0.5849365698320609,-0.6319047554535756,0.6319047554535756,0.0647217850527929,3.8,27.8,19.3,49.0,3.5,0.4,0.05,31.330000000000002,102.9,2.0,,,never,1.0,male,5.2
1296.0,0.990547220308,0.0542901095342,6.60453573,79.0,0.8529163172355232,0.1376309030724768,6.33518926299732,0.2693464670026806,0.6304499712097258,1.0549928076903636,-0.4245428364806378,0.4245428364806378,0.0548081993681422,4.5,36.3,5.5,56.2,0.9,1.3,0.11,17.43,,2.0,,,never,2.0,female,4.5
3960.0,0.990776605325,0.115868624397,6.434674234,62.0,0.9495918761669976,0.0411847291580023,6.643118135774291,-0.2084439017742907,0.1886561137964031,-0.8164458944865416,1.0051020082829447,1.0051020082829447,0.1169472752730088,11.8,18.9,5.4,71.5,4.0,0.2,1.51,33.92,121.3,2.0,,,never,1.0,male,8.1
2345.0,0.991391826718,0.0680384340884,6.694357107,51.0,1.012146649593246,-0.0207548228752458,6.842366229924096,-0.1480091229240958,-0.0950722344477474,-0.5797312357393052,0.4846590012915577,0.4846590012915577,0.0686292061874678,10.3,22.8,6.6,66.3,3.5,0.8,0.21,21.580000000000002,88.2,1.0,1.0,20.0,current,1.0,male,4.7
7352.0,0.993074674227,0.0304550820935,7.277659957,51.0,1.012146649593246,-0.0190719753662458,6.842366229924096,0.4352937270759041,-0.0873635648109527,1.7049852422725131,-1.792348807083466,1.792348807083466,0.0306674642742308,5.8,22.0,8.9,66.1,2.4,0.6,0.09,27.62,86.6,1.0,3.0,,former,1.0,male,5.6
9344.0,0.993382318265,0.0650220835287,6.838866236,78.0,0.8586031148197276,0.1347792034452724,6.353302726101847,0.485563509898153,0.6173871059103311,1.9018850193952677,-1.2844979134849366,1.2844979134849366,0.0654552455113806,8.1,44.7,6.9,45.0,2.8,0.6,1.23,36.28,113.8,2.0,,,never,2.0,female,10.9
6735.0,0.993510222179,0.0387476064726,6.749604954,55.0,0.9893994592564282,0.0041107629225717,6.769912377505985,-0.0203074235059856,0.018830293984343,-0.0795413653646472,0.0983716593489902,0.0983716593489902,0.0390007124311388,6.3,36.3,8.2,54.5,0.6,0.4,0.27,23.78,76.1,2.0,,,never,2.0,female,5.1
9740.0,0.994284348274,0.043778422151,6.769483858,51.0,1.012146649593246,-0.0178623013192458,6.842366229924096,-0.0728823719240958,-0.0818223749249668,-0.285470156868885,0.2036477819439181,0.2036477819439181,0.0440300827695778,6.2,53.1,13.5,30.6,2.7,0.2,0.22,25.28,87.4,2.0,,,never,1.0,male,5.7
6618.0,0.996520902304,0.0637279238021,6.724253229,67.0,0.9211578882459758,0.0753630140580242,6.5525508202516525,0.1717024087483478,0.3452175999901656,0.6725345548743179,-0.3273169548841523,0.3273169548841523,0.0639504135385,4.1,32.3,8.4,55.2,3.3,0.9,0.16,27.01,92.3,2.0,,,never,1.0,male,5.7
232.0,0.996834029048,0.0732569186681,7.033737596,57.0,0.9780258640880196,0.0188081649599805,6.73368545129693,0.3000521447030699,0.0861551206365566,1.1752626946120537,-1.089107573975497,1.089107573975497,0.0734895845580854,4.6,26.7,9.4,62.0,1.0,0.9,0.06,25.34,79.6,9.0,,,,2.0,female,5.1
6472.0,0.996893373378,0.0144272497932,6.737348611,67.0,0.9211578882459758,0.0757354851320242,6.5525508202516525,0.1847977907483473,0.3469237893171081,0.7238273525029566,-0.3769035631858484,0.3769035631858484,0.0144722095446505,4.3,37.9,8.3,49.2,3.7,0.9,0.02,22.01,78.2,1.0,3.0,,former,2.0,female,5.1
6954.0,0.997159968257,0.0490899982347,6.671524816,54.0,0.9950862568406328,0.0020737114163673,6.788025840610513,-0.1165010246105131,0.0094991115625944,-0.4563183784082313,0.4658174899708258,0.4658174899708258,0.0492298124648019,7.2,29.0,6.9,63.7,0.3,0.3,0.1,28.080000000000002,81.8,1.0,1.0,5.0,current,2.0,female,5.4
3930.0,0.997500125578,0.0880140526872,6.457161929,70.0,0.9040974954933628,0.0934026300846373,6.4982104309380695,-0.0410485019380697,0.4278522056689762,-0.1607812970151063,0.5886335026840825,0.5886335026840825,0.0882346281773151,6.1,36.8,12.1,45.9,4.9,0.3,1.02,37.35,118.7,1.0,3.0,,former,2.0,female,6.9
929.0,0.998720287837,0.0798649883371,6.451641169,71.0,0.8984106979091583,0.1003095899278416,6.480096967833541,-0.0284557988335407,0.4594911220539236,-0.1114574230007278,0.5709485450546514,0.5709485450546514,0.0799673234936173,8.2,22.5,9.6,63.2,3.8,1.0,0.53,29.26,102.9,1.0,1.0,8.0,current,1.0,male,5.8
7626.0,1.00150805766,0.0551705794324,6.863037938,65.0,0.9325314834143844,0.0689765742456154,6.588777746460708,0.2742601915392919,0.31596304519192,1.0742391861663247,-0.7582761409744048,0.7582761409744048,0.0550875042995707,6.9,30.6,5.8,59.9,3.1,0.6,0.55,41.57,115.2,1.0,3.0,,former,2.0,female,5.3
2225.0,1.00190857325,0.0642644958413,6.254584848,62.0,0.9495918761669976,0.0523166970830022,6.643118135774291,-0.3885332877742904,0.2396486503645023,-1.5218310776880812,1.7614797280525836,1.7614797280525836,0.0641420759908643,6.9,35.6,6.9,54.1,2.4,1.0,1.77,28.32,96.7,1.0,3.0,,former,2.0,female,10.5
5498.0,1.00259427553,0.0880624957434,6.557053468,68.0,0.9154710906617712,0.0871231848682285,6.534437357147125,0.0226161108528755,0.3990877641989293,0.088584173957159,0.3105035902417702,0.3105035902417702,0.0878346285159544,7.3,17.0,6.7,73.4,2.1,0.9,0.58,22.82,91.1,1.0,3.0,,former,1.0,male,5.4
8820.0,1.00300516948,0.0385763893131,6.921632758,61.0,0.955278673751202,0.0477264957287979,6.661231598878818,0.2604011591211819,0.218622178496618,1.0199552756129031,-0.8013330971162851,0.8013330971162851,0.0384608080665223,6.8,27.4,4.4,66.3,1.9,5.397605346934028e-79,0.8,27.5,98.9,2.0,,,never,2.0,female,6.0
9445.0,1.0031094672,0.0494605641657,6.188446512,69.0,0.909784293077567,0.093325174122433,6.516323894042596,-0.3278773820425966,0.4274974008391625,-1.2842502955713262,1.7117476964104887,1.7117476964104887,0.0493072449049457,10.1,44.5,7.4,44.5,3.5,0.2,0.27,35.36,128.4,2.0,,,never,2.0,female,6.6
9494.0,1.003261504,0.0490229173765,6.510143623,61.0,0.955278673751202,0.0479828302487979,6.661231598878818,-0.1510879758788181,0.2197963776564457,-0.5917906763524095,0.8115870540088552,0.8115870540088552,0.0488635487169056,7.3,16.0,5.0,77.6,1.5,5.397605346934028e-79,0.03,34.44,114.3,2.0,,,never,1.0,male,5.5
1273.0,1.00500617988,0.0402770205044,6.134703135,73.0,0.8870371027407495,0.1179690771392505,6.443870041624486,-0.309166906624486,0.5403844603628959,-1.2109639546950686,1.7513484150579646,1.7513484150579646,0.0400763908827,7.5,23.8,6.4,67.4,1.8,0.6,1.16,33.85,109.2,1.0,3.0,,former,2.0,female,5.0
7071.0,1.00619626196,0.0984018275704,7.053063464,69.0,0.909784293077567,0.0964119688824329,6.516323894042596,0.5367395699574038,0.4416371734057023,2.102334558939079,-1.6606973855333766,1.6606973855333766,0.0977958588106063,6.9,30.2,8.4,59.6,1.5,0.3,0.1,31.490000000000002,107.3,2.0,,,never,1.0,male,6.3
1684.0,1.00692721246,0.0480209412908,6.621271161,66.0,0.9268446858301802,0.0800825266298197,6.57066428335618,0.0506068776438199,0.3668364115985261,0.1982201308523753,0.1686162807461507,0.1686162807461507,0.0476905785210444,6.0,38.2,8.1,51.1,2.5,0.2,0.25,24.01,90.3,1.0,1.0,8.0,current,1.0,male,5.5
1978.0,1.0077176992,0.0743532626892,6.413446381,67.0,0.9211578882459758,0.0865598109540243,6.5525508202516525,-0.1391044392516525,0.3965071005539095,-0.5448528230624015,0.941359923616311,0.941359923616311,0.0737838213501926,7.9,23.6,6.1,66.6,3.2,0.6,0.07,26.73,96.5,1.0,1.0,20.0,current,1.0,male,5.1
5787.0,1.00800377444,0.0437998473781,6.46900118,80.0,0.8472295196513189,0.1607742547886812,6.317075799892791,0.1519253801072091,0.7364634107603921,0.5950706727374119,0.1413927380229802,0.1413927380229802,0.0434520668361913,4.5,35.5,9.8,52.8,1.3,0.6,0.53,21.05,73.5,2.0,,,never,2.0,female,5.6
1765.0,1.00860746952,0.0519476794737,6.802948183,52.0,1.0064598520090415,0.0021476175109584,6.824252766819568,-0.0213045838195684,0.0098376554082499,-0.0834471042096777,0.0932847596179277,0.0932847596179277,0.0515043572881946,4.7,45.2,5.3,46.6,2.3,0.6,0.18,20.88,79.4,1.0,1.0,20.0,current,1.0,male,5.2
996.0,1.0101142124,0.0372322300485,6.55823787,62.0,0.9495918761669976,0.0605223362330022,6.643118135774291,-0.0848802657742906,0.2772364656762328,-0.3324642454130722,0.6097007110893049,0.6097007110893049,0.0368594259851441,7.8,26.0,7.1,63.5,2.6,0.9,0.1,21.68,79.4,1.0,3.0,,former,2.0,female,8.7
9920.0,1.01054750925,0.0702755650557,6.987872564,58.0,0.9723390665038152,0.0382084427461848,6.715571988192401,0.2723005758075985,0.1750225501071922,1.0665636427453191,-0.8915410926381271,0.8915410926381271,0.0695420694350694,6.2,39.1,5.6,52.8,1.9,0.5,0.09,25.91,86.1,2.0,,,never,2.0,female,4.9
9267.0,1.01062823439,0.0591106335944,6.62112612,62.0,0.9495918761669976,0.0610363582230022,6.643118135774291,-0.0219920157742912,0.2795910614941936,-0.0861396799693658,0.3657307414635594,0.3657307414635594,0.0584889988058549,4.9,38.9,8.1,48.8,3.4,0.6,0.06,38.58,127.9,1.0,1.0,2.0,current,1.0,male,5.5
46.0,1.01107717832,0.0742581645893,6.187070091,85.0,0.8187955317302971,0.192281646589703,6.226508484370153,-0.0394383933701529,0.8807902574961677,-0.1544747247490743,1.035264982245242,1.035264982245242,0.0734446055964658,6.5,37.2,11.2,46.1,4.7,0.9,0.45,23.79,88.6,1.0,3.0,,former,2.0,female,5.4
6390.0,1.01168161666,0.0519999177003,6.647317992,58.0,0.9723390665038152,0.0393425501561848,6.715571988192401,-0.0682539961924018,0.1802175896515211,-0.2673414501419568,0.447559039793478,0.447559039793478,0.0513994885782093,4.4,63.0,7.2,28.3,0.6,0.9,0.15,28.93,99.9,2.0,,,never,2.0,female,11.6
2850.0,1.01479527253,0.0592687656265,7.196549642,56.0,0.9837126616722238,0.0310826108577761,6.751798914401458,0.4447507275985423,0.1423810400349461,1.7420270035576464,-1.5996459635227005,1.5996459635227005,0.0584046528702643,9.9,27.8,11.8,57.4,2.5,0.6,1.99,36.81,107.5,2.0,,,never,2.0,female,7.1
8376.0,1.01483664684,0.0347095850024,6.510499714,71.0,0.8984106979091583,0.1164259489308418,6.480096967833541,0.0304027461664588,0.5333158070819399,0.1190833460582598,0.41423246102368,0.41423246102368,0.0342021399310704,7.5,25.8,5.9,66.9,0.8,0.5,1.64,24.740000000000002,86.0,1.0,3.0,,former,2.0,female,5.4
3098.0,1.01535309095,0.0967734950598,6.825482122,68.0,0.9154710906617712,0.0998820002882285,6.534437357147125,0.2910447648528755,0.4575324494741056,1.1399820352299663,-0.6824495857558607,0.6824495857558607,0.0953101890587197,4.9,23.9,16.2,56.4,2.5,0.9,0.05,21.61,69.5,2.0,,,never,2.0,female,5.6
1119.0,1.01573450973,0.0461686079843,6.732113123,84.0,0.8244823293145014,0.1912521804154985,6.2446219474746805,0.4874911755253199,0.876074551172953,1.9094354186818223,-1.0333608675088697,1.0333608675088697,0.0454534206941264,6.9,39.9,7.1,48.3,3.8,0.9,0.25,25.12,96.7,2.0,,,never,2.0,female,5.6
6922.0,1.01623358712,0.0396284444022,6.775239944,55.0,0.9893994592564282,0.0268341278635716,6.769912377505985,0.0053275664940146,0.1229198876223169,0.0208673401074226,0.1020525475148942,0.1020525475148942,0.0389954090323926,8.4,41.3,7.8,46.4,3.8,0.8,0.39,28.71,81.0,2.0,,,never,2.0,female,5.5
5002.0,1.01683162608,0.0512102210258,6.095804961,66.0,0.9268446858301802,0.0899869402498199,6.57066428335618,-0.4748593223561803,0.412205853651014,-1.8599581992865133,2.2721640529375273,2.2721640529375273,0.0503625376240716,6.6,31.7,13.6,52.8,1.0,0.9,1.64,26.48,97.7,1.0,1.0,2.0,current,1.0,male,5.2
302.0,1.0172642204,0.0552186864029,6.499090551,65.0,0.9325314834143844,0.0847327369856154,6.588777746460708,-0.0896871954607076,0.3881377684848259,-0.3512923232515418,0.7394300917363679,0.7394300917363679,0.0542815576283488,8.9,28.1,5.0,63.9,2.3,0.8,0.35,28.5,99.9,2.0,,,never,2.0,female,6.7
8399.0,1.01820416967,0.0423541960182,6.688374371,69.0,0.909784293077567,0.1084198765924329,6.516323894042596,0.1720504769574038,0.4966421533997078,0.6738978898429405,-0.1772557364432327,0.1772557364432327,0.0415969579381382,4.7,28.1,6.3,64.4,0.5,0.8,0.01,22.580000000000002,,2.0,,,never,2.0,female,5.0
6613.0,1.01829755743,0.0681041435324,6.607312031,80.0,0.8472295196513189,0.171068037778681,6.317075799892791,0.2902362311072091,0.7836164486669083,1.1368151205273331,-0.3531986718604248,0.3531986718604248,0.0668803956520161,9.8,34.5,8.1,53.5,2.8,1.0,0.25,23.87,94.4,2.0,,,never,2.0,female,8.9
130.0,1.01878378211,0.0298123864039,6.581006357,59.0,0.9666522689196108,0.0521315131903893,6.697458525087875,-0.1164521680878749,0.2388003729997535,-0.4561270141755179,0.6949273871752715,0.6949273871752715,0.0292627218134113,5.9,27.5,9.4,57.7,4.1,1.3,0.17,26.17,94.9,1.0,3.0,,former,1.0,male,6.7
6294.0,1.01923605796,0.0296481698852,6.899004601,51.0,1.012146649593246,0.007089408366754,6.842366229924096,0.0566383710759037,0.0324746637632715,0.2218446552847552,-0.1893699915214836,0.1893699915214836,0.0290886195142475,8.3,44.1,6.7,46.5,1.8,0.9,1.11,23.48,80.3,1.0,1.0,10.0,current,2.0,female,6.2
7886.0,1.02012805275,0.0567929506986,6.708915318,68.0,0.9154710906617712,0.1046569620882287,6.534437357147125,0.174477960852875,0.4794052590113093,0.6834060080633322,-0.2040007490520228,0.2040007490520228,0.0556723742137087,9.1,39.1,6.3,50.9,3.0,0.7,0.56,35.34,103.7,1.0,3.0,,former,2.0,female,5.7
5961.0,1.02197201212,0.0736502221107,6.74114891,63.0,0.9439050785827932,0.0780669335372067,6.625004672669763,0.1161442373302366,0.3576035243701452,0.4549208920451991,-0.0973173676750538,0.0973173676750538,0.0720667701632243,9.5,41.8,9.9,46.3,1.8,0.3,1.26,37.9,124.7,1.0,3.0,,former,2.0,female,8.9
8093.0,1.02297828132,0.0962055927857,6.403609256,60.0,0.9609654713354064,0.0620128099845935,6.679345061983346,-0.2757358059833459,0.2840639231207628,-1.08001896357616,1.3640828866969228,1.3640828866969228,0.094044609296652,5.1,18.1,9.4,71.3,0.9,0.4,0.28,33.89,118.2,1.0,3.0,,former,1.0,male,5.2
8518.0,1.02311543153,0.026712702327,6.71003967,67.0,0.9211578882459758,0.1019575432840241,6.5525508202516525,0.1574888497483471,0.467039951007063,0.6168620128003421,-0.1498220617932791,0.1498220617932791,0.026109177423952,7.4,19.8,7.8,70.4,1.5,0.6,0.2,30.310000000000002,105.7,2.0,,,never,1.0,male,5.3
1686.0,1.0240622852,0.0878789175396,6.667405867,77.0,0.864289912403932,0.159772372796068,6.371416189206375,0.2959896777936253,0.731874060118219,1.159350574365451,-0.4274765142472321,0.4274765142472321,0.0858140357375207,8.8,44.2,11.0,41.7,2.7,0.6,0.16,32.38,114.0,2.0,,,never,1.0,male,5.3
761.0,1.02413491293,0.0965055200627,6.634666299,67.0,0.9211578882459758,0.1029770246840241,6.5525508202516525,0.0821154787483475,0.4717099197781054,0.3216349575459454,0.1500749622321599,0.1500749622321599,0.094231256882555,6.4,17.5,9.3,71.6,0.9,0.9,0.06,23.150000000000002,89.5,2.0,,,never,2.0,female,5.2
328.0,1.02556170113,0.0238868583495,6.744858126,66.0,0.9268446858301802,0.0987170152998198,6.57066428335618,0.1741938426438194,0.4521959680879789,0.6822931563878559,-0.2300971882998769,0.2300971882998769,0.0232914882870339,7.4,23.3,5.9,67.4,2.8,0.6,0.49,44.2,139.2,1.0,3.0,,former,1.0,male,6.4
4385.0,1.02704308262,0.0666183782569,6.440593152,68.0,0.9154710906617712,0.1115719919582287,6.534437357147125,-0.0938442051471248,0.5110811420080238,-0.3675747544616964,0.8786558964697202,0.8786558964697202,0.0648642490117899,11.4,31.1,5.3,62.4,0.9,0.4,0.65,41.12,118.9,1.0,1.0,22.0,current,2.0,female,8.9
8854.0,1.02812316389,0.066474146372,6.489293713,78.0,0.8586031148197276,0.1695200490702723,6.353302726101847,0.135990986898153,0.7765255307490381,0.5326578613961848,0.2438676693528533,0.2438676693528533,0.0646558201456028,5.2,30.9,8.0,57.3,3.4,0.4,0.41,29.41,109.1,2.0,,,never,1.0,male,5.8
2924.0,1.02815204586,0.0662667346089,6.782173455,57.0,0.9780258640880196,0.0501261817719804,6.73368545129693,0.0484880037030697,0.2296144917276089,0.1899207950832084,0.0396936966444004,0.0396936966444004,0.0644522713111668,10.4,33.9,5.2,59.6,0.9,0.4,0.76,23.32,92.3,1.0,1.0,30.0,current,2.0,female,5.9
5833.0,1.02907735666,0.0475753342257,6.094743565,69.0,0.909784293077567,0.1192930635824329,6.516323894042596,-0.4215803290425963,0.5464492844420265,-1.6512717614345007,2.197721045876527,2.197721045876527,0.0462310572842762,8.4,23.0,6.9,62.7,6.8,0.6,0.64,42.050000000000004,124.8,2.0,,,never,2.0,female,5.1
5338.0,1.02936991459,0.0869155265442,6.247808919,75.0,0.8756635075723407,0.1537064070176592,6.40764311541543,-0.1598341964154306,0.7040875102592595,-0.6260484108728629,1.3301359211321224,1.3301359211321224,0.0844356584666831,9.4,25.2,8.1,60.7,5.3,0.7,0.43,26.3,104.1,1.0,3.0,,former,1.0,male,5.7
1342.0,1.02990683944,0.065086090043,6.238074847,78.0,0.8586031148197276,0.1713037246202723,6.353302726101847,-0.1152278791018472,0.784696066392133,-0.4513316437770605,1.2360277101691934,1.2360277101691934,0.0631960945888948,8.2,30.3,5.7,61.3,1.8,0.8,0.78,48.81,124.5,2.0,,,never,2.0,female,5.9
1798.0,1.03034558795,0.00430925986671,6.350806451,51.0,1.012146649593246,0.0181989383567542,6.842366229924096,-0.4915597789240955,0.083364418215154,-1.9253715747072515,2.0087359929224053,2.0087359929224053,0.0041823441737483,6.9,31.2,7.3,56.3,4.6,0.6,0.07,28.52,94.6,1.0,3.0,,former,1.0,male,4.8
1464.0,1.03065348651,0.0786639904159,6.613867613,61.0,0.955278673751202,0.0753748127587981,6.661231598878818,-0.0473639858788184,0.3452716466497247,-0.1855181729382181,0.5307898195879428,0.5307898195879428,0.076324382001823,7.5,38.9,7.8,46.0,6.9,0.5,0.14,22.990000000000002,91.5,1.0,1.0,20.0,current,1.0,male,5.5
2392.0,1.03069603419,0.0805506624867,7.074135091,50.0,1.0178334471774502,0.0128625870125498,6.860479693028624,0.213655397971376,0.0589200348956098,0.8368586033162287,-0.7779385684206189,0.7779385684206189,0.0781517147778713,7.3,24.8,6.0,64.7,3.5,1.0,1.09,42.59,118.2,2.0,,,never,2.0,female,5.5
267.0,1.03123694714,0.0566394153059,6.845271035,54.0,0.9950862568406328,0.0361506902993673,6.788025840610513,0.0572451943894867,0.1655965422710766,0.2242214981611182,-0.0586249558900415,0.0586249558900415,0.0549237645751366,5.6,39.1,7.1,51.8,1.6,0.4,0.4,27.96,98.6,1.0,3.0,,former,1.0,male,5.2
3559.0,1.03188451961,0.100545465646,6.554445795,60.0,0.9609654713354064,0.0709190482745936,6.679345061983346,-0.1248992669833457,0.3248609937507553,-0.4892131306549377,0.814074124405693,0.814074124405693,0.097438680138356,7.4,20.8,7.8,69.5,1.5,0.4,0.23,34.35,117.7,2.0,,,never,1.0,male,5.8
3293.0,1.0319834431,0.0637254789629,7.081319352,60.0,0.9609654713354064,0.0710179717645935,6.679345061983346,0.4019742900166543,0.3253141355236432,1.5744776219388463,-1.2491634864152033,1.2491634864152033,0.0617504858134869,6.3,31.5,8.1,56.6,2.6,1.3,1.95,35.0,115.8,2.0,,,never,2.0,female,8.0
8638.0,1.03273311156,0.0029036455351,6.592378155,52.0,1.0064598520090415,0.0262732595509584,6.824252766819568,-0.2318746118195687,0.1203507014610287,-0.908220740661155,1.0285714421221837,1.0285714421221837,0.0028116127028346,5.4,33.6,8.8,56.6,0.8,0.3,0.67,34.02,106.6,1.0,1.0,10.0,current,1.0,male,4.6
9749.0,1.03298932413,0.0713213936563,6.456695469,71.0,0.8984106979091583,0.1345786262208418,6.480096967833541,-0.0234014988335413,0.6164683158526869,-0.0916604299038935,0.7081287457565805,0.7081287457565805,0.0690436890200854,5.1,29.8,12.0,51.9,5.5,0.8,1.15,23.78,92.3,2.0,,,never,1.0,male,6.9
5461.0,1.03310490746,0.0626041266895,6.496435592,79.0,0.8529163172355232,0.1801885902244768,6.33518926299732,0.1612463290026804,0.8253952345246219,0.6315795386416148,0.1938156958830071,0.1938156958830071,0.0605980343694417,6.3,22.9,11.7,61.3,2.8,1.3,0.27,27.72,103.5,1.0,3.0,,former,1.0,male,5.6
1035.0,1.03324152389,0.029942175754,6.828631034,52.0,1.0064598520090415,0.0267816718809583,6.824252766819568,0.0043782671804315,0.1226796009425811,0.0171490661708069,0.1055305347717741,0.1055305347717741,0.0289788738273624,5.4,26.5,9.1,60.8,3.0,0.8,0.36,24.080000000000002,82.9,2.0,,,never,2.0,female,5.6
861.0,1.03453652158,0.0285805164012,6.537458353,72.0,0.8927239003249539,0.1418126212550461,6.461983504729013,0.0754748482709866,0.649605292063936,0.2956245276706001,0.3539807643933358,0.3539807643933358,0.0276263967535436,7.9,18.3,8.5,69.2,3.3,0.8,0.73,22.64,81.5,1.0,3.0,,former,2.0,female,5.9
1555.0,1.03477191024,0.0496080519217,6.658110955,50.0,1.0178334471774502,0.0169384630625497,6.860479693028624,-0.2023687380286238,0.0775905215451357,-0.7926503194840449,0.8702408410291805,0.8702408410291805,0.0479410500331364,4.2,31.2,9.9,54.3,3.4,1.4,0.48,36.56,106.0,2.0,,,never,2.0,female,5.1
4075.0,1.03509993038,0.0862003272002,7.171212616,52.0,1.0064598520090415,0.0286400783709583,6.824252766819568,0.3469598491804317,0.131192458825229,1.3589936764941708,-1.2278012176689417,1.2278012176689417,0.0832772997758338,6.4,22.5,6.3,69.7,1.0,0.5,0.91,35.65,101.2,2.0,,,never,2.0,female,5.7
7230.0,1.03519322324,0.0945250366173,6.393024772,66.0,0.9268446858301802,0.1083485374098198,6.57066428335618,-0.1776395113561797,0.496315367884097,-0.6957893635209076,1.1921047314050046,1.1921047314050046,0.091311490932534,9.3,17.6,7.7,72.9,1.7,0.1,0.86,36.96,115.6,1.0,3.0,,former,1.0,male,6.9
3566.0,1.03730729685,0.0171328940755,6.96858836,67.0,0.9211578882459758,0.1161494086040241,6.5525508202516525,0.4160375397483475,0.5320490505818484,1.6295614234261784,-1.09751237284433,1.09751237284433,0.0165167006223976,7.0,27.4,6.7,64.4,1.0,0.4,0.21,25.36,83.7,2.0,,,never,2.0,female,5.6
998.0,1.03777646315,0.0503053133494,6.573605547,59.0,0.9666522689196108,0.0711241942303891,6.697458525087875,-0.1238529780878749,0.3258007119320492,-0.4851149619587915,0.8109156738908407,0.8109156738908407,0.0484741320849641,7.1,24.2,9.7,61.0,4.3,0.8,0.59,22.6,93.4,1.0,1.0,30.0,current,1.0,male,5.1
804.0,1.0389846434,0.0920903215566,7.048374061,50.0,1.0178334471774502,0.0211511962225499,6.860479693028624,0.187894367971376,0.0968879136289305,0.7359562166202667,-0.6390683029913361,0.6390683029913361,0.0886349207773093,7.3,21.0,6.0,63.2,9.2,0.6,0.43,26.46,98.6,1.0,3.0,,former,1.0,male,5.6
8633.0,1.03939160543,0.097342836237,6.798303707,61.0,0.955278673751202,0.084112931678798,6.661231598878818,0.1370721081211812,0.385298607881245,0.5368924634952158,-0.1515938556139708,0.1515938556139708,0.0936536679038589,8.9,30.3,6.3,61.0,2.2,0.3,0.36,22.62,87.2,1.0,1.0,20.0,current,1.0,male,6.2
8737.0,1.04009175494,0.0627878253412,6.54883091,65.0,0.9325314834143844,0.1075602715256154,6.588777746460708,-0.0399468364607074,0.4927045349032177,-0.1564662259171569,0.6491707608203747,0.6491707608203747,0.0603675829973501,5.6,23.3,8.8,63.8,3.0,1.2,0.23,31.16,95.3,1.0,1.0,10.0,current,2.0,female,5.7
9730.0,1.04066175889,0.0759803075996,6.445814828,80.0,0.8472295196513189,0.1934322392386811,6.317075799892791,0.1287390281072085,0.8860608114649982,0.5042529431834011,0.3818078682815971,0.3818078682815971,0.0730115303560715,4.9,34.6,12.2,50.8,1.4,1.0,0.09,21.89,74.4,2.0,,,never,2.0,female,5.3
8848.0,1.04163854378,0.0833932066756,7.278345209,57.0,0.9780258640880196,0.0636126796919804,6.73368545129693,0.5446597577030703,0.2913924938737298,2.133356837420097,-1.841964343546367,1.841964343546367,0.0800596398564271,10.1,20.3,7.9,70.1,1.0,0.6,0.37,26.51,98.0,1.0,3.0,,former,1.0,male,5.3
3274.0,1.04187747828,0.107599253565,6.985648877,50.0,1.0178334471774502,0.0240440311025498,6.860479693028624,0.1251691839713764,0.1101392084042763,0.4902703581144795,-0.3801311497102032,0.3801311497102032,0.1032743828407078,11.2,20.6,6.5,71.9,0.8,0.3,2.44,48.08,136.0,2.0,,,never,2.0,female,5.5
5914.0,1.04281918114,0.0529377914157,6.826968711,63.0,0.9439050785827932,0.0989141025572067,6.625004672669763,0.201964038330237,0.4530987715497858,0.7910651668149796,-0.3379663952651938,0.3379663952651938,0.0507641136384055,7.6,34.6,9.7,54.9,0.6,0.2,1.16,48.07,130.6,2.0,,,never,2.0,female,5.7
8169.0,1.04433667116,0.0545271848563,6.66517129,59.0,0.9666522689196108,0.0776844022403892,6.697458525087875,-0.0322872350878746,0.3558512518813246,-0.1264646281682125,0.4823158800495372,0.4823158800495372,0.0522122667546795,6.9,27.1,6.6,63.7,2.3,0.3,0.16,36.29,124.7,1.0,3.0,,former,1.0,male,5.6
1990.0,1.04437124332,0.0224169090126,6.783945027,68.0,0.9154710906617712,0.1289001526582287,6.534437357147125,0.2495076698528748,0.5904567631116621,0.9772869868597348,-0.3868302237480727,0.3868302237480727,0.0214645023558268,4.4,31.7,9.0,53.6,4.7,1.0,0.09,27.38,100.4,1.0,3.0,,former,1.0,male,8.8
4905.0,1.04613642856,0.100768283863,6.688349178,63.0,0.9439050785827932,0.1022313499772068,6.625004672669763,0.063344505330237,0.4682941854702572,0.2481116543824534,0.2201825310878038,0.2201825310878038,0.0963242279993125,6.4,34.5,7.7,54.9,2.3,0.7,0.24,29.19,95.2,2.0,,,never,2.0,female,5.5
3455.0,1.04688047888,0.0668464439635,6.132290304,75.0,0.8756635075723407,0.1712169713076592,6.40764311541543,-0.2753528114154306,0.784298672912774,-1.078518826897066,1.86281749980984,1.86281749980984,0.0638529854286855,8.5,16.2,9.3,71.9,2.1,0.5,1.02,34.78,115.7,2.0,,,never,1.0,male,5.8
177.0,1.04805311783,0.0336232634538,6.543044406,55.0,0.9893994592564282,0.0586536585735718,6.769912377505985,-0.2268679715059853,0.2686765583422833,-0.8886104239553099,1.157286982297593,1.157286982297593,0.0320816405979662,8.2,25.3,5.7,67.1,1.3,0.7,0.84,35.56,109.2,2.0,,,never,2.0,female,4.9
7358.0,1.04810428722,0.0792657855657,6.501469271,73.0,0.8870371027407495,0.1610671844792504,6.443870041624486,0.0575992293755147,0.7378052425064829,0.2256082041687623,0.5121970383377206,0.5121970383377206,0.0756277657979486,9.0,35.0,9.5,52.7,2.0,0.8,0.62,23.87,77.2,1.0,3.0,,former,2.0,female,5.4
9960.0,1.04958368401,0.0567239024645,6.31524243,85.0,0.8187955317302971,0.2307881522797028,6.226508484370153,0.0887339456298468,1.0571781533952702,0.3475585756858823,0.7096195777093879,0.7096195777093879,0.0540441923104052,5.4,33.3,8.0,50.8,6.9,1.2,0.19,23.87,94.5,1.0,3.0,,former,1.0,male,5.1
7196.0,1.05288348691,0.0554142911651,6.645448397,69.0,0.909784293077567,0.143099193832433,6.516323894042596,0.1291245029574037,0.6554987333352302,0.5057627947846751,0.1497359385505551,0.1497359385505551,0.0526309813517255,4.7,37.3,7.6,52.7,1.9,0.6,0.07,19.44,78.7,2.0,,,never,2.0,female,4.8
2528.0,1.05309562296,0.0544968429886,6.072370145,82.0,0.8358559244829101,0.2172396984770898,6.280848873683736,-0.2084787286837359,0.9951163480949324,-0.8165823066674314,1.811698654762364,1.811698654762364,0.0517491876335241,6.4,17.2,16.5,63.5,2.3,0.6,0.7,34.81,127.0,2.0,,,never,1.0,male,4.8
6198.0,1.05315442968,0.0590810620657,6.72164576,73.0,0.8870371027407495,0.1661173269392504,6.443870041624486,0.2777757183755147,0.7609385802775458,1.088009017895436,-0.3270704376178902,0.3270704376178902,0.0560991440577729,5.9,17.5,9.2,71.3,1.4,0.6,0.09,23.19,86.3,2.0,,,never,2.0,female,6.2
7577.0,1.05341735459,0.0316835403585,6.889799408,64.0,0.9382182809985888,0.1151990735914112,6.6068912095652355,0.2829081984347645,0.5276958227241056,1.108112231456685,-0.5804164087325793,0.5804164087325793,0.030076911321469,5.5,28.4,10.2,60.3,0.9,0.2,3.6,42.92,126.3,2.0,,,never,2.0,female,5.7
7553.0,1.05366011234,0.0519890256543,6.762332081,69.0,0.909784293077567,0.1438758192624329,6.516323894042596,0.246008186957404,0.6590562445413171,0.9635799970245184,-0.3045237524832013,0.3045237524832013,0.0493413625944719,7.1,28.1,6.7,62.1,2.3,0.8,0.54,29.55,91.0,2.0,,,never,2.0,female,5.4
678.0,1.05378372255,0.062388186241,7.098295126,61.0,0.955278673751202,0.0985050487987979,6.661231598878818,0.4370635271211815,0.451225006832306,1.7119173039386468,-1.2606922971063408,1.2606922971063408,0.0592039760208383,8.6,33.7,8.8,56.0,1.3,0.3,0.12,31.94,109.3,1.0,1.0,20.0,current,1.0,male,6.9
9879.0,1.05416124235,0.0941282383934,6.525441831,81.0,0.8415427220671146,0.2126185202828854,6.298962336788264,0.2264794942117358,0.9739479796947272,0.8870888121965034,0.0868591674982237,0.0868591674982237,0.0892920690041341,4.4,28.3,12.2,54.9,4.2,0.4,0.65,29.0,102.2,1.0,3.0,,former,1.0,male,7.1
1817.0,1.05612860697,0.0452167407749,6.208007557,72.0,0.8927239003249539,0.1634047066450461,6.461983504729013,-0.2539759477290131,0.7485127998154106,-0.9947886124594532,1.7433014122748638,1.7433014122748638,0.0428136691653731,7.5,23.1,6.8,67.6,1.8,0.7,0.42,29.8,108.7,1.0,3.0,,former,2.0,female,11.4
3246.0,1.05652526813,0.0514398372653,6.797060641,74.0,0.8813503051565452,0.1751749629734547,6.425756578519958,0.3713040624800419,0.8024291630573824,1.454346588398945,-0.6519174253415626,0.6519174253415626,0.0486877491878127,8.0,19.1,6.9,72.4,1.5,0.1,0.11,22.31,79.8,2.0,,,never,1.0,male,5.7
8209.0,1.05665122407,0.0673236043469,6.852659455,55.0,0.9893994592564282,0.0672517648135716,6.769912377505985,0.0827470774940151,0.3080621593261807,0.3241088423584716,-0.0160466830322908,0.0160466830322908,0.0637141213801688,7.5,22.1,5.6,67.6,3.9,0.9,0.06,24.78,90.8,2.0,,,never,1.0,male,5.4
393.0,1.05670337992,0.0911483545633,6.141818927,76.0,0.8699767099881364,0.1867266699318637,6.389529652310903,-0.2477107253109025,0.8553444106999633,-0.9702486039594668,1.82559301465943,1.82559301465943,0.0862572754997723,5.7,31.2,10.2,56.3,1.8,0.4,0.17,30.11,92.4,2.0,,,never,2.0,female,5.9
9104.0,1.05760712649,0.0667804634574,7.076857612,57.0,0.9780258640880196,0.0795812624019804,6.73368545129693,0.3431721607030704,0.3645402556411442,1.3441578253101711,-0.979617569669027,0.979617569669027,0.0631429779402412,4.3,28.0,14.5,56.2,0.7,0.6,4.64,27.01,91.2,1.0,3.0,,former,2.0,female,4.3
2596.0,1.05940999338,0.0861304374006,6.222643483,73.0,0.8870371027407495,0.1723728906392505,6.443870041624486,-0.2212265586244859,0.7895936269750805,-0.8665137910147543,1.6561074179898347,1.6561074179898347,0.0813003822304948,6.4,17.5,8.1,71.9,1.9,0.5,0.51,34.09,110.7,1.0,1.0,1.0,current,1.0,male,5.4
972.0,1.06064950666,0.0565172472588,7.416139304,79.0,0.8529163172355232,0.2077331894244767,6.33518926299732,1.08095004100268,0.9515695993290048,4.233931602745253,-3.282362003416248,3.282362003416248,0.0532855075158367,6.9,37.6,11.6,49.4,1.2,0.3,0.35,19.900000000000002,85.6,2.0,,,never,1.0,male,5.9
3624.0,1.06120048994,0.041131053403,6.46530435,65.0,0.9325314834143844,0.1286690065256155,6.588777746460708,-0.1234733964607075,0.5893979451471058,-0.4836281932959262,1.073026138443032,1.073026138443032,0.0387589845584461,10.2,12.8,6.9,79.4,0.8,0.3,0.52,30.28,111.7,1.0,3.0,,former,1.0,male,5.9
4764.0,1.06330737766,0.0754341389472,6.763161817,60.0,0.9609654713354064,0.1023419063245936,6.679345061983346,0.0838167550166542,0.4688006142189688,0.3282986210679917,0.1405019931509771,0.1405019931509771,0.0709429281993758,7.2,13.7,18.5,66.9,0.9,5.397605346934028e-79,0.08,20.6,81.0,2.0,,,never,2.0,female,5.8
9862.0,1.06379250759,0.0694744447745,7.434446464,67.0,0.9211578882459758,0.1426346193440243,6.5525508202516525,0.8818956437483472,0.6533706431585071,3.4542630970493104,-2.8008924538908033,2.8008924538908033,0.0653082666768286,5.9,38.8,11.1,43.3,5.6,1.2,0.23,29.48,109.4,1.0,3.0,,former,1.0,male,4.7
2331.0,1.06387212708,0.0395106389305,6.700174939,62.0,0.9495918761669976,0.1142802509130023,6.643118135774291,0.0570568032257092,0.5234869443529109,0.2234835960641301,0.3000033482887808,0.3000033482887808,0.0371385225017074,11.0,25.3,9.4,58.3,6.1,1.0,0.13,20.81,83.4,1.0,1.0,20.0,current,1.0,male,8.7
4298.0,1.06436800245,0.0810330150591,6.733568196,57.0,0.9780258640880196,0.0863421383619804,6.73368545129693,-0.0001172552969297,0.3955100012373779,-0.0004592727586185,0.3959692739959964,0.3959692739959964,0.0761325170172114,4.2,39.7,4.4,53.4,1.8,0.6,0.06,23.830000000000002,,1.0,3.0,,former,1.0,male,5.0
9878.0,1.06600496332,0.0351374831666,6.63980677,72.0,0.8927239003249539,0.1732810629950461,6.461983504729013,0.1778232652709865,0.7937537190967114,0.6965091021559209,0.0972446169407905,0.0972446169407905,0.0329618382424474,12.1,33.5,10.3,52.6,3.1,0.6,0.73,27.28,100.0,2.0,,,never,1.0,male,5.5
1891.0,1.06659132302,0.0826060338723,6.650294045,51.0,1.012146649593246,0.054444673426754,6.842366229924096,-0.192072184924096,0.2493963348939487,-0.7523201470107946,1.0017164819047433,1.0017164819047433,0.0774486273134166,8.6,50.0,7.1,40.8,1.4,0.8,0.05,29.04,95.6,1.0,1.0,6.0,current,1.0,male,5.5
6236.0,1.06807662231,0.0736874695216,6.972110653,53.0,1.000773054424837,0.067303567885163,6.806139303715041,0.165971349284959,0.3082994551969791,0.6500867886882449,-0.3417873334912658,0.3417873334912658,0.0689908083206907,8.6,31.2,4.4,62.0,1.8,0.6,0.14,22.51,82.0,1.0,1.0,10.0,current,2.0,female,5.0
1384.0,1.06844781783,0.0568227731354,6.384784648,71.0,0.8984106979091583,0.1700371199208418,6.480096967833541,-0.0953123198335408,0.778894092573291,-0.3733251563595539,1.1522192489328449,1.1522192489328449,0.0531825440486238,9.5,17.7,8.9,70.4,2.9,0.1,0.14,19.830000000000002,79.6,1.0,1.0,7.0,current,1.0,male,5.7
3045.0,1.06949083621,0.056012113605,6.763560025,73.0,0.8870371027407495,0.1824537334692504,6.443870041624486,0.3196899833755147,0.8357712435572836,1.252181388918917,-0.4164101453616334,0.4164101453616334,0.0523726914795198,8.9,24.6,7.1,65.9,2.2,0.3,1.36,38.77,120.2,1.0,1.0,20.0,current,2.0,female,5.4
6850.0,1.06990055095,0.0266025333567,6.761566119,72.0,0.8927239003249539,0.177176650625046,6.461983504729013,0.299582614270987,0.8115983532184909,1.1734236089379344,-0.3618252557194434,0.3618252557194434,0.0248644916885767,4.1,32.1,24.6,41.0,1.7,0.6,2.54,29.060000000000002,95.7,2.0,,,never,1.0,male,5.6
8698.0,1.07006595921,0.0700972915914,6.468321098,67.0,0.9211578882459758,0.1489080709640241,6.5525508202516525,-0.0842297222516528,0.6821076295832182,-0.3299161565329399,1.012023786116158,1.012023786116158,0.0655074493194334,7.6,25.8,6.4,64.5,2.8,0.5,0.73,44.25,136.8,1.0,3.0,,former,2.0,female,7.9
5549.0,1.07218153408,0.0614626811436,6.833100944,51.0,1.012146649593246,0.0600348844867542,6.842366229924096,-0.009265285924096,0.275003580964095,-0.0362908417544559,0.311294422718551,0.311294422718551,0.0573248831377597,4.3,33.8,9.6,53.4,2.1,1.2,0.03,19.39,79.1,2.0,,,never,2.0,female,5.6
2483.0,1.07225172379,0.0827015958796,6.93485879,50.0,1.0178334471774502,0.0544182766125498,6.860479693028624,0.0743790969713762,0.2492754182220125,0.291332621587812,-0.0420572033657994,0.0420572033657994,0.0771288999072731,9.1,45.2,6.7,44.7,2.0,1.4,0.27,33.27,114.6,1.0,1.0,20.0,current,2.0,female,5.0
6355.0,1.0723872322,0.0385805911863,6.70323956,61.0,0.955278673751202,0.117108558448798,6.661231598878818,0.0420079611211816,0.5364426568034476,0.1645393657535593,0.3719032910498883,0.3719032910498883,0.0359763619221314,6.3,23.3,6.1,65.3,5.0,0.4,1.53,26.990000000000002,97.0,2.0,,,never,2.0,female,5.4
4106.0,1.07319512808,0.0335773081373,6.732297364,70.0,0.9040974954933628,0.1690976325866373,6.4982104309380695,0.2340869330619304,0.7745905549986724,0.916886096568604,-0.1422955415699317,0.1422955415699317,0.0312872349666472,10.1,18.0,8.3,73.3,0.2,0.3,0.21,29.34,106.6,1.0,1.0,10.0,current,1.0,male,5.8
6232.0,1.07371137472,0.0842577347975,6.071367948,67.0,0.9211578882459758,0.1525534864740242,6.5525508202516525,-0.4811828722516527,0.6988062928341363,-1.8847266684371708,2.583532961271307,2.583532961271307,0.0784733558582934,8.8,34.5,8.6,54.7,1.2,0.9,0.21,28.42,107.7,1.0,1.0,20.0,current,1.0,male,5.8
5459.0,1.07457175904,0.111311370189,6.718128843,66.0,0.9268446858301802,0.1477270732098197,6.57066428335618,0.1474645596438195,0.6766977980445495,0.577598256790604,0.0990995412539456,0.0990995412539456,0.1035867258306167,6.4,22.9,5.6,65.9,4.4,1.4,0.31,28.650000000000002,97.5,2.0,,,never,2.0,female,6.3
131.0,1.07503172252,0.117387251991,6.739167,56.0,0.9837126616722238,0.091319060847776,6.751798914401458,-0.0126319144014575,0.4183079380948478,-0.0494774592338178,0.4677853973286656,0.4677853973286656,0.1091942214652332,3.8,27.3,9.3,61.7,1.5,0.4,0.18,26.830000000000002,97.1,2.0,,,never,1.0,male,5.2
3989.0,1.07636005015,0.12286367014,6.84130442,53.0,1.000773054424837,0.0755869957251629,6.806139303715041,0.0351651162849595,0.3462435994746324,0.137736890240548,0.2085067092340844,0.2085067092340844,0.1141473711541764,5.4,36.4,7.1,53.9,1.8,0.6,0.22,24.05,93.7,1.0,3.0,,former,2.0,female,5.9
9657.0,1.07722863341,0.254953275588,6.724192141,76.0,0.8699767099881364,0.2072519234218637,6.389529652310903,0.334662488689097,0.9493650498367168,1.310826618591738,-0.3614615687550212,0.3614615687550212,0.2366751752419889,6.6,21.8,9.8,62.8,4.9,0.8,0.29,38.45,119.8,1.0,3.0,,former,2.0,female,5.5
1644.0,1.07748643743,0.0354932628745,6.79779562,72.0,0.8927239003249539,0.1847625371050461,6.461983504729013,0.3358121152709863,0.8463472490416752,1.3153295466936716,-0.4689822976519964,0.4689822976519964,0.0329407978063815,4.6,25.4,7.7,63.5,2.9,0.5,0.31,27.27,99.7,2.0,,,never,2.0,female,5.5
1364.0,1.07750660866,0.0499398407428,7.304120319,53.0,1.000773054424837,0.076733554235163,6.806139303715041,0.4979810152849593,0.3514956741430606,1.950522668213608,-1.5990269940705473,1.5990269940705473,0.0463475957747542,5.3,29.4,7.9,60.5,1.6,0.8,0.9,28.63,106.3,2.0,,,never,1.0,male,5.6
5683.0,1.07793636852,0.0310920429637,6.544715649,76.0,0.8699767099881364,0.2079596585318637,6.389529652310903,0.1551859966890969,0.9526069931050004,0.6078420563044863,0.344764936800514,0.344764936800514,0.0288440429989287,6.7,26.7,6.4,63.6,3.1,0.3,3.45,25.23,102.6,1.0,3.0,,former,2.0,female,7.4
4896.0,1.07838449534,0.0537161570251,6.430399748,85.0,0.8187955317302971,0.2595889636097028,6.226508484370153,0.2038912636298473,1.1891068864666028,0.7986138413994789,0.3904930450671239,0.3904930450671239,0.0498116926358107,7.9,24.9,7.9,65.3,1.2,0.8,0.19,18.85,70.1,2.0,,,never,2.0,female,5.4
920.0,1.0794510929,0.055972774443,6.646606581,56.0,0.9837126616722238,0.0957384312277762,6.751798914401458,-0.1051923334014572,0.438551879438232,-0.4120238011571904,0.8505756805954225,0.8505756805954225,0.051852997149344,5.7,31.9,11.5,50.5,5.4,0.7,0.63,30.61,102.0,2.0,,,never,2.0,female,5.7
6967.0,1.07958993095,0.06032649843,6.244672489,70.0,0.9040974954933628,0.1754924354566374,6.4982104309380695,-0.2535379419380694,0.8038834187035654,-0.9930730044386222,1.7969564231421875,1.7969564231421875,0.0558790858459701,7.2,26.6,11.4,59.7,1.1,1.2,0.7,20.34,83.5,1.0,3.0,,former,2.0,female,5.3
9703.0,1.08231586126,0.0669218624643,6.74049433,55.0,0.9893994592564282,0.0929164020035716,6.769912377505985,-0.0294180475059855,0.4256249262363345,-0.1152264177825629,0.5408513440188975,0.5408513440188975,0.0618320999069454,5.7,43.2,6.9,44.6,3.9,1.5,0.9,33.61,109.8,1.0,3.0,,former,2.0,female,5.7
7318.0,1.08350523566,0.0602758848974,6.516169045,68.0,0.9154710906617712,0.1680341449982285,6.534437357147125,-0.0182683121471249,0.7697190057715257,-0.0715544485818986,0.8412734543534244,0.8412734543534244,0.055630450978563,5.4,31.6,7.7,57.6,2.2,0.9,2.06,27.36,95.2,1.0,1.0,7.0,current,2.0,female,5.8
6732.0,1.08459567001,0.0894404412997,6.637096337,64.0,0.9382182809985888,0.146377389011411,6.6068912095652355,0.0302051274347645,0.6705152594937354,0.1183093008557277,0.5522059586380076,0.5522059586380076,0.0824643171393772,7.6,32.3,5.7,58.6,2.8,0.7,0.29,29.27,108.3,1.0,3.0,,former,1.0,male,5.6
9339.0,1.08643363182,0.0641743274288,6.645054268,56.0,0.9837126616722238,0.1027209701477762,6.751798914401458,-0.1067446464014576,0.4705370031481782,-0.4181039961881812,0.8886409993363595,0.8886409993363595,0.0590687967946047,7.6,31.7,5.9,58.7,3.2,0.5,0.47,31.23,105.5,2.0,,,never,2.0,female,11.1
2015.0,1.08718552543,0.120902564037,6.939558176,61.0,0.955278673751202,0.131906851678798,6.661231598878818,0.2783265771211818,0.6042296387423334,1.0901666553101723,-0.4859370165678391,0.4859370165678391,0.111206929460527,4.9,33.4,8.3,55.0,2.7,0.6,0.21,23.59,83.0,2.0,,,never,2.0,female,4.9
5935.0,1.08731480713,0.0675819872044,6.760602674,62.0,0.9495918761669976,0.1377229309630023,6.643118135774291,0.1174845382257094,0.6308715261050081,0.4601706650257029,0.1707008610793051,0.1707008610793051,0.0621549405574496,8.4,22.8,7.7,66.8,2.1,0.6,0.12,30.150000000000002,110.6,1.0,3.0,,former,2.0,female,5.9
8772.0,1.08814053454,0.105713133176,6.737438184,59.0,0.9666522689196108,0.1214882656203891,6.697458525087875,0.0399796589121255,0.556504911708384,0.1565947869135651,0.3999101247948189,0.3999101247948189,0.0971502575452619,4.9,32.4,9.6,52.4,5.1,0.6,1.02,26.77,94.1,2.0,,,never,2.0,female,5.2
3199.0,1.08882304499,0.0721906429057,6.013928677,85.0,0.8187955317302971,0.270027513259703,6.226508484370153,-0.2125798073701528,1.2369230613183242,-0.8326456638968357,2.06956872521516,2.06956872521516,0.0663015383793268,6.2,31.4,9.1,58.1,0.8,0.6,0.11,28.25,97.0,2.0,,,never,1.0,male,7.7
8062.0,1.08883961037,0.0596275233721,6.480310486,66.0,0.9268446858301802,0.1619949245398197,6.57066428335618,-0.0903537973561805,0.7420549689953666,-0.3539033105540396,1.0959582795494065,1.0959582795494065,0.054762448761244,8.6,36.3,8.0,53.9,1.3,0.6,0.09,28.73,99.2,2.0,,,never,1.0,male,6.0
7073.0,1.09088378463,0.0510625698546,6.429224858,81.0,0.8415427220671146,0.2493410625628853,6.298962336788264,0.1302625212117361,1.1421640213418718,0.5102202546752814,0.6319437666665904,0.6319437666665904,0.0468084415352448,8.6,24.2,5.6,68.1,1.6,0.6,0.06,25.52,95.7,1.0,3.0,,former,1.0,male,6.8
4833.0,1.09113113131,0.103503845999,6.792503546,52.0,1.0064598520090415,0.0846712793009585,6.824252766819568,-0.0317492208195684,0.3878562474408045,-0.1243573007923823,0.5122135482331869,0.5122135482331869,0.0948592181351607,8.1,22.3,8.6,67.1,1.5,0.6,1.05,24.39,94.3,1.0,1.0,15.0,current,2.0,female,5.7
3095.0,1.09149661706,0.048556208739,6.477784699,64.0,0.9382182809985888,0.1532783360614111,6.6068912095652355,-0.1291065105652356,0.7021266328980159,-0.5056923210764369,1.2078189539744528,1.2078189539744528,0.0444858994339245,8.4,35.3,7.9,53.6,2.6,0.8,0.89,42.83,132.4,2.0,,,never,1.0,male,9.0
9940.0,1.09311137436,0.0565512008434,6.734269133,71.0,0.8984106979091583,0.1947006764508417,6.480096967833541,0.2541721651664588,0.8918711795294065,0.995557168986488,-0.1036859894570814,0.1036859894570814,0.0517341619251833,8.6,18.8,9.0,69.6,1.8,0.8,0.6,20.03,84.1,1.0,1.0,15.0,current,2.0,female,5.5
8960.0,1.09322244587,0.0783468824864,6.645513342,55.0,0.9893994592564282,0.1038229866135717,6.769912377505985,-0.1243990355059851,0.4755850427499203,-0.4872537932384552,0.9628388359883756,0.9628388359883756,0.0716660024520906,4.9,38.3,9.1,50.0,2.0,0.6,1.06,29.01,92.5,1.0,3.0,,former,2.0,female,5.2
8396.0,1.09372627837,0.0584907335519,6.855929329,58.0,0.9723390665038152,0.1213872118661847,6.715571988192401,0.1403573408075988,0.5560420117708949,0.5497602649344878,0.006281746836407,0.006281746836407,0.0534784019627559,5.8,26.4,9.6,60.6,2.4,1.0,0.26,30.14,113.0,1.0,3.0,,former,1.0,male,5.2
789.0,1.09563064308,0.0454231431573,6.405780492,65.0,0.9325314834143844,0.1630991596656155,6.588777746460708,-0.1829972544607079,0.7471131716789606,-0.716774901232355,1.4638880729113155,1.4638880729113155,0.0414584453658652,6.3,25.2,10.8,61.8,1.4,0.8,0.67,20.59,82.5,2.0,,,never,2.0,female,4.9
3122.0,1.0957739298,0.0456451208646,6.453129576,78.0,0.8586031148197276,0.2371708149802723,6.353302726101847,0.0998268498981529,1.0864154062649722,0.3910079453757554,0.6954074608892169,0.6954074608892169,0.0416556003234454,10.8,20.8,8.6,69.5,0.9,0.3,0.94,30.6,102.0,2.0,,,never,2.0,female,5.9
9817.0,1.0973232314,0.0498778131044,6.799537659,54.0,0.9950862568406328,0.1022369745593674,6.788025840610513,0.0115118183894873,0.4683199501610501,0.0450901982843752,0.4232297518766748,0.4232297518766748,0.0454540755878869,10.8,23.2,7.5,67.7,1.0,0.7,2.11,36.62,120.4,1.0,3.0,,former,2.0,female,5.2
1339.0,1.09736831496,0.0284823440028,6.659656702,66.0,0.9268446858301802,0.1705236291298197,6.57066428335618,0.0889924186438202,0.781122659776922,0.3485709786839928,0.4325516810929291,0.4325516810929291,0.0259551361329748,4.6,44.8,9.3,42.8,2.6,0.6,0.1,28.51,94.3,2.0,,,never,2.0,female,5.2
6341.0,1.09760586715,0.0505552150251,6.442757044,54.0,0.9950862568406328,0.1025196103093672,6.788025840610513,-0.3452687966105126,0.4696146281474063,-1.352370057782761,1.8219846859301672,1.8219846859301672,0.0460595342446279,8.7,32.0,5.6,56.8,5.1,0.7,1.44,26.44,91.1,1.0,1.0,10.0,current,1.0,male,5.3
7381.0,1.099928919,0.0679140826984,7.065443927,51.0,1.012146649593246,0.087782269406754,6.842366229924096,0.2230776970759036,0.4021068523474633,0.8737644439526498,-0.4716575916051865,0.4716575916051865,0.0617440650257146,10.5,37.5,6.7,51.8,3.1,1.0,0.22,28.52,94.6,1.0,1.0,10.0,current,2.0,female,5.7
9602.0,1.10129572568,0.0877529996546,6.7868581,62.0,0.9495918761669976,0.1517038495130023,6.643118135774291,0.1437399642257091,0.6949143355363417,0.5630095323815183,0.1319048031548234,0.1319048031548234,0.0796815946964803,7.4,35.6,6.4,53.8,3.4,0.9,0.72,34.06,108.6,2.0,,,never,2.0,female,6.0
4831.0,1.10260667602,0.0605519265215,6.634089204,58.0,0.9723390665038152,0.1302676095161847,6.715571988192401,-0.081482784192401,0.5967207134126706,-0.3191567805963226,0.9158774940089932,0.9158774940089932,0.0549170686505091,5.6,40.3,10.2,39.0,8.2,2.2,0.15,54.46,152.5,1.0,3.0,,former,1.0,male,6.1
7537.0,1.10269880737,0.0554868882603,6.529081425,71.0,0.8984106979091583,0.2042881094608416,6.480096967833541,0.0489844571664592,0.9357886190738276,0.1918653345422084,0.7439232845316193,0.7439232845316193,0.0503191695587659,9.8,24.0,9.1,64.3,2.0,0.6,0.4,30.25,104.7,2.0,,,never,2.0,female,5.8
3804.0,1.10271722988,0.0497756473638,6.65218832,65.0,0.9325314834143844,0.1701857464656155,6.588777746460708,0.0634105735392918,0.7795749106074812,0.2483704344071012,0.53120447620038,0.53120447620038,0.0451390855380183,4.4,39.0,7.4,49.3,2.7,1.7,0.24,33.68,97.0,2.0,,,never,2.0,female,5.5
7804.0,1.10309860193,0.0366714104394,6.806561961,71.0,0.8984106979091583,0.2046879040208417,6.480096967833541,0.3264649931664589,0.9376199699057636,1.2787181639544956,-0.3410981940487321,0.3410981940487321,0.0332440004685338,6.9,39.8,10.8,46.6,2.5,0.4,0.11,26.63,86.4,2.0,,,never,2.0,female,5.2
1046.0,1.10348678771,0.0908124230244,6.604511598,50.0,1.0178334471774502,0.0856533405325499,6.860479693028624,-0.2559680950286234,0.3923548045334433,-1.0025915775264789,1.394946382059922,1.394946382059922,0.0822958861273342,5.3,41.6,8.5,45.9,3.4,0.6,0.01,21.17,82.3,1.0,3.0,,former,1.0,male,5.6
8177.0,1.10388503689,0.086113456097,6.898073456,55.0,0.9893994592564282,0.1144855776335717,6.769912377505985,0.1281610784940143,0.5244274905687807,0.501989194592553,0.0224382959762277,0.0224382959762277,0.0780094423053412,5.6,29.8,9.1,57.2,3.0,0.9,0.08,30.060000000000002,91.4,2.0,,,never,2.0,female,5.7
8829.0,1.10606609839,0.0603452309199,6.848886313,60.0,0.9609654713354064,0.1451006270545936,6.679345061983346,0.1695412510166543,0.6646667580238775,0.6640695993521857,0.0005971586716918,0.0005971586716918,0.0545584310085437,6.3,24.7,10.0,61.7,2.7,0.9,0.13,27.79,98.1,2.0,,,never,1.0,male,5.7
2427.0,1.10659238137,0.0355470691626,6.146300919,53.0,1.000773054424837,0.105819326945163,6.806139303715041,-0.6598383847150409,0.4847297382832614,-2.5844955675823553,3.0692253058656167,3.0692253058656167,0.0321230018939688,7.9,10.4,9.3,78.4,1.6,0.4,1.6,28.23,104.6,2.0,,,never,1.0,male,5.9
6015.0,1.10721341545,0.051022721684,6.999337347,54.0,0.9950862568406328,0.1121271586093672,6.788025840610513,0.211311506389487,0.5136242103990127,0.8276779046108907,-0.314053694211878,0.314053694211878,0.0460821021241537,4.9,52.0,7.2,29.9,10.1,0.8,0.04,24.45,87.4,2.0,,,never,1.0,male,6.3
7161.0,1.1088749513,0.0136060534316,6.690207219,72.0,0.8927239003249539,0.2161510509750461,6.461983504729013,0.2282237142709871,0.9901295481030769,0.8939206806001123,0.0962088675029644,0.0962088675029644,0.0122701422875941,4.9,20.6,11.0,63.4,3.8,1.2,0.26,24.810000000000002,100.1,1.0,2.0,,current,1.0,male,6.2
6823.0,1.10943108756,0.0545388241656,6.861172711,60.0,0.9609654713354064,0.1484656162245936,6.679345061983346,0.1818276490166539,0.6800808639985394,0.7121937186943261,-0.0321128546957867,0.0321128546957867,0.0491592716096937,7.9,28.1,7.4,62.3,1.7,0.6,1.17,30.61,95.5,2.0,,,never,2.0,female,5.5
2598.0,1.11172536439,0.0818835340993,6.856619478,65.0,0.9325314834143844,0.1791938809756155,6.588777746460708,0.267841731539292,0.8208387402830892,1.049098967280956,-0.2282602269978666,0.2282602269978666,0.0736544624438151,5.6,34.1,5.9,53.6,6.0,0.4,0.93,,,2.0,,,never,2.0,female,9.5
9332.0,1.112824132,0.05784498567,6.825809882,55.0,0.9893994592564282,0.1234246727435718,6.769912377505985,0.0558975044940144,0.5653750694113959,0.2189427834909677,0.3464322859204282,0.3464322859204282,0.051980348023222,7.6,18.5,10.6,67.0,3.0,1.0,0.29,34.35,114.1,1.0,3.0,,former,1.0,male,5.5
1663.0,1.11283595499,0.0341601261291,6.644965356,59.0,0.9666522689196108,0.1461836860703892,6.697458525087875,-0.0524931690878744,0.6696279586705609,-0.2056084731938605,0.8752364318644215,0.8752364318644215,0.0306964615727274,6.6,31.8,12.7,46.9,7.8,0.7,0.55,33.86,112.0,1.0,3.0,,former,1.0,male,7.8
7548.0,1.11670628529,0.0394193678995,6.886217899,52.0,1.0064598520090415,0.1102464332809585,6.824252766819568,0.0619651321804317,0.5050091159494449,0.2427088407931023,0.2623002751563425,0.2623002751563425,0.0352996740671725,6.6,24.0,6.8,67.8,0.7,0.7,0.26,24.740000000000002,86.1,2.0,,,never,1.0,male,5.9
1436.0,1.11779419907,0.0606181467812,6.430757297,73.0,0.8870371027407495,0.2307570963292504,6.443870041624486,-0.0131127446244851,1.0570358944793472,-0.0513608046240854,1.1083966991034326,1.1083966991034326,0.0542301497284867,6.4,15.6,10.2,72.1,1.5,0.6,0.31,36.61,123.0,2.0,,,never,2.0,female,5.5
7136.0,1.1198043002,0.0477852854726,6.994194874,56.0,0.9837126616722238,0.1360916385277761,6.751798914401458,0.2423959595985421,0.623399016328033,0.9494314027409196,-0.3260323864128865,0.3260323864128865,0.0426728897755308,5.1,39.3,6.1,52.7,1.3,0.6,0.42,20.32,76.0,1.0,1.0,20.0,current,2.0,female,4.8
9380.0,1.12012908249,0.0781958218121,6.484022446,60.0,0.9609654713354064,0.1591636111545937,6.679345061983346,-0.1953226159833461,0.7290854875609428,-0.7650516352963567,1.4941371228572995,1.4941371228572995,0.0698096523288851,5.2,25.6,7.8,64.2,2.2,0.3,0.25,28.77,108.6,1.0,3.0,,former,1.0,male,7.9
2110.0,1.12013531511,0.154230859181,6.598729023,67.0,0.9211578882459758,0.1989774268640242,6.5525508202516525,0.0461782027483472,0.9114618173488952,0.1808736246430472,0.7305881927058481,0.7305881927058481,0.1376894890291483,5.5,28.3,5.9,64.3,1.1,0.4,0.05,24.73,84.0,2.0,,,never,2.0,female,8.0
4337.0,1.12033040501,0.0797907983207,6.939633908,66.0,0.9268446858301802,0.1934857191798198,6.57066428335618,0.3689696246438201,0.8863057886220065,1.4452029187060742,-0.5588971300840677,0.5588971300840677,0.0712207737680633,3.8,46.4,6.6,38.4,7.5,1.2,0.28,35.7,126.6,2.0,,,never,1.0,male,6.8
8748.0,1.12190731856,0.0959555933813,6.855141329,51.0,1.012146649593246,0.109760668966754,6.842366229924096,0.0127750990759043,0.5027839609074581,0.0500382937730412,0.4527456671344169,0.4527456671344169,0.0855289842519805,7.7,29.8,11.3,56.4,1.6,0.9,2.03,33.61,113.1,2.0,,,never,2.0,female,5.7
6462.0,1.12233539637,0.0731058702614,6.642549024,59.0,0.9666522689196108,0.1556831274503892,6.697458525087875,-0.0549095010878746,0.7131423323383389,-0.2150729109841912,0.92821524332253,0.92821524332253,0.0651372758070789,7.3,40.4,10.0,45.8,3.4,0.4,0.4,27.91,99.9,1.0,3.0,,former,1.0,male,5.8
1723.0,1.12238078658,0.0466348289746,6.475590989,68.0,0.9154710906617712,0.2069096959182286,6.534437357147125,-0.0588463681471251,0.9477973981320678,-0.2304930740127306,1.1782904721447984,1.1782904721447984,0.0415499174007608,7.1,36.1,9.9,51.5,1.9,0.6,0.06,25.28,97.8,1.0,3.0,,former,1.0,male,5.3
6461.0,1.12249023139,0.0695190262331,6.496858179,66.0,0.9268446858301802,0.1956455455598198,6.57066428335618,-0.0738061043561799,0.8961993695597988,-0.2890882888715942,1.1852876584313932,1.1852876584313932,0.0619328563305297,5.2,40.3,6.1,48.8,4.0,0.8,0.09,32.01,99.7,2.0,,,never,2.0,female,5.5
9126.0,1.12254492402,0.0678266520018,7.058549465,58.0,0.9723390665038152,0.1502058575161848,6.715571988192401,0.3429774768075981,0.6880524390422917,1.343395275454656,-0.6553428364123641,0.6553428364123641,0.0604222161184451,8.3,34.5,4.1,58.9,1.6,0.9,1.14,30.07,105.0,1.0,1.0,20.0,current,1.0,male,6.0
6360.0,1.1231768432,0.0653216153605,6.6777373,61.0,0.955278673751202,0.1678981694487979,6.661231598878818,0.0165057011211819,0.7690961385279781,0.0646505453088436,0.7044455932191345,0.7044455932191345,0.058157907862839,4.6,30.0,9.4,58.7,1.3,0.7,0.15,25.55,95.4,2.0,,,never,1.0,male,5.3
4732.0,1.12397365378,0.0423494366862,6.732636373,70.0,0.9040974954933628,0.2198761582866373,6.4982104309380695,0.2344259420619305,1.007193257959787,0.9182139478700244,0.0889793100897626,0.0889793100897626,0.0376783179425745,8.1,27.0,9.2,62.1,0.9,0.8,0.34,27.53,99.1,2.0,,,never,2.0,female,5.5
6585.0,1.12445446706,0.107907314097,6.176358531,71.0,0.8984106979091583,0.2260437691508418,6.480096967833541,-0.3037384368335409,1.0354454164864435,-1.1897013903483291,2.225146806834773,2.225146806834773,0.0959641472892491,4.7,32.0,6.9,58.3,2.7,0.2,0.1,29.69,108.6,2.0,,,never,1.0,male,5.7
4336.0,1.12542222049,0.050217518224,6.787605054,67.0,0.9211578882459758,0.2042643322440241,6.5525508202516525,0.2350542337483476,0.935679702069555,0.9206748793894828,0.015004822680072,0.015004822680072,0.0446210473808982,7.7,25.6,6.1,65.1,2.5,0.8,0.6,37.800000000000004,116.3,1.0,3.0,,former,2.0,female,6.7
6318.0,1.12613426845,0.0459543886217,6.682804706,63.0,0.9439050785827932,0.1822291898672067,6.625004672669763,0.0578000333302366,0.8347426700008836,0.226394725448751,0.6083479445521327,0.6083479445521327,0.0408072020443451,4.4,41.0,8.2,44.7,5.3,0.9,0.03,27.87,107.4,2.0,,,never,1.0,male,7.2
1992.0,1.1263318138,0.0611611518927,6.315320309,64.0,0.9382182809985888,0.1881135328014112,6.6068912095652355,-0.2915709005652358,0.8616972546954547,-1.1420428359472952,2.00374009064275,2.00374009064275,0.0543011847337912,6.7,44.0,8.2,46.4,1.1,0.3,0.25,23.400000000000002,85.1,1.0,1.0,20.0,current,2.0,female,5.4
8559.0,1.1280915446,0.0719872242961,6.722932515,60.0,0.9609654713354064,0.1671260732645936,6.679345061983346,0.043587453016654,0.7655593745728185,0.1707260167539304,0.5948333578188881,0.5948333578188881,0.0638132823889087,8.4,45.3,9.2,41.4,3.0,1.0,0.46,24.01,88.0,1.0,1.0,25.0,current,2.0,female,5.8
2895.0,1.12822176484,0.054083240482,6.317755953,76.0,0.8699767099881364,0.2582450548518635,6.389529652310903,-0.0717736993109028,1.1829508036481815,-0.2811276397903511,1.4640784434385326,1.4640784434385326,0.0479367108200309,6.4,24.8,8.9,64.1,1.3,1.0,0.06,24.57,94.7,2.0,,,never,2.0,female,6.9
3681.0,1.12852433706,0.0436115178621,7.136363024,50.0,1.0178334471774502,0.1106908898825498,6.860479693028624,0.2758833309713768,0.5070450515236644,1.0805967985225735,-0.5735517469989093,0.5735517469989093,0.0386447296083268,5.4,33.0,8.3,53.4,5.0,0.4,0.23,25.87,92.9,2.0,,,never,1.0,male,6.0
9206.0,1.12852488744,0.0298453251917,6.36947544,70.0,0.9040974954933628,0.2244273919466373,6.4982104309380695,-0.128734990938069,1.028041229351828,-0.5042371301510159,1.5322783595028435,1.5322783595028435,0.0264463154724062,5.3,33.5,9.3,53.8,2.6,1.0,0.08,24.84,94.7,1.0,3.0,,former,1.0,male,5.4
6734.0,1.12857713432,0.0305698757924,6.718723432,71.0,0.8984106979091583,0.2301664364108416,6.480096967833541,0.238626464166459,1.05433024102331,0.9346668111956008,0.1196634298277092,0.1196634298277092,0.0270870947698397,5.5,31.3,12.0,53.8,2.4,0.5,3.94,20.76,86.3,1.0,1.0,7.0,current,1.0,male,5.1
239.0,1.12977437876,0.0783059026891,6.687899967,69.0,0.909784293077567,0.219990085682433,6.516323894042596,0.1715760729574036,1.0077151285702095,0.6720397150782618,0.3356754134919477,0.3356754134919477,0.0693110980044048,5.7,33.2,7.1,57.4,1.9,0.5,1.06,28.310000000000002,93.1,1.0,3.0,,former,2.0,female,5.3
823.0,1.1304338544,0.0645493610594,7.134854252,52.0,1.0064598520090415,0.1239740023909585,6.824252766819568,0.3106014851804319,0.5678914000656913,1.216583000214514,-0.6486916001488227,0.6486916001488227,0.0571014047466411,10.1,37.0,10.2,49.7,2.7,0.6,0.13,34.68,,1.0,3.0,,former,1.0,male,5.5
862.0,1.13151467345,0.0358679194433,7.137896096,53.0,1.000773054424837,0.1307416190251629,6.806139303715041,0.3317567922849598,0.5988920228687383,1.2994454082056892,-0.7005533853369509,0.7005533853369509,0.031699031647498,6.7,34.2,6.7,55.4,2.8,1.0,0.41,26.48,93.9,1.0,1.0,1.0,current,1.0,male,8.8
2146.0,1.1317994061,0.0391384352171,6.38181335,73.0,0.8870371027407495,0.2447623033592505,6.443870041624486,-0.0620566916244857,1.1211899628734208,-0.2430674664547939,1.3642574293282148,1.3642574293282148,0.0345807172244106,10.8,20.4,5.9,60.9,12.0,0.8,0.42,24.47,101.6,2.0,,,never,1.0,male,7.4
8388.0,1.13378649855,0.0694609390671,6.704244933,62.0,0.9495918761669976,0.1841946223830022,6.643118135774291,0.0611267972257092,0.8437457851831289,0.2394251988819616,0.6043205863011674,0.6043205863011674,0.0612645671437555,6.1,28.0,14.2,56.2,1.0,0.6,0.56,26.94,99.0,1.0,1.0,20.0,current,1.0,male,4.8
1328.0,1.13468552928,0.112255287159,6.81589008,54.0,0.9950862568406328,0.1395992724393673,6.788025840610513,0.027864239389487,0.6394665393131315,0.1091403665873173,0.5303261727258142,0.5303261727258142,0.0989307471209491,7.5,32.7,7.6,57.3,1.8,0.7,0.53,30.27,113.7,1.0,3.0,,former,1.0,male,6.0
6666.0,1.13594477995,0.0417862539753,6.568410897,72.0,0.8927239003249539,0.2432208796250461,6.461983504729013,0.1064273922709864,1.1141291173281482,0.4168613556977311,0.697267761630417,0.697267761630417,0.036785462385891,8.6,23.3,6.8,65.0,3.7,1.3,0.18,34.79,120.4,1.0,3.0,,former,2.0,female,5.8
6008.0,1.13704934409,0.0404732086082,6.587625939,58.0,0.9723390665038152,0.1647102775861848,6.715571988192401,-0.1279460491924018,0.7544932674566038,-0.5011469545989552,1.255640222055559,1.255640222055559,0.0355949447740031,6.6,16.5,7.6,74.4,0.9,0.6,1.18,24.13,88.6,2.0,,,never,2.0,female,5.6
3205.0,1.13816060809,0.0910499144226,6.532303264,69.0,0.909784293077567,0.2283763150124329,6.516323894042596,0.015979369957404,1.046130178690693,0.0625889790353809,0.983541199655312,0.983541199655312,0.0799974219590986,5.9,26.2,6.8,64.9,1.6,0.6,0.22,24.73,78.9,1.0,3.0,,former,2.0,female,5.7
990.0,1.13836798238,0.119661635616,6.506174712,60.0,0.9609654713354064,0.1774025110445936,6.679345061983346,-0.1731703499833461,0.8126329587599962,-0.6782842773869947,1.490917236146991,1.490917236146991,0.1051168316995546,6.6,24.2,11.7,61.3,1.6,1.3,0.59,28.42,99.0,1.0,2.0,,current,1.0,male,5.9
7171.0,1.13923183669,0.0461851405759,6.415686944,66.0,0.9268446858301802,0.2123871508598198,6.57066428335618,-0.1549773393561802,0.9728881388969544,-0.6070247744297742,1.579912913326729,1.579912913326729,0.0405405985756941,6.1,33.7,11.2,51.0,3.0,1.2,0.51,33.02,117.3,1.0,3.0,,former,1.0,male,5.4
9478.0,1.14015958341,0.0488968937959,6.754848822,64.0,0.9382182809985888,0.2019413024114111,6.6068912095652355,0.1479576124347641,0.9250385302222776,0.5795294762866184,0.3455090539356591,0.3455090539356591,0.0428860086845551,6.6,23.7,8.6,63.8,3.3,0.6,0.11,25.13,94.3,1.0,3.0,,former,1.0,male,5.5
6063.0,1.14079699889,0.0694311326886,6.291641439,66.0,0.9268446858301802,0.2139523130598197,6.57066428335618,-0.2790228443561799,0.9800577239385412,-1.0928938376390436,2.0729515615775846,2.0729515615775846,0.0608619524386519,7.4,38.8,9.6,48.5,2.6,0.4,0.41,26.97,107.3,1.0,1.0,30.0,current,1.0,male,5.5
6894.0,1.14134319487,0.0428664545312,6.782884703,56.0,0.9837126616722238,0.1576305331977761,6.751798914401458,0.031085788598542,0.722062871766371,0.1217587286657024,0.6003041431006685,0.6003041431006685,0.0375579008346236,9.1,40.8,9.5,47.7,1.5,0.6,0.04,29.27,108.0,1.0,3.0,,former,1.0,male,9.8
3967.0,1.14177699682,0.0682969885623,6.877518622,53.0,1.000773054424837,0.141003942395163,6.806139303715041,0.0713793182849595,0.6459009527582298,0.2795829039321468,0.3663180488260829,0.3663180488260829,0.0598163991326819,6.1,34.1,13.7,49.1,3.0,0.2,0.05,26.310000000000002,94.5,1.0,3.0,,former,1.0,male,5.2
5476.0,1.14277271293,0.0708252003809,6.941120029,56.0,0.9837126616722238,0.1590600512577762,6.751798914401458,0.1893211145985427,0.7286111076614465,0.7415445855593787,-0.0129334778979322,0.0129334778979322,0.0619766289302694,12.7,23.0,6.5,69.6,0.6,0.3,7.83,29.740000000000002,109.5,2.0,,,never,2.0,female,5.8
8185.0,1.14281823582,0.0375038615041,6.723850253,70.0,0.9040974954933628,0.2387207403266373,6.4982104309380695,0.2256398220619306,1.0935151953979292,0.8837999326774209,0.2097152627205083,0.2097152627205083,0.0328169960266604,4.6,41.1,9.9,46.6,1.7,0.8,0.15,28.7,98.4,2.0,,,never,2.0,female,5.5
6428.0,1.14360703946,0.0253517784393,5.998713529,53.0,1.000773054424837,0.1428339850351629,6.806139303715041,-0.8074257747150408,0.6542838835095668,-3.1625749338665363,3.816858817376103,3.816858817376103,0.0221682602192365,7.4,35.8,8.0,50.4,5.4,0.5,0.56,26.64,88.7,2.0,,,never,2.0,female,5.2
960.0,1.14592279786,0.0682806751755,6.315152112,63.0,0.9439050785827932,0.2020177192772067,6.625004672669763,-0.3098525606697633,0.925388575232266,-1.2136495666296931,2.1390381418619593,2.1390381418619593,0.0595857550814186,8.1,41.2,6.3,47.6,4.4,0.6,0.07,29.54,96.6,1.0,3.0,,former,2.0,female,5.6
3552.0,1.14658272171,0.0323408377086,6.569828724,68.0,0.9154710906617712,0.2311116310482286,6.534437357147125,0.0353913668528749,1.058659922211367,0.1386230823801471,0.92003683983122,0.92003683983122,0.0282062838522171,5.3,25.0,6.9,62.8,4.7,0.6,0.07,24.94,97.4,2.0,,,never,1.0,male,5.6
1898.0,1.14812374978,0.0776474043178,6.048707156,81.0,0.8415427220671146,0.3065810277128855,6.298962336788264,-0.2502551807882645,1.4043648321718338,-0.9802148836659628,2.3845797158377966,2.3845797158377966,0.0676298215524925,5.2,35.3,9.6,51.7,3.0,0.4,0.45,22.25,86.2,2.0,,,never,1.0,male,5.3
6348.0,1.14924871112,0.050016190902,6.771037451,51.0,1.012146649593246,0.1371020615267542,6.842366229924096,-0.0713287789240961,0.6280274910120934,-0.2793849482551725,0.907412439267266,0.907412439267266,0.0435207718033955,5.7,34.2,7.9,55.1,2.5,0.5,0.23,34.230000000000004,114.9,2.0,,,never,1.0,male,5.2
2210.0,1.15008926459,0.0845497355983,6.274296919,64.0,0.9382182809985888,0.2118709835914112,6.6068912095652355,-0.3325942905652352,0.9705237161383808,-1.3027257729788972,2.273249489117278,2.273249489117278,0.0735158028176547,5.5,29.9,5.7,61.8,1.7,1.0,0.71,41.43,122.4,1.0,3.0,,former,2.0,female,6.1
2025.0,1.15073111749,0.050230761022,6.829179102,51.0,1.012146649593246,0.138584467896754,6.842366229924096,-0.0131871279240955,0.6348179939618225,-0.0516521537068282,0.6864701476686508,0.6864701476686508,0.0436511712063235,8.1,29.5,6.7,61.1,2.0,0.6,1.6,33.29,92.4,1.0,1.0,20.0,current,2.0,female,5.6
6553.0,1.15139079168,0.0364299795949,6.732901643,68.0,0.9154710906617712,0.2359197010182285,6.534437357147125,0.1984642858528751,1.080684391327613,0.7773571210648322,0.3033272702627807,0.3033272702627807,0.0316399782403547,5.7,38.6,7.1,51.7,2.0,0.6,0.79,39.4,121.8,2.0,,,never,2.0,female,5.5
7241.0,1.15146040194,0.0587916998487,7.145339721,52.0,1.0064598520090415,0.1450005499309585,6.824252766819568,0.3210869541804317,0.6642083317670853,1.2576531300861264,-0.5934447983190412,0.5934447983190412,0.0510583774740727,5.8,23.3,7.5,65.6,2.5,1.3,0.2,27.330000000000002,84.0,2.0,,,never,2.0,female,5.5
1929.0,1.15168124954,0.0600793201354,6.871977273,54.0,0.9950862568406328,0.1565949926993672,6.788025840610513,0.0839514323894867,0.7173193406056073,0.328826133685024,0.3884932069205832,0.3884932069205832,0.0521666217622251,5.6,31.7,8.1,58.4,1.4,0.4,0.1,23.35,85.0,2.0,,,never,2.0,female,6.2
6107.0,1.15631457799,0.107833818869,6.58087436,84.0,0.8244823293145014,0.3318322486754985,6.2446219474746805,0.3362524125253197,1.5200338510731082,1.3170541300592402,0.2029797210138679,0.2029797210138679,0.093256472694866,3.8,44.3,6.3,46.1,2.5,0.9,0.38,24.12,75.0,2.0,,,never,2.0,female,5.1
7377.0,1.15875575677,0.0873332319512,6.748368464,66.0,0.9268446858301802,0.2319110709398197,6.57066428335618,0.1777041806438202,1.062321940300227,0.6960426641641214,0.3662792761361056,0.3662792761361056,0.075368110528002,8.1,30.6,6.2,61.1,1.6,0.5,0.18,31.32,105.7,1.0,3.0,,former,2.0,female,6.8
2360.0,1.16021955375,0.081202987188,6.672070759,64.0,0.9382182809985888,0.2220012727514111,6.6068912095652355,0.0651795494347649,1.016927832995079,0.255299267992593,0.7616285650024861,0.7616285650024861,0.0699893282487267,7.4,34.2,7.6,54.7,2.7,0.9,0.23,30.900000000000002,109.7,2.0,,,never,2.0,female,7.9
3174.0,1.16084602885,0.0795152244231,6.417884258,71.0,0.8984106979091583,0.2624353309408417,6.480096967833541,-0.0622127098335409,1.2021453259588135,-0.2436785681716779,1.4458238941304915,1.4458238941304915,0.0684976495133228,5.7,22.3,10.0,62.8,4.0,0.9,0.35,25.19,93.6,1.0,1.0,10.0,current,1.0,male,5.2
3686.0,1.16254315342,0.0223572329028,7.054017963,61.0,0.955278673751202,0.2072644796687979,6.661231598878818,0.3927863641211813,0.949422566610504,1.5384897887024092,-0.5890672220919052,0.5890672220919052,0.0192313144136016,4.4,24.2,11.0,60.2,3.9,0.8,0.41,26.47,90.0,2.0,,,never,1.0,male,4.9
9050.0,1.16369680882,0.0562703597413,6.869555087,64.0,0.9382182809985888,0.2254785278214111,6.6068912095652355,0.2626638774347647,1.0328561987169542,1.028818029868504,0.00403816884845,0.00403816884845,0.0483548286072544,6.6,37.8,7.2,53.9,0.7,0.4,0.1,20.75,72.2,1.0,2.0,,current,2.0,female,4.7
3678.0,1.16497190011,0.0875638289482,6.655617895,69.0,0.909784293077567,0.255187607032433,6.516323894042596,0.1392940009574035,1.1689454614851635,0.545595310010184,0.6233501514749795,0.6233501514749795,0.075163897893101,5.9,26.0,7.4,64.4,1.7,0.4,0.05,22.39,80.0,1.0,3.0,,former,2.0,female,5.1
1705.0,1.16626093448,0.0418218440268,6.351358573,80.0,0.8472295196513189,0.319031414828681,6.317075799892791,0.0342827731072086,1.4613966907404703,0.1342808742147924,1.3271158165256778,1.3271158165256778,0.035859765846866,8.1,19.4,9.5,67.8,2.6,0.8,0.21,27.94,103.4,2.0,,,never,1.0,male,6.2
13.0,1.16708626535,0.0672617915565,6.265380168,70.0,0.9040974954933628,0.2629887698566373,6.4982104309380695,-0.2328302629380694,1.20468048006113,-0.91196389373793,2.1166443737990597,2.1166443737990597,0.0576322364108438,11.6,13.1,3.8,82.4,0.4,0.4,0.27,25.57,,1.0,3.0,,former,1.0,male,7.6
5982.0,1.16715354207,0.0854090299907,6.56810411,59.0,0.9666522689196108,0.2005012731503893,6.697458525087875,-0.1293544150878744,0.9184421453560512,-0.5066633287576898,1.425105474113741,1.425105474113741,0.0731772015524394,6.9,45.1,8.8,42.4,3.3,0.5,0.26,32.46,118.9,1.0,1.0,34.0,current,1.0,male,5.9
9568.0,1.16842586117,0.0503176124729,6.688631521,64.0,0.9382182809985888,0.2302075801714111,6.6068912095652355,0.0817403114347641,1.0545187094710746,0.3201654791380214,0.7343532303330531,0.7343532303330531,0.0430644460595168,4.2,22.0,11.0,64.7,1.8,0.6,0.11,24.41,92.9,2.0,,,never,1.0,male,5.2
8931.0,1.16975674929,0.104053117738,6.480736356,66.0,0.9268446858301802,0.2429120634598198,6.57066428335618,-0.0899279273561797,1.1127145139350898,-0.3522352367455664,1.464949750680656,1.464949750680656,0.0889527825346222,7.5,24.8,10.6,59.9,3.6,1.1,0.3,24.830000000000002,94.6,1.0,1.0,8.0,current,1.0,male,5.9
234.0,1.17375820432,0.0460274108176,6.67429048,69.0,0.909784293077567,0.2639739112424331,6.516323894042596,0.1579665859574035,1.2091931465077446,0.6187332393663947,0.5904599071413499,0.5904599071413499,0.039213707429858,4.7,26.5,8.6,62.2,2.3,0.5,0.78,30.1,110.5,2.0,,,never,2.0,female,5.5
8715.0,1.17404140373,0.0678952011911,6.726927464,68.0,0.9154710906617712,0.2585703130682286,6.534437357147125,0.1924901068528752,1.1844407236339214,0.7539570893250732,0.4304836343088482,0.4304836343088482,0.0578303294716803,8.6,39.2,8.0,49.6,2.5,0.8,2.18,33.84,98.6,2.0,,,never,2.0,female,5.2
3780.0,1.18288358839,0.077207272138,6.387283668,66.0,0.9268446858301802,0.2560389025598197,6.57066428335618,-0.1833806153561799,1.1728450162272357,-0.7182764727657533,1.8911214889929888,1.8911214889929888,0.0652703891539194,6.4,16.3,9.0,71.0,3.6,0.1,0.59,25.22,96.5,2.0,,,never,1.0,male,6.9
666.0,1.18357046341,0.0487757057075,6.620930632,67.0,0.9211578882459758,0.2624125751640241,6.5525508202516525,0.0683798117483478,1.2020410878951286,0.2678342522495757,0.9342068356455528,0.9342068356455528,0.0412106479634272,6.1,24.9,6.2,64.4,4.0,0.6,0.79,37.1,123.3,2.0,,,never,2.0,female,5.4
5347.0,1.18545032814,0.0609809351018,6.493007877,53.0,1.000773054424837,0.1846772737151629,6.806139303715041,-0.3131314267150404,0.8459566804956797,-1.226492430817376,2.072449111313055,2.072449111313055,0.0514411558664634,4.7,,,,,,0.34,32.13,106.6,1.0,2.0,,current,2.0,female,11.4
5503.0,1.18586849754,0.0612893025223,6.562907713,76.0,0.8699767099881364,0.3158917875518636,6.389529652310903,0.1733780606890977,1.447014906692767,0.6790978514542056,0.767917055238561,0.767917055238561,0.0516830514086851,9.6,18.3,6.6,73.3,1.4,0.5,0.78,25.48,92.9,1.0,3.0,,former,1.0,male,5.3
8992.0,1.187078082,0.0935593762787,6.986944549,60.0,0.9609654713354064,0.2261126106645936,6.679345061983346,0.3075994870166543,1.0357607608560149,1.2048245891734155,-0.169063828317401,0.169063828317401,0.0788148460470858,7.6,25.3,8.4,63.3,1.9,1.2,0.09,38.11,128.8,1.0,3.0,,former,1.0,male,7.0
1352.0,1.18873986274,0.040113260973,7.000152728,67.0,0.9211578882459758,0.2675819744940243,6.5525508202516525,0.4476019077483473,1.2257207091576148,1.75319468132579,-0.5274739721681752,0.5274739721681752,0.0337443558766006,5.4,28.0,8.4,59.1,3.8,0.9,0.18,24.85,90.9,2.0,,,never,1.0,male,7.5
2398.0,1.18893489476,0.0738239793126,6.524036636,76.0,0.8699767099881364,0.3189581847718636,6.389529652310903,0.1345069836890973,1.461061243641152,0.526845226355653,0.9342160172854992,0.9342160172854992,0.062092533105021,6.0,23.3,5.9,64.6,5.7,0.5,0.1,35.24,,1.0,3.0,,former,1.0,male,6.1
8003.0,1.18947422915,0.0785031516399,6.617082829,68.0,0.9154710906617712,0.2740031384882286,6.534437357147125,0.0826454718528753,1.2551343260481995,0.3237108671341587,0.9314234589140408,0.9314234589140408,0.0659981945939244,6.3,30.0,6.8,58.4,3.8,0.9,2.86,29.29,96.5,2.0,,,never,2.0,female,5.7
5000.0,1.18993927597,0.0672463188499,7.025827155,52.0,1.0064598520090415,0.1834794239609585,6.824252766819568,0.2015743881804317,0.8404696544993882,0.7895389611433977,0.0509306933559904,0.0509306933559904,0.0565123953868007,8.4,21.8,7.8,59.8,9.8,0.8,0.26,37.5,,2.0,,,never,1.0,male,6.0
2915.0,1.19043634263,0.0752127536824,6.678609365,65.0,0.9325314834143844,0.2579048592156154,6.588777746460708,0.089831618539292,1.1813924593789056,0.351858008448257,0.8295344509306486,0.8295344509306486,0.0631808278939421,9.4,32.3,5.8,59.3,2.5,0.2,0.49,25.88,97.5,2.0,,,never,1.0,male,5.9
5968.0,1.19582063583,0.0788136425692,7.026712329,68.0,0.9154710906617712,0.2803495451682287,6.534437357147125,0.4922749718528756,1.2842054998861294,1.9281728863575227,-0.6439673864713933,0.6439673864713933,0.0659075786181735,7.8,21.7,8.2,69.0,0.8,0.3,1.26,31.16,108.2,2.0,,,never,1.0,male,11.3
7.0,1.19664070476,0.0414762518813,7.346312787,59.0,0.9666522689196108,0.2299884358403893,6.697458525087875,0.6488542619121249,1.053514868516033,2.5414722798265568,-1.4879574113105238,1.4879574113105238,0.0346605724812098,4.9,46.8,8.5,43.3,0.8,0.7,0.04,29.39,90.7,1.0,3.0,,former,2.0,female,5.8
6485.0,1.19696970005,0.151116407465,6.344668311,70.0,0.9040974954933628,0.2928722045566372,6.4982104309380695,-0.1535421199380691,1.341568418203492,-0.6014032187419853,1.9429716369454773,1.9429716369454773,0.1262491502154879,8.4,22.0,8.1,66.7,2.2,1.0,0.22,18.87,81.1,1.0,1.0,4.0,current,1.0,male,5.3
339.0,1.20027932639,0.0361396567489,6.832900811,50.0,1.0178334471774502,0.1824458792125498,6.860479693028624,-0.0275788820286235,0.835735265330009,-0.108022661325828,0.943757926655837,0.943757926655837,0.0301093720055937,8.1,30.3,5.9,60.2,2.7,0.9,0.63,26.3,94.4,1.0,3.0,,former,1.0,male,5.1
1552.0,1.20299145747,0.0641282221193,6.608877575,60.0,0.9609654713354064,0.2420259861345937,6.679345061983346,-0.0704674869833459,1.1086556331771524,-0.2760113870092248,1.384667020186377,1.384667020186377,0.0533072963412121,8.2,15.3,5.9,76.9,1.3,0.6,1.53,36.26,97.3,2.0,,,never,2.0,female,6.3
1916.0,1.20338778953,0.0450578265987,6.866679882,65.0,0.9325314834143844,0.2708563061156155,6.588777746460708,0.2779021355392919,1.2407195374038855,1.0885041764176089,0.1522153609862768,0.1522153609862768,0.0374424827896068,6.1,38.5,9.6,49.4,1.7,0.8,0.25,30.55,93.5,2.0,,,never,2.0,female,5.0
2936.0,1.20356418434,0.0844311225117,6.630362288,66.0,0.9268446858301802,0.2767194985098198,6.57066428335618,0.0596980046438195,1.2675772371908052,0.2338288162215574,1.0337484209692478,1.0337484209692478,0.0701509097813504,8.6,26.3,12.5,55.8,3.9,1.4,0.1,27.84,103.5,1.0,3.0,,former,1.0,male,5.8
9842.0,1.20403330609,0.0534797712287,6.306929063,79.0,0.8529163172355232,0.3511169888544767,6.33518926299732,-0.0282601999973195,1.60837203398993,-0.1106912894490152,1.7190633234389454,1.7190633234389454,0.0444171859351392,6.2,46.1,8.8,41.9,2.5,0.7,0.78,31.490000000000002,103.9,1.0,3.0,,former,2.0,female,5.3
9535.0,1.20404816094,0.03500101414,6.893434769,60.0,0.9609654713354064,0.2430826896045936,6.679345061983346,0.2140897070166536,1.1134961061913264,0.8385597316962724,0.274936374495054,0.274936374495054,0.0290694469502571,4.6,24.9,7.6,64.4,2.4,0.7,0.18,31.5,98.3,2.0,,,never,2.0,female,5.3
1358.0,1.20621594867,0.0745799086537,6.452733071,75.0,0.8756635075723407,0.3305524410976592,6.40764311541543,0.0450899555845696,1.5141713984364509,0.1766111112210188,1.337560287215432,1.337560287215432,0.0618296489413304,7.1,53.4,11.8,31.0,3.0,0.9,1.49,34.69,99.2,2.0,,,never,2.0,female,6.1
6861.0,1.20967543456,0.0845964610382,6.963628166,51.0,1.012146649593246,0.1975287849667542,6.842366229924096,0.1212619360759044,0.9048259803236444,0.4749662092483083,0.4298597710753359,0.4298597710753359,0.0699331892020859,6.2,26.2,9.4,60.3,3.3,1.0,3.66,29.0,109.2,1.0,1.0,20.0,current,1.0,male,10.7
8942.0,1.2113516872,0.0723764883538,6.526180049,61.0,0.955278673751202,0.256073013448798,6.661231598878818,-0.1350515498788187,1.1730012689909262,-0.5289782167002479,1.701979485691174,1.701979485691174,0.0597485347307319,5.4,27.5,13.3,56.4,2.3,0.5,0.22,26.36,95.6,2.0,,,never,1.0,male,5.3
3093.0,1.21242556594,0.085600794731,6.619935562,75.0,0.8756635075723407,0.3367620583676594,6.40764311541543,0.2122924465845699,1.5426159769555168,0.8315201114981878,0.711095865457329,0.711095865457329,0.0706029278297453,4.3,32.7,8.8,53.1,4.7,0.8,0.02,22.75,84.0,2.0,,,never,2.0,female,5.6
410.0,1.21373713171,0.0986196014945,6.460535809,70.0,0.9040974954933628,0.3096396362166373,6.4982104309380695,-0.0376746219380699,1.4183754911160442,-0.1475662763258809,1.5659417674419251,1.5659417674419251,0.0812528503231648,5.5,36.5,8.5,51.3,2.5,1.2,2.04,32.77,96.2,2.0,,,never,2.0,female,5.1
5681.0,1.21383466059,0.138899818997,6.470798941,85.0,0.8187955317302971,0.3950391288597028,6.226508484370153,0.2442904566298471,1.8095674870720213,0.9568518852312196,0.8527156018408016,0.8527156018408016,0.1144305921611152,5.9,27.4,10.3,59.2,2.8,0.4,0.29,30.34,113.8,2.0,,,never,1.0,male,5.2
2834.0,1.21604907085,0.0466444945186,6.722587247,52.0,1.0064598520090415,0.2095892188409585,6.824252766819568,-0.1016655198195684,0.9600715684802872,-0.3982097608084806,1.358281329288768,1.358281329288768,0.0383574114209027,9.5,18.5,5.5,73.3,1.7,1.2,0.43,37.63,111.9,1.0,1.0,30.0,current,2.0,female,5.1
7843.0,1.21736649209,0.0822766326133,6.639380235,62.0,0.9495918761669976,0.2677746159230023,6.643118135774291,-0.0037379007742908,1.2266031474809975,-0.0146408396464981,1.2412439871274958,1.2412439871274958,0.0675857542883784,5.0,30.0,10.3,56.3,3.1,0.4,0.21,28.03,98.4,1.0,3.0,,former,1.0,male,5.4
9367.0,1.21814047984,0.0888454211403,7.123675209,53.0,1.000773054424837,0.2173674254151629,6.806139303715041,0.3175359052849593,0.9957014306791,1.2437441633706174,-0.2480427326915174,0.2480427326915174,0.0729352834181897,8.9,28.5,5.4,64.2,1.5,0.5,0.58,29.19,101.2,2.0,,,never,1.0,male,5.3
7062.0,1.21850234965,0.0501108937597,6.312616424,61.0,0.955278673751202,0.263223675898798,6.661231598878818,-0.3486151748788186,1.20575652115518,-1.3654773579978372,2.571233879153018,2.571233879153018,0.0411249873864369,3.4,49.7,8.7,38.1,2.9,0.6,0.14,25.23,98.1,1.0,3.0,,former,1.0,male,5.8
9247.0,1.21973113568,0.150893943102,6.519837249,62.0,0.9495918761669976,0.2701392595130023,6.643118135774291,-0.1232808867742907,1.2374349407044405,-0.4828741595161609,1.7203091002206017,1.7203091002206017,0.1237108233839391,9.5,21.9,6.4,70.5,1.0,0.2,0.71,39.99,126.8,2.0,,,never,1.0,male,8.6
1793.0,1.22571648149,0.0893635024288,6.963725169,63.0,0.9439050785827932,0.2818114029072066,6.625004672669763,0.3387204963302368,1.290901875110566,1.326721272501984,-0.035819397391418,0.035819397391418,0.0729071557560916,5.8,42.4,9.6,42.8,4.5,0.6,0.04,26.41,100.2,1.0,3.0,,former,2.0,female,5.7
7258.0,1.2259770752,0.03157267927,6.571812556,51.0,1.012146649593246,0.2138304256067542,6.842366229924096,-0.2705536739240957,0.97949939045703,-1.0597212700075405,2.0392206604645704,2.0392206604645704,0.0257530747586363,9.4,21.9,4.7,69.8,2.7,1.0,0.11,24.04,85.7,1.0,1.0,10.0,current,1.0,male,5.4
7581.0,1.22908182669,0.0881097899634,6.66088267,84.0,0.8244823293145014,0.4045994973754987,6.2446219474746805,0.4162607225253198,1.8533609514828728,1.630435599453532,0.2229253520293408,0.2229253520293408,0.0716874890264105,6.8,25.7,9.7,60.5,3.2,1.0,0.59,26.71,90.9,2.0,,,never,2.0,female,6.0
4727.0,1.23055757798,0.0803978378144,6.442961695,68.0,0.9154710906617712,0.3150864873182286,6.534437357147125,-0.0914756621471246,1.4433260439608042,-0.3582974995657533,1.8016235435265575,1.8016235435265575,0.0653344786567205,6.1,26.5,8.3,60.6,4.1,0.6,0.55,37.36,116.5,1.0,3.0,,former,2.0,female,6.1
9903.0,1.23064048471,0.0995152615847,6.999354351,60.0,0.9609654713354064,0.2696750133745937,6.679345061983346,0.3200092890166539,1.2353083546103294,1.2534320648925266,-0.0181237102821971,0.0181237102821971,0.0808646089748548,4.4,33.6,11.6,52.0,2.3,0.6,0.12,28.37,100.5,2.0,,,never,1.0,male,5.2
1921.0,1.23172238373,0.0614405480585,6.891006271,66.0,0.9268446858301802,0.3048776978998198,6.57066428335618,0.32034198764382,1.3965623386356076,1.2547351993375209,0.1418271392980867,0.1418271392980867,0.0498818149853222,6.4,22.5,7.1,69.7,0.6,0.1,0.1,25.29,101.5,1.0,3.0,,former,1.0,male,5.0
7278.0,1.23265320403,0.0594788300032,6.518527752,62.0,0.9495918761669976,0.2830613278630023,6.643118135774291,-0.1245903837742909,1.29662744353164,-0.4880032779043321,1.7846307214359722,1.7846307214359722,0.0482526876243388,3.6,56.3,13.5,26.0,3.3,1.0,0.54,34.75,117.0,2.0,,,never,1.0,male,5.5
3769.0,1.2334794215,0.0780745395174,6.727335418,80.0,0.8472295196513189,0.3862499018486811,6.317075799892791,0.4102596181072089,1.7693064134878689,1.6069301045801097,0.162376308907759,0.162376308907759,0.0632961832654295,5.7,29.2,7.7,60.9,1.7,0.5,1.15,32.33,112.3,1.0,2.0,,current,2.0,female,5.8
3797.0,1.23355733043,0.0712608509385,6.361390366,68.0,0.9154710906617712,0.3180862397682287,6.534437357147125,-0.1730469911471246,1.45706709922906,-0.6778010979102895,2.1348681971393493,2.1348681971393493,0.0577685764419717,4.9,22.4,10.9,64.2,2.0,0.6,0.55,37.67,123.5,1.0,3.0,,former,1.0,male,5.2
4709.0,1.23488617594,0.0504485538817,6.82577448,50.0,1.0178334471774502,0.2170527287625498,6.860479693028624,-0.0347052130286238,0.9942598903625678,-0.1359355128804999,1.1301954032430677,1.1301954032430677,0.0408527966905924,5.5,28.6,6.9,61.8,1.8,0.9,0.12,27.93,94.5,1.0,3.0,,former,2.0,female,5.1
1952.0,1.23700338231,0.0803452345633,6.625026654,70.0,0.9040974954933628,0.3329058868166372,6.4982104309380695,0.1268162230619305,1.524951897239049,0.4967215821229316,1.0282303151161174,1.0282303151161174,0.064951507580571,6.5,43.5,7.4,46.3,1.9,0.9,0.19,23.44,92.1,2.0,,,never,1.0,male,5.2
9816.0,1.23754490378,0.0980498695059,6.784660615,50.0,1.0178334471774502,0.2197114566025497,6.860479693028624,-0.0758190780286236,1.0064388040568253,-0.2969728279566271,1.3034116320134523,1.3034116320134523,0.0792293428758933,14.9,13.5,6.6,77.6,1.3,1.0,0.3,36.52,118.3,1.0,2.0,,current,1.0,male,6.9
3043.0,1.24048748493,0.0921819991829,6.627654919,53.0,1.000773054424837,0.239714430505163,6.806139303715041,-0.1784843847150403,1.0980670215536656,-0.6990986154555108,1.7971656370091764,1.7971656370091764,0.0743111077723624,6.4,39.0,5.1,50.2,4.9,0.8,0.23,42.51,107.4,2.0,,,never,2.0,female,5.3
4982.0,1.24318786857,0.0837437069213,6.542915957,65.0,0.9325314834143844,0.3106563851556154,6.588777746460708,-0.0458617894607078,1.4230329432216131,-0.1796342776175154,1.6026672208391286,1.6026672208391286,0.0673620689507111,7.9,24.4,2.5,71.2,2.0,5.397605346934028e-79,0.01,22.830000000000002,101.0,1.0,1.0,30.0,current,2.0,female,9.0
3013.0,1.24405948086,0.0761269050843,6.756453489,73.0,0.8870371027407495,0.3570223781192505,6.443870041624486,0.3125834473755144,1.6354230262369134,1.224346071637706,0.4110769545992074,0.4110769545992074,0.0611923354594545,5.3,28.8,6.3,58.2,5.8,0.9,0.29,25.44,102.0,1.0,3.0,,former,2.0,female,6.0
1616.0,1.24450701766,0.0546342984978,6.839629499,62.0,0.9495918761669976,0.2949151414930022,6.643118135774291,0.1965113632257091,1.3509265601902256,0.769707793607289,0.5812187665829366,0.5812187665829366,0.0439003538931639,6.9,42.2,8.0,48.2,1.4,0.3,1.35,23.94,84.0,2.0,,,never,2.0,female,5.5
2978.0,1.24502046108,0.0834400965661,6.251336857,63.0,0.9439050785827932,0.3011153824972067,6.625004672669763,-0.373667815669763,1.3793281885696864,-1.4636050822713973,2.8429332708410837,2.8429332708410837,0.067019056452871,6.4,28.1,10.2,56.8,3.9,0.9,0.07,31.900000000000002,110.0,1.0,3.0,,former,1.0,male,5.5
6199.0,1.2466285807,0.0897364255643,6.677709664,54.0,0.9950862568406328,0.2515423238593672,6.788025840610513,-0.1103161766105129,1.1522474044339763,-0.4320931853724029,1.5843405898063794,1.5843405898063794,0.0719832891316447,12.1,18.3,5.8,73.1,2.2,0.6,0.81,32.14,128.2,2.0,,,never,1.0,male,5.5
1737.0,1.24864342349,0.0563023944734,6.637164967,64.0,0.9382182809985888,0.310425142491411,6.6068912095652355,0.0302737574347649,1.421973683071926,0.1185781150607102,1.303395568011216,1.303395568011216,0.0450908509300701,7.6,27.3,8.7,60.7,2.8,0.6,1.17,29.400000000000002,92.1,2.0,,,never,2.0,female,5.0
4143.0,1.24894855716,0.0604362922974,6.752797789,52.0,1.0064598520090415,0.2424887051509585,6.824252766819568,-0.0714549778195685,1.1107752239378974,-0.2798792518506249,1.3906544757885224,1.3906544757885224,0.048389737071979,4.7,34.2,8.5,52.7,4.3,0.4,0.17,26.89,99.3,2.0,,,never,1.0,male,5.2
1792.0,1.24971367557,0.0577463431023,6.668947266,50.0,1.0178334471774502,0.2318802283925498,6.860479693028624,-0.1915324270286236,1.062180658926609,-0.7502059900888408,1.81238664901545,1.81238664901545,0.046207658787091,9.9,26.9,7.0,65.0,0.8,0.3,0.97,46.75,135.8,1.0,3.0,,former,1.0,male,11.8
8730.0,1.25211795589,0.0899622406917,6.205421885,58.0,0.9723390665038152,0.2797788893861848,6.715571988192401,-0.5101501031924016,1.2815914799725143,-1.9981873001702457,3.27977878014276,3.27977878014276,0.0718480557430831,6.1,29.6,5.2,64.5,0.4,0.4,0.2,25.41,90.8,2.0,,,never,2.0,female,6.4
7449.0,1.25249533784,0.0613727785819,6.945160039,56.0,0.9837126616722238,0.268782676167776,6.751798914401458,0.1933611245985425,1.2312207990266002,0.7573687452018902,0.4738520538247099,0.4738520538247099,0.0490004048140737,5.1,39.5,6.1,52.2,1.7,0.5,0.24,32.09,91.9,2.0,,,never,2.0,female,5.5
8405.0,1.2530341507,0.0754678134424,6.510834765,62.0,0.9495918761669976,0.3034422745330023,6.643118135774291,-0.1322833707742905,1.3899870521259543,-0.5181356425310945,1.9081226946570489,1.9081226946570489,0.0602280579505677,13.7,41.7,9.5,44.2,3.7,1.0,3.08,49.51,122.4,1.0,2.0,,current,2.0,female,7.2
5672.0,1.25307068826,0.0897496221511,6.971661738,67.0,0.9211578882459758,0.3319128000140242,6.5525508202516525,0.4191109177483474,1.5204028349853018,1.641599419399897,-0.1211965844145952,0.1211965844145952,0.0716237503534021,4.9,22.0,9.3,66.8,0.6,1.2,0.12,27.17,93.5,2.0,,,never,2.0,female,7.4
9938.0,1.25314167042,0.0424701626402,6.439641011,55.0,0.9893994592564282,0.2637422111635717,6.769912377505985,-0.3302713665059853,1.2081317910651337,-1.2936272011558063,2.50175899222094,2.50175899222094,0.0338909507541679,5.7,42.0,12.3,41.7,3.3,0.8,0.08,32.36,116.0,2.0,,,never,1.0,male,5.1
2297.0,1.25368551249,0.0898552029713,7.127358906,53.0,1.000773054424837,0.2529124580651629,6.806139303715041,0.3212196022849598,1.1585236189418655,1.2581726943402567,-0.0996490753983911,0.0996490753983911,0.0716728414551386,7.4,30.3,7.5,60.5,0.9,0.9,0.04,26.23,80.5,1.0,1.0,9.0,current,2.0,female,5.1
5187.0,1.25401505911,0.0699800422624,6.083259491,60.0,0.9609654713354064,0.2930495877745938,6.679345061983346,-0.5960855709833464,1.34238096278583,-2.3347846257407023,3.677165588526532,3.677165588526532,0.055804786197756,4.6,47.9,10.8,39.3,1.0,0.9,0.26,33.04,109.4,1.0,3.0,,former,1.0,male,6.8
191.0,1.25433045108,0.0670665704504,6.215077885,69.0,0.909784293077567,0.3445461580024329,6.516323894042596,-0.3012460090425959,1.5782728336721534,-1.1799388958838726,2.758211729556026,2.758211729556026,0.0534680238310841,7.9,32.6,10.6,54.7,1.7,0.4,0.58,22.95,88.6,1.0,1.0,15.0,current,1.0,male,5.7
2551.0,1.25577033983,0.0809107527309,6.528548112,72.0,0.8927239003249539,0.3630464395050461,6.461983504729013,0.0665646072709869,1.6630176233982823,0.2607243477113288,1.4022932756869535,1.4022932756869535,0.0644311703857038,6.4,42.5,6.5,49.4,0.8,0.9,0.4,28.740000000000002,97.2,2.0,,,never,2.0,female,5.4
2556.0,1.2558005616,0.0978437341107,6.219106625,52.0,1.0064598520090415,0.2493407095909585,6.824252766819568,-0.605146141819568,1.1421624044728684,-2.37027362684829,3.5124360313211582,3.5124360313211582,0.077913433950084,4.4,37.9,6.3,51.3,3.3,1.2,0.13,38.94,95.4,2.0,,,never,2.0,female,5.3
4869.0,1.25652992418,0.106684637253,6.896791744,63.0,0.9439050785827932,0.3126248455972068,6.625004672669763,0.2717870713302366,1.43204992851361,1.0645523168260966,0.3674976116875132,0.3674976116875132,0.0849041755393302,6.1,31.3,8.1,59.3,0.9,0.4,0.15,29.240000000000002,102.7,2.0,,,never,2.0,female,7.1
7562.0,1.25906994927,0.0802492939387,6.873624453,51.0,1.012146649593246,0.246923299676754,6.842366229924096,0.0312582230759037,1.1310889029787328,0.1224341306319463,1.0086547723467865,1.0086547723467865,0.0637369623389296,7.9,30.3,6.0,60.7,2.2,0.9,0.13,34.94,114.0,2.0,,,never,2.0,female,5.9
8620.0,1.26260071732,0.0042636628037,6.777787375,64.0,0.9382182809985888,0.3243824363214111,6.6068912095652355,0.1708961654347645,1.485908274045695,0.6693766114769373,0.8165316625687578,0.8165316625687578,0.0033768892613573,8.3,30.3,9.0,57.7,2.0,1.0,0.81,30.3,105.3,2.0,,,never,2.0,female,10.2
8719.0,1.26316046556,0.0849040953486,6.571061913,74.0,0.8813503051565452,0.3818101604034547,6.425756578519958,0.1453053344800423,1.7489691578001134,0.5691408708693462,1.1798282869307672,1.1798282869307672,0.0672156053514224,3.4,30.0,11.8,53.1,3.9,1.2,0.48,31.51,108.8,1.0,3.0,,former,2.0,female,5.7
1044.0,1.26357600104,0.114118763124,6.9014711,57.0,0.9780258640880196,0.2855501369519804,6.73368545129693,0.1677856487030702,1.3080280053492608,0.657193148234758,0.6508348571145027,0.6508348571145027,0.090314126756185,17.0,30.8,5.7,58.0,4.9,0.6,0.23,23.79,77.3,1.0,1.0,5.0,current,2.0,female,5.7
5294.0,1.26576744622,0.054874579476,7.001358217,54.0,0.9950862568406328,0.2706811893793672,6.788025840610513,0.213332376389487,1.2399173749617205,0.8355933725173473,0.4043240024443729,0.4043240024443729,0.0433528130620467,4.6,35.7,7.6,54.3,2.2,0.3,0.23,29.77,96.5,2.0,,,never,2.0,female,5.2
5472.0,1.26699470774,0.0687657123064,6.482426924,61.0,0.955278673751202,0.3117160339887979,6.661231598878818,-0.1788046748788181,1.4278869081485197,-0.7003531476679424,2.128240055816462,2.128240055816462,0.0542746642005006,7.4,23.8,10.2,59.5,5.4,1.0,0.52,30.970000000000002,113.9,2.0,,,never,1.0,male,5.3
4373.0,1.26736915331,0.0503422627447,6.865064658,72.0,0.8927239003249539,0.3746452529850461,6.461983504729013,0.4030811532709863,1.7161486532853871,1.5788130520093122,0.1373356012760751,0.1373356012760751,0.039721862105623,6.4,26.5,8.1,62.3,2.3,0.8,0.42,35.93,109.3,2.0,,,never,2.0,female,6.0
1589.0,1.27424541912,0.0744598368935,6.81001107,52.0,1.0064598520090415,0.2677855671109583,6.824252766819568,-0.0142416968195684,1.2266533119133851,-0.055782754016231,1.282436065929616,1.282436065929616,0.0584344552283517,5.5,31.2,5.7,61.0,1.7,0.4,0.95,24.8,88.4,2.0,,,never,2.0,female,5.5
6905.0,1.27766088241,0.0799436000514,6.364584032,51.0,1.012146649593246,0.2655142328167541,6.842366229924096,-0.4777821979240961,1.2162489433564585,-1.871406698077828,3.0876556414342864,3.0876556414342864,0.0625702806996842,5.6,24.6,7.9,65.4,1.5,0.6,0.1,28.22,112.8,1.0,3.0,,former,1.0,male,4.5
4966.0,1.27996839982,0.0304145143843,6.44019928,65.0,0.9325314834143844,0.3474369164056154,6.588777746460708,-0.1485784664607079,1.591514616668382,-0.5819612755200935,2.1734758921884754,2.1734758921884754,0.0237619259886237,7.3,16.5,9.0,68.5,5.3,0.6,0.43,30.310000000000002,109.9,1.0,3.0,,former,1.0,male,5.6
7837.0,1.28009823051,0.0688949442961,6.487811743,62.0,0.9495918761669976,0.3305063543430022,6.643118135774291,-0.1553063927742908,1.513960287468652,-0.608313631095747,2.122273918564399,2.122273918564399,0.053820044941904,4.6,41.2,7.5,48.9,2.3,0.2,0.03,28.28,104.2,1.0,3.0,,former,1.0,male,7.7
4666.0,1.28204495928,0.0763317798367,6.671280277,67.0,0.9211578882459758,0.3608870710340243,6.5525508202516525,0.1187294567483476,1.653126140017766,0.4650468384619438,1.1880793015558222,1.1880793015558222,0.0595390819051838,4.4,23.1,6.7,63.9,5.5,0.9,0.07,18.68,73.8,1.0,3.0,,former,1.0,male,4.7
731.0,1.28470058466,0.0420453264786,6.633939043,62.0,0.9495918761669976,0.3351087084930022,6.643118135774291,-0.0091790927742909,1.535042428009694,-0.0359532351241242,1.5709956631338182,1.5709956631338182,0.0327277242500262,7.1,48.8,7.3,41.4,2.0,0.4,0.12,28.86,99.0,2.0,,,never,2.0,female,7.3
517.0,1.28616586304,0.0531714981875,6.664151725,52.0,1.0064598520090415,0.2797060110309584,6.824252766819568,-0.1601010418195683,1.281257643923135,-0.6270936073636997,1.9083512512868344,1.9083512512868344,0.0413410896024118,7.8,31.7,6.9,59.7,1.1,0.6,0.03,20.91,89.0,2.0,,,never,1.0,male,5.4
9232.0,1.29168272451,0.085532962843,6.477913554,66.0,0.9268446858301802,0.3648380386798198,6.57066428335618,-0.0927507293561804,1.6712244550250477,-0.3632917612312026,2.0345162162562502,2.0345162162562502,0.0662182447902962,11.3,15.0,7.2,77.1,0.3,0.5,0.24,21.900000000000002,92.2,1.0,1.0,40.0,current,1.0,male,5.0
5315.0,1.29371186409,0.112731552328,6.765741566,60.0,0.9609654713354064,0.3327463927545937,6.679345061983346,0.0863965040166538,1.5242212980452727,0.3384031406146282,1.1858181574306446,1.1858181574306446,0.0871380679555687,4.2,39.9,10.1,45.9,3.4,0.6,0.02,25.85,96.0,1.0,3.0,,former,1.0,male,5.4
4277.0,1.29454863618,0.0554869918333,6.384296633,64.0,0.9382182809985888,0.3563303551814112,6.6068912095652355,-0.2225945765652355,1.6322530561829676,-0.8718721278228916,2.504125184005859,2.504125184005859,0.0428620372248299,6.6,22.4,8.1,66.6,2.3,0.6,0.57,37.62,120.9,1.0,3.0,,former,1.0,male,5.4
1578.0,1.29473102018,0.045354757227,6.249201165,70.0,0.9040974954933628,0.3906335246866372,6.4982104309380695,-0.2490092659380698,1.7893866050021856,-0.9753348077526712,2.7647214127548567,2.7647214127548567,0.0350302545625998,5.3,22.3,11.3,62.0,3.7,0.8,0.62,,,2.0,,,never,1.0,male,5.7
7435.0,1.3048120495,0.0925534984014,6.707772626,53.0,1.000773054424837,0.3040389950751629,6.806139303715041,-0.0983666777150409,1.3927204676614706,-0.3852886531633301,1.7780091208248008,1.7780091208248008,0.0709324369259666,8.8,30.8,7.8,59.5,1.7,0.3,0.7,33.92,106.9,2.0,,,never,2.0,female,5.6
1386.0,1.31083363737,0.0370969199076,6.63035887,57.0,0.9780258640880196,0.3328077732819805,6.73368545129693,-0.1033265812969297,1.524502465652692,-0.4047159085640043,1.9292183742166964,1.9292183742166964,0.0283002501995826,6.2,26.6,7.6,62.6,2.5,0.9,0.08,25.32,89.7,2.0,,,never,1.0,male,5.2
2569.0,1.3110682351,0.148027302151,6.697631686,65.0,0.9325314834143844,0.3785367516856155,6.588777746460708,0.1088539395392924,1.7339745571265086,0.4263658052792365,1.307608751847272,1.307608751847272,0.1129058718593006,6.1,31.3,7.8,57.2,2.9,0.7,0.97,31.61,111.1,1.0,3.0,,former,2.0,female,5.4
1469.0,1.31340488659,0.0962497530869,7.175216814,65.0,0.9325314834143844,0.3808734031756156,6.588777746460708,0.5864390675392919,1.744678126104923,2.297000607757884,-0.5523224816529613,0.5523224816529613,0.0732826214289439,5.7,34.5,6.1,56.1,2.6,0.7,0.36,30.47,96.0,1.0,1.0,4.0,current,2.0,female,5.4
9581.0,1.31613055099,0.0834625870405,6.722812175,60.0,0.9609654713354064,0.3551650796545937,6.679345061983346,0.0434671130166535,1.626915243918911,0.1702546616406045,1.4566605822783063,1.4566605822783063,0.0634151277604786,10.1,36.1,4.8,53.8,4.1,1.2,0.28,25.810000000000002,90.0,1.0,3.0,,former,1.0,male,6.4
8392.0,1.31956655879,0.0258532986188,6.592554489,52.0,1.0064598520090415,0.3131067067809585,6.824252766819568,-0.2316982778195679,1.4342572043698425,-0.9075300648048046,2.341787269174647,2.341787269174647,0.0195922656925366,7.2,36.6,8.6,52.4,1.9,0.6,0.03,24.7,93.2,1.0,1.0,4.0,current,1.0,male,7.8
8539.0,1.32366635694,0.0897298277708,6.648955006,55.0,0.9893994592564282,0.3342668976835717,6.769912377505985,-0.1209573715059857,1.5311863201972646,-0.4737732720090821,2.0049595922063466,2.0049595922063466,0.0677888557795137,8.1,30.6,6.1,61.6,1.0,0.8,0.38,26.98,89.1,2.0,,,never,2.0,female,5.7
7229.0,1.32629816592,0.105290773304,6.599872882,60.0,0.9609654713354064,0.3653326945845936,6.679345061983346,-0.0794721799833464,1.6734903400404146,-0.3112815223712221,1.9847718624116368,1.9847718624116368,0.0793869553690923,5.4,36.5,7.2,49.3,6.3,0.8,0.09,28.1,95.8,2.0,,,never,1.0,male,5.2
3548.0,1.32862026228,0.0455129842909,6.698834242,64.0,0.9382182809985888,0.3904019812814112,6.6068912095652355,0.0919430324347647,1.7883259672391558,0.3601281242532625,1.4281978429858933,1.4281978429858933,0.0342558258239993,4.2,24.0,7.7,65.6,1.9,0.9,0.03,23.330000000000002,87.8,2.0,,,never,1.0,male,7.8
6948.0,1.32938266183,0.102091863424,7.051553348,54.0,0.9950862568406328,0.3342964049893673,6.788025840610513,0.2635275073894867,1.5313214851905472,1.0322007487913725,0.4991207363991747,0.4991207363991747,0.0767964457152333,7.7,16.0,3.1,78.8,2.0,0.1,0.07,24.66,85.8,2.0,,,never,2.0,female,5.5
6604.0,1.33001043357,0.0491149824067,6.965323349,59.0,0.9666522689196108,0.3633581646503893,6.697458525087875,0.2678648239121255,1.664445552043083,1.0491894169071303,0.6152561351359525,0.6152561351359525,0.0369282685060342,6.8,22.8,8.8,66.3,1.3,0.8,0.52,26.92,95.4,2.0,,,never,1.0,male,9.6
3756.0,1.33236314634,0.0383633381126,6.69523799,57.0,0.9780258640880196,0.3543372822519806,6.73368545129693,-0.0384474612969301,1.6231233277358852,-0.1505933810589436,1.773716708794829,1.773716708794829,0.0287934548609994,12.6,26.1,5.6,65.5,2.0,0.9,1.11,36.21,,1.0,3.0,,former,1.0,male,6.1
7134.0,1.33247991906,0.072459673761,6.559875772,72.0,0.8927239003249539,0.4397560187350462,6.461983504729013,0.0978922672709865,2.0144034745221133,0.3834304531581836,1.6309730213639295,1.6309730213639295,0.0543795615412476,5.9,16.3,8.5,71.4,3.4,0.4,5.0,32.27,99.0,1.0,3.0,,former,2.0,female,8.3
5942.0,1.33389842949,0.0965483167916,6.688779375,65.0,0.9325314834143844,0.4013669460756155,6.588777746460708,0.1000016285392924,1.8385535075989063,0.3916925291068581,1.4468609784920483,1.4468609784920483,0.072380561111024,3.8,23.5,8.5,61.6,5.6,0.8,0.42,27.19,96.2,1.0,3.0,,former,1.0,male,5.7
4343.0,1.33401303945,0.0324605599837,6.210501719,60.0,0.9609654713354064,0.3730475681145937,6.679345061983346,-0.4688433429833463,1.708830090679949,-1.8363944412755708,3.54522453195552,3.54522453195552,0.024333015513164,7.0,16.0,8.9,72.3,2.1,0.8,4.32,33.85,118.9,1.0,3.0,,former,1.0,male,4.8
6249.0,1.33849461323,0.0550620344152,6.578747809,70.0,0.9040974954933628,0.4343971177366372,6.4982104309380695,0.0805373780619307,1.9898557973308684,0.3154537557187671,1.6744020416121013,1.6744020416121013,0.0411372850297294,7.3,24.2,8.8,62.3,4.2,0.6,1.22,31.490000000000002,97.3,2.0,,,never,2.0,female,5.2
5901.0,1.3412771315,0.0958281065217,6.934354434,54.0,0.9950862568406328,0.3461908746593674,6.788025840610513,0.1463285933894873,1.5858068361807791,0.5731488342998032,1.012658001880976,1.012658001880976,0.071445418900516,4.1,45.5,7.4,41.9,4.6,0.7,0.02,22.62,92.3,1.0,3.0,,former,2.0,female,4.4
8968.0,1.34612060521,0.122527596326,6.715533361,65.0,0.9325314834143844,0.4135891217956156,6.588777746460708,0.1267556145392925,1.8945399914392147,0.4964841869338304,1.3980558045053844,1.3980558045053844,0.0910227477774067,5.9,43.0,9.8,41.2,4.6,1.5,0.35,33.18,99.8,1.0,3.0,,former,2.0,female,5.1
4250.0,1.34700356294,0.0863611282595,6.376658506,73.0,0.8870371027407495,0.4599664601992503,6.443870041624486,-0.0672115356244855,2.106982044848965,-0.2632582764746315,2.3702403213235965,2.3702403213235965,0.0641135113785492,8.6,31.4,7.6,58.9,1.5,0.6,0.2,36.78,112.9,2.0,,,never,2.0,female,6.4
314.0,1.34710552591,0.0885782359477,6.735376412,52.0,1.0064598520090415,0.3406456739009584,6.824252766819568,-0.0888763548195683,1.5604057701378566,-0.3481163727588386,1.9085221428966952,1.9085221428966952,0.0657544893432631,3.8,45.3,10.2,42.3,1.8,0.4,0.91,24.18,77.4,1.0,3.0,,former,2.0,female,5.5
2899.0,1.34799222641,0.103025150957,7.15463197,56.0,0.9837126616722238,0.3642795647377761,6.751798914401458,0.402833055598542,1.668666236828242,1.5778412877870218,0.09082494904122,0.09082494904122,0.0764285942741514,10.4,33.7,6.3,57.9,1.5,0.7,1.42,40.71,123.5,1.0,3.0,,former,2.0,female,8.9
9526.0,1.35106060642,0.0612395296552,6.337637899,72.0,0.8927239003249539,0.458336706095046,6.461983504729013,-0.1243456057290135,2.0995165817506556,-0.4870445162018976,2.5865610979525533,2.5865610979525533,0.0453270041064039,7.3,31.6,8.5,56.8,2.6,0.5,0.04,22.69,98.3,2.0,,,never,1.0,male,4.8
1032.0,1.35379195391,0.189940759513,6.907551424,51.0,1.012146649593246,0.3416453043167542,6.842366229924096,0.0651851940759042,1.5649848069151344,0.2553213772701726,1.309663429644962,1.309663429644962,0.1403027688001957,5.6,23.9,11.0,59.7,4.4,1.1,0.03,25.22,91.4,1.0,3.0,,former,1.0,male,5.5
620.0,1.35893731763,0.0377491206949,6.957436097,62.0,0.9495918761669976,0.4093454414630022,6.643118135774291,0.3143179612257096,1.87510083872138,1.231139922164719,0.6439609165566611,0.6439609165566611,0.0277784120026483,4.4,44.3,9.5,39.8,5.6,0.8,0.23,25.11,97.2,2.0,,,never,2.0,female,6.0
8418.0,1.36094586285,0.0946007885336,6.300120054,57.0,0.9780258640880196,0.3829199987619804,6.73368545129693,-0.4335653972969302,1.7540530273785286,-1.6982156138960016,3.4522686412745305,3.4522686412745305,0.0695110592683631,6.9,32.3,9.2,55.1,2.8,0.6,0.05,29.48,100.9,1.0,3.0,,former,1.0,male,5.5
6934.0,1.36478606888,0.115946581894,7.215675089,51.0,1.012146649593246,0.3526394192867541,6.842366229924096,0.3733088590759044,1.6153458763521549,1.4621990990075062,0.1531467773446486,0.1531467773446486,0.0849558656391844,7.4,46.5,8.5,40.1,4.1,0.8,1.73,31.75,109.8,1.0,1.0,3.0,current,2.0,female,5.8
3617.0,1.36542993724,1.05521430769,6.339294267,70.0,0.9040974954933628,0.4613324417466373,6.4982104309380695,-0.1589161639380698,2.11323923715097,-0.6224526048033808,2.735691841954351,2.735691841954351,0.7728073619236357,5.4,25.9,8.6,62.4,2.8,0.4,0.21,31.42,115.4,1.0,3.0,,former,1.0,male,5.4
5274.0,1.37467976312,0.0986083358624,6.570950095,77.0,0.864289912403932,0.510389850716068,6.371416189206375,0.1995339057936247,2.33795796951382,0.7815466742340661,1.5564112952797542,1.5564112952797542,0.0717318596722458,7.0,23.7,8.2,62.7,4.5,0.9,0.52,33.12,100.5,2.0,,,never,2.0,female,6.1
5568.0,1.37477840392,0.109713567282,7.274240801,50.0,1.0178334471774502,0.3569449567425498,6.860479693028624,0.4137611079713768,1.6350683798339445,1.620644955433754,0.0144234244001903,0.0144234244001903,0.0798045466594224,4.7,40.9,10.7,44.7,2.2,1.7,0.16,32.92,113.3,2.0,,,never,2.0,female,5.5
6090.0,1.37566223175,0.0380029914691,6.600687463,55.0,0.9893994592564282,0.3862627724935717,6.769912377505985,-0.1692249145059854,1.769365370433726,-0.6628305530514143,2.43219592348514,2.43219592348514,0.0276252342995241,13.1,32.5,5.1,57.6,2.8,2.0,1.29,29.07,113.7,1.0,1.0,40.0,current,1.0,male,5.9
3646.0,1.37584474282,0.102367062634,6.954014356,50.0,1.0178334471774502,0.3580112956425498,6.860479693028624,0.0935346629713764,1.639952990148903,0.3663623206298164,1.2735906695190864,1.2735906695190864,0.0744030626771036,5.1,18.6,8.9,68.7,2.3,1.5,0.04,20.580000000000002,73.0,2.0,,,never,2.0,female,4.9
8001.0,1.37660351506,0.0706913857232,6.716260397,50.0,1.0178334471774502,0.3587700678825498,6.860479693028624,-0.1442192960286235,1.643428720716556,-0.5648870086677281,2.2083157293842843,2.2083157293842843,0.0513520305228327,7.2,48.6,8.9,39.8,1.8,1.0,0.18,25.46,89.5,1.0,1.0,20.0,current,1.0,male,4.9
7836.0,1.3919083707,0.0925084111948,6.434159012,71.0,0.8984106979091583,0.4934976727908416,6.480096967833541,-0.0459379558335406,2.260579467673864,-0.1799326107511209,2.4405120784249847,2.4405120784249847,0.0664615668258945,5.6,22.4,9.5,66.1,1.4,0.7,0.07,37.77,102.2,2.0,,,never,2.0,female,4.9
4318.0,1.39873184482,0.07628647661,6.525455846,58.0,0.9723390665038152,0.4263927783161847,6.715571988192401,-0.1901161421924015,1.9531900816774608,-0.744658598535937,2.6978486802133976,2.6978486802133976,0.0545397439062504,3.4,28.8,6.9,58.7,4.8,0.8,0.52,33.01,113.1,2.0,,,never,2.0,female,4.9
6347.0,1.39943931089,0.0492537671328,6.334495401,66.0,0.9268446858301802,0.4725946250598198,6.57066428335618,-0.2361688823561802,2.164828255220666,-0.9250408036113654,3.089869058832031,3.089869058832031,0.0351953577047054,5.9,40.3,14.6,40.8,3.8,0.5,0.29,24.35,98.8,1.0,3.0,,former,1.0,male,5.0
6383.0,1.40285126307,0.077045113906,5.779398578,54.0,0.9950862568406328,0.4077650062293674,6.788025840610513,-1.0086272626105126,1.8678612920403617,-3.9506532962391527,5.818514588279514,5.818514588279514,0.0549203724829633,7.5,38.3,8.3,50.3,2.7,0.4,0.08,31.55,100.6,1.0,1.0,4.0,current,2.0,female,5.6
7979.0,1.40439647713,0.0354060311061,6.842236697,56.0,0.9837126616722238,0.4206838154577761,6.751798914401458,0.090437782598542,1.9270388657123532,0.3542322691167025,1.5728065965956506,1.5728065965956506,0.025210851552729,4.7,33.8,6.8,56.6,2.4,0.5,2.92,30.38,100.5,2.0,,,never,2.0,female,5.7
4828.0,1.4069245224,0.113824196542,7.036759449,67.0,0.9211578882459758,0.4857666341540242,6.5525508202516525,0.4842086287483473,2.2251656690487387,1.8965781375778576,0.328587531470881,0.328587531470881,0.0809028449854816,5.3,40.0,8.1,50.2,1.2,0.6,0.02,28.63,99.1,2.0,,,never,2.0,female,5.4
9260.0,1.41577474845,0.147704527428,6.88449555,62.0,0.9495918761669976,0.4661828722830023,6.643118135774291,0.2413774142257088,2.1354577485734794,0.9454419015805618,1.1900158469929174,1.1900158469929174,0.1043277029694928,6.6,32.5,6.1,59.3,1.4,0.7,0.59,28.42,100.8,2.0,,,never,2.0,female,5.2
968.0,1.44884096112,0.0633886210536,6.53944268,72.0,0.8927239003249539,0.5561170607950461,6.461983504729013,0.0774591752709863,2.5474219607702864,0.3033968617071356,2.2440250990631507,2.2440250990631507,0.0437512623915592,7.9,41.4,8.7,43.8,5.6,0.6,1.17,23.92,96.4,1.0,3.0,,former,1.0,male,8.8
9401.0,1.46669370315,0.113494395134,5.81698655,67.0,0.9211578882459758,0.5455358149040243,6.5525508202516525,-0.7355642702516523,2.4989521330031548,-2.8811033734546103,5.380055506457765,5.380055506457765,0.0773811156959694,4.4,27.1,9.2,61.7,1.2,0.9,0.03,20.59,76.7,2.0,,,never,2.0,female,5.1
7284.0,1.48739275838,0.124999707527,6.84260378,53.0,1.000773054424837,0.4866197039551629,6.806139303715041,0.0364644762849595,2.229073351259358,0.1428263034036576,2.0862470478557005,2.0862470478557005,0.0840394756682451,6.3,25.7,8.6,62.6,2.2,1.0,0.07,30.95,128.3,1.0,3.0,,former,1.0,male,5.6
8962.0,1.48781638245,0.117508167626,6.835799387,59.0,0.9666522689196108,0.5211641135303892,6.697458525087875,0.1383408619121251,2.3873119556423408,0.5418619963763076,1.8454499592660332,1.8454499592660332,0.0789802888394724,4.6,34.6,9.3,54.1,1.6,0.4,0.05,22.57,88.3,2.0,,,never,1.0,male,8.8
964.0,1.49435431565,0.111099671509,6.594415344,62.0,0.9495918761669976,0.5447624394830024,6.643118135774291,-0.048702791774291,2.4954095092098574,-0.1907620902107733,2.6861715994206308,2.6861715994206308,0.0743462713932571,5.9,34.8,8.6,54.1,2.0,0.6,0.07,25.73,86.0,2.0,,,never,2.0,female,12.0
3690.0,1.49637180703,0.0887815270756,5.751155595,69.0,0.909784293077567,0.586587513952433,6.516323894042596,-0.7651682990425961,2.6869988718198767,-2.9970582541725865,5.684057125992464,5.684057125992464,0.0593311947328208,2.8,36.5,16.0,21.3,25.5,0.8,0.74,28.28,102.2,1.0,3.0,,former,1.0,male,7.3
928.0,1.51295111326,0.0666547983052,7.423116931,52.0,1.0064598520090415,0.5064912612509584,6.824252766819568,0.5988641641804318,2.320099584796672,2.3456679904680864,-0.0255684056714144,0.0255684056714144,0.0440561480942877,7.0,52.2,7.5,36.8,2.3,1.3,0.1,28.830000000000002,97.0,1.0,3.0,,former,2.0,female,6.1
8020.0,1.51952527524,0.0491680035008,6.863165098,65.0,0.9325314834143844,0.5869937918256154,6.588777746460708,0.2743873515392918,2.6888599209573374,1.074737254275102,1.6141226666822357,1.6141226666822357,0.0323574765763828,7.8,26.3,10.0,59.9,3.1,0.8,0.51,23.080000000000002,91.3,2.0,,,never,1.0,male,5.0
871.0,1.52445091702,0.0977238401279,6.732947053,68.0,0.9154710906617712,0.6089798263582287,6.534437357147125,0.1985096958528753,2.789572003263466,0.7775349857457043,2.0120370175177618,2.0120370175177618,0.0641042876729221,9.4,27.2,9.8,58.4,3.8,0.9,0.52,25.72,79.1,2.0,,,never,2.0,female,5.9
3252.0,1.53177218495,0.170562239233,6.475334273,63.0,0.9439050785827932,0.5878671063672066,6.625004672669763,-0.1496703996697634,2.6928603388526797,-0.5862382266709708,3.2790985655236504,3.2790985655236504,0.111349612500352,4.9,35.3,8.5,53.5,2.0,0.8,0.05,23.06,90.4,1.0,1.0,1.0,current,1.0,male,5.2
3357.0,1.54560623782,0.0814136225793,6.430415081,58.0,0.9723390665038152,0.5732671713161848,6.715571988192401,-0.2851569071924018,2.625981982123933,-1.1169201122219228,3.742902094345856,3.742902094345856,0.0526742326649314,5.1,28.8,9.8,55.9,4.0,1.5,0.06,22.48,84.4,2.0,,,never,2.0,female,5.3
5408.0,1.57316895161,0.107719180837,7.060162652,50.0,1.0178334471774502,0.5553355044325499,6.860479693028624,0.1996829589713762,2.543841862295055,0.7821304948879663,1.7617113674070888,1.7617113674070888,0.0684727350655877,6.8,23.6,8.1,64.9,3.2,0.4,0.29,35.06,120.7,1.0,3.0,,former,1.0,male,5.5
3689.0,1.59884117285,0.127959651255,6.867259395,62.0,0.9495918761669976,0.6492492966830024,6.643118135774291,0.2241412592257088,2.9740355637002898,0.8779302695937377,2.096105294106552,2.096105294106552,0.0800327471095247,7.3,40.0,6.2,52.1,1.3,0.5,0.58,36.230000000000004,110.4,2.0,,,never,2.0,female,5.0
8674.0,1.6054317904,0.057199965387,6.289042919,60.0,0.9609654713354064,0.6444663190645936,6.679345061983346,-0.3903021429833462,2.9521260358652905,-1.528759438561591,4.480885474426882,4.480885474426882,0.0356290225028796,5.1,38.3,9.1,50.1,2.1,0.4,0.79,28.400000000000002,105.3,1.0,1.0,7.0,current,1.0,male,6.3
3949.0,1.61300310486,0.0842165303163,6.847863984,52.0,1.0064598520090415,0.6065432528509584,6.824252766819568,0.0236112171804316,2.7784107185285984,0.0924818676233932,2.685928850905205,2.685928850905205,0.052211015628274,8.6,35.8,5.2,31.8,26.2,1.0,0.09,29.44,93.3,2.0,,,never,2.0,female,5.5
4800.0,1.63009848511,0.0815901073141,7.005449411,67.0,0.9211578882459758,0.7089405968640242,6.5525508202516525,0.4528985907483474,3.2474652778160142,1.773941055064415,1.4735242227515992,1.4735242227515992,0.050052256387806,4.9,22.0,7.1,67.3,2.7,0.9,0.54,26.18,102.3,1.0,3.0,,former,1.0,male,6.7
5826.0,1.68777982646,0.112997140118,7.227492473,61.0,0.955278673751202,0.7325011527087979,6.661231598878818,0.5662608741211814,3.355389816727168,2.2179654187495217,1.1374243979776462,1.1374243979776462,0.06695016633479,5.5,27.2,9.9,60.7,1.9,0.4,0.09,23.35,78.4,2.0,,,never,2.0,female,5.9
3538.0,1.69446825806,0.075747236684,6.504179468,71.0,0.8984106979091583,0.7960575601508416,6.480096967833541,0.0240825001664592,3.6465245426319273,0.094327817808591,3.5521967248233364,3.5521967248233364,0.0447026589749891,4.4,40.3,8.6,49.3,0.9,0.8,0.08,25.21,94.2,2.0,,,never,1.0,male,8.9
2019.0,1.85030450169,0.0972170683367,6.719295292,63.0,0.9439050785827932,0.9063994231072068,6.625004672669763,0.0942906193302368,4.151970796133837,0.3693232969901173,3.782647499143719,3.782647499143719,0.0525411186363679,9.3,28.7,6.1,62.4,1.9,0.9,0.07,21.35,74.5,1.0,3.0,,former,2.0,female,5.7
1026.0,1.87769194834,0.0666342399477,6.740858184,62.0,0.9495918761669976,0.9281000721730024,6.643118135774291,0.0977400482257095,4.251375604743998,0.3828342322396479,3.8685413725043505,3.8685413725043505,0.0354873119664857,7.6,37.2,6.9,51.7,3.4,0.8,0.18,34.5,120.8,1.0,3.0,,former,2.0,female,6.4
986.0,1.91098615291,0.0990874227117,7.183207118,60.0,0.9609654713354064,0.9500206815745936,6.679345061983346,0.5038620560166542,4.351787992206539,1.973557890255746,2.378230101950793,2.378230101950793,0.0518514603367545,7.5,26.5,7.8,61.8,3.6,0.5,0.91,32.09,98.7,1.0,3.0,,former,2.0,female,5.7
8532.0,2.10905917907,0.105995715024,6.638565022,73.0,0.8870371027407495,1.2220220763292504,6.443870041624486,0.1946949803755142,5.597752871197233,0.7625932735458519,4.835159597651382,4.835159597651382,0.0502573451119277,9.8,28.1,6.4,62.6,2.5,0.5,0.08,27.62,89.0,2.0,,,never,2.0,female,6.3
19028.0,0.453354774471,0.0253292634334,5.837648809,85.0,0.8187955317302971,-0.3654407572592971,6.226508484370153,-0.3888596753701527,-1.6739853459484977,-1.5231094926975148,-0.1508758532509826,0.1508758532509826,0.0558707327235179,5.9,28.3,8.9,60.1,2.2,0.5,1.55,25.23,,1.0,3.0,,former,1.0,male,5.4
10168.0,0.470472406818,0.0180252975172,5.976311657,70.0,0.9040974954933628,-0.4336250886753627,6.4982104309380695,-0.5218987739380694,-1.98631934084771,-2.044205216330543,0.057885875482833,0.057885875482833,0.0383131874600522,13.4,7.6,4.7,86.2,0.4,1.2,0.18,18.86,81.2,1.0,2.0,,current,1.0,male,5.3
17861.0,0.503449557018,0.0340649535348,5.386026097,68.0,0.9154710906617712,-0.4120215336437713,6.534437357147125,-1.1484112601471246,-1.8873592937678605,-4.498167854987256,2.610808561219395,2.610808561219395,0.0676630916840434,4.9,39.0,11.8,47.6,1.6,0.1,0.29,28.66,107.3,1.0,2.0,,current,2.0,female,5.8
12264.0,0.5113265594,0.0299218506119,6.007756534,76.0,0.8699767099881364,-0.3586501505881363,6.389529652310903,-0.3817731183109023,-1.64287941199938,-1.495352430160206,-0.147526981839174,0.147526981839174,0.0585180841124522,5.7,26.8,9.4,59.2,4.6,0.1,0.41,30.68,112.2,1.0,3.0,,former,1.0,male,5.6
20678.0,0.512325209032,0.0227525943796,5.808107975,65.0,0.9325314834143844,-0.4202062743823845,6.588777746460708,-0.7806697714607074,-1.9248513791049775,-3.057775374733723,1.1329239956287456,1.1329239956287456,0.0444104525377334,5.1,24.5,10.5,62.8,1.7,0.6,3.5,35.71,89.8,2.0,,,never,2.0,female,5.1
17615.0,0.51245049563,0.186313508048,6.384957927,75.0,0.8756635075723407,-0.3632130119423407,6.40764311541543,-0.0226851884154299,-1.663780646716101,-0.08885474120268,-1.5749259055134208,1.5749259055134208,0.3635736712849669,7.6,27.9,11.4,58.1,2.1,0.6,0.28,29.29,114.6,1.0,3.0,,former,1.0,male,5.8
14036.0,0.526572443099,0.0258631660209,5.768672168,83.0,0.8301691268987057,-0.3035966837997057,6.262735410579208,-0.494063242579208,-1.390694359246481,-1.935177295123223,0.5444829358767416,0.5444829358767416,0.0491160643893351,6.3,42.0,12.2,43.2,2.0,0.6,0.28,28.58,111.0,2.0,,,never,1.0,male,5.5
20884.0,0.529124217451,0.029949173642,6.024858727,82.0,0.8358559244829101,-0.3067317070319101,6.280848873683736,-0.255990146683736,-1.4050550534100896,-1.0026779508054764,-0.4023771026046132,0.4023771026046132,0.0566014040829145,7.9,19.6,15.1,60.5,4.2,0.6,2.03,25.16,93.5,2.0,,,never,2.0,female,4.1
17315.0,0.542696416075,0.0226480818494,6.305545449,74.0,0.8813503051565452,-0.3386538890815452,6.425756578519958,-0.1202111295199577,-1.5512819421746429,-0.4708503455017584,-1.0804315966728844,1.0804315966728844,0.0417325067543288,4.9,22.7,13.5,60.4,2.2,1.3,0.53,34.05,108.1,1.0,3.0,,former,2.0,female,5.3
13108.0,0.547999887009,0.016926798907,5.687969966,73.0,0.8870371027407495,-0.3390372157317495,6.443870041624486,-0.7559000756244858,-1.553037857962378,-2.9607559066609097,1.4077180486985317,1.4077180486985317,0.0308883255421583,5.6,25.8,7.0,61.6,5.1,0.4,0.15,22.2,,1.0,3.0,,former,1.0,male,6.1
13363.0,0.548359563075,0.0102684317179,5.938459337,66.0,0.9268446858301802,-0.3784851227551802,6.57066428335618,-0.6322049463561799,-1.7337380589492832,-2.4762592166668513,0.7425211577175681,0.7425211577175681,0.0187257274411672,9.1,20.3,7.9,66.9,4.6,0.4,3.94,21.45,90.6,1.0,1.0,25.0,current,1.0,male,5.7
11351.0,0.556123674302,0.0413253574815,6.495896377,50.0,1.0178334471774502,-0.4617097728754501,6.860479693028624,-0.3645833160286233,-2.1149676890755447,-1.428022355349003,-0.6869453337265417,0.6869453337265417,0.0743096533938572,5.0,38.7,12.3,46.3,2.5,0.2,0.46,26.08,93.7,1.0,3.0,,former,1.0,male,5.4
13526.0,0.557725867845,0.0207699145078,6.485227394,81.0,0.8415427220671146,-0.2838168542221145,6.298962336788264,0.1862650572117354,-1.3000883055961698,0.72957443202869,-2.02966273762486,2.02966273762486,0.0372403643174253,5.9,35.2,9.2,52.8,2.6,0.3,0.2,24.63,92.7,1.0,3.0,,former,2.0,female,5.9
19613.0,0.563025494674,0.0574429220431,5.769806153,85.0,0.8187955317302971,-0.2557700370562971,6.226508484370153,-0.4567023313701526,-1.1716134160184808,-1.7888397802750349,0.6172263642565539,0.6172263642565539,0.1020254368345438,5.8,26.3,10.1,56.0,6.6,0.9,0.47,,92.0,2.0,,,never,1.0,male,5.9
19595.0,0.567212873456,0.0444513313811,6.213204093,73.0,0.8870371027407495,-0.3198242292847495,6.443870041624486,-0.2306659486244857,-1.4650283594997735,-0.90348657432171,-0.5615417851780639,0.5615417851780639,0.0783679875075123,5.2,17.7,6.0,72.8,2.8,0.6,0.26,34.04,117.9,2.0,,,never,1.0,male,7.3
12276.0,0.567631941221,0.0192816557035,6.77225157,69.0,0.909784293077567,-0.342152351856567,6.516323894042596,0.2559276759574036,-1.5673074546616843,1.0024332616224132,-2.5697407162840973,2.5697407162840973,0.0339685882757484,8.0,31.3,10.9,56.3,1.2,0.4,0.53,26.17,92.7,1.0,3.0,,former,2.0,female,4.8
15770.0,0.568391733416,0.0358947300465,5.779093746,82.0,0.8358559244829101,-0.2674641910669101,6.280848873683736,-0.5017551276837358,-1.2251811751098431,-1.9653053437780308,0.7401241686681876,0.7401241686681876,0.0631513935482045,3.4,43.5,14.8,40.5,0.8,0.6,0.43,36.88,121.2,2.0,,,never,2.0,female,5.6
15236.0,0.570386602353,0.0682472035574,6.020332513,72.0,0.8927239003249539,-0.3223372979719539,6.461983504729013,-0.4416509917290137,-1.4765400479805335,-1.7298857674594577,0.2533457194789239,0.2533457194789239,0.1196507829529335,11.4,35.3,9.4,49.2,5.3,0.9,0.26,22.6,79.5,1.0,3.0,,former,2.0,female,5.5
18300.0,0.572364213661,0.0429999551223,6.618591009,59.0,0.9666522689196108,-0.3942880552586107,6.697458525087875,-0.0788675160878744,-1.8061270218885912,-0.3089131376365279,-1.4972138842520637,1.4972138842520637,0.0751269106208796,4.5,35.1,7.7,52.4,3.8,1.0,0.14,25.47,87.0,2.0,,,never,1.0,male,5.3
18884.0,0.57875622418,0.0650706291045,5.733404293,75.0,0.8756635075723407,-0.2969072833923407,6.40764311541543,-0.6742388224154299,-1.3600520238400735,-2.6409000876436948,1.280848063803621,1.280848063803621,0.1124318432975716,6.7,31.7,7.5,51.2,8.9,0.7,0.12,28.92,105.0,2.0,,,never,1.0,male,6.0
10415.0,0.578757888319,0.0353064927627,5.723628778,80.0,0.8472295196513189,-0.2684716313323189,6.317075799892791,-0.593447021892791,-1.2297959866975283,-2.324449794382969,1.0946538076854406,1.0946538076854406,0.0610039076361405,12.7,13.9,5.1,78.0,3.0,0.1,0.84,,80.4,1.0,3.0,,former,2.0,female,5.7
15479.0,0.582679412039,0.0710733836655,5.724311898,85.0,0.8187955317302971,-0.2361161196912971,6.226508484370153,-0.502196586370153,-1.0815841321853468,-1.9670344763122176,0.8854503441268708,0.8854503441268708,0.1219768232702598,8.8,45.5,9.9,39.0,4.7,0.9,0.13,25.93,99.2,2.0,,,never,1.0,male,5.5
10131.0,0.582722797723,0.0258051556526,6.18572054,81.0,0.8415427220671146,-0.2588199243441146,6.298962336788264,-0.1132417967882641,-1.185584125429469,-0.4435524344203239,-0.7420316910091451,0.7420316910091451,0.0442837585099366,8.4,21.5,9.5,55.2,13.3,0.6,0.5,27.72,104.6,2.0,,,never,2.0,female,7.5
17568.0,0.588449767837,0.0464252861362,5.991450706,78.0,0.8586031148197276,-0.2701533469827276,6.353302726101847,-0.3618520201018471,-1.2374994715960097,-1.4173242474789107,0.179824775882901,0.179824775882901,0.0788942211785522,7.5,12.3,3.4,83.6,0.6,0.1,0.41,29.11,98.8,2.0,,,never,1.0,male,5.6
15185.0,0.591484901437,0.0586100990966,6.442838371,58.0,0.9723390665038152,-0.3808541650668151,6.715571988192401,-0.2727336171924017,-1.744590001527749,-1.0682598058748516,-0.6763301956528971,0.6763301956528971,0.0990897636680294,9.2,33.9,12.6,52.0,1.2,0.4,2.6,21.02,89.1,1.0,2.0,,current,2.0,female,5.5
16186.0,0.592315000071,0.0851740140928,6.312827573,75.0,0.8756635075723407,-0.2833485075013406,6.40764311541543,-0.0948155424154304,-1.2979429358424557,-0.371379348014779,-0.9265635878276764,0.9265635878276764,0.1437985093786081,8.6,25.7,7.5,63.8,3.1,0.1,0.31,29.97,97.6,1.0,1.0,20.0,current,2.0,female,5.7
17297.0,0.59475238104,0.0686712416605,6.080161704,85.0,0.8187955317302971,-0.224043150690297,6.226508484370153,-0.1463467803701528,-1.0262811240005627,-0.5732200701842356,-0.4530610538163271,0.4530610538163271,0.1154619028853984,7.6,29.6,8.9,57.3,3.7,0.4,0.13,25.7,98.5,2.0,,,never,2.0,female,7.1
10577.0,0.596554277157,0.0243304324369,5.711677546,81.0,0.8415427220671146,-0.2449884449101145,6.298962336788264,-0.5872847907882646,-1.1222258562015088,-2.3003131885943495,1.1780873323928407,1.1780873323928407,0.0407849434134503,5.1,23.0,10.6,63.5,2.1,0.9,0.08,26.06,96.8,2.0,,,never,1.0,male,5.5
15568.0,0.601041042759,0.0516219852923,6.751050306,57.0,0.9780258640880196,-0.3769848213290194,6.73368545129693,0.0173648547030698,-1.7268655835835518,0.0680157308992826,-1.7948813144828344,1.7948813144828344,0.0858876210105986,7.3,37.3,7.6,54.2,0.8,0.2,0.3,26.28,89.3,2.0,,,never,2.0,female,4.7
11311.0,0.601549647218,0.0629151815005,7.514781261,68.0,0.9154710906617712,-0.3139214434437714,6.534437357147125,0.9803439038528756,-1.437989292833604,3.839871297133383,-5.277860589966987,5.277860589966987,0.1045885103440177,22.4,62.2,5.4,29.1,1.3,2.2,0.28,18.02,73.5,1.0,2.0,,current,1.0,male,5.9
12061.0,0.601607706285,0.045438232542,6.413222904,60.0,0.9609654713354064,-0.3593577650504063,6.679345061983346,-0.2661221579833457,-1.646120802613018,-1.0423636358173365,-0.6037571667956816,0.6037571667956816,0.0755280094774492,12.4,29.1,6.6,59.7,3.9,0.6,0.55,24.07,84.5,1.0,1.0,15.0,current,2.0,female,5.1
10243.0,0.602088676184,0.018898752902,6.243088764,82.0,0.8358559244829101,-0.2337672482989101,6.280848873683736,-0.0377601096837354,-1.0708245871366169,-0.1479011199858941,-0.9229234671507228,0.9229234671507228,0.031388653614579,4.0,20.8,9.4,61.7,7.4,0.6,0.07,22.72,79.4,1.0,3.0,,former,2.0,female,5.2
16324.0,0.602149653053,0.0266810144523,5.871903815,81.0,0.8415427220671146,-0.2393930690141146,6.298962336788264,-0.4270585217882647,-1.0965949514134827,-1.6727290837084334,0.5761341322949507,0.5761341322949507,0.0443096069507352,3.8,22.6,5.6,64.8,6.6,0.5,0.2,21.18,88.6,1.0,3.0,,former,1.0,male,5.4
19753.0,0.602811023388,0.037512286287,6.517149558,75.0,0.8756635075723407,-0.2728524841843407,6.40764311541543,0.1095064425845695,-1.2498634896548897,0.4289215693381596,-1.6787850589930493,1.6787850589930493,0.0622289321720899,7.1,23.1,10.9,62.2,2.8,1.0,0.07,25.09,98.2,2.0,,,never,1.0,male,5.3
18059.0,0.604973765639,0.0352575400295,6.65556746,69.0,0.909784293077567,-0.304810527438567,6.516323894042596,0.139243565957404,-1.3962546489059209,0.5453977631002601,-1.941652412006181,1.941652412006181,0.0582794528160397,6.3,31.2,10.2,53.0,4.9,0.7,0.34,31.97,124.9,1.0,3.0,,former,1.0,male,7.2
10411.0,0.608780944829,0.0276432572814,6.541890635,85.0,0.8187955317302971,-0.210014586901297,6.226508484370153,0.3153821506298468,-0.9620200646058468,1.2353082046741528,-2.1973282692799994,2.1973282692799994,0.0454075600036474,4.5,27.0,10.0,59.5,2.8,0.8,0.09,33.55,106.4,2.0,,,never,2.0,female,5.8
14990.0,0.613085429425,0.0306839425695,5.80783843,75.0,0.8756635075723407,-0.2625780781473407,6.40764311541543,-0.59980468541543,-1.2027992123333011,-2.349351881886619,1.1465526695533177,1.1465526695533177,0.0500483963520024,8.0,26.5,5.9,64.3,3.0,0.4,0.87,32.05,114.7,1.0,3.0,,former,1.0,male,5.7
16098.0,0.617031746274,0.031669485364,6.642289164,64.0,0.9382182809985888,-0.3211865347245888,6.6068912095652355,0.0353979544347646,-1.4712687125465982,0.1386488850260518,-1.60991759757265,1.60991759757265,0.0513255364172734,9.4,17.2,7.8,70.6,4.3,0.1,0.85,,,2.0,,,never,1.0,male,4.2
15895.0,0.618399484273,0.0279995835026,6.61180007,60.0,0.9609654713354064,-0.3425659870624064,6.679345061983346,-0.0675449919833459,-1.5692022057516737,-0.2645643788497291,-1.3046378269019443,1.3046378269019443,0.0452775013800613,3.1,45.1,9.6,43.0,2.2,0.2,0.08,24.32,80.0,1.0,3.0,,former,2.0,female,5.2
11507.0,0.620101872755,0.0577646623038,6.44498027,85.0,0.8187955317302971,-0.1986936589752971,6.226508484370153,0.2184717856298474,-0.9101619533409986,0.855723726721339,-1.7658856800623377,1.7658856800623377,0.0931535040317844,6.1,22.0,7.3,65.7,4.2,0.9,0.41,22.78,92.3,1.0,1.0,10.0,current,1.0,male,10.0
10929.0,0.62112748624,0.0412899702338,6.3418629,68.0,0.9154710906617712,-0.2943436044217713,6.534437357147125,-0.192574457147125,-1.34830850332902,-0.7542874777454242,-0.5940210255835959,0.5940210255835959,0.0664758381306696,6.6,35.9,8.2,54.3,0.8,0.7,1.3,30.59,102.5,2.0,,,never,2.0,female,5.5
17954.0,0.626199717028,0.0414552987023,5.883141248,76.0,0.8699767099881364,-0.2437769929601363,6.389529652310903,-0.5063884043109024,-1.1166765222224715,-1.983453246633768,0.8667767244112965,0.8667767244112965,0.0662014012063923,4.3,25.3,8.9,60.7,4.3,0.9,0.62,22.15,79.4,1.0,3.0,,former,2.0,female,4.9
20896.0,0.627187089154,0.0335802465175,6.369400796,71.0,0.8984106979091583,-0.2712236087551583,6.480096967833541,-0.110696171833541,-1.2424020515293874,-0.4335815740329728,-0.8088204774964145,0.8088204774964145,0.0535410359974018,6.6,30.9,7.1,58.0,3.8,0.4,0.24,24.45,92.0,2.0,,,never,1.0,male,7.3
14255.0,0.627953962923,0.0214378238741,6.158347209,80.0,0.8472295196513189,-0.2192755567283189,6.317075799892791,-0.1587285908927906,-1.0044420645381251,-0.6217179071632438,-0.3827241573748815,0.3827241573748815,0.0341391648749395,3.8,24.1,11.2,56.3,7.6,0.8,0.03,24.76,96.6,1.0,3.0,,former,1.0,male,5.5
13686.0,0.628934842903,0.0269587998522,6.7171447,51.0,1.012146649593246,-0.3832118066902459,6.842366229924096,-0.1252215299240955,-1.7553897206346707,-0.4904753899615458,-1.264914330673125,1.264914330673125,0.0428642174247576,4.6,32.0,8.3,56.3,2.5,0.9,2.24,26.0,88.9,2.0,,,never,2.0,female,5.0
19096.0,0.629130316287,0.0271252288471,5.892583502,84.0,0.8244823293145014,-0.1953520130275013,6.2446219474746805,-0.3520384454746805,-0.8948547763585769,-1.3788858348106268,0.4840310584520498,0.4840310584520498,0.0431154375252294,10.1,34.8,10.4,51.4,3.3,0.2,0.67,27.21,105.2,2.0,,,never,1.0,male,7.3
16345.0,0.629716227094,0.0318022199908,6.46030858,60.0,0.9609654713354064,-0.3312492442414063,6.679345061983346,-0.2190364819833457,-1.5173632653217743,-0.857935564129489,-0.6594277011922853,0.6594277011922853,0.0505024622559913,5.6,33.5,8.5,55.4,2.2,0.4,0.5,35.01,104.1,1.0,3.0,,former,2.0,female,6.0
16434.0,0.632552730712,0.027972431077,6.930860795,66.0,0.9268446858301802,-0.2942919551181802,6.57066428335618,0.3601965116438199,-1.3480719118278737,1.4108398501310448,-2.7589117619589185,2.7589117619589185,0.0442215007838386,5.3,30.0,10.0,56.6,3.1,0.3,0.4,43.29,149.6,1.0,1.0,20.0,current,1.0,male,5.9
19097.0,0.634968887918,0.0392520142467,6.502611912,67.0,0.9211578882459758,-0.2861890003279758,6.5525508202516525,-0.0499389082516525,-1.3109544658171626,-0.1956037872547186,-1.115350678562444,1.115350678562444,0.061817224424024,5.0,25.3,8.5,63.0,2.5,0.7,0.15,36.14,120.8,1.0,3.0,,former,1.0,male,7.6
15100.0,0.636544531227,0.0283354073596,6.001558283,81.0,0.8415427220671146,-0.2049981908401145,6.298962336788264,-0.2974040537882647,-0.939041309967554,-1.164890489250244,0.2258491792826902,0.2258491792826902,0.0445144148909437,4.9,26.2,13.9,57.9,1.6,0.4,0.07,22.09,95.8,1.0,3.0,,former,1.0,male,5.2
14916.0,0.636722236676,0.0458700699826,6.185826613,73.0,0.8870371027407495,-0.2503148660647495,6.443870041624486,-0.2580434286244859,-1.1466247520063424,-1.0107203717949085,-0.1359043802114341,0.1359043802114341,0.0720409424085203,9.1,30.8,9.8,56.1,2.7,0.7,0.13,31.41,91.0,2.0,,,never,2.0,female,5.3
17521.0,0.639751957212,0.027197504461,6.540412451,64.0,0.9382182809985888,-0.2984663237865889,6.6068912095652355,-0.0664787585652355,-1.3671935665439747,-0.2603880902206512,-1.1068054763233235,1.1068054763233235,0.0425125771862036,7.4,20.8,8.2,69.1,1.7,0.2,1.54,38.13,103.9,1.0,3.0,,former,2.0,female,5.4
15876.0,0.640861077537,0.0331490732249,5.624959249,66.0,0.9268446858301802,-0.2859836082931802,6.57066428335618,-0.9457050343561804,-1.3100136204144746,-3.704195642679096,2.3941820222646215,2.3941820222646215,0.0517258332372138,22.4,10.6,7.8,78.3,2.6,0.7,0.86,29.73,102.4,1.0,3.0,,former,2.0,female,6.2
12807.0,0.642788776146,0.047550948142,6.386716947,78.0,0.8586031148197276,-0.2158143386737275,6.353302726101847,0.0334142208981527,-0.9885871600497156,0.1308788755034136,-1.1194660355531294,1.1194660355531294,0.0739760087708804,4.8,45.4,10.4,42.2,1.7,0.4,0.21,29.93,112.0,1.0,3.0,,former,1.0,male,5.8
18413.0,0.644084652831,0.0498848724065,6.175769182,71.0,0.8984106979091583,-0.2543260450781582,6.480096967833541,-0.3043277858335411,-1.1649988790160948,-1.1920097887585208,0.027010909742426,0.027010909742426,0.0774508012063892,7.4,13.9,5.9,75.8,3.7,0.6,0.2,24.61,95.6,1.0,1.0,15.0,current,1.0,male,5.9
14137.0,0.645243455803,0.00972776537915,6.012174338,85.0,0.8187955317302971,-0.173552075927297,6.226508484370153,-0.2143341463701524,-0.7949951560961119,-0.8395171667899177,0.0445220106938057,0.0445220106938057,0.015076116296358,7.3,34.2,8.3,54.3,3.2,0.1,0.24,25.33,104.0,2.0,,,never,1.0,male,5.4
15874.0,0.646826104817,0.071656952465,6.493897909,68.0,0.9154710906617712,-0.2686449858447713,6.534437357147125,-0.0405394481471246,-1.2305900768687397,-0.1587874038181732,-1.0718026730505663,1.0718026730505663,0.1107824064788992,4.1,26.7,8.3,58.3,5.4,1.3,0.09,21.85,73.1,1.0,3.0,,former,2.0,female,4.9
10625.0,0.647637438094,0.0592712726214,6.53036851,73.0,0.8870371027407495,-0.2393996646467495,6.443870041624486,0.0864984683755141,-1.096625164224065,0.3388025208865708,-1.4354276851106358,1.4354276851106358,0.0915192191418637,5.3,25.7,6.8,63.1,4.1,0.4,0.38,22.59,92.6,2.0,,,never,2.0,female,5.2
20311.0,0.647882588953,0.0442616531913,6.359454008,50.0,1.0178334471774502,-0.3699508582244502,6.860479693028624,-0.5010256850286234,-1.6946448995818584,-1.9624482179232543,0.2678033183413959,0.2678033183413959,0.0683173987787329,3.7,16.6,12.2,69.6,1.5,0.2,0.03,23.81,87.8,1.0,3.0,,former,1.0,male,5.1
13248.0,0.64825362438,0.0410338700132,6.775031466,54.0,0.9950862568406328,-0.3468326324606327,6.788025840610513,-0.0129943746105132,-1.5887465552286029,-0.0508971656731969,-1.537849389555406,1.537849389555406,0.0632990984854815,9.0,32.8,9.6,55.0,1.9,0.6,0.89,33.73,118.7,2.0,,,never,2.0,female,5.8
17181.0,0.649416387224,0.064071286543,6.592211814,51.0,1.012146649593246,-0.3627302623692459,6.842366229924096,-0.2501544159240962,-1.6615693013883814,-0.979820201648603,-0.6817490997397785,0.6817490997397785,0.0986597933213228,8.2,32.7,10.9,53.2,3.0,0.3,0.34,31.89,106.7,1.0,1.0,20.0,current,1.0,male,5.2
20870.0,0.654259679742,0.0346977331798,5.949887701,85.0,0.8187955317302971,-0.164535851988297,6.226508484370153,-0.276620783370153,-0.7536942709324823,-1.0834852974339595,0.3297910265014774,0.3297910265014774,0.0530335801733688,7.8,34.2,9.6,53.9,2.0,0.4,0.18,22.58,94.4,1.0,3.0,,former,1.0,male,5.7
15114.0,0.654280917856,0.0413983318646,6.478540707,76.0,0.8699767099881364,-0.2156957921321364,6.389529652310903,0.0890110546890969,-0.9880441303807628,0.3486439734923137,-1.3366881038730765,1.3366881038730765,0.063273023459491,9.3,16.6,8.2,72.1,2.7,0.4,0.6,,,1.0,3.0,,former,1.0,male,5.4
19435.0,0.654648407552,0.0348638375927,6.373283459,70.0,0.9040974954933628,-0.2494490879413626,6.4982104309380695,-0.1249269719380699,-1.1426588564060225,-0.4893216471255512,-0.653337209280471,0.653337209280471,0.0532558197507426,8.9,23.8,7.4,65.9,2.2,0.8,0.82,,,1.0,3.0,,former,1.0,male,5.3
12942.0,0.654994604146,0.044904695297,6.20353151,75.0,0.8756635075723407,-0.2206689034263407,6.40764311541543,-0.2041116054154299,-1.0108246091995554,-0.7994768896570266,-0.2113477195425288,0.2113477195425288,0.0685573514846706,9.8,20.6,7.5,69.1,1.9,0.9,3.34,20.01,74.1,1.0,1.0,30.0,current,2.0,female,5.3
12759.0,0.656719495833,0.0385957294738,6.656070672,78.0,0.8586031148197276,-0.2018836189867275,6.353302726101847,0.3027679458981529,-0.9247742980431723,1.1859001117640704,-2.1106744098072427,2.1106744098072427,0.0587704944328539,6.6,28.7,8.4,58.9,2.9,1.1,0.93,,,1.0,3.0,,former,2.0,female,6.2
11625.0,0.656817466028,0.0603608209813,6.257001255,78.0,0.8586031148197276,-0.2017856487917276,6.353302726101847,-0.0963014711018477,-0.9243255230570446,-0.377199524883464,-0.5471259981735807,0.5471259981735807,0.0918989279416129,6.6,29.6,10.2,57.3,2.1,0.8,0.05,29.95,100.1,2.0,,,never,1.0,male,5.4
10437.0,0.657021477776,0.0316426971981,6.269543365,74.0,0.8813503051565452,-0.2243288273805452,6.425756578519958,-0.1562132135199583,-1.0275897317123603,-0.6118655223649728,-0.4157242093473875,0.4157242093473875,0.048160826195834,11.8,20.6,7.6,68.9,2.0,0.9,0.3,19.32,80.7,1.0,1.0,20.0,current,1.0,male,5.0
18784.0,0.658623139943,0.0189431383727,6.131671707,85.0,0.8187955317302971,-0.160172391787297,6.226508484370153,-0.094836777370153,-0.7337064390089603,-0.3714625223914593,-0.3622439166175009,0.3622439166175009,0.0287617261281457,8.0,37.3,8.1,50.9,3.1,0.6,0.69,,,1.0,3.0,,former,1.0,male,6.2
15741.0,0.66076838342,0.0567290669369,5.915916967,85.0,0.8187955317302971,-0.158027148310297,6.226508484370153,-0.3105915173701525,-0.7238796584086741,-1.216543957682157,0.492664299273483,0.492664299273483,0.0858531799649404,5.2,25.0,10.2,62.4,2.2,0.2,0.28,,,1.0,3.0,,former,1.0,male,5.5
19815.0,0.661127244245,0.0284667633599,6.515008773,82.0,0.8358559244829101,-0.1747286802379101,6.280848873683736,0.2341598993162641,-0.8003848624570491,0.917171895281254,-1.7175567577383033,1.7175567577383033,0.0430579190431166,7.1,18.4,6.7,71.3,2.9,0.6,6.69,25.83,104.4,2.0,,,never,2.0,female,4.6
11628.0,0.661244581412,0.0232113292135,6.48990224,63.0,0.9439050785827932,-0.2826604971707932,6.625004672669763,-0.1351024326697629,-1.2947913464580771,-0.529177517545285,-0.7656138289127922,0.7656138289127922,0.0351024868346524,3.8,46.3,13.5,35.8,4.3,0.2,0.42,33.29,109.0,1.0,3.0,,former,1.0,male,6.1
12413.0,0.663069311932,0.0524859168299,6.117932148,85.0,0.8187955317302971,-0.155726219798297,6.226508484370153,-0.1085763363701524,-0.7133397267380801,-0.4252784721127989,-0.2880612546252812,0.2880612546252812,0.0791560035812404,10.7,18.8,8.6,70.4,1.9,0.3,0.42,23.38,96.0,2.0,,,never,2.0,female,5.6
14313.0,0.664832923124,0.0368322705796,6.532862145,69.0,0.909784293077567,-0.244951369953567,6.516323894042596,0.0165382509574039,-1.1220560258453451,0.0647780385092845,-1.1868340643546298,1.1868340643546298,0.0554007921366588,8.6,29.8,4.5,61.3,3.7,0.8,1.39,39.77,122.1,1.0,3.0,,former,2.0,female,5.1
19878.0,0.666341066141,0.0420914712309,6.202045365,73.0,0.8870371027407495,-0.2206960365997495,6.443870041624486,-0.2418246766244856,-1.0109488989340014,-0.9471937664522668,-0.0637551324817344,0.0637551324817344,0.063168058175771,7.2,19.8,10.4,65.1,4.4,0.3,0.19,32.0,118.7,2.0,,,never,1.0,male,5.7
16875.0,0.666794804927,0.121632798044,6.872650099,53.0,1.000773054424837,-0.3339782494978369,6.806139303715041,0.0665107952849597,-1.5298641008677116,0.2605135736148354,-1.790377674482547,1.790377674482547,0.1824141357209827,7.3,26.9,9.6,59.7,3.3,0.6,0.78,29.79,107.6,2.0,,,never,1.0,male,5.1
11785.0,0.666851449269,0.0556334605939,6.4135871,79.0,0.8529163172355232,-0.1860648679665232,6.33518926299732,0.0783978370026803,-0.8523128747535942,0.3070734697087601,-1.1593863444623542,1.1593863444623542,0.0834270670850085,9.3,24.7,8.0,64.3,1.7,1.3,0.23,,78.6,1.0,3.0,,former,2.0,female,5.9
13673.0,0.667313674099,0.0682297054626,6.270482808,75.0,0.8756635075723407,-0.2083498334733406,6.40764311541543,-0.1371603074154306,-0.9543942790642544,-0.5372379279154919,-0.4171563511487626,0.4171563511487626,0.1022453279632296,5.1,20.8,9.7,63.5,6.0,0.1,0.06,24.0,87.2,1.0,3.0,,former,1.0,male,6.3
13809.0,0.667749985367,0.0285397022132,6.456893221,59.0,0.9666522689196108,-0.2989022835526107,6.697458525087875,-0.240565304087875,-1.369190580410783,-0.9422609786451276,-0.4269296017656554,0.4269296017656554,0.0427401015928355,9.6,31.2,3.1,63.6,1.3,0.9,1.5,28.77,101.2,1.0,1.0,20.0,current,1.0,male,5.9
18718.0,0.6724276122,0.0336374896483,6.573745912,76.0,0.8699767099881364,-0.1975490977881363,6.389529652310903,0.184216259689097,-0.9049190278687064,0.7215495758839244,-1.6264686037526306,1.6264686037526306,0.0500239565389756,5.3,34.0,8.3,55.6,2.0,0.2,0.05,27.47,105.4,1.0,3.0,,former,1.0,male,6.0
10680.0,0.673574561805,0.051194693927,6.326081187,62.0,0.9495918761669976,-0.2760173143619977,6.643118135774291,-0.317036948774291,-1.26436072138007,-1.2417898198220898,-0.0225709015579802,0.0225709015579802,0.0760044942757515,6.6,20.4,8.9,68.4,2.0,0.3,0.66,28.57,104.7,1.0,3.0,,former,1.0,male,5.1
16295.0,0.674524857657,0.0412031765556,6.230497844,77.0,0.864289912403932,-0.189765054746932,6.371416189206375,-0.1409183452063747,-0.8692624303919155,-0.5519576414673133,-0.3173047889246022,0.3173047889246022,0.0610847414856163,5.6,27.5,9.5,59.2,3.2,0.6,0.27,26.64,106.3,1.0,1.0,20.0,current,1.0,male,5.5
16643.0,0.675320412478,0.0467475046176,6.450698116,69.0,0.909784293077567,-0.234463880599567,6.516323894042596,-0.0656257780425964,-1.0740156714359157,-0.2570470836483418,-0.8169685877875739,0.8169685877875739,0.0692227034069148,6.3,29.1,8.8,60.1,1.5,0.6,0.23,30.1,119.2,1.0,3.0,,former,1.0,male,9.1
19207.0,0.676880811977,0.0467015743938,6.196170118,71.0,0.8984106979091583,-0.2215298859321582,6.480096967833541,-0.2839268498335405,-1.0147685373718418,-1.1121021479059758,0.097333610534134,0.097333610534134,0.068995270020133,6.4,58.8,11.0,26.7,2.8,0.7,0.28,29.37,92.1,1.0,3.0,,former,1.0,male,4.4
12236.0,0.677193458507,0.0291087146011,6.457586333,65.0,0.9325314834143844,-0.2553380249073845,6.588777746460708,-0.1311914134607077,-1.169634485118778,-0.5138585969661222,-0.6557758881526556,0.6557758881526556,0.042984341085154,9.4,25.0,5.7,66.5,2.6,0.2,7.98,,70.1,1.0,1.0,20.0,current,1.0,male,4.7
16179.0,0.678192290193,0.0666711194529,6.185127608,85.0,0.8187955317302971,-0.140603241537297,6.226508484370153,-0.0413808763701526,-0.6440654504207042,-0.1620831616328595,-0.4819822887878446,0.4819822887878446,0.0983071031873965,9.1,30.4,12.5,50.6,5.6,0.9,0.16,,103.2,1.0,3.0,,former,2.0,female,6.1
19429.0,0.678255860822,0.0899483616828,6.384362561,78.0,0.8586031148197276,-0.1803472539977276,6.353302726101847,0.0310598348981523,-0.8261220303898305,0.1216570716157741,-0.9477791020056048,0.9477791020056048,0.1326171536118961,4.5,28.7,7.9,61.7,1.3,0.4,2.23,22.26,80.1,1.0,1.0,15.0,current,1.0,male,5.8
11711.0,0.679939638627,0.0502482817349,6.271344807,74.0,0.8813503051565452,-0.2014106665295452,6.425756578519958,-0.1544117715199577,-0.9226078306557052,-0.6048095235444908,-0.3177983071112142,0.3177983071112142,0.0739010919209919,7.8,22.0,10.4,65.5,1.8,0.4,0.39,25.96,96.9,1.0,1.0,20.0,current,1.0,male,5.4
18364.0,0.681632402377,0.0520314233426,6.204897472,65.0,0.9325314834143844,-0.2508990810373845,6.588777746460708,-0.3838802744607079,-1.149300882907584,-1.5036058689651164,0.3543049860575322,0.3543049860575322,0.0763335533363072,5.9,32.8,10.0,55.3,1.5,0.4,0.05,26.51,95.6,2.0,,,never,1.0,male,5.6
12071.0,0.681948167989,0.0266572768701,6.040823684,85.0,0.8187955317302971,-0.136847363741297,6.226508484370153,-0.1856848003701525,-0.6268607892908666,-0.7273016463437862,0.1004408570529196,0.1004408570529196,0.0390898870638655,10.6,12.4,6.8,70.9,9.6,0.4,0.25,,93.5,2.0,,,never,1.0,male,6.4
18551.0,0.682222602666,0.04551817001,6.694191893,68.0,0.9154710906617712,-0.2332484879957713,6.534437357147125,0.1597545358528753,-1.068448286386731,0.6257363914820477,-1.6941846778687788,1.6941846778687788,0.06672040743318,5.1,22.1,7.1,66.5,3.6,0.6,0.06,31.3,122.0,1.0,3.0,,former,1.0,male,7.1
15077.0,0.682266395994,0.0322466495837,6.728486374,64.0,0.9382182809985888,-0.2559518850045889,6.6068912095652355,0.1215951644347645,-1.172446412323858,0.4762714185789822,-1.6487178309028403,1.6487178309028403,0.0472640156001228,6.6,41.1,5.0,47.2,6.1,0.7,0.78,34.49,114.2,1.0,3.0,,former,2.0,female,6.3
11828.0,0.682451685507,0.0292465659232,6.25615391,84.0,0.8244823293145014,-0.1420306438075014,6.2446219474746805,0.0115319625253196,-0.650603994454533,0.0451691000745368,-0.6957730945290698,0.6957730945290698,0.0428551449784645,8.6,27.8,6.8,62.2,2.5,0.8,0.65,24.44,89.0,2.0,,,never,2.0,female,5.0
15808.0,0.682583570235,0.0284418481793,6.127822995,73.0,0.8870371027407495,-0.2044535325057495,6.443870041624486,-0.3160470466244858,-0.9365463773357544,-1.2379125101993451,0.301366132863591,0.301366132863591,0.0416679355020338,6.8,44.5,9.6,43.4,2.1,0.4,0.04,26.14,89.5,2.0,,,never,2.0,female,5.7
16137.0,0.68335632799,0.0261441045019,6.498023688,63.0,0.9439050785827932,-0.2605487505927932,6.625004672669763,-0.1269809846697631,-1.1935034112466385,-0.4973669305218961,-0.6961364807247423,0.6961364807247423,0.0382583777028879,8.4,26.5,5.9,66.0,1.2,0.4,0.88,28.08,108.6,1.0,1.0,40.0,current,1.0,male,5.5
14824.0,0.68537836628,0.0356127462826,6.395898605,73.0,0.8870371027407495,-0.2016587364607495,6.443870041624486,-0.0479714366244854,-0.923744171967826,-0.1878974733791572,-0.7358466985886687,0.7358466985886687,0.0519607096382306,5.6,24.9,8.1,62.3,3.3,1.4,0.21,31.39,107.0,1.0,3.0,,former,1.0,male,5.4
20520.0,0.685471377441,0.0260635953548,6.725306542,71.0,0.8984106979091583,-0.2129393204681583,6.480096967833541,0.2452095741664592,-0.9754174786448494,0.9604519413275122,-1.9358694199723616,1.9358694199723616,0.0380228791639711,6.9,18.4,13.5,65.9,1.5,0.8,0.73,33.08,107.0,2.0,,,never,2.0,female,5.4
20479.0,0.685534319199,0.105300440394,6.427395936,58.0,0.9723390665038152,-0.2868047473048152,6.715571988192401,-0.2881760521924015,-1.3137750363079082,-1.1287456850457247,-0.1850293512621834,0.1850293512621834,0.1536034556476127,9.9,32.6,7.6,44.5,15.0,0.4,0.12,24.71,94.8,1.0,1.0,40.0,current,1.0,male,5.3
18728.0,0.686503859342,0.0458586382811,6.286791451,79.0,0.8529163172355232,-0.1664124578935232,6.33518926299732,-0.0483978119973196,-0.7622904954177553,-0.1895675266630263,-0.572722968754729,0.572722968754729,0.0668002628929931,7.4,40.7,9.1,41.3,8.2,0.8,0.26,21.33,81.5,2.0,,,never,2.0,female,5.1
17038.0,0.686641249502,0.0539285085748,6.97854714,63.0,0.9439050785827932,-0.2572638290807932,6.625004672669763,0.3535424673302367,-1.1784560735744003,1.3847768801169873,-2.563232953691388,2.563232953691388,0.0785395701378452,6.6,38.8,8.5,50.3,1.7,0.7,0.35,24.54,92.6,2.0,,,never,2.0,female,18.8
10393.0,0.686677206036,0.028205219835,5.964407282,84.0,0.8244823293145014,-0.1378051232785013,6.2446219474746805,-0.2802146654746806,-0.6312480268892303,-1.0975620358970857,0.4663140090078553,0.4663140090078553,0.0410749324239565,8.1,27.5,14.3,50.1,6.7,1.3,1.4,20.71,79.1,1.0,3.0,,former,2.0,female,5.3
14921.0,0.686747986978,0.0417426698262,6.234930903,60.0,0.9609654713354064,-0.2742174843574063,6.679345061983346,-0.4444141589833457,-1.2561161865463526,-1.7407087109055168,0.4845925243591642,0.4845925243591642,0.0607830974647432,6.6,34.6,12.0,47.2,5.6,0.6,0.43,20.16,79.8,1.0,1.0,10.0,current,1.0,male,5.1
18533.0,0.687338439201,0.0502920332395,6.405669817,54.0,0.9950862568406328,-0.3077478176396326,6.788025840610513,-0.3823560236105132,-1.4097095814926903,-1.497635589488403,0.0879260079957124,0.0879260079957124,0.0731692429394204,7.8,32.5,6.5,57.9,2.5,0.5,1.68,34.04,121.2,2.0,,,never,1.0,male,12.0
18963.0,0.687412112972,0.0400367579478,6.695324714,58.0,0.9723390665038152,-0.2849269535318152,6.715571988192401,-0.0202472741924015,-1.3051733705213933,-0.0793057688338113,-1.225867601687582,1.225867601687582,0.0582427297865069,19.8,11.5,5.6,81.9,0.9,5.397605346934028e-79,10.7,26.05,90.3,1.0,1.0,20.0,current,2.0,female,5.9
11496.0,0.687543378872,0.0498569489063,6.257814245,71.0,0.8984106979091583,-0.2108673190371582,6.480096967833541,-0.2222827228335413,-0.9659262000630864,-0.8706506399465146,-0.0952755601165717,0.0952755601165717,0.0725146229872746,8.2,38.3,7.6,50.8,2.3,1.0,0.65,21.11,81.0,2.0,,,never,2.0,female,6.1
19074.0,0.687946384662,0.0267932078594,6.28276768,66.0,0.9268446858301802,-0.2388983011681802,6.57066428335618,-0.28789660335618,-1.0943285536259115,-1.127651122656948,0.0333225690310361,0.0333225690310361,0.0389466511588166,6.5,37.4,4.1,56.1,1.8,0.6,1.59,31.36,110.7,1.0,3.0,,former,1.0,male,5.7
19120.0,0.688630703737,0.0703510260192,6.012682348,81.0,0.8415427220671146,-0.1529120183301145,6.298962336788264,-0.2862799887882641,-0.7004486303710113,-1.1213190672899775,0.4208704369189662,0.4208704369189662,0.1021607454291905,7.4,24.4,8.4,64.3,2.8,0.3,0.64,25.45,96.5,2.0,,,never,2.0,female,5.7
14681.0,0.689138068592,0.04072388239,6.469537083,53.0,1.000773054424837,-0.311634985832837,6.806139303715041,-0.336602220715041,-1.427515648449924,-1.3184242802911477,-0.1090913681587764,0.1090913681587764,0.0590939381323168,7.6,34.4,9.6,53.0,2.2,0.8,0.12,27.54,95.8,2.0,,,never,1.0,male,5.5
19126.0,0.690413714388,0.0908594587334,6.310796647,84.0,0.8244823293145014,-0.1340686149265013,6.2446219474746805,0.0661746995253196,-0.6141320919476221,0.2591971330724316,-0.8733292250200537,0.8733292250200537,0.1316014685686539,11.5,19.0,9.6,69.1,1.8,0.6,0.09,22.99,97.0,2.0,,,never,1.0,male,5.6
12028.0,0.690465118704,0.0342881733334,6.422739756,60.0,0.9609654713354064,-0.2705003526314063,6.679345061983346,-0.2566053059833457,-1.239089010691775,-1.0050874445846008,-0.2340015661071739,0.2340015661071739,0.0496595300827922,4.6,23.5,11.0,63.4,1.9,0.3,0.06,32.2,111.6,1.0,3.0,,former,1.0,male,5.1
12511.0,0.690509750004,0.0324300071273,6.546089507,69.0,0.909784293077567,-0.219274543073567,6.516323894042596,0.0297656129574033,-1.004437421259655,0.1165877835191469,-1.121025204778802,1.121025204778802,0.0469653138527184,7.3,24.8,9.0,63.9,1.7,0.5,0.43,30.14,115.7,1.0,3.0,,former,1.0,male,5.8
20047.0,0.691521403385,0.0323832655577,6.26425306,85.0,0.8187955317302971,-0.127274128345297,6.226508484370153,0.0377445756298469,-0.5830083851791692,0.1478402752482257,-0.7308486604273949,0.7308486604273949,0.0468290141117596,8.3,23.0,5.8,65.6,5.1,0.6,0.14,,,1.0,3.0,,former,1.0,male,5.4
15813.0,0.691861591117,0.0431344255162,6.629112566,61.0,0.955278673751202,-0.263417082634202,6.661231598878818,-0.0321190328788185,-1.2066424651404708,-0.125805803410767,-1.0808366617297036,1.0808366617297036,0.0623454547412584,7.7,29.5,7.4,61.6,1.1,0.4,1.1,23.6,86.8,2.0,,,never,2.0,female,5.6
18344.0,0.692949042697,0.0624690887521,6.5695935,62.0,0.9495918761669976,-0.2566428334699977,6.643118135774291,-0.0735246357742909,-1.175611460509984,-0.2879858154187652,-0.8876256450912187,0.8876256450912187,0.0901496140451634,4.9,49.3,12.2,35.7,2.2,0.6,0.43,39.4,130.4,1.0,3.0,,former,1.0,male,7.0
11295.0,0.693553481943,0.0303748664372,6.27779576,85.0,0.8187955317302971,-0.125242049787297,6.226508484370153,0.0512872756298472,-0.5736999824891689,0.2008851555308635,-0.7745851380200325,0.7745851380200325,0.043795997321078,8.2,18.3,10.4,65.6,5.1,0.6,0.14,,99.6,2.0,,,never,2.0,female,5.5
11297.0,0.69359759161,0.077636389117,6.089471025,61.0,0.955278673751202,-0.261681082141202,6.661231598878818,-0.5717605738788185,-1.1986903160489577,-2.2395069810106887,1.040816664961731,1.040816664961731,0.1119328989260012,3.8,35.0,10.2,53.8,0.8,0.2,0.15,28.04,93.5,2.0,,,never,2.0,female,7.6
18946.0,0.693689873121,0.0377974896915,5.915995475,75.0,0.8756635075723407,-0.1819736344513407,6.40764311541543,-0.4916476404154304,-0.8335720397065352,-1.925715716000296,1.0921436762937609,1.0921436762937609,0.0544875904291989,7.6,17.5,9.4,72.1,0.4,0.6,8.1,25.13,97.6,1.0,3.0,,former,1.0,male,7.7
18412.0,0.694030230201,0.0483155948186,6.276539372,63.0,0.9439050785827932,-0.2498748483817933,6.625004672669763,-0.3484653006697629,-1.14460914991874,-1.3648903214780284,0.2202811715592885,0.2202811715592885,0.0696159802788521,6.4,24.1,8.9,65.4,1.3,0.4,0.03,,94.9,1.0,1.0,4.0,current,1.0,male,7.1
18852.0,0.694545060402,0.0919011547054,6.313117768,83.0,0.8301691268987057,-0.1356240664967056,6.262735410579208,0.0503823574207915,-0.6212571952184843,0.1973407162340515,-0.8185979114525358,0.8185979114525358,0.1323184915492854,6.9,41.7,7.9,47.1,2.7,0.7,0.19,23.37,83.0,1.0,3.0,,former,2.0,female,5.5
16672.0,0.695676721449,0.0531133607253,5.92379292,85.0,0.8187955317302971,-0.1231188102812971,6.226508484370153,-0.3027155643701524,-0.5639739961332988,-1.185694940573554,0.6217209444402552,0.6217209444402552,0.0763477619528106,10.7,27.4,10.6,56.7,4.8,0.4,0.13,23.44,101.6,1.0,3.0,,former,1.0,male,5.7
20386.0,0.697692834775,0.037310461096,6.878372842,53.0,1.000773054424837,-0.303080219649837,6.806139303715041,0.0722335382849594,-1.388328576554173,0.2829287653656149,-1.671257341919788,1.671257341919788,0.0534769159669416,8.8,37.3,6.3,53.0,2.8,0.5,0.15,28.14,92.4,1.0,3.0,,former,1.0,male,5.6
14411.0,0.699570479363,0.0542091373271,6.933111315,51.0,1.012146649593246,-0.3125761702302458,6.842366229924096,0.0907450850759037,-1.4318269598124382,0.3554359303601921,-1.7872628901726304,1.7872628901726304,0.0774891721795645,4.9,22.3,7.6,63.6,5.9,0.6,0.05,,,2.0,,,never,1.0,male,5.5
11437.0,0.701081358062,0.045383503637,6.76237503,52.0,1.0064598520090415,-0.3053784939470415,6.824252766819568,-0.0618777368195679,-1.39885634998411,-0.2423665252685558,-1.1564898247155542,1.1564898247155542,0.0647335763747215,9.3,35.2,6.8,54.9,2.6,0.6,0.22,21.51,75.1,1.0,1.0,20.0,current,2.0,female,5.4
17939.0,0.701634739942,0.0295626242862,6.567082837,68.0,0.9154710906617712,-0.2138363507197713,6.534437357147125,0.0326454798528752,-0.979526531798456,0.1278678232970521,-1.1073943550955083,1.1073943550955083,0.0421339232556298,8.8,43.8,5.5,47.9,2.3,0.6,0.12,28.48,108.4,2.0,,,never,2.0,female,6.4
11537.0,0.702157484732,0.056492771029,6.81635337,61.0,0.955278673751202,-0.253121189019202,6.661231598878818,0.1551217711211814,-1.159479759031241,0.6075904936499814,-1.767070252681222,1.767070252681222,0.0804559835327572,5.3,33.6,7.1,57.1,1.5,0.8,0.04,32.54,106.0,2.0,,,never,2.0,female,6.1
13041.0,0.702916483449,0.0490978284164,5.98815389,66.0,0.9268446858301802,-0.2239282023811801,6.57066428335618,-0.5825103933561797,-1.0257545768621257,-2.2816125350904937,1.255857958228368,1.255857958228368,0.0698487367595816,6.8,40.8,10.0,48.0,0.8,0.5,0.14,23.79,93.0,2.0,,,never,2.0,female,5.4
14080.0,0.703211761711,0.0522917556808,6.566535256,62.0,0.9495918761669976,-0.2463801144559977,6.643118135774291,-0.0765828797742909,-1.1286007182822546,-0.2999645336104914,-0.8286361846717631,0.8286361846717631,0.0743613211951514,6.1,37.0,13.9,44.6,3.5,1.0,0.59,32.17,100.9,1.0,1.0,10.0,current,1.0,male,5.5
12703.0,0.704119748855,0.0257397791508,6.397947217,85.0,0.8187955317302971,-0.1146757828752971,6.226508484370153,0.1714387326298467,-0.5252987693767572,0.6715017720363845,-1.1968005414131415,1.1968005414131415,0.0365559682037843,7.8,23.7,7.4,65.8,2.6,0.6,0.23,,,2.0,,,never,1.0,male,5.3
13937.0,0.705335101948,0.031701108857,6.679363142,58.0,0.9723390665038152,-0.2670039645558152,6.715571988192401,-0.0362088461924017,-1.223073001842122,-0.1418250357349972,-1.0812479661071246,1.0812479661071246,0.0449447486300449,6.5,19.1,7.8,69.1,2.7,1.3,0.03,23.91,80.4,1.0,3.0,,former,1.0,male,5.1
15863.0,0.705648579048,0.0361953404233,6.17010487,81.0,0.8415427220671146,-0.1358941430191145,6.298962336788264,-0.128857466788264,-0.6224943427774697,-0.5047168510937458,-0.1177774916837239,0.1177774916837239,0.0512937197041218,5.6,46.8,8.9,40.9,3.2,0.2,0.48,26.27,103.1,2.0,,,never,2.0,female,8.3
12974.0,0.706353992638,0.040301944079,6.357551589,68.0,0.9154710906617712,-0.2091170980237713,6.534437357147125,-0.1768857681471249,-0.957908910610881,-0.6928370557618817,-0.2650718548489993,0.2650718548489993,0.0570562982570332,5.7,18.2,7.3,69.9,3.4,1.3,0.24,26.62,100.8,2.0,,,never,1.0,male,5.9
16288.0,0.706468539866,0.0350659266824,6.097140613,85.0,0.8187955317302971,-0.112326991864297,6.226508484370153,-0.1293678713701531,-0.5145395925334371,-0.5067160351517266,-0.0078235573817104,0.0078235573817104,0.049635510576382,10.9,29.2,6.6,49.0,14.8,0.4,0.07,,72.5,2.0,,,never,2.0,female,5.7
16255.0,0.70776238223,0.0462110328449,6.19118407,83.0,0.8301691268987057,-0.1224067446687057,6.262735410579208,-0.0715513405792078,-0.5607122160029941,-0.2802566914342214,-0.2804555245687727,0.2804555245687727,0.065291733504258,7.6,22.7,6.9,69.7,0.4,0.3,0.42,19.64,84.0,1.0,3.0,,former,2.0,female,5.4
15832.0,0.707810592382,0.0425471437764,6.356144855,61.0,0.955278673751202,-0.247468081369202,6.661231598878818,-0.3050867438788183,-1.133584400680572,-1.1949825223087929,0.0613981216282208,0.0613981216282208,0.0601109170084835,8.9,28.0,5.8,61.7,4.2,0.4,0.56,30.2,95.2,1.0,3.0,,former,2.0,female,6.8
11919.0,0.709034824979,0.0181478288118,6.305503488,78.0,0.8586031148197276,-0.1495682898407276,6.353302726101847,-0.047799238101847,-0.6851319138283828,-0.1872229956148857,-0.4979089182134971,0.4979089182134971,0.0255951163080565,8.0,27.3,11.9,57.8,2.5,0.4,1.05,26.85,95.5,1.0,3.0,,former,2.0,female,6.0
17457.0,0.70981178161,0.0759302390062,6.340901687,62.0,0.9495918761669976,-0.2397800945569976,6.643118135774291,-0.3022164487742911,-1.0983678108289263,-1.1837399739103582,0.0853721630814319,0.0853721630814319,0.1069723565787743,7.7,46.8,7.2,39.9,5.4,0.6,0.5,29.15,91.3,2.0,,,never,2.0,female,6.3
16808.0,0.709868064698,0.0484848327637,6.582878287,63.0,0.9439050785827932,-0.2340370138847932,6.625004672669763,-0.0421263856697633,-1.0720603103794109,-0.1650032183089612,-0.9070570920704496,0.9070570920704496,0.0683011888756074,5.9,29.0,10.0,57.0,3.2,0.9,0.42,25.19,96.3,1.0,3.0,,former,1.0,male,5.3
18022.0,0.710501068901,0.0323117509331,6.369236229,82.0,0.8358559244829101,-0.1253548555819101,6.280848873683736,0.0883873553162644,-0.5742167153476948,0.3462010294291461,-0.9204177447768408,0.9204177447768408,0.0454774135429235,6.6,39.2,11.6,44.1,4.2,0.9,0.37,,,1.0,3.0,,former,1.0,male,6.2
18614.0,0.710516003614,0.0300640019193,6.391734779,52.0,1.0064598520090415,-0.2959438483950415,6.824252766819568,-0.4325179878195682,-1.3556387884928502,-1.694113056035784,0.3384742675429337,0.3384742675429337,0.0423129131031266,6.6,37.8,9.6,50.7,1.6,0.4,0.1,24.62,84.6,1.0,1.0,20.0,current,1.0,male,5.6
15156.0,0.710871272372,0.034893436794,6.101737194,83.0,0.8301691268987057,-0.1192978545267057,6.262735410579208,-0.1609982165792081,-0.5464712304629519,-0.6306077166415908,0.0841364861786388,0.0841364861786388,0.0490854506999126,5.1,34.2,7.3,53.4,3.8,1.2,0.3,28.38,104.7,2.0,,,never,2.0,female,4.8
13548.0,0.711429228574,0.0502911180644,6.617726517,78.0,0.8586031148197276,-0.1471738862457275,6.353302726101847,0.264423790898153,-0.6741637980648951,1.0357113671626357,-1.7098751652275308,1.7098751652275308,0.0706902613000653,10.3,29.0,12.4,54.8,3.3,0.6,2.13,,,2.0,,,never,2.0,female,5.8
20754.0,0.711710689373,0.027991098902,6.825760871,74.0,0.8813503051565452,-0.1696396157835452,6.425756578519958,0.400004292480042,-0.7770732335487565,1.5667614144258184,-2.343834647974574,2.343834647974574,0.0393293220404761,6.1,32.0,8.2,57.6,1.5,0.8,0.19,33.33,113.1,2.0,,,never,2.0,female,12.1
17725.0,0.712014998934,0.0517225396914,6.316945797,72.0,0.8927239003249539,-0.1807089013909538,6.461983504729013,-0.1450377077290134,-0.8277786393603279,-0.5680926139509506,-0.2596860254093773,0.2596860254093773,0.0726424861398101,6.7,33.1,8.0,53.8,4.7,0.5,0.95,36.16,120.2,1.0,3.0,,former,1.0,male,6.8
12772.0,0.712494212751,0.123211239303,6.556408931,70.0,0.9040974954933628,-0.1916032827423627,6.4982104309380695,0.0581985000619305,-0.8776828560443279,0.2279554644505242,-1.105638320494852,1.105638320494852,0.1729294597738149,5.1,25.5,8.8,62.1,3.4,0.2,0.32,30.67,118.4,1.0,3.0,,former,1.0,male,5.6
20472.0,0.713155840839,0.0662136008814,6.867834649,67.0,0.9211578882459758,-0.2080020474069758,6.5525508202516525,0.3152838287483472,-0.952801165085983,1.2349230914815612,-2.1877242565675443,2.1877242565675443,0.0928459070089116,4.8,35.2,9.6,51.4,2.5,1.2,0.06,35.27,113.0,2.0,,,never,1.0,male,5.8
18304.0,0.714500604918,0.0570399302528,5.690440055,75.0,0.8756635075723407,-0.1611629026543406,6.40764311541543,-0.7172030604154305,-0.7382437015980294,-2.80918505749053,2.0709413558925007,2.0709413558925007,0.0798318851799239,6.6,25.5,9.7,63.4,1.1,0.4,0.11,27.36,108.6,1.0,3.0,,former,1.0,male,5.6
10586.0,0.714568518388,0.0327845420955,6.512098888,53.0,1.000773054424837,-0.286204536036837,6.806139303715041,-0.2940404157150409,-1.3110256307008163,-1.151715584769729,-0.1593100459310876,0.1593100459310876,0.0458801937838779,8.4,26.0,7.5,65.4,1.1,0.1,0.46,25.75,102.1,1.0,3.0,,former,1.0,male,5.1
15929.0,0.714579909872,0.0652686691973,6.538937605,70.0,0.9040974954933628,-0.1895175856213626,6.4982104309380695,0.0407271740619306,-0.8681288412080361,0.1595227002270748,-1.027651541435111,1.027651541435111,0.0913385169322649,13.2,43.7,6.9,41.4,7.3,0.6,0.44,28.76,106.2,1.0,3.0,,former,1.0,male,5.1
20045.0,0.714729830608,0.235097610607,6.588343692,69.0,0.909784293077567,-0.195054462469567,6.516323894042596,0.0720197979574033,-0.8934917776679097,0.2820915741048775,-1.1755833517727872,1.1755833517727872,0.3289321370664063,6.8,29.5,4.5,64.4,1.1,0.4,0.18,24.12,87.8,2.0,,,never,2.0,female,5.3
13888.0,0.714988404233,0.0710806304623,6.591867339,59.0,0.9666522689196108,-0.2516638646866107,6.697458525087875,-0.1055911860878744,-1.152804150116275,-0.4135860518901614,-0.7392180982261135,0.7392180982261135,0.099415081477512,9.1,23.2,7.3,65.7,3.7,0.3,1.3,33.56,98.8,2.0,,,never,2.0,female,5.8
15918.0,0.715102367784,0.0328484382865,6.32783617,81.0,0.8415427220671146,-0.1264403542831145,6.298962336788264,0.0288738332117359,-0.5791890915338925,0.113094805763795,-0.6922838972976876,0.6922838972976876,0.0459352950938934,10.0,35.6,6.4,56.2,1.0,0.9,0.51,29.39,96.2,2.0,,,never,2.0,female,5.8
16105.0,0.715676286797,0.029267364218,6.92857514,54.0,0.9950862568406328,-0.2794099700436326,6.788025840610513,0.1405492993894874,-1.2799015601674528,0.5505121401141422,-1.830413700281595,1.830413700281595,0.0408946960489437,5.5,26.5,5.3,67.0,1.0,0.2,0.53,20.76,77.5,2.0,,,never,2.0,female,5.1
17242.0,0.716185865683,0.0372434958893,5.914144895,83.0,0.8301691268987057,-0.1139832612157056,6.262735410579208,-0.3485905155792084,-0.5221265148132482,-1.365380770936492,0.8432542561232438,0.8432542561232438,0.0520025564226714,8.3,19.2,12.4,62.6,5.3,0.6,0.53,22.96,84.1,1.0,1.0,1.0,current,1.0,male,6.0
17210.0,0.717000264373,0.0476133848626,6.545971321,64.0,0.9382182809985888,-0.2212180166255888,6.6068912095652355,-0.0609198885652357,-1.0133399483634242,-0.2386147663150248,-0.7747251820483995,0.7747251820483995,0.0664063700230805,9.4,40.3,11.3,46.3,1.7,0.4,0.22,28.83,105.4,1.0,3.0,,former,1.0,male,5.4
13015.0,0.719284663945,0.0605971735157,6.65639384,53.0,1.000773054424837,-0.281488390479837,6.806139303715041,-0.1497454637150408,-1.289422242477273,-0.5865322421402102,-0.7028900003370628,0.7028900003370628,0.0842464417124477,9.8,23.5,7.8,66.4,1.3,1.0,0.29,29.83,104.9,1.0,1.0,20.0,current,1.0,male,5.3
18478.0,0.71934852494,0.0529391743044,7.004216292,53.0,1.000773054424837,-0.281424529484837,6.806139303715041,0.1980769882849591,-1.2891297125180825,0.7758401301306861,-2.064969842648768,2.064969842648768,0.0735932200720305,6.4,17.6,12.4,66.8,2.7,0.5,0.38,24.11,94.4,2.0,,,never,1.0,male,5.1
14960.0,0.720072304703,0.0240909167549,6.811398046,53.0,1.000773054424837,-0.280700749721837,6.806139303715041,0.0052587422849592,-1.2858142730305917,0.0205977652124688,-1.3064120382430604,1.3064120382430604,0.0334562468207085,8.1,32.0,6.1,60.3,0.9,0.7,1.16,28.76,103.2,1.0,3.0,,former,2.0,female,5.2
15432.0,0.720746183065,0.096181750017,6.441782789,73.0,0.8870371027407495,-0.1662909196757495,6.443870041624486,-0.0020872526244852,-0.7617337616887324,-0.0081754794528004,-0.753558282235932,0.753558282235932,0.1334474635827879,10.6,31.5,7.5,56.3,4.3,0.4,1.42,44.21,124.2,1.0,3.0,,former,2.0,female,5.7
19584.0,0.72076471427,0.0578052363872,6.944213565,73.0,0.8870371027407495,-0.1662723884707495,6.443870041624486,0.5003435233755145,-0.7616488752468223,1.9597762852050689,-2.7214251604518913,2.7214251604518913,0.0801998700029952,7.8,14.8,8.0,73.1,3.6,0.6,0.9,37.17,,1.0,3.0,,former,2.0,female,8.6
10050.0,0.721940990636,0.0503855561783,6.290534393,72.0,0.8927239003249539,-0.1707829096889538,6.461983504729013,-0.1714491117290135,-0.7823103539458341,-0.6715424255303513,-0.1107679284154828,0.1107679284154828,0.0697917930022402,4.8,31.0,9.6,55.5,3.1,0.9,0.33,29.94,102.2,1.0,3.0,,former,1.0,male,5.5
16300.0,0.722013399776,0.0512722716145,6.143903029,77.0,0.864289912403932,-0.142276512627932,6.371416189206375,-0.2275131602063753,-0.6517302530730662,-0.8911375387383219,0.2394072856652557,0.2394072856652557,0.0710129086668016,5.5,23.0,10.3,64.1,1.6,1.1,0.3,32.54,102.1,1.0,3.0,,former,2.0,female,5.0
16823.0,0.722953153898,0.0738037009815,5.941210387,73.0,0.8870371027407495,-0.1640839488427495,6.443870041624486,-0.5026596546244857,-0.7516242247528832,-1.9688482505310785,1.2172240257781954,1.2172240257781954,0.1020864223132123,7.3,29.2,10.1,57.1,2.7,0.8,0.1,28.05,98.0,2.0,,,never,1.0,male,8.3
15819.0,0.723721425285,0.0955881043638,5.913168363,77.0,0.864289912403932,-0.140568487118932,6.371416189206375,-0.4582478262063754,-0.6439062498228113,-1.794893269502801,1.1509870196799898,1.1509870196799898,0.1320785885621081,4.1,42.0,8.4,48.1,1.3,0.3,0.07,,78.6,1.0,3.0,,former,1.0,male,5.6
11608.0,0.724606778963,0.03362205086,6.219005442,78.0,0.8586031148197276,-0.1339963358567276,6.353302726101847,-0.134297284101847,-0.6138010010629397,-0.5260238621150652,-0.0877771389478744,0.0877771389478744,0.0464004089336801,6.7,47.7,8.1,41.3,2.2,0.8,1.34,25.14,98.6,1.0,3.0,,former,2.0,female,7.9
13365.0,0.725223136807,0.0454798983891,6.319886852,50.0,1.0178334471774502,-0.2926103103704501,6.860479693028624,-0.5405928410286238,-1.340368751715402,-2.1174272880602594,0.7770585363448574,0.7770585363448574,0.0627115932750547,5.4,37.1,8.4,52.4,1.8,0.4,0.07,25.95,102.1,1.0,3.0,,former,1.0,male,5.3
14115.0,0.725633331859,0.040576606873,7.104081342,66.0,0.9268446858301802,-0.2012113539711801,6.57066428335618,0.5334170586438196,-0.9216948336915218,2.089320742280157,-3.011015575971679,3.011015575971679,0.0559188850504521,4.1,53.7,7.3,37.2,1.3,0.4,0.01,27.15,92.5,2.0,,,never,2.0,female,5.5
18950.0,0.725853098058,0.0619969463022,6.431645931,73.0,0.8870371027407495,-0.1611840046827495,6.443870041624486,-0.0122241106244853,-0.738340364287192,-0.0478801483188382,-0.6904602159683537,0.6904602159683537,0.0854125255758653,6.2,31.5,9.5,56.3,2.2,0.6,0.29,,109.8,2.0,,,never,1.0,male,5.8
13867.0,0.7263053096,0.0338788389033,6.032483935,81.0,0.8415427220671146,-0.1152374124671146,6.298962336788264,-0.2664784017882642,-0.5278714427523392,-1.0437589934626603,0.5158875507103213,0.5158875507103213,0.0466454512386233,9.6,25.2,5.6,66.7,2.0,0.5,0.3,27.88,113.9,1.0,1.0,20.0,current,1.0,male,6.6
13282.0,0.72637291185,0.0624246373694,6.315591341,85.0,0.8187955317302971,-0.0924226198802971,6.226508484370153,0.0890828566298473,-0.4233630437778696,0.3489252117499112,-0.7722882555277808,0.7722882555277808,0.0859402055762385,4.4,25.7,11.4,59.5,2.7,0.6,0.05,19.99,82.0,2.0,,,never,1.0,male,5.2
17072.0,0.728559216228,0.0292432377426,6.316918643,80.0,0.8472295196513189,-0.1186703034233188,6.317075799892791,-0.0001571568927909,-0.5435965884586447,-0.000615561783373,-0.5429810266752716,0.5429810266752716,0.0401384500960707,7.0,25.6,10.9,52.7,9.7,1.1,0.47,22.53,84.5,2.0,,,never,2.0,female,6.8
11826.0,0.729408512817,0.0468491610659,6.785394304,69.0,0.909784293077567,-0.180375780260567,6.516323894042596,0.2690704099574041,-0.8262527014904648,1.0539115304769668,-1.8801642319674317,1.8801642319674317,0.0642289749059371,5.1,33.2,7.1,50.6,8.4,0.9,0.3,35.95,109.9,2.0,,,never,2.0,female,6.4
20918.0,0.731787345625,0.0791486238436,6.458095041,63.0,0.9439050785827932,-0.2121177329577932,6.625004672669763,-0.1669096316697631,-0.9716540082999432,-0.6537619108406398,-0.3178920974593032,0.3178920974593032,0.1081579564292701,9.3,40.6,6.5,48.3,4.7,5.397605346934028e-79,0.47,25.85,99.4,1.0,3.0,,former,1.0,male,7.1
20499.0,0.731841788147,0.0588634694017,6.463294436,72.0,0.8927239003249539,-0.1608821121779539,6.461983504729013,0.0013109312709866,-0.7369574763113963,0.0051347362289834,-0.7420922125403797,0.7420922125403797,0.0804319599605543,8.2,35.1,11.2,49.2,3.7,0.8,0.96,27.05,101.5,2.0,,,never,1.0,male,5.8
14109.0,0.732557929567,0.0800638953981,6.456817149,75.0,0.8756635075723407,-0.1431055780053406,6.40764311541543,0.0491740335845696,-0.6555279775059499,0.1926078791162649,-0.8481358566222148,0.8481358566222148,0.1092936028218602,7.7,30.5,6.8,55.7,6.6,0.5,0.09,34.91,121.8,1.0,3.0,,former,1.0,male,6.6
17578.0,0.732858901511,0.0261477166858,6.501912916,64.0,0.9382182809985888,-0.2053593794875888,6.6068912095652355,-0.1049782935652352,-0.9406958175477416,-0.4111854367624897,-0.5295103807852518,0.5295103807852518,0.0356790599553187,8.6,30.4,8.1,57.0,3.8,0.8,0.4,27.53,103.2,1.0,3.0,,former,1.0,male,8.5
11572.0,0.733308846226,0.0511171055915,6.308942882,85.0,0.8187955317302971,-0.085486685504297,6.226508484370153,0.0824343976298473,-0.3915914028887659,0.3228841186356122,-0.7144755215243781,0.7144755215243781,0.0697074716261449,5.4,33.3,10.5,50.3,4.9,1.0,0.2,27.45,98.0,1.0,3.0,,former,2.0,female,6.1
11904.0,0.733518119718,0.0317334608974,6.495238487,51.0,1.012146649593246,-0.2786285298752459,6.842366229924096,-0.347127742924096,-1.2763219939460344,-1.3596512930353977,0.0833292990893632,0.0833292990893632,0.0432620000029445,8.2,25.2,6.9,64.4,2.9,0.6,0.6,47.16,148.6,1.0,2.0,,current,1.0,male,7.0
14265.0,0.733908497232,0.0427400409219,5.887338131,54.0,0.9950862568406328,-0.2611777596086326,6.788025840610513,-0.900687709610513,-1.1963847315538791,-3.527869016394936,2.331484284841057,2.331484284841057,0.0582361984949047,5.1,34.2,9.8,52.8,2.6,0.6,0.2,30.95,106.4,1.0,3.0,,former,1.0,male,4.3
12329.0,0.734449402993,0.034926401417,6.784657167,58.0,0.9723390665038152,-0.2378896635108152,6.715571988192401,0.0690851788075983,-1.0897082571092789,0.2705970773297487,-1.3603053344390277,1.3603053344390277,0.0475545371466969,5.2,37.3,12.7,40.1,9.4,0.6,0.72,32.51,93.2,2.0,,,never,2.0,female,6.6
16301.0,0.736220401084,0.0544986875218,6.214816135,77.0,0.864289912403932,-0.128069511319932,6.371416189206375,-0.1566000542063745,-0.5866518196278648,-0.6133807237575609,0.026728904129696,0.026728904129696,0.0740249624182608,5.3,13.9,7.9,72.2,5.9,0.1,0.23,27.46,91.5,1.0,3.0,,former,1.0,male,6.0
13505.0,0.73812083129,0.0332320566687,6.6654151,63.0,0.9439050785827932,-0.2057842472927933,6.625004672669763,0.0404104273302365,-0.9426420221397294,0.158282047147362,-1.1009240692870914,1.1009240692870914,0.0450225156369329,5.7,25.5,6.9,65.6,1.7,0.2,0.04,27.75,105.6,1.0,3.0,,former,1.0,male,5.5
11389.0,0.738233922151,0.018123521697,6.397827303,65.0,0.9325314834143844,-0.1942975612633845,6.588777746460708,-0.1909504434607081,-0.8900246178005133,-0.7479264410560379,-0.1420981767444754,0.1420981767444754,0.0245498359709525,6.1,27.8,9.1,59.8,2.3,1.1,5.05,19.16,85.1,1.0,1.0,15.0,current,1.0,male,5.5
12763.0,0.738289575715,0.0257220261047,6.328803937,81.0,0.8415427220671146,-0.1032531463521145,6.298962336788264,0.0298416002117356,-0.4729747585157131,0.1168854150703934,-0.5898601735861064,0.5898601735861064,0.0348400234146464,6.4,39.2,7.5,52.0,1.3,0.1,0.03,,,1.0,3.0,,former,1.0,male,5.4
18894.0,0.738628622413,0.0527615270417,6.631174866,61.0,0.955278673751202,-0.216650051338202,6.661231598878818,-0.0300567328788181,-0.9924153339081702,-0.1177280599322212,-0.8746872739759489,0.8746872739759489,0.0714317390914736,4.6,26.7,10.0,58.0,4.3,0.9,0.08,31.84,109.2,2.0,,,never,2.0,female,5.4
19896.0,0.739099195079,0.0369059703466,6.297155473,79.0,0.8529163172355232,-0.1138171221565231,6.33518926299732,-0.0380337899973195,-0.5213654766834377,-0.148973087870421,-0.3723923888130166,0.3723923888130166,0.0499337174121198,6.4,18.2,8.1,72.2,0.8,0.7,0.28,28.44,109.3,2.0,,,never,2.0,female,5.6
13967.0,0.739178805578,0.04304182045,6.359842907,81.0,0.8415427220671146,-0.1023639164891145,6.298962336788264,0.0608805702117356,-0.4689014368342303,0.2384607617698214,-0.7073621986040518,0.7073621986040518,0.0582292405101408,5.5,35.3,9.3,48.9,4.8,1.7,0.04,24.55,95.9,1.0,3.0,,former,1.0,male,5.5
14546.0,0.739800674153,0.057071345445,5.751207528,74.0,0.8813503051565452,-0.1415496310035452,6.425756578519958,-0.6745490505199578,-0.648400604796863,-2.6421152081636055,1.9937146033667423,1.9937146033667423,0.0771442192998014,3.6,32.6,12.5,49.8,4.4,0.9,0.14,26.5,91.0,2.0,,,never,2.0,female,5.7
20101.0,0.739885274054,0.0361616813642,6.108924143,81.0,0.8415427220671146,-0.1016574480131146,6.298962336788264,-0.190038193788264,-0.4656652956739836,-0.744353285432516,0.2786879897585324,0.2786879897585324,0.0488747142730141,4.7,26.5,9.4,61.3,2.2,0.6,0.08,25.41,88.4,2.0,,,never,2.0,female,5.8
20042.0,0.740266111353,0.0292757882216,6.179304563,80.0,0.8472295196513189,-0.1069634082983188,6.317075799892791,-0.1377712368927914,-0.4899704657656555,-0.5396308540666833,0.0496603883010277,0.0496603883010277,0.0395476542457036,6.9,18.0,5.6,72.8,3.0,0.6,0.65,42.69,131.5,2.0,,,never,1.0,male,5.5
12153.0,0.743519577678,0.0134135523054,6.323396868,85.0,0.8187955317302971,-0.075275954052297,6.226508484370153,0.0968883836298468,-0.344818801632537,0.3794983799702704,-0.7243171816028074,0.7243171816028074,0.0180406175010082,6.6,25.7,7.9,63.2,2.6,0.6,0.09,28.54,100.3,2.0,,,never,2.0,female,5.2
10304.0,0.743797186772,0.0653528996758,6.182337329,72.0,0.8927239003249539,-0.1489267135529538,6.461983504729013,-0.2796461757290132,-0.6821930262448082,-1.0953353402971804,0.4131423140523722,0.4131423140523722,0.0878638704717674,7.1,22.7,9.1,64.3,3.4,0.6,0.16,26.89,109.1,1.0,3.0,,former,1.0,male,5.1
19257.0,0.743968132517,0.0430982569215,6.561616134,81.0,0.8415427220671146,-0.0975745895501145,6.298962336788264,0.262653797211736,-0.4469628244775527,1.028778547030977,-1.4757413715085297,1.4757413715085297,0.0579302459847165,9.6,11.5,8.2,70.1,9.5,0.8,0.44,24.91,93.3,1.0,3.0,,former,1.0,male,5.5
18423.0,0.744125986975,0.0419022838373,5.956721286,75.0,0.8756635075723407,-0.1315375205973407,6.40764311541543,-0.4509218294154307,-0.6025378328726225,-1.766198354698025,1.1636605218254026,1.1636605218254026,0.0563107384646516,9.1,18.0,3.1,77.2,1.3,0.5,0.87,27.55,91.3,2.0,,,never,2.0,female,6.0
10101.0,0.744137175012,0.0196725214511,6.296195717,68.0,0.9154710906617712,-0.1713339156497713,6.534437357147125,-0.238241640147125,-0.7848343633389196,-0.9331595088086722,0.1483251454697525,0.1483251454697525,0.0264366868256282,5.9,49.5,10.7,33.0,6.5,0.3,0.08,26.44,105.0,1.0,1.0,20.0,current,1.0,male,7.9
15873.0,0.744155503328,0.0362506385456,6.316497133,81.0,0.8415427220671146,-0.0973872187391146,6.298962336788264,0.017534796211736,-0.4461045294307037,0.0686813682524138,-0.5147858976831177,0.5147858976831177,0.0487137948768509,5.3,20.0,10.2,67.6,1.4,0.9,0.47,28.86,108.3,2.0,,,never,1.0,male,5.6
19015.0,0.74471868151,0.0453607235889,6.497954363,60.0,0.9609654713354064,-0.2162467898254063,6.679345061983346,-0.1813906989833462,-0.9905681019024472,-0.7104822459299365,-0.2800858559725108,0.2800858559725108,0.0609098774008543,9.4,41.7,8.4,45.8,3.6,0.5,0.8,28.12,98.6,2.0,,,never,2.0,female,6.3
10683.0,0.745097810007,0.028637930161,6.129107797,77.0,0.864289912403932,-0.119192102396932,6.371416189206375,-0.2423083922063753,-0.5459868085367505,-0.949088413393585,0.4031016048568344,0.4031016048568344,0.0384351286185245,7.2,22.3,8.2,67.9,1.2,0.3,1.17,,77.8,1.0,3.0,,former,2.0,female,5.4
17489.0,0.746273638787,0.0625285022317,6.629820939,63.0,0.9439050785827932,-0.1976314397957932,6.625004672669763,0.0048162663302369,-0.9052962143522484,0.018864648179219,-0.9241608625314676,0.9241608625314676,0.0837876336263657,8.0,22.9,6.2,67.8,1.8,1.3,0.12,30.4,103.8,2.0,,,never,2.0,female,13.9
19907.0,0.746736970486,0.0716226578951,6.567279001,54.0,0.9950862568406328,-0.2483492863546327,6.788025840610513,-0.2207468396105127,-1.1376209625666918,-0.8646347980764547,-0.272986164490237,0.272986164490237,0.0959141715569348,6.6,46.0,9.4,40.3,3.5,0.9,0.51,32.86,110.3,1.0,1.0,20.0,current,2.0,female,5.4
11346.0,0.746874283453,0.0394065311084,6.336759317,71.0,0.8984106979091583,-0.1515364144561582,6.480096967833541,-0.1433376508335406,-0.6941473607914966,-0.5614337265434154,-0.1327136342480812,0.1327136342480812,0.0527619332750527,6.1,37.2,9.8,47.8,4.9,0.4,0.02,19.87,77.8,2.0,,,never,2.0,female,5.4
14967.0,0.747828209041,0.0400573963509,6.409054178,82.0,0.8358559244829101,-0.0880277154419101,6.280848873683736,0.1282053043162641,-0.4032311743009145,0.5021624210131809,-0.9053935953140956,0.9053935953140956,0.0535649710275957,4.4,40.9,16.0,39.0,3.2,1.0,0.18,20.3,75.5,1.0,3.0,,former,2.0,female,5.4
18225.0,0.748043299582,0.0339337107505,7.00814819,59.0,0.9666522689196108,-0.2186089693376107,6.697458525087875,0.3106896649121253,-1.0013886078514436,1.2169283880109674,-2.218316995862411,2.218316995862411,0.0453632975116037,5.9,31.1,11.2,53.9,3.1,0.8,0.97,33.34,112.3,1.0,3.0,,former,1.0,male,5.5
10227.0,0.751042040474,0.0347949526735,6.238163997,72.0,0.8927239003249539,-0.1416818598509538,6.461983504729013,-0.2238195077290132,-0.6490063094110218,-0.8766700135426566,0.2276637041316348,0.2276637041316348,0.0463289014441057,10.4,29.2,9.8,58.2,2.2,0.8,0.17,,,1.0,2.0,,current,1.0,male,5.6
11292.0,0.751263186509,0.0776014321291,5.854506044,74.0,0.8813503051565452,-0.1300871186475451,6.425756578519958,-0.5712505345199581,-0.5958939335224194,-2.237509227480729,1.6416152939583095,1.6416152939583095,0.1032946023745705,14.9,44.2,6.7,47.2,1.7,0.2,1.23,40.16,,1.0,1.0,40.0,current,2.0,female,7.2
19702.0,0.751475500208,0.0425943684337,6.458762058,62.0,0.9495918761669976,-0.1981163759589976,6.643118135774291,-0.1843560777742912,-0.907517575858318,-0.722097223959306,-0.1854203518990119,0.1854203518990119,0.0566809808462289,5.6,26.8,5.6,64.1,2.9,0.6,0.13,28.22,103.6,1.0,3.0,,former,1.0,male,5.4
13382.0,0.75182215517,0.0611602466576,6.574548364,64.0,0.9382182809985888,-0.1863961258285889,6.6068912095652355,-0.0323428455652354,-0.8538302774948399,-0.1266824467061749,-0.727147830788665,0.727147830788665,0.0813493540154727,6.5,25.5,15.9,56.7,1.6,0.5,0.58,29.91,107.9,1.0,1.0,15.0,current,1.0,male,5.5
10381.0,0.753713556096,0.00632517936825,6.847390772,54.0,0.9950862568406328,-0.2413727007446326,6.788025840610513,0.0593649313894868,-1.1056631093609297,0.232524214413836,-1.3381873237747657,1.3381873237747657,0.0083920201740996,5.1,,,,,,0.58,19.21,78.8,1.0,3.0,,former,2.0,female,5.3
16693.0,0.753814666414,0.0513925473532,6.719807981,51.0,1.012146649593246,-0.2583319831792459,6.842366229924096,-0.1225582489240961,-1.1833489988228991,-0.4800436871398053,-0.7033053116830941,0.7033053116830941,0.0681766349780396,9.6,30.8,7.2,52.0,9.4,0.6,0.23,37.29,119.7,1.0,3.0,,former,1.0,male,5.5
19551.0,0.754127536097,0.0926722502885,6.197760282,76.0,0.8699767099881364,-0.1158491738911363,6.389529652310903,-0.1917693703109027,-0.5306737565027521,-0.7511340641096984,0.2204603076069463,0.2204603076069463,0.1228867079541039,8.1,16.3,8.9,73.6,1.0,0.2,6.8,,,2.0,,,never,1.0,male,5.2
17116.0,0.75486745202,0.0928112042575,6.001264478,85.0,0.8187955317302971,-0.063928079710297,6.226508484370153,-0.2252440063701524,-0.2928372561184598,-0.8822495774318371,0.5894123213133773,0.5894123213133773,0.1229503325506223,6.6,24.7,10.8,59.7,4.4,0.4,0.1,,,1.0,3.0,,former,1.0,male,5.8
10434.0,0.755015552158,0.045493564724,6.326360642,51.0,1.012146649593246,-0.2571310974352458,6.842366229924096,-0.5160055879240959,-1.1778480657778527,-2.0211224228997993,0.8432743571219465,0.8432743571219465,0.060255135929279,8.4,41.8,9.5,44.4,3.4,0.9,0.36,27.37,106.4,1.0,1.0,20.0,current,1.0,male,5.1
14168.0,0.755791704292,0.036450262123,6.586820607,54.0,0.9950862568406328,-0.2392945525486326,6.788025840610513,-0.201205233610513,-1.0961436741099102,-0.7880930338196641,-0.3080506402902461,0.3080506402902461,0.0482279203595458,5.6,16.5,8.1,73.9,1.3,0.1,0.15,23.13,82.3,2.0,,,never,1.0,male,6.3
16771.0,0.756345960472,0.0486982394987,6.745317999,53.0,1.000773054424837,-0.244427093952837,6.806139303715041,-0.0608213047150405,-1.1196544591754516,-0.2382286270273342,-0.8814258321481174,0.8814258321481174,0.0643861963225264,3.8,39.2,9.2,49.3,2.0,0.3,0.04,27.38,102.7,2.0,,,never,1.0,male,5.2
16864.0,0.756348671751,0.0419948021085,6.409651162,68.0,0.9154710906617712,-0.1591224189107714,6.534437357147125,-0.1247861951471245,-0.7288967970244998,-0.4887702439325195,-0.2401265530919803,0.2401265530919803,0.0555230724624386,11.1,29.0,6.6,60.9,2.8,0.8,0.52,19.27,86.4,2.0,,,never,2.0,female,5.4
14303.0,0.757712744734,0.0452208995981,5.955694564,72.0,0.8927239003249539,-0.1350111555909539,6.461983504729013,-0.5062889407290134,-0.6184496160029221,-1.9830636615588728,1.3646140455559506,1.3646140455559506,0.0596807958060347,5.4,31.8,11.4,50.4,5.9,0.6,0.35,,98.3,1.0,2.0,,current,1.0,male,6.0
15376.0,0.757967964136,0.0614541651709,6.740482372,81.0,0.8415427220671146,-0.0835747579311145,6.298962336788264,0.4415200352117354,-0.3828333793885261,1.729372828918306,-2.1122062083068323,2.1122062083068323,0.0810775231654427,7.5,22.3,4.8,70.4,2.0,0.5,0.35,23.3,92.0,2.0,,,never,2.0,female,5.3
12166.0,0.757969029085,0.0365302363784,6.463480018,59.0,0.9666522689196108,-0.2086832398346108,6.697458525087875,-0.2339785070878743,-0.955921523499708,-0.916461407044851,-0.0394601164548569,0.0394601164548569,0.0481948931640364,5.9,28.7,10.6,56.3,4.4,0.1,0.31,32.04,109.5,2.0,,,never,1.0,male,5.3
19837.0,0.75810128244,0.00680859708533,6.356427711,55.0,0.9893994592564282,-0.2312981768164282,6.769912377505985,-0.413484666505985,-1.0595144379601218,-1.619562172500007,0.5600477345398849,0.5600477345398849,0.0089811180155454,11.4,27.6,6.4,63.8,1.4,0.8,0.46,26.51,98.0,1.0,2.0,,current,1.0,male,6.1
20567.0,0.758369471943,0.0657095299574,7.324445543,55.0,0.9893994592564282,-0.2310299873134282,6.769912377505985,0.5545331654940151,-1.0582859343270674,2.172029608304213,-3.2303155426312804,3.2303155426312804,0.0866458004817193,5.2,37.3,9.4,50.7,2.6,0.1,0.21,39.5,121.1,2.0,,,never,2.0,female,5.3
14910.0,0.759460028439,0.0290527592511,6.414616544,85.0,0.8187955317302971,-0.0593355032912971,6.226508484370153,0.1881080596298474,-0.2717999047206256,0.7367932172509396,-1.0085931219715651,1.0085931219715651,0.0382544941974303,5.4,16.5,6.8,72.9,3.8,0.1,0.39,23.56,92.0,2.0,,,never,2.0,female,5.5
14364.0,0.759462902862,0.0476044718109,5.733830362,81.0,0.8415427220671146,-0.0820798192051145,6.298962336788264,-0.5651319747882644,-0.3759854691029218,-2.21354367641116,1.8375582073082384,1.8375582073082384,0.0626817605330093,10.2,28.5,7.4,61.9,1.9,0.3,0.54,20.85,88.7,1.0,1.0,20.0,current,1.0,male,7.4
11326.0,0.759550749439,0.0209076850908,6.641220766,70.0,0.9040974954933628,-0.1445467460543626,6.4982104309380695,0.1430103350619305,-0.6621295788522397,0.5601516759981268,-1.2222812548503663,1.2222812548503663,0.0275263833341515,8.6,24.5,8.6,60.4,6.3,0.1,0.07,28.03,106.2,1.0,3.0,,former,1.0,male,5.4
11939.0,0.759602855771,0.0363594050603,6.841122562,67.0,0.9211578882459758,-0.1615550324749758,6.5525508202516525,0.2885717417483473,-0.740039942330387,1.1302955462347222,-1.8703354885651091,1.8703354885651091,0.0478663353936381,3.3,26.3,12.5,57.8,2.8,0.6,0.06,24.06,87.5,2.0,,,never,1.0,male,4.8
17282.0,0.760059637228,0.0451116995526,6.284020676,78.0,0.8586031148197276,-0.0985434775917276,6.353302726101847,-0.0692820501018474,-0.4514010387470527,-0.2713681949233252,-0.1800328438237274,0.1800328438237274,0.059352841991618,5.5,24.0,9.0,63.2,3.3,0.6,0.14,,,1.0,3.0,,former,1.0,male,5.6
11918.0,0.760393039375,0.0492403514199,6.201820831,85.0,0.8187955317302971,-0.058402492355297,6.226508484370153,-0.0246876533701527,-0.2675260337758869,-0.0966981190958214,-0.1708279146800655,0.1708279146800655,0.0647564468243591,7.6,15.2,15.2,63.4,5.7,0.4,0.17,,,2.0,,,never,1.0,male,5.9
10324.0,0.760509079714,0.0272952874551,6.762477696,57.0,0.9780258640880196,-0.2175167843740195,6.73368545129693,0.0287922447030704,-0.9963856037042632,0.1127752348750798,-1.1091608385793432,1.1091608385793432,0.0358908107518779,10.1,22.8,6.3,68.4,1.7,0.8,0.18,29.64,88.5,2.0,,,never,2.0,female,5.5
15591.0,0.761342973588,0.0280743065103,6.362919904,76.0,0.8699767099881364,-0.1086337364001364,6.389529652310903,-0.0266097483109026,-0.4976217873816093,-0.1042266987752014,-0.3933950886064078,0.3933950886064078,0.0368747167626615,6.1,27.5,10.1,61.1,0.9,0.5,0.08,29.45,103.3,1.0,3.0,,former,1.0,male,5.4
11930.0,0.761461336362,0.0546622467259,6.290569473,74.0,0.8813503051565452,-0.1198889687945452,6.425756578519958,-0.1351871055199582,-0.54917896517094,-0.5295091693726015,-0.0196697957983384,0.0196697957983384,0.0717859779815707,7.8,23.7,6.0,68.4,1.6,0.3,0.41,22.05,82.2,2.0,,,never,2.0,female,5.7
12977.0,0.761627077498,0.0579350235687,6.422768148,61.0,0.955278673751202,-0.193651596253202,6.661231598878818,-0.2384634508788181,-0.8870656266656696,-0.9340283107246908,0.0469626840590212,0.0469626840590212,0.0760674420334696,5.6,29.9,9.0,53.7,6.5,0.9,0.58,23.65,90.0,1.0,1.0,12.0,current,1.0,male,7.5
19800.0,0.761967529394,0.0426464018059,6.943536046,53.0,1.000773054424837,-0.2388055250308369,6.806139303715041,0.1373967422849595,-1.093903571214177,0.5381640105540207,-1.6320675817681978,1.6320675817681978,0.0559687915308111,3.6,35.5,14.7,47.9,1.0,0.9,0.16,30.34,98.9,2.0,,,never,1.0,male,5.6
20387.0,0.762231790855,0.0350239386361,6.61877546,63.0,0.9439050785827932,-0.1816732877277932,6.625004672669763,-0.0062292126697629,-0.8321962325368782,-0.024398963302935,-0.8077972692339432,0.8077972692339432,0.0459491968929994,7.8,36.7,8.4,50.5,3.5,0.7,0.4,35.42,112.3,2.0,,,never,2.0,female,7.0
15266.0,0.762446356608,0.0377919561178,6.100732216,62.0,0.9495918761669976,-0.1871455195589977,6.643118135774291,-0.5423859197742908,-0.8572630476446673,-2.124450529171799,1.2671874815271318,1.2671874815271318,0.0495667082546374,5.9,40.6,12.6,43.1,2.6,1.2,0.42,26.7,96.3,1.0,1.0,20.0,current,1.0,male,9.4
18573.0,0.763610604288,0.102351893264,6.46259857,62.0,0.9495918761669976,-0.1859812718789977,6.643118135774291,-0.1805195657742908,-0.8519299436690982,-0.7070701377990192,-0.144859805870079,0.144859805870079,0.1340367625714603,6.1,19.2,7.4,71.1,1.7,0.6,0.61,25.93,95.6,2.0,,,never,2.0,female,5.2
12696.0,0.763658346791,0.0417763478072,6.219130771,66.0,0.9268446858301802,-0.1631863390391802,6.57066428335618,-0.3515335123561804,-0.7475125168283928,-1.376908081716962,0.6293955648885691,0.6293955648885691,0.0547055472944807,9.4,25.1,8.6,64.0,1.8,0.5,0.06,27.37,107.8,2.0,,,never,1.0,male,6.8
10988.0,0.764494814571,0.0407560575187,6.694832955,68.0,0.9154710906617712,-0.1509762760907713,6.534437357147125,0.160395597852875,-0.6915815183211781,0.6282473425511648,-1.319828860872343,1.319828860872343,0.0533110973964819,6.7,28.3,7.6,60.4,3.1,0.6,0.18,26.21,95.8,2.0,,,never,1.0,male,5.6
17580.0,0.765121165007,0.0627944402616,6.527859574,63.0,0.9439050785827932,-0.1787839135757932,6.625004672669763,-0.0971450986697632,-0.818960790421213,-0.3805038972274731,-0.4384568931937398,0.4384568931937398,0.0820712367315384,4.8,36.7,8.0,49.1,5.3,0.9,0.33,32.64,106.3,1.0,3.0,,former,1.0,male,5.6
11972.0,0.765777754365,0.010694667073,6.550327022,85.0,0.8187955317302971,-0.0530177773652971,6.226508484370153,0.3238185376298474,-0.2428601096655849,1.2683523641425765,-1.5112124738081614,1.5112124738081614,0.0139657583574861,6.1,17.5,7.9,70.5,3.4,0.8,0.14,28.83,106.5,2.0,,,never,2.0,female,5.5
13370.0,0.766253487679,0.0422518103137,6.192285896,83.0,0.8301691268987057,-0.0639156392197056,6.262735410579208,-0.0704495145792085,-0.292780269593195,-0.2759409915913348,-0.0168392780018601,0.0168392780018601,0.055140773899355,7.5,34.5,8.2,50.7,5.6,0.9,0.45,38.14,138.5,2.0,,,never,2.0,female,5.0
19669.0,0.76663969273,0.0358760132438,6.371325982,67.0,0.9211578882459758,-0.1545181955159758,6.5525508202516525,-0.1812248382516523,-0.7078060939782266,-0.7098325924150323,0.0020264984368056,0.0020264984368056,0.0467964463411041,8.9,28.2,9.5,60.9,0.9,0.5,0.46,26.95,98.0,1.0,1.0,10.0,current,1.0,male,5.2
18674.0,0.766815734827,0.0335322477223,6.221573599,71.0,0.8984106979091583,-0.1315949630821582,6.480096967833541,-0.2585233688335409,-0.6028009613713171,-1.0126002311237086,0.4097992697523914,0.4097992697523914,0.0437292118553946,9.4,34.4,6.5,57.7,1.0,0.4,0.16,26.52,99.3,2.0,,,never,2.0,female,5.6
18663.0,0.767070248822,0.0341210693349,6.156296582,71.0,0.8984106979091583,-0.1313404490871582,6.480096967833541,-0.3238003858335405,-0.601635101544504,-1.2682812660704037,0.6666461645258995,0.6666461645258995,0.0444823266021595,5.9,29.1,6.9,61.7,1.5,0.8,0.04,22.22,84.2,1.0,1.0,5.0,current,1.0,male,5.7
11751.0,0.767157271318,0.0555914096124,6.278637261,72.0,0.8927239003249539,-0.1255666290069538,6.461983504729013,-0.1833462437290132,-0.5751867921744918,-0.7181418438624936,0.1429550516880018,0.1429550516880018,0.0724641630742705,6.2,36.7,6.7,54.9,1.3,0.4,0.27,26.95,108.4,1.0,3.0,,former,1.0,male,5.4
17898.0,0.767508219321,0.0359470687722,6.393237179,85.0,0.8187955317302971,-0.051287312409297,6.226508484370153,0.1667286946298469,-0.234933317373049,0.6530532055144458,-0.8879865228874948,0.8879865228874948,0.0468360701127105,4.7,24.6,8.2,65.6,0.9,0.7,0.09,,,2.0,,,never,2.0,female,5.3
15614.0,0.768393882504,0.0280265446749,6.580100256,62.0,0.9495918761669976,-0.1811979936629977,6.643118135774291,-0.063017879774291,-0.8300190388777718,-0.2468323073163289,-0.583186731561443,0.583186731561443,0.0364741902727916,8.4,28.4,9.5,59.8,1.5,0.8,0.54,,,1.0,1.0,10.0,current,1.0,male,5.9
15641.0,0.768429789111,0.100674489656,6.359384466,72.0,0.8927239003249539,-0.1242941112139538,6.461983504729013,-0.1025990387290134,-0.5693577320720653,-0.4018662250876191,-0.1674915069844461,0.1674915069844461,0.131013257271651,7.9,27.0,6.9,61.7,4.3,0.2,1.56,40.3,116.4,2.0,,,never,2.0,female,7.8
9979.0,0.768693472171,0.0408527576819,6.595201461,60.0,0.9609654713354064,-0.1922719991644063,6.679345061983346,-0.0841436009833458,-0.880746065248171,-0.3295788314524808,-0.5511672337956902,0.5511672337956902,0.0531457065278838,6.1,40.9,6.9,45.7,5.4,1.2,0.01,22.33,83.1,1.0,3.0,,former,1.0,male,6.1
19731.0,0.768994156938,0.0411953110642,6.523079524,67.0,0.9211578882459758,-0.1521637313079757,6.5525508202516525,-0.0294712962516525,-0.6970209297526728,-0.1154349857445726,-0.5815859440081003,0.5815859440081003,0.0535703824177709,6.8,18.9,5.7,73.8,1.2,0.3,0.78,23.78,96.3,1.0,1.0,20.0,current,1.0,male,5.3
12164.0,0.769002506319,0.0648326220172,6.129226346,84.0,0.8244823293145014,-0.0554798229955013,6.2446219474746805,-0.1153956014746802,-0.2541380753115846,-0.4519885890824753,0.1978505137708907,0.1978505137708907,0.0843074261585123,4.9,32.4,13.1,50.3,3.7,0.6,0.21,22.2,87.0,2.0,,,never,2.0,female,5.4
15923.0,0.769094180936,0.0351916857362,6.476779494,64.0,0.9382182809985888,-0.1691241000625888,6.6068912095652355,-0.1301117155652358,-0.7747117953529757,-0.5096295698440032,-0.2650822255089725,0.2650822255089725,0.0457573163450166,8.1,36.7,7.4,53.7,1.9,0.4,0.2,26.68,100.0,1.0,1.0,20.0,current,1.0,male,6.2
10656.0,0.769225171211,0.0539048428433,6.075175973,70.0,0.9040974954933628,-0.1348723242823627,6.4982104309380695,-0.4230344579380691,-0.6178136672984498,-1.6569673829262177,1.039153715627768,1.039153715627768,0.0700768056750366,5.9,21.1,4.6,72.7,1.4,0.2,0.3,25.4,100.3,2.0,,,never,1.0,male,5.3
15655.0,0.769807384003,0.0805985057665,6.580465366,68.0,0.9154710906617712,-0.1456637066587713,6.534437357147125,0.0460280088528755,-0.6672460735142055,0.1802853359558221,-0.8475314094700277,0.8475314094700277,0.1046995747785473,7.6,24.1,5.8,68.7,0.6,0.8,0.09,37.14,115.7,2.0,,,never,1.0,male,6.0
20338.0,0.770087507495,0.00489580220501,6.882572216,54.0,0.9950862568406328,-0.2249987493456327,6.788025840610513,0.0945463753894868,-1.0306584631830802,0.3703250580528651,-1.4009835212359454,1.4009835212359454,0.0063574621810649,4.8,43.9,6.9,47.2,1.9,0.2,0.3,37.21,113.3,2.0,,,never,1.0,male,5.5
20308.0,0.770911712916,0.0486445114816,6.516593738,71.0,0.8984106979091583,-0.1274989849931582,6.480096967833541,0.0364967701664591,-0.5840383927138562,0.1429527940649001,-0.7269911867787563,0.7269911867787563,0.0630999771654791,6.4,38.2,8.7,47.1,3.8,2.3,0.19,27.74,101.7,1.0,3.0,,former,1.0,male,5.7
13982.0,0.771006175768,0.053183095726,6.432135799,62.0,0.9495918761669976,-0.1785857003989976,6.643118135774291,-0.2109823367742906,-0.8180528294268834,-0.826388592817026,0.0083357633901426,0.0083357633901426,0.0689788193629243,6.2,34.4,12.2,47.6,5.0,0.9,0.85,21.52,87.1,1.0,1.0,50.0,current,1.0,male,5.0
17819.0,0.771696041385,0.0328070141004,6.864501093,51.0,1.012146649593246,-0.2404506082082458,6.842366229924096,0.0221348630759044,-1.101439252654041,0.0866991930659247,-1.1881384457199655,1.1881384457199655,0.0425128707949825,6.0,25.9,7.7,63.6,2.5,0.4,0.08,29.24,108.7,2.0,,,never,1.0,male,4.6
14359.0,0.771912829846,0.038309492648,6.674628705,61.0,0.955278673751202,-0.183365843905202,6.661231598878818,0.0133971061211815,-0.8399493749598145,0.0524746092235557,-0.8924239841833702,0.8924239841833702,0.0496292990176661,10.5,10.2,5.4,81.9,2.3,0.3,0.18,31.13,113.8,1.0,3.0,,former,1.0,male,5.3
19291.0,0.772951175818,0.142559498585,6.229003223,85.0,0.8187955317302971,-0.045844355912297,6.226508484370153,0.0024947386298475,-0.2100006046593761,0.0097715457003942,-0.2197721503597703,0.2197721503597703,0.1844353214601581,8.4,19.3,4.6,68.5,5.5,2.1,0.37,20.9,81.0,1.0,1.0,16.0,current,2.0,female,5.4
14379.0,0.77318555358,0.038645636206,6.502767114,85.0,0.8187955317302971,-0.0456099781502971,6.226508484370153,0.2762586296298472,-0.2089269834739707,1.082066791390229,-1.2909937748641998,1.2909937748641998,0.0499823567927041,6.3,30.4,9.8,55.2,4.1,0.6,0.12,26.86,101.6,1.0,3.0,,former,1.0,male,5.2
15702.0,0.77322033674,0.0524251972869,6.118214337,85.0,0.8187955317302971,-0.045575194990297,6.226508484370153,-0.1082941473701524,-0.2087676512184156,-0.4241731768820047,0.215405525663589,0.215405525663589,0.067801110234544,6.4,20.2,9.7,67.0,2.3,0.8,0.06,22.61,90.3,2.0,,,never,2.0,female,5.2
16551.0,0.773616451203,0.0645671948821,6.578073438,57.0,0.9780258640880196,-0.2044094128850194,6.73368545129693,-0.1556120132969303,-0.9363442772768426,-0.6095107043555349,-0.3268335729213076,0.3268335729213076,0.0834615070319352,6.4,36.8,7.8,51.1,3.4,1.0,0.2,21.98,76.2,1.0,2.0,,current,2.0,female,5.2
13488.0,0.77374329938,0.0971132069394,6.522832938,70.0,0.9040974954933628,-0.1303541961133627,6.4982104309380695,0.0246225070619301,-0.5971173432136773,0.0964429500290529,-0.6935602932427303,0.6935602932427303,0.1255108858677248,7.4,20.9,7.1,69.7,1.7,0.6,0.08,26.96,101.7,1.0,1.0,10.0,current,1.0,male,6.2
13000.0,0.774364155955,0.0747171435541,6.420774323,76.0,0.8699767099881364,-0.0956125540331364,6.389529652310903,0.0312446706890971,-0.4379752700288258,0.1223810478097839,-0.5603563178386098,0.5603563178386098,0.096488380795407,7.2,7.1,14.8,75.8,1.7,0.6,0.12,25.74,101.0,1.0,3.0,,former,1.0,male,6.0
19445.0,0.774785146456,0.058922987348,6.193827906,80.0,0.8472295196513189,-0.0724443731953188,6.317075799892791,-0.123247893892791,-0.3318480949823026,-0.4827449309687271,0.1508968359864244,0.1508968359864244,0.0760507446709888,7.4,32.2,7.7,57.8,1.7,0.7,0.11,18.99,81.1,1.0,3.0,,former,2.0,female,6.6
18012.0,0.774799418325,0.0305130325639,6.906678672,51.0,1.012146649593246,-0.2373472312682458,6.842366229924096,0.064312442075904,-1.0872235216023776,0.2519029285593214,-1.3391264501616988,1.3391264501616988,0.0393818475365722,9.5,32.7,8.7,55.5,2.5,0.7,0.74,29.06,100.4,1.0,2.0,,current,2.0,female,5.9
16093.0,0.774968482372,0.0289293326655,6.34258483,82.0,0.8358559244829101,-0.0608874421109101,6.280848873683736,0.061735956316264,-0.2789089170303758,0.2418111906732262,-0.5207201077036021,0.5207201077036021,0.0373296893016267,6.2,22.7,10.8,59.7,6.4,0.5,1.68,27.17,94.5,2.0,,,never,2.0,female,5.4
12246.0,0.77518582628,0.0482709896415,6.279323354,85.0,0.8187955317302971,-0.043609705450297,6.226508484370153,0.0528148696298469,-0.199764274823701,0.2068685296623482,-0.4066328044860492,0.4066328044860492,0.0622702170305992,6.9,28.1,6.4,64.2,1.3,0.1,0.07,20.01,87.3,2.0,,,never,2.0,female,5.7
14515.0,0.775461781592,0.0670600764004,6.744456332,61.0,0.955278673751202,-0.179816892159202,6.661231598878818,0.0832247331211819,-0.8236925861417379,0.3259797532964229,-1.149672339438161,1.149672339438161,0.0864776034000381,7.1,32.8,10.5,53.6,2.5,0.6,0.81,27.14,103.2,2.0,,,never,1.0,male,5.5
14129.0,0.776142223753,0.0970165459145,5.884293604,72.0,0.8927239003249539,-0.1165816765719538,6.461983504729013,-0.5776899007290135,-0.5340291533193321,-2.26273133309153,1.7287021797721978,1.7287021797721978,0.124998412591678,5.0,21.9,8.1,66.8,2.8,0.4,0.31,25.5,104.6,1.0,3.0,,former,1.0,male,11.2
16349.0,0.776299462844,0.0413528974586,6.351175979,74.0,0.8813503051565452,-0.1050508423125452,6.425756578519958,-0.0745805995199582,-0.4812095178698715,-0.2921218791631977,-0.1890876387066737,0.1890876387066737,0.0532692594003636,10.4,20.6,8.2,68.6,1.9,0.7,4.7,23.73,100.0,1.0,3.0,,former,1.0,male,5.5
10154.0,0.776761578918,0.104084631099,6.48129954,72.0,0.8927239003249539,-0.1159623214069538,6.461983504729013,0.0193160352709869,-0.5311920546937624,0.0756582349520172,-0.6068502896457797,0.6068502896457797,0.1339981712844062,5.9,31.2,9.9,53.4,4.9,0.6,0.28,26.9,98.3,2.0,,,never,2.0,female,5.8
19716.0,0.776798255515,0.068238503182,6.771009796,57.0,0.9780258640880196,-0.2012276085730194,6.73368545129693,0.0373243447030704,-0.9217692916296216,0.1461942889085801,-1.067963580538202,1.067963580538202,0.0878458501902265,6.4,32.0,6.7,57.4,2.3,1.7,0.67,48.37,129.1,1.0,3.0,,former,2.0,female,5.7
20835.0,0.776881389365,0.0575215078315,7.040818319,51.0,1.012146649593246,-0.2352652602282459,6.842366229924096,0.1984520890759045,-1.0776865749361462,0.7773093479786499,-1.854995922914796,1.854995922914796,0.0740415572041394,7.6,23.3,7.7,65.6,1.9,1.5,0.09,26.97,92.0,2.0,,,never,2.0,female,5.0
11148.0,0.777203643685,0.0446851201936,6.382158562,52.0,1.0064598520090415,-0.2292562083240416,6.824252766819568,-0.4420942048195684,-1.0501607321535238,-1.7316217717516722,0.6814610395981484,0.6814610395981484,0.0574947384211065,11.0,,,,,,0.33,29.0,112.4,1.0,1.0,20.0,current,1.0,male,6.3
19643.0,0.780049225966,0.0976829782737,6.708021971,59.0,0.9666522689196108,-0.1866030429536107,6.697458525087875,0.0105634459121253,-0.8547781089236879,0.0413755546368739,-0.8961536635605619,0.8961536635605619,0.1252266844476783,5.6,28.2,11.4,58.1,1.7,0.6,0.12,31.85,111.8,2.0,,,never,1.0,male,6.1
15303.0,0.780216899908,0.0681568266727,6.458929998,84.0,0.8244823293145014,-0.0442654294065013,6.2446219474746805,0.2143080505253198,-0.2027679690528438,0.8394149529798932,-1.042182922032737,1.042182922032737,0.0873562552679091,6.6,21.4,12.0,64.9,1.3,0.5,1.1,18.95,70.5,2.0,,,never,2.0,female,5.3
15956.0,0.781308966826,0.0600678722594,6.663211961,62.0,0.9495918761669976,-0.1682829093409976,6.643118135774291,0.0200938252257092,-0.770858527995355,0.0787047304834314,-0.8495632584787864,0.8495632584787864,0.0768810736979258,4.9,30.7,8.4,58.8,1.5,0.6,0.87,32.53,115.1,1.0,3.0,,former,1.0,male,5.4
16833.0,0.781685064015,0.0158199753243,6.102166694,85.0,0.8187955317302971,-0.037110467715297,6.226508484370153,-0.1243417903701527,-0.1699930232265344,-0.4870295719696537,0.3170365487431192,0.3170365487431192,0.0202382980724273,7.7,13.2,10.6,69.6,6.1,0.6,1.43,,,1.0,3.0,,former,1.0,male,5.0
20242.0,0.782114359887,0.0407623180834,6.588032933,54.0,0.9950862568406328,-0.2129718969536327,6.788025840610513,-0.1999929076105129,-0.9755667027207724,-0.7833445207806444,-0.1922221819401279,0.1922221819401279,0.0521181046839356,5.3,31.6,7.7,56.1,4.3,0.4,0.22,26.23,96.4,2.0,,,never,1.0,male,5.3
16157.0,0.783433360511,0.0523182308832,6.674861644,67.0,0.9211578882459758,-0.1377245277349758,6.5525508202516525,0.1223108237483474,-0.6308788404858789,0.4790745569939332,-1.109953397479812,1.109953397479812,0.066780703401595,8.7,32.6,7.0,58.6,0.9,0.9,0.09,27.76,103.5,2.0,,,never,1.0,male,6.9
17425.0,0.783556964383,0.0521794323361,6.0632399,77.0,0.864289912403932,-0.080732948020932,6.371416189206375,-0.3081762892063748,-0.3698158162100396,-1.207083843465432,0.8372680272553924,0.8372680272553924,0.0665930298726754,6.3,19.0,8.4,69.1,2.8,0.6,0.11,31.26,111.4,1.0,3.0,,former,1.0,male,6.2
13510.0,0.784237087578,0.0282495964857,6.342813265,68.0,0.9154710906617712,-0.1312340030837713,6.534437357147125,-0.1916240921471246,-0.6011475011708048,-0.7505650296627057,0.1494175284919008,0.1494175284919008,0.0360217553252227,6.4,27.0,8.7,61.6,2.2,0.6,0.62,28.74,99.7,2.0,,,never,2.0,female,7.3
15712.0,0.784471834559,0.0672588602612,6.316161535,77.0,0.864289912403932,-0.079818077844932,6.371416189206375,-0.0552546542063749,-0.3656250431841872,-0.2164248279468375,-0.1492002152373497,0.1492002152373497,0.085737763037739,6.3,,,,,,0.17,29.56,107.6,2.0,,,never,1.0,male,11.5
11459.0,0.784560198288,0.0397564048408,6.399695718,60.0,0.9609654713354064,-0.1764052730474062,6.679345061983346,-0.2796493439833458,-0.8080648810057951,-1.095347749910609,0.2872828689048139,0.2872828689048139,0.0506734918844379,9.4,34.5,8.0,54.7,2.0,0.9,0.41,30.16,115.3,2.0,,,never,1.0,male,8.6
11231.0,0.784792357996,0.0461983054301,6.332260927,74.0,0.8813503051565452,-0.0965579471605452,6.425756578519958,-0.0934956515199578,-0.4423058604460296,-0.3662095181775616,-0.076096342268468,0.076096342268468,0.0588669155087968,4.1,53.6,8.4,34.8,2.3,0.8,0.04,19.75,92.5,2.0,,,never,1.0,male,6.0
11260.0,0.785731646373,0.070312407617,6.209486352,69.0,0.909784293077567,-0.124052646704567,6.516323894042596,-0.3068375420425964,-0.5682516484121267,-1.2018401562367889,0.6335885078246621,0.6335885078246621,0.0894865415457907,6.1,28.0,9.2,60.8,1.6,0.4,0.1,22.92,85.4,1.0,3.0,,former,1.0,male,5.7
12676.0,0.787142538893,0.0362375292508,6.373242374,85.0,0.8187955317302971,-0.031652992837297,6.226508484370153,0.1467338896298473,-0.1449938057332,0.5747363235411583,-0.7197301292743583,0.7197301292743583,0.0460368071350364,5.9,32.6,5.5,60.2,1.5,0.2,0.12,30.5,100.7,2.0,,,never,2.0,female,5.7
20899.0,0.787273011967,0.102077326895,6.438482506,64.0,0.9382182809985888,-0.1509452690315889,6.6068912095652355,-0.1684087035652357,-0.6914394833629494,-0.6596335678389053,-0.0318059155240441,0.0318059155240441,0.1296593752654622,5.8,26.7,7.5,63.7,1.3,0.9,0.73,24.72,92.7,2.0,,,never,2.0,female,5.5
18882.0,0.787513005562,0.0425944759544,6.733508212,50.0,1.0178334471774502,-0.2303204416154501,6.860479693028624,-0.1269714810286233,-1.055035697244581,-0.497329706075773,-0.5577059911688076,0.5577059911688076,0.0540873301819351,6.0,49.2,8.2,38.6,3.5,0.5,0.07,26.9,96.2,1.0,1.0,10.0,current,2.0,female,4.9
14636.0,0.787807298792,0.0786567200384,6.580429703,67.0,0.9211578882459758,-0.1333505894539758,6.5525508202516525,0.0278788827483476,-0.6108430113096552,0.1091977225959194,-0.7200407339055747,0.7200407339055747,0.0998425886114661,7.6,30.0,5.3,62.7,1.8,0.2,0.17,24.24,92.7,2.0,,,never,1.0,male,5.2
13313.0,0.787990310485,0.0570817599195,6.58613295,65.0,0.9325314834143844,-0.1445411729293845,6.588777746460708,-0.0026447964607081,-0.6621040498728927,-0.010359301441382,-0.6517447484315108,0.6517447484315108,0.0724396723664873,6.6,24.5,6.7,62.2,5.5,1.1,0.71,37.79,119.5,1.0,3.0,,former,2.0,female,5.5
15073.0,0.788569965176,0.0691158077427,6.793980831,70.0,0.9040974954933628,-0.1155275303173627,6.4982104309380695,0.2957704000619303,-0.52920039421784,1.1584916938596137,-1.6876920880774535,1.6876920880774535,0.0876470202961307,8.4,38.7,3.9,54.3,2.5,0.6,0.68,35.01,112.5,2.0,,,never,2.0,female,5.6
16515.0,0.788829922801,0.0477174960407,6.945780608,79.0,0.8529163172355232,-0.0640863944345232,6.33518926299732,0.6105913450026801,-0.2935624530844198,2.39160173357463,-2.68516418665905,2.68516418665905,0.0604914882935263,5.3,19.1,7.6,57.2,15.8,0.4,0.02,21.1,81.8,1.0,3.0,,former,1.0,male,4.6
10260.0,0.788979046465,0.0374195906392,6.477716133,64.0,0.9382182809985888,-0.1492392345335889,6.6068912095652355,-0.129175076565235,-0.6836246003960004,-0.5059608846022797,-0.1776637157937206,0.1776637157937206,0.0474278636509518,6.0,26.1,5.0,62.1,6.3,0.6,0.09,30.55,112.0,1.0,3.0,,former,1.0,male,6.0
10999.0,0.790309699646,0.053915931416,6.40176363,71.0,0.8984106979091583,-0.1081009982631583,6.480096967833541,-0.0783333378335413,-0.4951814579525182,-0.3068208353961558,-0.1883606225563624,0.1883606225563624,0.0682212700162358,6.1,46.9,7.4,40.9,4.3,0.6,0.4,26.6,105.3,2.0,,,never,2.0,female,10.0
11801.0,0.790383589668,0.0398778078915,6.089795191,80.0,0.8472295196513189,-0.0568459299833188,6.317075799892791,-0.2272806088927907,-0.2603958422223008,-0.890226667450568,0.6298308252282672,0.6298308252282672,0.0504537396939764,6.8,12.7,14.9,68.6,3.5,0.4,0.49,,99.1,1.0,3.0,,former,1.0,male,6.4
13017.0,0.791061052691,0.0361881564475,6.378839895,70.0,0.9040974954933628,-0.1130364428023626,6.4982104309380695,-0.1193705359380699,-0.5177893955463742,-0.4675578568608233,-0.0502315386855508,0.0502315386855508,0.0457463508339799,8.6,19.4,8.8,69.1,1.9,0.9,0.45,33.28,118.3,2.0,,,never,1.0,male,5.5
13528.0,0.791832078496,0.0678380180576,6.326142038,59.0,0.9666522689196108,-0.1748201904236107,6.697458525087875,-0.3713164870878742,-0.8008040458864419,-1.4543952538670588,0.6535912079806169,0.6535912079806169,0.0856722276097364,4.9,36.5,5.9,55.2,1.6,0.8,0.15,22.81,81.5,1.0,3.0,,former,2.0,female,5.3
13519.0,0.791932357448,0.0826135219308,6.415027762,63.0,0.9439050785827932,-0.1519727211347933,6.625004672669763,-0.2099769106697628,-0.6961459637712302,-0.8224504780136475,0.1263045142424173,0.1263045142424173,0.1043189120305954,9.0,15.9,5.6,75.3,2.7,0.6,1.46,33.9,108.4,1.0,3.0,,former,2.0,female,4.8
17901.0,0.79238702383,0.0566682202764,6.81953972,69.0,0.909784293077567,-0.117397269247567,6.516323894042596,0.3032158259574036,-0.5377651629463881,1.1876543959263075,-1.7254195588726955,1.7254195588726955,0.0715158357875351,8.6,31.1,8.1,55.1,5.1,0.7,1.02,24.08,93.7,1.0,3.0,,former,1.0,male,5.4
13643.0,0.792566974298,0.0506303502456,6.629119807,70.0,0.9040974954933628,-0.1115305211953626,6.4982104309380695,0.1309093760619308,-0.5108911756511133,0.5127538955363228,-1.023645071187436,1.023645071187436,0.0638814786478389,7.2,22.8,11.8,62.1,2.8,0.6,1.57,30.65,109.7,2.0,,,never,1.0,male,8.0
14358.0,0.792629650188,0.0443514718037,6.830067526,50.0,1.0178334471774502,-0.2252037969894501,6.860479693028624,-0.0304121670286239,-1.031597731023772,-0.1191202462706033,-0.9124774847531688,0.9124774847531688,0.0559548482613292,6.0,30.3,6.9,61.6,0.9,0.3,0.11,26.1,85.8,2.0,,,never,2.0,female,5.0
10162.0,0.793274684063,0.0922037634943,6.395971787,60.0,0.9609654713354064,-0.1676907872724063,6.679345061983346,-0.2833732749833464,-0.7681461768244888,-1.109933871885978,0.3417876950614891,0.3417876950614891,0.116231824041138,8.9,44.9,7.4,44.7,2.4,0.6,0.16,30.99,105.4,1.0,3.0,,former,1.0,male,5.4
19362.0,0.793348385002,0.0432331189936,6.339032354,63.0,0.9439050785827932,-0.1505566935807932,6.625004672669763,-0.2859723186697627,-0.6896595242382323,-1.1201139660470605,0.4304544418088282,0.4304544418088282,0.0544944942359604,8.1,32.1,6.2,57.7,3.1,1.0,1.2,28.87,110.3,1.0,3.0,,former,1.0,male,6.4
11004.0,0.793524648158,0.055122067325,6.180466418,66.0,0.9268446858301802,-0.1333200376721802,6.57066428335618,-0.3901978653561802,-0.6107030618540938,-1.5283509975380745,0.9176479356839806,0.9176479356839806,0.0694648458027791,7.6,27.7,8.9,61.4,1.7,0.4,1.11,31.31,116.0,1.0,3.0,,former,1.0,male,5.5
13787.0,0.794300993009,0.0702302117786,6.616415838,67.0,0.9211578882459758,-0.1268568952369757,6.5525508202516525,0.0638650177483475,-0.58109715307027,0.2501504294350127,-0.8312475825052827,0.8312475825052827,0.0884176305918381,4.4,36.9,11.7,45.2,3.1,3.1,0.07,22.32,86.4,1.0,2.0,,current,1.0,male,5.9
18827.0,0.794468864114,0.0666313808527,6.392788764,67.0,0.9211578882459758,-0.1266890241319758,6.5525508202516525,-0.1597620562516528,-0.5803281809066679,-0.6257658478425099,0.0454376669358419,0.0454376669358419,0.0838690902342762,6.6,38.0,9.6,49.7,2.4,0.3,0.71,32.85,108.5,2.0,,,never,2.0,female,5.4
18848.0,0.794837321585,0.072413937902,6.815837735,69.0,0.909784293077567,-0.114946971492567,6.516323894042596,0.2995138409574034,-0.5265410111417496,1.1731542333934948,-1.6996952445352442,1.6996952445352442,0.0911053569522855,7.5,15.5,8.5,73.1,2.3,0.6,0.39,28.77,93.7,2.0,,,never,1.0,male,6.5
18459.0,0.795222381811,0.130540930253,6.831800284,70.0,0.9040974954933628,-0.1088751136823626,6.4982104309380695,0.3335898530619303,-0.4987274714774995,1.3066252533964708,-1.8053527248739705,1.8053527248739705,0.1641565092216249,7.3,27.5,8.2,62.3,1.4,0.6,0.63,27.48,93.9,2.0,,,never,2.0,female,6.1
19847.0,0.795515780083,0.0512552648254,6.89635974,55.0,0.9893994592564282,-0.1938836791734283,6.769912377505985,0.126447362494015,-0.8881287358011074,0.4952768063643263,-1.3834055421654337,1.3834055421654337,0.0644302301835575,7.5,15.5,6.6,76.1,1.3,0.6,0.05,35.42,118.9,2.0,,,never,1.0,male,4.9
20058.0,0.796221087303,0.0709887979184,6.655050094,82.0,0.8358559244829101,-0.0396348371799101,6.280848873683736,0.3742012203162641,-0.1815564775144857,1.465694354397033,-1.647250831911519,1.647250831911519,0.0891571437260683,6.4,28.0,9.7,61.8,0.3,0.3,0.08,21.73,68.1,2.0,,,never,2.0,female,5.4
12953.0,0.796231324851,0.0442069612676,6.498876597,50.0,1.0178334471774502,-0.2216021223264501,6.860479693028624,-0.3616030960286238,-1.0150994327716751,-1.416349246359223,0.4012498135875479,0.4012498135875479,0.0555202488119548,7.5,48.7,8.0,39.4,3.7,0.2,0.06,25.32,92.9,2.0,,,never,1.0,male,5.9
14596.0,0.796869793241,0.021932267566,6.214551269,78.0,0.8586031148197276,-0.0617333215787275,6.353302726101847,-0.1387514571018471,-0.2827836622672909,-0.5434702408684272,0.2606865786011362,0.2606865786011362,0.0275230254076991,4.6,58.5,12.2,27.8,1.3,0.3,0.23,25.45,101.7,1.0,3.0,,former,1.0,male,6.0
12442.0,0.797239250058,0.0415903039765,6.499547582,74.0,0.8813503051565452,-0.0841110550985452,6.425756578519958,0.0737910034800419,-0.3852900117742662,0.2890291408311812,-0.6743191526054475,0.6743191526054475,0.0521679081573997,5.9,35.2,8.9,51.3,4.1,0.6,0.69,35.9,121.5,2.0,,,never,2.0,female,5.7
17145.0,0.797516926166,0.0491604046496,6.249532249,73.0,0.8870371027407495,-0.0895201765747495,6.443870041624486,-0.194337792624486,-0.4100677354018378,-0.7611942185943492,0.3511264831925114,0.3511264831925114,0.0616418323381984,8.8,29.5,5.1,48.0,16.9,0.6,0.49,26.98,98.4,2.0,,,never,1.0,male,5.5
16215.0,0.797805570068,0.0402906964251,6.595300088,57.0,0.9780258640880196,-0.1802202940200195,6.73368545129693,-0.1383853632969298,-0.8255404610438185,-0.5420363021372989,-0.2835041589065196,0.2835041589065196,0.0505018991302177,9.5,25.0,7.8,65.9,1.0,0.3,0.21,29.93,97.0,1.0,3.0,,former,2.0,female,5.2
15121.0,0.797906870899,0.0409894190038,5.592238868,70.0,0.9040974954933628,-0.1061906245943626,6.4982104309380695,-0.9059715629380696,-0.4864305524683204,-3.5485651380834655,3.062134585615145,3.062134585615145,0.0513711818994832,2.3,73.4,4.1,21.6,0.9,0.1,0.06,29.28,111.0,1.0,3.0,,former,1.0,male,5.6
16506.0,0.798054829506,0.0785094963506,6.814485507,61.0,0.955278673751202,-0.1572238442452019,6.661231598878818,0.1532539081211812,-0.7201999395853139,0.6002743329715807,-1.3204742725568948,1.3204742725568948,0.098376068219771,8.3,25.0,7.3,64.0,2.8,0.9,0.29,28.67,98.1,2.0,,,never,2.0,female,5.2
16995.0,0.799065104469,0.0552627301814,6.099917543,59.0,0.9666522689196108,-0.1675871644506107,6.697458525087875,-0.5975409820878745,-0.7676715086826738,-2.340485269467708,1.572813760785034,1.572813760785034,0.0691592335497162,10.5,28.5,4.9,57.1,5.8,3.8,0.47,27.42,99.7,1.0,1.0,20.0,current,1.0,male,5.4
17856.0,0.799277429816,0.0498389685672,6.731900075,56.0,0.9837126616722238,-0.1844352318562238,6.751798914401458,-0.0198988394014572,-0.8448479521534745,-0.0779409980147021,-0.7669069541387724,0.7669069541387724,0.062355030566387,6.0,30.0,9.2,57.2,2.6,1.2,0.07,19.3,72.1,1.0,1.0,15.0,current,2.0,female,5.6
16306.0,0.799548094945,0.0518909257235,5.296395813,81.0,0.8415427220671146,-0.0419946271221145,6.298962336788264,-1.0025665237882642,-0.192366037489111,-3.926914221663884,3.734548184174773,3.734548184174773,0.0649003181316685,7.9,30.8,9.9,56.1,2.7,0.6,0.33,28.27,98.6,2.0,,,never,2.0,female,7.6
17464.0,0.799763406885,0.0208458664407,6.92478934,69.0,0.909784293077567,-0.110020886192567,6.516323894042596,0.4084654459574039,-0.5039759456932853,1.5999025807559946,-2.1038785264492796,2.1038785264492796,0.0260650415625948,5.9,34.2,6.9,56.3,2.2,0.4,1.62,41.65,107.3,2.0,,,never,2.0,female,5.8
12480.0,0.800271402792,0.0578559253326,6.747149802,66.0,0.9268446858301802,-0.1265732830381801,6.57066428335618,0.1764855186438199,-0.5797980022358732,0.6912693338906151,-1.2710673361264884,1.2710673361264884,0.0722953802057043,7.2,33.2,8.4,56.1,1.7,0.6,0.17,24.98,85.6,2.0,,,never,2.0,female,6.3
18782.0,0.801116437656,0.100580517126,6.481764555,85.0,0.8187955317302971,-0.017679094074297,6.226508484370153,0.255256070629847,-0.0809831520489638,0.9998026765694016,-1.0807858286183654,1.0807858286183654,0.1255504348659855,10.0,42.2,8.2,47.5,1.9,0.2,0.68,30.82,98.7,1.0,3.0,,former,2.0,female,6.4
15349.0,0.801617217389,0.0633777158008,6.31783963,70.0,0.9040974954933628,-0.1024802781043626,6.4982104309380695,-0.1803708009380695,-0.4694344579460981,-0.7064874465389585,0.2370529885928602,0.2370529885928602,0.0790623185555216,7.1,44.7,6.1,47.7,1.1,0.4,0.48,23.97,84.0,2.0,,,never,2.0,female,5.4
19478.0,0.802473319781,0.0542784467274,6.47845275,57.0,0.9780258640880196,-0.1755525443070195,6.73368545129693,-0.2552327012969302,-0.8041587611023062,-0.9997111421289384,0.1955523810266323,0.1955523810266323,0.0676389424912132,6.4,31.1,8.9,50.1,8.9,1.0,0.06,29.07,106.2,1.0,3.0,,former,1.0,male,5.7
13269.0,0.802837437874,0.0358088965237,6.158616138,72.0,0.8927239003249539,-0.0898864624509538,6.461983504729013,-0.3033673667290131,-0.411745592009274,-1.188247960140827,0.7765023681315526,0.7765023681315526,0.044602923125416,7.8,21.9,6.3,68.3,3.1,0.4,0.16,29.77,109.2,1.0,1.0,10.0,current,1.0,male,6.2
17208.0,0.802843702501,0.051984243597,6.820737884,51.0,1.012146649593246,-0.2093029470922458,6.842366229924096,-0.0216283459240962,-0.9587602349664832,-0.0847152355331753,-0.8740449994333079,0.8740449994333079,0.0647501418209545,5.7,44.7,8.5,45.6,0.9,0.4,0.7,35.27,105.8,2.0,,,never,2.0,female,5.6
10326.0,0.802908445782,0.0436460974532,6.341950329,72.0,0.8927239003249539,-0.0898154545429538,6.461983504729013,-0.1200331757290129,-0.4114203239731358,-0.4701533251486156,0.0587330011754798,0.0587330011754798,0.0543599929512392,11.8,40.6,8.8,46.2,3.7,0.9,0.44,28.92,97.8,2.0,,,never,2.0,female,6.0
16420.0,0.803476759528,0.036841906911,6.615929858,53.0,1.000773054424837,-0.1972962948968369,6.806139303715041,-0.1902094457150402,-0.9037610061455073,-0.7450240555118958,-0.1587369506336114,0.1587369506336114,0.0458531083495715,7.7,34.0,7.3,55.9,2.1,0.8,1.14,31.92,106.2,2.0,,,never,2.0,female,5.6
12157.0,0.803961078139,0.0428810440115,6.460898809,57.0,0.9780258640880196,-0.1740647859490195,6.73368545129693,-0.2727866422969303,-0.7973437421419629,-1.068467497865495,0.2711237557235324,0.2711237557235324,0.0533372139242866,7.8,15.9,6.4,77.1,0.6,0.1,0.03,21.92,85.1,2.0,,,never,1.0,male,5.4
20531.0,0.804237684953,0.0318188510558,6.17415739,75.0,0.8756635075723407,-0.0714258226193407,6.40764311541543,-0.2334857254154299,-0.3271823900645424,-0.9145312494824523,0.58734885941791,0.58734885941791,0.0395639891677788,6.2,37.4,8.7,52.4,1.0,0.5,0.06,21.76,85.2,2.0,,,never,2.0,female,5.6
19220.0,0.804473305493,0.0588626011518,6.039232892,82.0,0.8358559244829101,-0.0313826189899101,6.280848873683736,-0.2416159816837355,-0.1437552962088442,-0.9463763372728804,0.8026210410640362,0.8026210410640362,0.0731691166753229,6.6,22.5,9.1,66.8,1.3,0.3,0.03,21.07,81.5,1.0,3.0,,former,1.0,male,4.9
12834.0,0.804577743312,0.0377913341232,6.425718346,70.0,0.9040974954933628,-0.0995197521813626,6.4982104309380695,-0.0724920849380694,-0.4558730887967719,-0.2839414567980247,-0.1719316319987472,0.1719316319987472,0.0469703946415843,7.1,26.0,6.6,65.1,2.0,0.3,0.13,27.56,97.4,1.0,3.0,,former,2.0,female,5.8
10070.0,0.804608229877,0.0849695542598,6.63855765,62.0,0.9495918761669976,-0.1449836462899977,6.643118135774291,-0.0045604857742906,-0.6641309007561771,-0.0178627911663048,-0.6462681095898722,0.6462681095898722,0.1056036355392353,7.3,24.7,5.9,67.8,0.9,0.7,0.24,30.89,106.7,1.0,3.0,,former,1.0,male,5.5
10375.0,0.805032232949,0.045857465021,6.328322027,75.0,0.8756635075723407,-0.0706312746233407,6.40764311541543,-0.0793210884154307,-0.3235427804273147,-0.3106897176253587,-0.012853062801956,0.012853062801956,0.056963514185034,7.8,28.8,6.8,61.3,2.5,0.6,0.34,22.27,93.0,1.0,3.0,,former,1.0,male,5.5
18711.0,0.805854670701,0.0502596170824,7.008569505,71.0,0.8984106979091583,-0.0925560272081582,6.480096967833541,0.5284725371664587,-0.4239741466924886,2.0699537364525504,-2.493927883145039,2.493927883145039,0.0623680905623838,4.0,35.8,12.6,49.2,2.0,0.4,0.77,25.1,80.5,2.0,,,never,2.0,female,5.5
10426.0,0.805960053466,0.0491894144084,6.230606732,76.0,0.8699767099881364,-0.0640166565221364,6.389529652310903,-0.1589229203109026,-0.2932430025549601,-0.6224790685800323,0.3292360660250721,0.3292360660250721,0.0610320749730248,7.9,21.4,7.2,68.9,2.3,0.2,0.65,27.95,104.5,1.0,3.0,,former,1.0,male,5.5
16193.0,0.80651763273,0.0656828123179,6.020574412,71.0,0.8984106979091583,-0.0918930651791583,6.480096967833541,-0.4595225558335407,-0.4209372968080112,-1.7998862089067391,1.3789489120987282,1.3789489120987282,0.0814400202207219,6.5,49.1,8.1,39.7,2.7,0.4,0.09,26.82,104.6,1.0,3.0,,former,1.0,male,6.1
14173.0,0.80671099301,0.0604959378399,6.023211965,84.0,0.8244823293145014,-0.0177713363045013,6.2446219474746805,-0.2214099824746807,-0.0814056887763876,-0.8672322368323949,0.7858265480560073,0.7858265480560073,0.0749908435165579,7.5,17.7,9.3,71.4,1.3,0.3,0.09,25.8,105.0,2.0,,,never,1.0,male,6.3
13178.0,0.807197610928,0.0823979425594,6.276997076,69.0,0.909784293077567,-0.102586682149567,6.516323894042596,-0.2393268180425964,-0.4699218661207023,-0.9374100003318284,0.4674881342111259,0.4674881342111259,0.1020790218453083,7.8,34.4,7.9,54.3,2.8,0.6,0.14,26.65,92.7,2.0,,,never,1.0,male,5.6
12810.0,0.807877177262,0.0617192300084,6.644587447,71.0,0.8984106979091583,-0.0905335206471582,6.480096967833541,0.1644904791664592,-0.4147095907338426,0.6442864255294982,-1.058996016263341,1.058996016263341,0.0763967986044295,9.6,22.8,10.3,61.4,4.6,0.9,0.23,34.19,123.5,2.0,,,never,1.0,male,8.0
11953.0,0.808016722723,0.0604591085769,6.788208883,62.0,0.9495918761669976,-0.1415751534439977,6.643118135774291,0.1450907472257094,-0.6485175161989484,0.5683003623137209,-1.216817878512669,1.216817878512669,0.074824080834805,8.0,30.9,8.1,56.5,3.8,0.7,3.23,35.31,125.0,1.0,3.0,,former,1.0,male,5.9
13109.0,0.808129280077,0.0644463619441,6.272561624,76.0,0.8699767099881364,-0.0618474299111363,6.389529652310903,-0.1169680283109029,-0.2833063616994382,-0.458147567224252,0.1748412055248138,0.1748412055248138,0.0797475893188271,7.5,23.8,6.8,66.0,2.9,0.4,0.21,27.4,100.7,1.0,3.0,,former,2.0,female,5.6
17786.0,0.809259712775,0.08353537312,6.776691694,55.0,0.9893994592564282,-0.1801397464814282,6.769912377505985,0.0067793164940148,-0.8251714945380977,0.0265536437950424,-0.8517251383331401,0.8517251383331401,0.1032244306757248,6.4,31.2,6.3,59.3,2.4,0.8,0.11,28.86,97.4,2.0,,,never,1.0,male,5.4
19943.0,0.809293105441,0.0714715434998,6.555816489,64.0,0.9382182809985888,-0.1289251755575888,6.6068912095652355,-0.0510747205652357,-0.5905713862510079,-0.2000526067809256,-0.3905187794700823,0.3905187794700823,0.0883135455118621,5.7,31.1,9.4,54.4,4.6,0.6,0.28,35.39,121.3,1.0,3.0,,former,1.0,male,8.3
11786.0,0.809887837712,0.0993784639507,6.473341634,63.0,0.9439050785827932,-0.1340172408707932,6.625004672669763,-0.1516630386697635,-0.6138967612826401,-0.594043117660324,-0.0198536436223161,0.0198536436223161,0.1227064530706528,8.7,26.3,7.7,62.9,2.3,0.8,0.17,28.09,100.8,1.0,2.0,,current,1.0,male,7.3
11476.0,0.809962751832,0.0323989310402,6.61655488,51.0,1.012146649593246,-0.2021838977612459,6.842366229924096,-0.2258113499240961,-0.9261497939566904,-0.8844717835575041,-0.0416780103991861,0.0416780103991861,0.0400005197361471,6.1,39.1,9.4,48.2,3.1,0.3,0.29,30.33,100.8,1.0,3.0,,former,1.0,male,7.2
11867.0,0.810130435491,0.0384516046951,6.249706656,82.0,0.8358559244829101,-0.0257254889919101,6.280848873683736,-0.0311422176837359,-0.1178415125690566,-0.1219797535771727,0.004138241008116,0.004138241008116,0.0474634737945568,5.1,38.8,9.0,51.0,1.2,0.1,0.17,29.83,99.0,2.0,,,never,2.0,female,5.4
19004.0,0.810146861858,0.043884400314,6.142277074,78.0,0.8586031148197276,-0.0484562529617276,6.353302726101847,-0.2110256521018474,-0.2219649991584016,-0.8265582529560419,0.6045932537976403,0.6045932537976403,0.0541684506601124,5.3,38.9,6.9,53.0,0.7,0.4,0.09,20.58,88.5,1.0,3.0,,former,2.0,female,5.2
16355.0,0.810269574223,0.0593099927657,5.955435569,72.0,0.8927239003249539,-0.0824543261019538,6.461983504729013,-0.5065479357290137,-0.3777009839840951,-1.9840781091039572,1.6063771251198622,1.6063771251198622,0.0731978524833228,6.8,51.0,9.7,37.4,1.5,0.4,0.22,30.92,113.5,2.0,,,never,2.0,female,5.6
12451.0,0.811172465419,0.0314355899567,6.585552005,57.0,0.9780258640880196,-0.1668533986690195,6.73368545129693,-0.1481334462969297,-0.7643103259428113,-0.580218193172336,-0.1840921327704753,0.1840921327704753,0.0387532754091478,4.9,44.2,10.9,40.9,3.7,0.5,0.05,28.58,106.1,2.0,,,never,1.0,male,5.5
18599.0,0.811356561611,0.0653470406292,6.54968057,77.0,0.864289912403932,-0.052933350792932,6.371416189206375,0.1782643807936246,-0.2424733743544836,0.6982368905651116,-0.9407102649195952,0.9407102649195952,0.0805404722424987,9.6,13.4,9.0,75.3,2.3,0.1,1.03,,,1.0,3.0,,former,2.0,female,5.7
13724.0,0.812450062151,0.0403028680075,6.763973739,64.0,0.9382182809985888,-0.1257682188475888,6.6068912095652355,0.1570825294347644,-0.5761102207533015,0.6152705124060045,-1.191380733159306,1.191380733159306,0.0496065787733417,5.8,27.8,6.3,64.4,1.3,0.2,0.06,26.19,94.3,1.0,3.0,,former,1.0,male,5.8
10975.0,0.812849145081,0.0493752523142,6.76549614,63.0,0.9439050785827932,-0.1310559335017932,6.625004672669763,0.1404914673302366,-0.6003318125403794,0.550285619947598,-1.1506174324879774,1.1506174324879774,0.060743438820102,3.4,38.2,7.2,49.3,4.7,0.6,0.12,27.59,89.4,1.0,3.0,,former,2.0,female,4.9
11251.0,0.812967476952,0.0478522060514,5.926194,67.0,0.9211578882459758,-0.1081904112939757,6.5525508202516525,-0.6263568202516527,-0.4955910348821627,-2.453352916660767,1.9577618817786044,1.9577618817786044,0.0588611566981852,8.1,14.3,8.4,74.9,1.1,1.4,0.28,22.78,97.5,1.0,1.0,15.0,current,1.0,male,5.6
12331.0,0.813488222748,0.0387701920706,6.146095987,64.0,0.9382182809985888,-0.1247300582505888,6.6068912095652355,-0.4607952225652356,-0.5713546876289924,-1.804871068234824,1.2335163806058316,1.2335163806058316,0.0476591928271961,9.6,25.6,9.6,59.2,4.4,1.2,1.01,22.25,92.1,1.0,3.0,,former,1.0,male,5.3
11429.0,0.813632490656,0.124352200953,6.26762634,71.0,0.8984106979091583,-0.0847782072531583,6.480096967833541,-0.2124706278335413,-0.3883460554917651,-0.8322180227729187,0.4438719672811535,0.4438719672811535,0.1528358348284981,5.1,14.1,10.0,72.6,2.7,0.6,0.14,34.01,117.1,2.0,,,never,1.0,male,8.1
11817.0,0.813798307502,0.0464065033172,6.517939022,68.0,0.9154710906617712,-0.1016727831597713,6.534437357147125,-0.0164983351471246,-0.4657355418363818,-0.064621693808623,-0.4011138480277588,0.4011138480277588,0.0570245758554688,6.5,31.5,6.8,58.9,2.7,0.1,0.27,29.89,96.7,1.0,3.0,,former,2.0,female,5.4
14291.0,0.814092830379,0.0603822183334,5.890489129,85.0,0.8187955317302971,-0.004702701351297,6.226508484370153,-0.3360193553701531,-0.0215418039506132,-1.3161412774600671,1.294599473509454,1.294599473509454,0.0741711707561521,6.9,31.6,8.7,51.8,7.4,0.5,0.65,,89.9,1.0,3.0,,former,1.0,male,12.0
16392.0,0.814689234765,0.0457552574372,6.635294273,60.0,0.9609654713354064,-0.1462762365704063,6.679345061983346,-0.0440507889833456,-0.6700519074986849,-0.1725408395650242,-0.4975110679336607,0.4975110679336607,0.0561628354527088,10.4,21.2,8.1,68.6,1.7,0.4,0.11,29.9,100.2,2.0,,,never,1.0,male,6.5
13692.0,0.815307775163,0.036736775265,6.484628328,65.0,0.9325314834143844,-0.1172237082513845,6.588777746460708,-0.1041494184607074,-0.5369701269290137,-0.4079388477744051,-0.1290312791546086,0.1290312791546086,0.0450587819521964,5.8,34.2,7.3,51.9,5.7,0.8,0.73,31.62,111.9,1.0,3.0,,former,1.0,male,6.4
17197.0,0.815374268513,0.0964505818301,6.521181009,72.0,0.8927239003249539,-0.0773496318119538,6.461983504729013,0.0591975042709869,-0.3543177590228364,0.2318684255787517,-0.5861861846015882,0.5861861846015882,0.1182899504616415,6.6,33.3,8.8,55.9,1.7,0.4,0.11,24.66,98.5,1.0,3.0,,former,2.0,female,6.3
19618.0,0.815816857789,0.05786887129,6.393972201,78.0,0.8586031148197276,-0.0427862570307275,6.353302726101847,0.040669474898153,-0.1959922801566537,0.159296700593694,-0.3552889807503477,0.3552889807503477,0.070933654701417,6.3,26.0,9.6,62.6,1.4,0.6,0.06,19.05,67.6,1.0,3.0,,former,2.0,female,5.6
14472.0,0.815914237427,0.184331282755,6.098114628,82.0,0.8358559244829101,-0.0199416870559101,6.280848873683736,-0.1827342456837355,-0.0913474790153149,-0.715744732278765,0.6243972532634501,0.6243972532634501,0.225919924300245,7.4,25.0,7.1,65.6,1.9,0.6,1.02,,138.8,2.0,,,never,2.0,female,5.3
18962.0,0.816206052953,0.079590359084,6.749603692,65.0,0.9325314834143844,-0.1163254304613845,6.588777746460708,0.1608259455392922,-0.532855359139213,0.6299329548371866,-1.1627883139763997,1.1627883139763997,0.0975125812851367,5.3,22.6,13.1,63.3,0.7,0.3,0.76,20.17,84.7,2.0,,,never,1.0,male,5.1
10013.0,0.816573105478,0.0379636326214,6.484408464,58.0,0.9723390665038152,-0.1557659610258152,6.715571988192401,-0.231163524192401,-0.7135217705609813,-0.9054355089087296,0.1919137383477482,0.1919137383477482,0.0464914070359653,5.7,24.8,8.4,63.1,3.7,0.1,0.44,29.52,109.0,1.0,2.0,,current,1.0,male,5.8
13754.0,0.817005156163,0.0645053751824,6.38591723,54.0,0.9950862568406328,-0.1780811006776327,6.788025840610513,-0.4021086106105125,-0.8157413944751019,-1.575003737102049,0.7592623426269473,0.7592623426269473,0.0789534493091137,7.6,25.8,6.4,62.6,4.6,0.6,0.89,27.5,110.2,1.0,1.0,12.0,current,1.0,male,5.4
12585.0,0.817169027925,0.0649787214372,6.231496725,81.0,0.8415427220671146,-0.0243736941421145,6.298962336788264,-0.0674656117882639,-0.1116493056946577,-0.2642534576194768,0.152604151924819,0.152604151924819,0.0795168676451156,6.1,33.3,7.6,54.9,3.8,0.5,0.18,29.9,101.1,1.0,3.0,,former,2.0,female,5.1
17104.0,0.817515956227,0.0320613332431,6.729043824,52.0,1.0064598520090415,-0.1889438957820415,6.824252766819568,-0.0952089428195686,-0.8655009230980105,-0.3729202429131855,-0.492580680184825,0.492580680184825,0.0392179907913595,6.0,29.5,6.3,60.4,2.9,0.9,0.75,33.22,109.3,1.0,3.0,,former,1.0,male,5.6
12817.0,0.818444541294,0.0493065723739,6.012954165,69.0,0.909784293077567,-0.091339751783567,6.516323894042596,-0.5033697290425962,-0.4184027176798282,-1.9716295136839532,1.553226796004125,1.553226796004125,0.0602442436673155,9.9,15.0,6.6,76.6,1.1,0.6,1.25,26.49,102.3,1.0,3.0,,former,2.0,female,5.5
12665.0,0.818864995883,0.0258236723011,6.903600277,51.0,1.012146649593246,-0.1932816537102458,6.842366229924096,0.0612340470759038,-0.8853710198560844,0.2398452816914386,-1.125216301547523,1.125216301547523,0.0315359337997514,6.1,27.4,9.8,58.5,3.8,0.6,0.17,27.33,92.1,1.0,1.0,6.0,current,2.0,female,5.3
10597.0,0.819535651442,0.0690754922369,6.108355454,75.0,0.8756635075723407,-0.0561278561303406,6.40764311541543,-0.2992876614154305,-0.2571065399665556,-1.1722683194526755,0.91516177948612,0.91516177948612,0.0842861346121543,8.2,47.6,11.7,35.7,4.4,0.7,0.04,24.79,98.5,2.0,,,never,1.0,male,6.2
14352.0,0.820066342966,0.0748185457445,6.64203013,68.0,0.9154710906617712,-0.0954047476957713,6.534437357147125,0.1075927728528753,-0.4370233653585498,0.4214259900357885,-0.8584493553943384,0.8584493553943384,0.0912347475131069,7.0,31.1,8.6,57.7,1.8,0.8,0.36,36.54,125.0,1.0,3.0,,former,1.0,male,6.9
14901.0,0.820476779743,0.0808870333805,6.984437879,54.0,0.9950862568406328,-0.1746094770976326,6.788025840610513,0.1964120383894867,-0.7998388250869647,0.7693187519799539,-1.5691575770669186,1.5691575770669186,0.0985854022655418,8.0,29.8,8.2,59.2,1.9,1.0,0.27,21.57,75.8,2.0,,,never,2.0,female,5.2
16777.0,0.820602913706,0.0551005290925,6.51790144,66.0,0.9268446858301802,-0.1062417721241801,6.57066428335618,-0.0527628433561799,-0.4866648454794177,-0.2066647499538546,-0.280000095525563,0.280000095525563,0.0671463970846209,9.2,46.0,9.2,42.0,2.4,0.4,0.21,25.19,79.2,1.0,3.0,,former,2.0,female,6.1
14738.0,0.820929343003,0.0357253319847,6.510754661,64.0,0.9382182809985888,-0.1172889379955888,6.6068912095652355,-0.0961365485652354,-0.5372689267583948,-0.3765535461487577,-0.160715380609637,0.160715380609637,0.0435181569390795,7.8,30.5,7.6,60.8,1.0,0.1,0.39,,,1.0,1.0,2.0,current,1.0,male,5.2
17369.0,0.82112664449,0.0896466271679,6.195550046,82.0,0.8358559244829101,-0.0147292799929101,6.280848873683736,-0.0852988276837356,-0.0674708509511133,-0.3341036944429836,0.2666328434918703,0.2666328434918703,0.1091751531501932,8.0,14.7,16.2,65.9,2.4,0.9,0.25,,,2.0,,,never,2.0,female,5.7
14866.0,0.821170873814,0.0455047333091,6.866809615,66.0,0.9268446858301802,-0.1056738120161802,6.57066428335618,0.29614533164382,-0.4840631737200723,1.1599602489391412,-1.6440234226592136,1.6440234226592136,0.0554144511942432,7.3,31.7,7.7,54.6,4.8,1.2,1.37,24.97,103.3,2.0,,,never,1.0,male,6.0
11423.0,0.82189823883,0.0488125996564,6.131734012,64.0,0.9382182809985888,-0.1163200421685888,6.6068912095652355,-0.4751571975652355,-0.5328306768261416,-1.861124935225691,1.3282942583995494,1.3282942583995494,0.0593900769587806,10.9,40.9,6.7,49.7,1.7,1.0,0.72,33.27,102.3,2.0,,,never,2.0,female,6.3
17312.0,0.822226331141,0.0519291548929,6.700981491,51.0,1.012146649593246,-0.1899203184522458,6.842366229924096,-0.1413847389240956,-0.8699736514647982,-0.5537844410657008,-0.3161892103990974,0.3161892103990974,0.0631567646597234,9.7,27.0,6.9,62.0,3.4,0.6,0.64,31.4,103.5,1.0,1.0,65.0,current,1.0,male,5.4
20157.0,0.822456113834,0.0702105079708,6.470868165,55.0,0.9893994592564282,-0.1669433454224282,6.769912377505985,-0.2990442125059855,-0.7647223477114045,-1.1713147637912162,0.4065924160798118,0.4065924160798118,0.0853668746451447,9.9,23.1,7.8,62.0,7.1,0.1,0.28,23.14,96.5,1.0,1.0,20.0,current,1.0,male,5.5
19479.0,0.822697774762,0.0253931809531,6.525718307,72.0,0.8927239003249539,-0.0700261255629538,6.461983504729013,0.0637348022709867,-0.3207707561276732,0.2496403934445861,-0.5704111495722595,0.5704111495722595,0.0308657464892816,5.1,37.3,8.3,52.6,1.0,0.8,0.32,23.54,78.5,2.0,,,never,2.0,female,5.1
20922.0,0.823440712312,0.0696275866616,6.348797225,55.0,0.9893994592564282,-0.1659587469444282,6.769912377505985,-0.4211151525059851,-0.7602121681786771,-1.6494497293659445,0.8892375611872674,0.8892375611872674,0.0845568911283296,7.0,31.2,8.9,56.7,3.0,0.3,0.29,24.7,79.8,1.0,1.0,20.0,current,2.0,female,5.3
14881.0,0.82389727995,0.0590162481354,6.222081548,72.0,0.8927239003249539,-0.0688266203749539,6.461983504729013,-0.239901956729013,-0.3152761470365576,-0.9396627389117924,0.6243865918752347,0.6243865918752347,0.0716305898460807,9.0,25.3,7.4,65.1,2.0,0.3,1.53,39.21,121.3,1.0,1.0,40.0,current,2.0,female,9.6
19945.0,0.824274205776,0.0399046158682,6.498258853,56.0,0.9837126616722238,-0.1594384558962238,6.751798914401458,-0.2535400614014573,-0.7303444770435344,-0.9930813060831742,0.2627368290396398,0.2627368290396398,0.0484118216833346,8.5,32.2,8.6,54.1,4.5,0.6,0.08,,,1.0,1.0,9.0,current,1.0,male,9.9
16761.0,0.824325355077,0.0500730307682,6.510180286,74.0,0.8813503051565452,-0.0570249500795452,6.425756578519958,0.0844237074800418,-0.2612158849016143,0.3306759698062527,-0.591891854707867,0.591891854707867,0.0607442564514137,7.1,26.2,9.6,60.3,3.6,0.4,0.15,23.58,96.0,2.0,,,never,1.0,male,5.1
13735.0,0.824566910197,0.0898471775284,6.402802895,85.0,0.8187955317302971,0.0057713784667029,6.226508484370153,0.1762944106298469,0.0264371249984258,0.6905207902676856,-0.6640836652692598,0.6640836652692598,0.1089628705897673,5.0,25.7,9.1,63.8,1.3,0.2,0.13,27.66,93.8,2.0,,,never,1.0,male,5.5
14869.0,0.82457209331,0.0556948327668,6.570721607,53.0,1.000773054424837,-0.1762009611148369,6.806139303715041,-0.2354176967150403,-0.8071289832594998,-0.9220985134916474,0.1149695302321476,0.1149695302321476,0.0675439215305354,7.9,31.4,9.2,57.8,1.0,0.5,0.28,37.15,121.4,1.0,3.0,,former,1.0,male,6.0
18742.0,0.824693154414,0.0709390874152,6.312621858,76.0,0.8699767099881364,-0.0452835555741363,6.389529652310903,-0.0769077943109026,-0.2074317298706837,-0.3012371788508541,0.0938054489801704,0.0938054489801704,0.0860187659319265,7.1,39.3,9.0,45.8,5.4,0.5,0.52,28.33,99.5,1.0,3.0,,former,1.0,male,6.2
18709.0,0.82503374572,0.0712802059372,6.73255092,62.0,0.9495918761669976,-0.1245581304469977,6.643118135774291,0.0894327842257096,-0.5705671328254969,0.3502958296791355,-0.9208629625046324,0.9208629625046324,0.086396715657969,5.3,39.8,9.1,35.7,15.0,0.5,0.51,35.85,125.8,2.0,,,never,1.0,male,10.2
12692.0,0.825842682277,0.0932686843494,6.64058358,77.0,0.864289912403932,-0.038447230126932,6.371416189206375,0.2691673907936254,-0.1761163705643468,1.0542913909809333,-1.2304077615452802,1.2304077615452802,0.1129375925354706,7.8,20.0,10.1,66.8,2.3,0.6,0.04,28.86,106.2,2.0,,,never,1.0,male,5.4
15131.0,0.827382255399,0.0683784986832,6.90498622,52.0,1.0064598520090415,-0.1790775966100415,6.824252766819568,0.0807334531804313,-0.8203060730311011,0.3162217548022046,-1.1365278278333055,1.1365278278333055,0.0826443862398582,6.4,36.8,8.8,51.8,1.7,0.9,1.61,25.25,86.5,2.0,,,never,2.0,female,5.6
15309.0,0.82743007822,0.0490266002637,6.383488046,71.0,0.8984106979091583,-0.0709806196891582,6.480096967833541,-0.0966089218335408,-0.3251430357607476,-0.3784037668186373,0.0532607310578897,0.0532607310578897,0.0592516534680101,7.1,21.7,9.4,63.7,3.9,1.3,0.17,29.24,111.9,1.0,3.0,,former,1.0,male,5.5
12758.0,0.8288659324,0.0366566491176,6.738098184,55.0,0.9893994592564282,-0.1605335268564283,6.769912377505985,-0.0318141935059852,-0.7353607011612382,-0.1246117898065834,-0.6107489113546547,0.6107489113546547,0.0442250642531052,10.6,39.9,5.6,52.1,1.8,0.6,1.25,28.9,97.3,1.0,3.0,,former,2.0,female,5.4
10725.0,0.828868431445,0.0556061308437,6.208146319,67.0,0.9211578882459758,-0.0922894568009757,6.5525508202516525,-0.3444045012516525,-0.4227530596998017,-1.3489847325640405,0.9262316728642388,0.9262316728642388,0.0670868001894577,5.8,50.7,5.6,41.7,1.8,0.2,0.18,29.73,96.8,2.0,,,never,2.0,female,6.5
12572.0,0.829082348367,0.0273781323997,6.634191654,65.0,0.9325314834143844,-0.1034491350473845,6.588777746460708,0.0454139075392925,-0.4738725297613562,0.177879986161437,-0.6517525159227933,0.6517525159227933,0.0330222111876163,6.3,21.5,10.6,64.7,3.0,0.3,0.03,27.05,108.7,1.0,3.0,,former,1.0,male,5.3
14353.0,0.829279632012,0.0587101148522,6.375173251,70.0,0.9040974954933628,-0.0748178634813627,6.4982104309380695,-0.1230371799380698,-0.342720412529438,-0.4819195935912422,0.1391991810618041,0.1391991810618041,0.0707965233750615,5.6,31.9,9.2,57.2,1.0,0.7,0.14,20.77,79.2,1.0,3.0,,former,1.0,male,5.5
12007.0,0.82958718691,0.0572673706961,6.514497786,70.0,0.9040974954933628,-0.0745103085833627,6.4982104309380695,0.0162873550619302,-0.3413115866606763,0.0637953140349326,-0.4051069006956089,0.4051069006956089,0.0690311658614283,7.1,30.8,6.8,57.3,4.4,0.8,0.07,32.22,112.5,1.0,3.0,,former,2.0,female,5.4
15178.0,0.829721289343,0.0427821297836,6.64683404,52.0,1.0064598520090415,-0.1767385626660415,6.824252766819568,-0.1774187268195683,-0.8095915906747887,-0.6949245810688998,-0.1146670096058889,0.1146670096058889,0.0515620490074158,5.4,39.3,6.6,51.0,2.7,0.5,0.07,29.19,110.3,1.0,3.0,,former,1.0,male,5.2
12418.0,0.829749705201,0.0317144418717,6.172932921,80.0,0.8472295196513189,-0.0174798144503188,6.317075799892791,-0.1441428788927909,-0.0800703059483061,-0.5645876933301827,0.4845173873818765,0.4845173873818765,0.0382216970646798,7.9,31.4,9.3,56.3,2.7,0.3,0.16,24.23,103.0,1.0,3.0,,former,1.0,male,5.5
15179.0,0.829994090249,0.0301773389267,6.5557272,80.0,0.8472295196513189,-0.0172354294023189,6.317075799892791,0.2386514001072086,-0.0789508440902776,0.9347644818219748,-1.0137153259122524,1.0137153259122524,0.0363584985498471,9.1,22.5,9.6,62.1,5.5,0.4,0.06,27.37,93.3,2.0,,,never,2.0,female,5.8
11812.0,0.830081898281,0.0394851630848,6.335914236,71.0,0.8984106979091583,-0.0683287996281583,6.480096967833541,-0.1441827318335411,-0.3129957647352105,-0.5647437917796058,0.2517480270443952,0.2517480270443952,0.0475677920053057,6.8,29.6,4.4,61.5,3.7,0.8,0.33,33.71,111.8,2.0,,,never,2.0,female,5.9
18384.0,0.830275535477,0.0614852393254,6.70516489,63.0,0.9439050785827932,-0.1136295431057933,6.625004672669763,0.0801602173302367,-0.5205062277466642,0.3139764693681856,-0.8344826971148498,0.8344826971148498,0.0740540178509249,4.6,25.8,6.7,64.3,3.1,0.2,0.05,30.07,110.4,1.0,3.0,,former,1.0,male,5.2
12124.0,0.830409143725,0.0367939319717,6.246708038,73.0,0.8870371027407495,-0.0566279590157495,6.443870041624486,-0.1971620036244852,-0.2593973761281254,-0.7722562619378378,0.5128588858097123,0.5128588858097123,0.0443081970492906,8.9,27.2,5.8,63.9,2.8,0.3,0.84,28.87,100.3,2.0,,,never,2.0,female,5.7
14310.0,0.8313319584,0.0696531075591,6.258692222,80.0,0.8472295196513189,-0.0158975612513189,6.317075799892791,-0.0583835778927914,-0.0728224316592685,-0.2286803886813637,0.1558579570220951,0.1558579570220951,0.083784951192248,6.4,30.1,9.7,56.9,2.2,1.1,0.18,28.59,102.5,1.0,3.0,,former,1.0,male,5.5
13571.0,0.831410403591,0.0766784004851,6.541965971,85.0,0.8187955317302971,0.0126148718607029,6.226508484370153,0.3154574866298469,0.0577853187318438,1.2356032853523762,-1.1778179666205324,1.1778179666205324,0.0922268955908095,7.6,20.7,11.3,66.6,1.4,0.1,1.01,23.88,,2.0,,,never,2.0,female,5.7
20761.0,0.832046208008,0.0833040700525,6.205974796,75.0,0.8756635075723407,-0.0436172995643406,6.40764311541543,-0.2016683194154307,-0.1997990614077695,-0.7899068767817359,0.5901078153739664,0.5901078153739664,0.1001195237124367,7.8,21.5,9.4,64.1,4.4,0.6,0.36,29.39,109.0,1.0,1.0,60.0,current,1.0,male,5.7
17838.0,0.832172915251,0.0629338114876,6.76120943,67.0,0.9211578882459758,-0.0889849729949757,6.5525508202516525,0.2086586097483476,-0.4076161124456037,0.8172868758846066,-1.2249029883302105,1.2249029883302105,0.0756258829556089,3.8,38.2,10.1,47.8,2.5,1.5,0.19,28.31,108.5,2.0,,,never,1.0,male,5.4
14272.0,0.832433676687,0.022628227938,6.237427124,73.0,0.8870371027407495,-0.0546034260537495,6.443870041624486,-0.2064429176244857,-0.2501235377741483,-0.8086083167011768,0.5584847789270284,0.5584847789270284,0.0271832202032695,4.8,21.8,10.7,62.0,4.7,0.8,0.17,,,2.0,,,never,1.0,male,5.2
17155.0,0.832943436393,0.052237881291,7.161401352,50.0,1.0178334471774502,-0.1848900107844502,6.860479693028624,0.3009216589713768,-0.8469311715163248,1.1786684615762766,-2.025599633092601,2.025599633092601,0.0627148003197099,3.9,39.5,8.0,48.7,3.1,0.7,0.38,21.8,76.0,2.0,,,never,1.0,male,5.4
12708.0,0.833275638159,0.0511991974102,6.015404999,85.0,0.8187955317302971,0.0144801064287028,6.226508484370153,-0.2111034853701525,0.0663294541944708,-0.8268631150883532,0.8931925692828241,0.8931925692828241,0.061443290869894,9.8,21.7,8.9,65.1,2.8,1.6,0.09,26.87,111.3,2.0,,,never,2.0,female,5.5
11275.0,0.833445784507,0.111142703208,6.626556303,62.0,0.9495918761669976,-0.1161460916599976,6.643118135774291,-0.0165618327742906,-0.5320338565576918,-0.0648704052200295,-0.4671634513376622,0.4671634513376622,0.1333532489743686,6.6,40.1,7.0,49.5,2.9,0.6,0.2,29.83,100.2,2.0,,,never,2.0,female,6.1
13838.0,0.83434175545,0.0741630133268,6.304478742,82.0,0.8358559244829101,-0.0015141690329101,6.280848873683736,0.0236298683162639,-0.0069359991244273,0.0925549215393299,-0.0994909206637573,0.0994909206637573,0.0888880519791322,10.6,28.5,6.9,63.2,1.1,0.4,0.07,28.49,99.0,2.0,,,never,1.0,male,6.5
13167.0,0.834722294993,0.0354836254391,6.487619362,79.0,0.8529163172355232,-0.0181940222425232,6.33518926299732,0.1524300990026805,-0.0833418988244777,0.5970475867491427,-0.6803894855736204,0.6803894855736204,0.0425094976520275,5.4,24.3,8.7,65.0,1.2,0.9,1.17,26.37,102.3,1.0,3.0,,former,1.0,male,5.5
18386.0,0.834724623725,0.0386243914815,6.398990258,62.0,0.9495918761669976,-0.1148672524419976,6.643118135774291,-0.2441278777742903,-0.5261758397157519,-0.9562150863706158,0.4300392466548639,0.4300392466548639,0.0462720164036095,7.1,29.4,8.8,58.8,2.5,0.4,0.03,21.41,88.7,1.0,3.0,,former,1.0,male,5.5
11033.0,0.835007899045,0.0992430715094,6.52616363,69.0,0.909784293077567,-0.074776394032567,6.516323894042596,0.0098397359574038,-0.3425304521919289,0.0385408829755691,-0.3810713351674981,0.3810713351674981,0.1188528535154032,6.1,26.1,10.4,61.1,2.3,0.1,0.06,25.9,97.3,2.0,,,never,1.0,male,5.5
11178.0,0.835381817049,0.0244367348557,6.510880634,68.0,0.9154710906617712,-0.0800892736127713,6.534437357147125,-0.0235567231471245,-0.3668673177040053,-0.0922684220421653,-0.27459889566184,0.27459889566184,0.0292521747026086,6.2,28.9,9.3,59.4,1.4,1.0,0.09,26.22,96.8,1.0,3.0,,former,1.0,male,5.7
13951.0,0.835601500935,0.0564594297598,6.430522267,65.0,0.9325314834143844,-0.0969299824793845,6.588777746460708,-0.158255479460708,-0.4440100536963474,-0.6198647952080821,0.1758547415117347,0.1758547415117347,0.0675674106576214,7.6,22.1,8.9,65.7,2.9,0.4,0.27,31.29,115.5,1.0,3.0,,former,1.0,male,5.8
18401.0,0.835601910074,0.0440079281159,6.58953099,63.0,0.9439050785827932,-0.1083031685087932,6.625004672669763,-0.035473682669763,-0.4961075452097739,-0.1389455020344404,-0.3571620431753335,0.3571620431753335,0.052666141119762,5.8,40.7,7.6,50.1,1.1,0.6,0.23,23.92,78.2,2.0,,,never,2.0,female,5.6
14326.0,0.835735984178,0.0621731438397,6.995409235,54.0,0.9950862568406328,-0.1593502726626326,6.788025840610513,0.2073833943894873,-0.7299405334826218,0.8122920339368915,-1.5422325674195134,1.5422325674195134,0.0743932833056737,9.4,16.2,8.9,73.1,1.7,0.1,11.3,27.72,103.0,2.0,,,never,1.0,male,8.7
19328.0,0.835742637911,0.0986545590348,6.843872089,69.0,0.909784293077567,-0.074041655166567,6.516323894042596,0.3275481949574041,-0.339164812015373,1.2829609153499062,-1.6221257273652792,1.6221257273652792,0.1180441855657793,5.4,33.6,8.9,52.7,3.5,1.3,0.56,,,1.0,1.0,5.0,current,2.0,female,5.7
14761.0,0.835872612026,0.0465588038163,6.945433534,73.0,0.8870371027407495,-0.0511644907147494,6.443870041624486,0.5015634923755146,-0.2343707043837942,1.9645547348165593,-2.1989254392003534,2.1989254392003534,0.0557008366423803,5.8,39.5,5.8,51.5,2.9,0.3,0.98,40.55,120.4,2.0,,,never,2.0,female,5.3
13511.0,0.836090751349,0.0558905502163,6.271110103,80.0,0.8472295196513189,-0.0111387683023188,6.317075799892791,-0.0459656968927912,-0.0510236872587451,-0.1800412686381644,0.1290175813794192,0.1290175813794192,0.0668474685626204,6.4,19.8,8.4,68.4,3.1,0.4,0.2,26.3,103.2,1.0,3.0,,former,1.0,male,5.3
12046.0,0.836190913694,0.0507547034422,6.184550946,73.0,0.8870371027407495,-0.0508461890467495,6.443870041624486,-0.2593190956244857,-0.2329126504660566,-1.0157169827584165,0.7828043322923596,0.7828043322923596,0.0606975065275266,7.3,25.3,12.8,58.2,3.1,0.7,0.25,26.04,98.0,1.0,1.0,40.0,current,1.0,male,4.8
18746.0,0.836801970157,0.053236336283,6.653805565,62.0,0.9495918761669976,-0.1127899060099977,6.643118135774291,0.010687429225709,-0.5166600771289342,0.0418611801049191,-0.5585212572338534,0.5585212572338534,0.0636187989292279,6.8,38.4,6.7,54.0,0.6,0.3,0.79,40.72,120.3,1.0,3.0,,former,2.0,female,5.2
20407.0,0.836890785902,0.0528521138745,6.236196826,75.0,0.8756635075723407,-0.0387727216703407,6.40764311541543,-0.1714462894154307,-0.1776073593582148,-0.671531370918928,0.4939240115607131,0.4939240115607131,0.0631529403415955,6.2,42.1,8.3,46.9,2.5,0.2,0.93,33.96,107.6,2.0,,,never,2.0,female,5.8
11543.0,0.837106966487,0.0365241960272,6.507944996,75.0,0.8756635075723407,-0.0385565410853406,6.40764311541543,0.1003018805845696,-0.176617094522725,0.3928685747843338,-0.5694856693070589,0.5694856693070589,0.0436314563005935,8.6,23.4,8.8,64.1,3.1,0.7,3.92,36.77,,1.0,1.0,20.0,current,1.0,male,6.2
20720.0,0.837243269355,0.0442505383378,7.014963402,52.0,1.0064598520090415,-0.1692165826540415,6.824252766819568,0.1907106351804319,-0.775135433110319,0.7469871452348181,-1.522122578345137,1.522122578345137,0.0528526653572144,7.1,19.8,8.6,64.2,6.9,0.5,0.07,24.98,86.0,2.0,,,never,1.0,male,5.5
18598.0,0.837331901384,0.0239666424041,6.773506822,52.0,1.0064598520090415,-0.1691279506250415,6.824252766819568,-0.0507459448195684,-0.7747294337389286,-0.1987648377194563,-0.5759645960194721,0.5759645960194721,0.02862263143741,8.6,24.5,8.4,64.3,1.9,0.9,0.36,38.41,126.5,1.0,1.0,40.0,current,1.0,male,5.5
14011.0,0.837342515874,0.0441072378933,6.951114529,51.0,1.012146649593246,-0.1748041337192458,6.842366229924096,0.1087482990759038,-0.800730494463189,0.4259520262149843,-1.2266825206781733,1.2266825206781733,0.0526752637745401,6.0,23.6,10.2,61.0,4.6,0.8,0.14,24.93,97.4,2.0,,,never,1.0,male,5.5
20443.0,0.838246269039,0.0484358249733,6.576692644,56.0,0.9837126616722238,-0.1454663926332238,6.751798914401458,-0.1751062704014572,-0.6663422312887408,-0.6858670095464174,0.0195247782576766,0.0195247782576766,0.0577823329041819,6.6,26.5,6.3,65.3,1.4,0.6,0.78,35.86,124.3,2.0,,,never,2.0,female,5.8
11293.0,0.838404954363,0.0550060608055,6.453270841,85.0,0.8187955317302971,0.0196094226327029,6.226508484370153,0.2267623566298473,0.0898254654895103,0.8881967451127742,-0.7983712796232639,0.7983712796232639,0.0656079863546277,6.6,17.0,9.4,70.0,3.4,0.2,0.51,26.64,114.7,1.0,3.0,,former,1.0,male,5.9
14506.0,0.838647167512,0.0498559045084,6.562333663,60.0,0.9609654713354064,-0.1223183038234063,6.679345061983346,-0.1170113989833456,-0.5603070923924677,-0.4583174441415213,-0.1019896482509463,0.1019896482509463,0.0594480091744739,5.5,27.0,6.8,62.0,3.5,0.7,0.06,34.59,116.5,2.0,,,never,1.0,male,5.0
20295.0,0.838730742167,0.0333206988542,6.585562543,75.0,0.8756635075723407,-0.0369327654053406,6.40764311541543,0.1779194275845697,-0.1691790169699824,0.6968857566200763,-0.8660647735900587,0.8660647735900587,0.0397275277738245,6.9,14.0,11.6,67.2,6.1,1.0,0.54,25.06,100.8,1.0,3.0,,former,1.0,male,6.2
15300.0,0.839741958242,0.0366136510325,6.171695286,85.0,0.8187955317302971,0.0209464265117029,6.226508484370153,-0.0548131983701525,0.0959499189240633,-0.2146957065764689,0.3106456255005322,0.3106456255005322,0.0436010737264465,6.1,36.1,11.1,49.3,2.6,1.0,0.04,20.12,74.4,1.0,3.0,,former,2.0,female,5.3
13411.0,0.839796238117,0.0582400277391,6.514808485,79.0,0.8529163172355232,-0.0131200791185231,6.33518926299732,0.17961922200268,-0.0600995366439356,0.7035436159401347,-0.7636431525840703,0.7636431525840703,0.0693501888859211,8.4,33.6,9.0,52.7,4.0,0.7,0.06,25.86,98.6,2.0,,,never,1.0,male,5.8
11889.0,0.840199038519,0.0253315179011,6.793331856,52.0,1.0064598520090415,-0.1662608134900415,6.824252766819568,-0.0309209108195682,-0.7615958533884226,-0.1211129252404673,-0.6404829281479553,0.6404829281479553,0.0301494250049979,8.2,22.9,7.0,66.6,3.1,0.5,0.12,26.3,92.8,1.0,3.0,,former,1.0,male,5.3
18224.0,0.840421162467,0.0525378654804,6.649190452,72.0,0.8927239003249539,-0.0523027378579538,6.461983504729013,0.1872069472709867,-0.2395847069271388,0.7332636849422441,-0.972848391869383,0.972848391869383,0.0625137345734829,7.8,22.7,6.3,68.9,1.3,0.8,0.14,25.65,93.5,1.0,3.0,,former,1.0,male,6.2
16083.0,0.840442828355,0.0545064386209,6.597069784,58.0,0.9723390665038152,-0.1318962381488152,6.715571988192401,-0.1185022041924011,-0.604181021029867,-0.4641567216739983,-0.1400242993558687,0.1400242993558687,0.0648544276683109,8.8,32.7,7.1,55.6,3.7,1.0,1.58,22.99,95.6,1.0,1.0,20.0,current,1.0,male,5.6
20496.0,0.840823567393,0.0461541227588,6.245251614,77.0,0.864289912403932,-0.023466345010932,6.371416189206375,-0.1261645752063751,-0.1074929845424965,-0.4941691677237075,0.386676183181211,0.386676183181211,0.0548915664934349,5.2,20.7,12.0,59.5,7.7,0.1,0.04,27.7,106.2,1.0,3.0,,former,1.0,male,5.3
13684.0,0.841450540231,0.0322643266373,6.916703774,60.0,0.9609654713354064,-0.1195149311044063,6.679345061983346,0.237358712016654,-0.5474655995988545,0.9297012016041262,-1.4771668012029808,1.4771668012029808,0.0383436994745319,6.6,20.8,8.1,66.7,4.0,0.5,1.14,23.04,94.7,2.0,,,never,2.0,female,5.0
19258.0,0.841957568455,0.0762320077085,6.559470782,58.0,0.9723390665038152,-0.1303814980488151,6.715571988192401,-0.1561012061924014,-0.5972424060014356,-0.611426805175562,0.0141843991741263,0.0141843991741263,0.0905413889780531,6.5,43.8,9.8,44.7,1.3,0.3,0.04,25.08,94.1,1.0,3.0,,former,1.0,male,5.4
11961.0,0.842376642151,0.0656044962695,6.582596454,69.0,0.909784293077567,-0.0674076509265669,6.516323894042596,0.0662725599574036,-0.3087762314804421,0.2595804388315716,-0.5683566703120138,0.5683566703120138,0.0778802414344961,6.8,31.8,8.6,54.7,4.3,0.6,0.15,42.44,140.7,1.0,3.0,,former,1.0,male,6.9
11430.0,0.842497691631,0.0688120930908,5.854891798,77.0,0.864289912403932,-0.021792220772932,6.371416189206375,-0.5165243912063753,-0.099824273852625,-2.0231545035040175,1.9233302296513928,1.9233302296513928,0.0816762986704283,4.6,18.3,11.1,66.7,3.1,0.9,0.25,23.94,95.4,1.0,3.0,,former,1.0,male,5.9
15261.0,0.842881436129,0.0806983005449,6.635064065,64.0,0.9382182809985888,-0.0953368448695888,6.6068912095652355,0.0281728554347644,-0.4367123208630466,0.1103491728944083,-0.5470614937574549,0.5470614937574549,0.0957409869121253,8.6,35.3,6.7,51.2,6.1,0.8,0.67,35.56,117.1,2.0,,,never,2.0,female,6.0
13626.0,0.843365575244,0.045301398025,6.374998361,74.0,0.8813503051565452,-0.0379847299125452,6.425756578519958,-0.0507582175199576,-0.1739977820763301,-0.1988129081871544,0.0248151261108243,0.0248151261108243,0.0537150191503767,4.9,32.0,11.2,54.3,2.1,0.4,0.09,26.26,99.7,1.0,3.0,,former,1.0,male,5.7
14819.0,0.843426727259,0.0829497879575,6.647697204,62.0,0.9495918761669976,-0.1061651489079976,6.643118135774291,0.0045790682257091,-0.4863138552340741,0.0179355760549055,-0.5042494312889796,0.5042494312889796,0.0983485408709697,7.4,30.7,5.9,62.1,0.9,0.4,0.06,24.56,89.0,1.0,2.0,,current,2.0,female,5.0
20018.0,0.843862939919,0.085784472753,6.491997964,76.0,0.8699767099881364,-0.0261137700691364,6.389529652310903,0.1024683116890976,-0.1196201232480088,0.4013541853775143,-0.5209743086255232,0.5209743086255232,0.1016568789728272,9.4,5.3,5.1,87.3,2.3,0.1,0.45,30.94,98.2,2.0,,,never,2.0,female,5.4
14524.0,0.84406045654,0.0908269971561,6.843175632,52.0,1.0064598520090415,-0.1623993954690415,6.824252766819568,0.018922865180432,-0.7439077410108839,0.0741182421600189,-0.8180259831709028,0.8180259831709028,0.1076072175308638,5.1,22.9,7.3,68.3,1.6,0.1,0.04,21.6,89.7,1.0,3.0,,former,1.0,male,4.8
12735.0,0.844200279801,0.0285694864479,6.389218442,56.0,0.9837126616722238,-0.1395123818712238,6.751798914401458,-0.3625804724014578,-0.6390685171032823,-1.4201774942483485,0.781108977145066,0.781108977145066,0.0338420717588894,4.3,28.9,8.0,58.7,4.0,0.5,0.08,21.24,80.3,2.0,,,never,1.0,male,5.0
13582.0,0.84434803431,0.12805007438,6.655346946,64.0,0.9382182809985888,-0.0938702466885887,6.6068912095652355,0.0484557364347644,-0.4299942309548463,0.1897944086621622,-0.6197886396170085,0.6197886396170085,0.1516555604758911,4.4,38.8,11.4,46.8,2.5,0.4,0.24,25.18,85.2,1.0,3.0,,former,2.0,female,5.2
13383.0,0.844452495252,0.0651016860505,6.739044029,51.0,1.012146649593246,-0.1676941543412459,6.842366229924096,-0.1033222009240955,-0.7681616004568674,-0.4046987512502792,-0.3634628492065882,0.3634628492065882,0.0770933669052306,7.5,31.6,8.5,57.6,2.0,0.4,0.17,25.2,93.2,1.0,2.0,,current,1.0,male,5.2
19142.0,0.844508908524,0.0470051111727,6.389103449,72.0,0.8927239003249539,-0.0482149918009539,6.461983504729013,-0.072880055729013,-0.2208598469835029,-0.2854610846535306,0.0646012376700277,0.0646012376700277,0.0556596984333222,8.1,23.7,7.1,67.7,1.2,0.4,0.07,21.23,84.7,1.0,3.0,,former,2.0,female,5.0
12426.0,0.844990609297,0.0555179657562,6.653342324,65.0,0.9325314834143844,-0.0875408741173845,6.588777746460708,0.0645645775392917,-0.4010010857657166,0.2528905082495168,-0.6538915940152334,0.6538915940152334,0.0657024647911635,8.4,29.1,9.6,55.9,4.5,0.9,0.56,37.81,129.3,2.0,,,never,1.0,male,11.2
16509.0,0.845012253685,0.0536579802572,6.334660363,68.0,0.9154710906617712,-0.0704588369767713,6.534437357147125,-0.1997769941471245,-0.3227528901709244,-0.7824988176478243,0.4597459274768998,0.4597459274768998,0.0634996475177771,6.2,19.2,8.9,69.1,2.5,0.3,0.22,26.11,91.8,2.0,,,never,1.0,male,5.6
19412.0,0.845769978938,0.0550516594388,6.660547994,63.0,0.9439050785827932,-0.0981350996447932,6.625004672669763,0.0355433213302367,-0.4495303697392944,0.139218267022801,-0.5887486367620954,0.5887486367620954,0.0650905811387703,8.7,28.1,7.1,61.2,3.2,0.4,0.69,25.86,95.4,2.0,,,never,1.0,male,10.5
16447.0,0.845824895256,0.0997336682781,6.714694189,66.0,0.9268446858301802,-0.0810197905741801,6.57066428335618,0.1440299056438201,-0.3711297644251567,0.5641451927603701,-0.9352749571855268,0.9352749571855268,0.1179129023483215,5.9,22.0,10.4,65.1,2.4,0.1,0.06,27.29,100.4,2.0,,,never,1.0,male,5.5
12146.0,0.845968554674,0.0392459759698,7.087378458,60.0,0.9609654713354064,-0.1149969166614063,6.679345061983346,0.4080333960166538,-0.5267697964621525,1.5982103009755066,-2.124980097437659,2.124980097437659,0.0463917668723794,6.6,34.4,7.5,54.4,2.8,0.9,0.31,28.7,95.5,1.0,3.0,,former,1.0,male,6.5
14580.0,0.846058203359,0.0505914024126,6.789513758,54.0,0.9950862568406328,-0.1490280534816327,6.788025840610513,0.001487917389487,-0.682657237070224,0.0058279663431807,-0.6884852034134047,0.6884852034134047,0.0597965981675294,9.7,18.1,7.6,72.5,0.9,0.9,0.14,28.51,106.8,1.0,3.0,,former,1.0,male,5.6
19298.0,0.846514551804,0.0922666376603,6.652427121,54.0,0.9950862568406328,-0.1485717050366326,6.788025840610513,-0.1355987196105132,-0.6805668281752071,-0.5311214047581698,-0.1494454234170372,0.1494454234170372,0.1089959262527399,8.1,29.1,6.9,62.2,1.6,0.1,2.22,44.15,,2.0,,,never,1.0,male,6.4
18334.0,0.846782184079,0.0930025442875,6.818861928,57.0,0.9780258640880196,-0.1312436800090195,6.73368545129693,0.0851764767030696,-0.6011918285501067,0.3336244625969047,-0.9348162911470114,0.9348162911470114,0.1098305397020769,6.9,25.5,8.6,63.2,2.0,0.8,0.05,19.84,78.2,2.0,,,never,1.0,male,5.6
15545.0,0.847200185025,0.0747888166489,7.069499123,54.0,0.9950862568406328,-0.1478860718156326,6.788025840610513,0.281473282389487,-0.6774261276872342,1.1024918640382688,-1.779917991725503,1.779917991725503,0.0882776207688069,8.6,34.0,7.5,56.4,1.4,0.8,1.16,39.82,109.6,2.0,,,never,2.0,female,5.7
14230.0,0.847204328131,0.0400603583713,6.165600353,76.0,0.8699767099881364,-0.0227723818571363,6.389529652310903,-0.2239292993109023,-0.1043141268836124,-0.8771000519631597,0.7727859250795472,0.7727859250795472,0.0472853561308832,8.2,24.8,8.5,65.4,1.0,0.4,0.32,19.68,88.2,1.0,2.0,,current,1.0,male,5.2
17949.0,0.848176836748,0.0764361392058,6.330772614,80.0,0.8472295196513189,0.0009473170966811,6.317075799892791,0.0136968141072086,0.0043394036004734,0.0536485238962992,-0.0493091202958257,0.0493091202958257,0.0901181639183454,7.3,26.2,10.1,60.9,2.1,0.8,0.32,33.51,128.0,1.0,3.0,,former,1.0,male,5.6
19394.0,0.84894858086,0.119090784592,6.146753734,85.0,0.8187955317302971,0.0301530491297029,6.226508484370153,-0.079754750370153,0.1381229689795464,-0.3123883114413169,0.4505112804208633,0.4505112804208633,0.1402803270739423,6.7,24.9,7.9,60.9,5.7,0.6,0.1,,,2.0,,,never,1.0,male,5.7
20219.0,0.848954647657,0.158268900684,6.552692637,74.0,0.8813503051565452,-0.0323956574995452,6.425756578519958,0.1269360584800418,-0.1483957518403636,0.4971909608588805,-0.6455867126992442,0.6455867126992442,0.18642798071817,7.4,20.8,10.3,64.8,3.7,0.4,1.05,32.5,108.6,1.0,3.0,,former,2.0,female,6.1
19195.0,0.849013971335,0.0513205127804,6.556684323,52.0,1.0064598520090415,-0.1574458806740415,6.824252766819568,-0.2675684438195684,-0.7212170284588475,-1.0480285371322078,0.3268115086733603,0.3268115086733603,0.0604471946435734,6.2,24.0,7.6,64.7,2.9,0.6,0.73,34.65,109.5,2.0,,,never,2.0,female,5.5
15272.0,0.849105980449,0.0508259331965,6.384947416,70.0,0.9040974954933628,-0.0549915150443627,6.4982104309380695,-0.1132630149380693,-0.251901268556239,-0.4436355429744699,0.1917342744182309,0.1917342744182309,0.0598581736164709,8.1,29.7,7.3,60.1,2.6,0.4,0.06,31.24,95.4,1.0,1.0,1.0,current,2.0,female,5.4
20885.0,0.849272278666,0.0335864179802,6.200910094,80.0,0.8472295196513189,0.002042759014681,6.317075799892791,-0.1161657058927909,0.0093573269755842,-0.4550049814314024,0.4643623084069866,0.4643623084069866,0.0395472910442291,4.9,19.8,8.6,69.0,1.9,0.8,0.09,,104.3,1.0,3.0,,former,1.0,male,6.1
19824.0,0.849892596629,0.0509488843654,6.481511224,66.0,0.9268446858301802,-0.0769520892011802,6.57066428335618,-0.08915305935618,-0.3524967237617012,-0.34920018610612,-0.0032965376555811,0.0032965376555811,0.0599474387322384,7.3,19.5,5.7,74.2,0.3,0.3,0.35,30.23,113.1,2.0,,,never,1.0,male,5.0
18497.0,0.849911292477,0.00373861947708,6.867968983,57.0,0.9780258640880196,-0.1281145716110194,6.73368545129693,0.1342835317030699,-0.5868582286434607,0.5259699958737153,-1.112828224517176,1.112828224517176,0.0043988349256827,5.6,30.6,6.6,60.0,2.4,0.4,0.18,27.58,100.4,2.0,,,never,1.0,male,5.8
18079.0,0.850590208851,0.0672664913742,6.378612773,69.0,0.909784293077567,-0.059194084226567,6.516323894042596,-0.1377111210425958,-0.2711521022046409,-0.5393953886073055,0.2682432864026646,0.2682432864026646,0.0790821369376745,7.6,26.9,7.5,60.3,4.5,0.8,0.14,24.88,103.3,1.0,3.0,,former,1.0,male,5.5
11592.0,0.851163771179,0.0619513808467,7.135833677,55.0,0.9893994592564282,-0.1382356880774282,6.769912377505985,0.3659212994940146,-0.6332203278698061,1.4332630512768334,-2.0664833791466393,2.0664833791466393,0.0727843253489129,4.8,41.8,9.5,47.1,1.0,0.6,0.07,27.52,88.7,2.0,,,never,2.0,female,5.3
14604.0,0.851310763753,0.037536762102,7.003235899,50.0,1.0178334471774502,-0.1665226834244502,6.860479693028624,0.1427562059713762,-0.7627954087856702,0.5591562875464308,-1.321951696332101,1.321951696332101,0.0440929020285369,7.1,26.2,11.9,60.0,0.9,1.0,2.38,27.45,85.5,2.0,,,never,2.0,female,5.1
10962.0,0.851755701779,0.102458597575,6.554404389,66.0,0.9268446858301802,-0.0750889840511802,6.57066428335618,-0.01625989435618,-0.3439623425874409,-0.0636877542537223,-0.2802745883337186,0.2802745883337186,0.1202910615813926,8.2,27.8,9.8,57.2,4.2,1.0,0.58,33.26,115.4,1.0,3.0,,former,1.0,male,7.8
13545.0,0.851770273549,0.00544243631316,6.528096108,81.0,0.8415427220671146,0.0102275514818854,6.298962336788264,0.2291337712117354,0.0468496492673972,0.8974852475972678,-0.8506355983298706,0.8506355983298706,0.0063895588777516,5.3,21.8,8.8,66.9,2.0,0.5,0.12,25.15,87.5,1.0,3.0,,former,2.0,female,5.2
15618.0,0.851777568357,0.0612833001968,6.41833856,69.0,0.909784293077567,-0.058006724720567,6.516323894042596,-0.0979853340425966,-0.265713129200307,-0.3837949828131528,0.1180818536128458,0.1180818536128458,0.0719475394439064,5.9,28.6,7.3,58.0,5.5,0.6,0.16,41.41,136.0,1.0,3.0,,former,1.0,male,6.3
19838.0,0.852916601632,0.0613446908231,5.780033298,82.0,0.8358559244829101,0.0170606771490898,6.280848873683736,-0.5008155756837356,0.0781503512463189,-1.96162524871875,2.039775599965069,2.039775599965069,0.0719234339039959,6.0,33.0,8.9,52.6,5.0,0.4,0.31,31.73,109.7,1.0,3.0,,former,1.0,male,5.2
12284.0,0.854148146223,0.0875681183965,6.683642599,54.0,0.9950862568406328,-0.1409381106176327,6.788025840610513,-0.1043832416105132,-0.6455993951768864,-0.4088547006684925,-0.2367446945083938,0.2367446945083938,0.1025209956653559,5.0,38.4,7.9,44.7,7.6,1.4,0.1,31.65,110.8,1.0,3.0,,former,1.0,male,5.4
15351.0,0.854690736003,0.0517603457155,6.173996979,80.0,0.8472295196513189,0.0074612163516811,6.317075799892791,-0.1430788208927911,0.034177815658376,-0.5604199255125558,0.5945977411709319,0.5945977411709319,0.0605603214533008,6.1,30.1,7.3,56.8,4.4,1.4,0.36,25.65,99.2,1.0,3.0,,former,1.0,male,12.9
18607.0,0.855364131613,0.0544382700334,6.122472544,81.0,0.8415427220671146,0.0138214095458854,6.298962336788264,-0.1764897927882645,0.0633121417919681,-0.6912860751224502,0.7545982169144184,0.7545982169144184,0.0636433865080865,4.1,23.6,8.1,63.5,4.5,0.3,0.17,23.8,96.1,1.0,3.0,,former,1.0,male,6.2
12129.0,0.856109306297,0.0219526716282,6.296778992,68.0,0.9154710906617712,-0.0593617843647713,6.534437357147125,-0.2376583651471246,-0.2719202912155574,-0.930874901415252,0.6589546101996945,0.6589546101996945,0.0256423700416874,6.7,24.8,8.0,60.3,5.9,0.9,0.04,24.97,94.6,1.0,3.0,,former,1.0,male,5.8
20362.0,0.856526309294,0.0560963692413,6.677643882,55.0,0.9893994592564282,-0.1328731499624282,6.769912377505985,-0.0922684955059853,-0.6086559900304152,-0.3614029180277178,-0.2472530720026973,0.2472530720026973,0.0654928735201817,4.8,29.2,9.9,56.7,2.8,1.5,0.17,18.61,72.5,1.0,1.0,20.0,current,1.0,male,5.5
18752.0,0.856608302612,0.0589136341335,6.740687202,61.0,0.955278673751202,-0.0986703711392019,6.661231598878818,0.0794556031211817,-0.4519823037941166,0.3112165930979613,-0.763198896892078,0.763198896892078,0.0687754647647687,5.7,39.0,9.0,47.6,3.2,1.3,0.43,28.68,101.2,2.0,,,never,2.0,female,5.5
13834.0,0.856749660546,0.0882139124978,6.814746317,55.0,0.9893994592564282,-0.1326497987104282,6.769912377505985,0.0448339394940147,-0.607632878307324,0.175608331651663,-0.783241209958987,0.783241209958987,0.1029634636115081,4.1,45.1,7.6,44.8,2.3,0.3,0.25,25.64,97.7,2.0,,,never,1.0,male,5.4
13751.0,0.857142615816,0.113329783228,6.206047724,71.0,0.8984106979091583,-0.0412680820931582,6.480096967833541,-0.2740492438335407,-0.1890379310656077,-1.0734129332184288,0.884375002152821,0.884375002152821,0.1322181176584132,8.3,31.3,5.3,60.9,2.0,0.4,0.32,36.49,129.4,1.0,3.0,,former,2.0,female,6.0
13273.0,0.857187418162,0.0718818654994,6.70042193,66.0,0.9268446858301802,-0.0696572676681802,6.57066428335618,0.1297576466438199,-0.3190811177982783,0.5082427309161448,-0.8273238487144232,0.8273238487144232,0.0838578168278889,6.1,27.1,7.6,59.6,5.6,0.2,2.18,24.21,90.5,1.0,3.0,,former,1.0,male,5.8
13833.0,0.857527613149,0.0673199105355,6.378733977,81.0,0.8415427220671146,0.0159848910818853,6.298962336788264,0.0797716402117361,0.0732224660115636,0.3124544666116129,-0.2392320006000493,0.2392320006000493,0.0785046562970594,4.5,23.6,9.8,59.3,7.0,0.4,0.54,26.11,99.8,1.0,3.0,,former,1.0,male,6.0
14435.0,0.85809975854,0.0512374408609,6.135041071,79.0,0.8529163172355232,0.0051834413044767,6.33518926299732,-0.2001481919973198,0.0237439437526164,-0.7839527482174137,0.8076966919700301,0.8076966919700301,0.0597103545956907,6.5,20.6,9.4,67.9,1.8,0.4,0.05,22.39,83.4,2.0,,,never,1.0,male,5.6
12716.0,0.858220891065,0.0627570552235,6.26442123,61.0,0.955278673751202,-0.097057782686202,6.661231598878818,-0.3968103688788185,-0.444595471904831,-1.5542512580272576,1.1096557861224263,1.1096557861224263,0.0731245951675941,5.1,10.6,2.8,81.6,4.8,0.3,4.95,26.08,94.7,1.0,1.0,25.0,current,1.0,male,5.4
15160.0,0.858416487572,0.0720155778668,6.707095587,71.0,0.8984106979091583,-0.0399942103371583,6.480096967833541,0.2269986191664594,-0.183202668824597,0.8891221527471354,-1.0723248215717325,1.0723248215717325,0.0838935166197628,5.4,19.6,11.0,66.3,2.3,0.9,0.16,23.96,96.7,2.0,,,never,1.0,male,5.3
11549.0,0.859234517446,0.021570089831,6.06508074,82.0,0.8358559244829101,0.0233785929630898,6.280848873683736,-0.2157681336837358,0.1070910161269688,-0.8451338964949137,0.9522249126218824,0.9522249126218824,0.0251038446350074,6.2,23.0,11.4,60.4,3.8,1.4,0.04,20.84,92.3,1.0,3.0,,former,1.0,male,5.5
14852.0,0.860747371926,0.0416075912712,6.516758405,67.0,0.9211578882459758,-0.0604105163199757,6.5525508202516525,-0.0357924152516524,-0.2767242488748132,-0.140193933414335,-0.1365303154604781,0.1365303154604781,0.0483389117739613,5.4,39.5,12.7,45.9,1.6,0.3,0.73,19.72,77.3,1.0,3.0,,former,2.0,female,5.8
19920.0,0.86080368577,0.0942102719915,6.21235155,83.0,0.8301691268987057,0.0306345588712942,6.262735410579208,-0.0503838605792079,0.140328634974222,-0.1973466038973862,0.3376752388716083,0.3376752388716083,0.1094445499582494,7.1,15.1,10.1,72.6,1.7,0.5,0.27,18.69,87.0,2.0,,,never,2.0,female,5.6
13288.0,0.861068262385,0.0631087132773,6.581607718,77.0,0.864289912403932,-0.003221650018932,6.371416189206375,0.2101915287936249,-0.0147575080620806,0.8232911074809431,-0.8380486155430238,0.8380486155430238,0.0732911849549541,8.3,51.8,5.7,38.3,3.7,0.4,0.17,31.56,110.7,1.0,3.0,,former,1.0,male,5.1
16026.0,0.861342592496,0.0648853688917,6.504351278,68.0,0.9154710906617712,-0.0541284981657713,6.534437357147125,-0.0300860791471251,-0.24794802147208,-0.1178430052008224,-0.1301050162712576,0.1301050162712576,0.0753305008448207,8.6,23.3,7.9,67.6,1.0,0.3,0.06,28.11,98.0,2.0,,,never,1.0,male,5.5
15640.0,0.862083519165,0.0745669690464,6.5128922,70.0,0.9040974954933628,-0.0420139763283626,6.4982104309380695,0.01468176906193,-0.1924546709736682,0.0575064560410698,-0.2499611270147381,0.2499611270147381,0.0864962238445578,7.0,33.8,7.6,54.7,3.6,0.4,1.58,28.47,111.0,1.0,2.0,,current,2.0,female,5.8
15778.0,0.862315790205,0.1690936593,7.180529511,63.0,0.9439050785827932,-0.0815892883777932,6.625004672669763,0.5555248383302365,-0.373738479952532,2.1759138534604157,-2.5496523334129475,2.5496523334129475,0.1960925002426327,3.7,32.2,12.0,50.2,5.2,0.4,0.07,24.58,82.5,2.0,,,never,2.0,female,5.8
18557.0,0.862702253731,0.0922052842261,6.259370412,74.0,0.8813503051565452,-0.0186480514255452,6.425756578519958,-0.1663861665199579,-0.0854216838071708,-0.6517115703469756,0.5662898865398047,0.5662898865398047,0.1068796144061663,7.9,28.3,10.2,58.6,2.3,0.6,1.22,31.65,96.8,1.0,3.0,,former,2.0,female,5.0
14563.0,0.863404705341,0.0464957429558,6.447078753,67.0,0.9211578882459758,-0.0577531829049757,6.5525508202516525,-0.105472067251652,-0.2645517226646267,-0.4131194799062272,0.1485677572416006,0.1485677572416006,0.0538516209932358,4.9,41.9,11.5,44.6,1.2,0.9,0.14,23.7,85.9,2.0,,,never,2.0,female,5.4
13049.0,0.864599094082,0.0825895843607,6.235785893,77.0,0.864289912403932,0.0003091816780679,6.371416189206375,-0.1356302962063749,0.0014162777086033,-0.5312450859109099,0.5326613636195133,0.5326613636195133,0.0955235610654793,3.4,34.6,8.0,54.3,2.5,0.7,0.03,27.91,106.3,2.0,,,never,1.0,male,5.4
16785.0,0.864618862884,0.0405702304082,6.157645385,79.0,0.8529163172355232,0.0117025456484768,6.33518926299732,-0.1775438779973193,0.0536061989165145,-0.6954147808991424,0.749020979815657,0.749020979815657,0.0469226755854886,10.9,12.9,6.5,79.4,0.9,0.4,0.48,,104.2,1.0,3.0,,former,1.0,male,5.7
19380.0,0.864856703839,0.0476620889348,6.423954586,85.0,0.8187955317302971,0.0460611721087029,6.226508484370153,0.197446101629847,0.2109937810589374,0.7733690344782433,-0.5623752534193058,0.5623752534193058,0.055109810357292,4.7,45.2,8.4,43.8,1.8,0.6,0.05,24.18,83.0,2.0,,,never,2.0,female,5.6
17349.0,0.864987387301,0.0389177664112,6.416473844,65.0,0.9325314834143844,-0.0675440961133845,6.588777746460708,-0.1723039024607073,-0.3094012500059365,-0.67489052244082,0.3654892724348835,0.3654892724348835,0.0449922935091969,6.9,20.5,8.2,70.2,1.0,0.2,0.15,29.51,109.1,1.0,3.0,,former,1.0,male,6.6
17955.0,0.865292355108,0.0779345379045,7.064308823,59.0,0.9666522689196108,-0.1013599138116108,6.697458525087875,0.3668502979121255,-0.4643023719077042,1.4369018094174886,-1.9012041813251928,1.9012041813251928,0.0900672904879331,3.8,35.8,10.9,46.9,4.0,2.4,1.19,34.14,108.0,2.0,,,never,2.0,female,6.3
12240.0,0.865370535499,0.0284250770919,6.468419799,83.0,0.8301691268987057,0.0352014086002943,6.262735410579208,0.2056843884207921,0.1612481393579942,0.8056372628639945,-0.6443891235060003,0.6443891235060003,0.0328472901790089,8.6,26.2,11.1,58.9,3.2,0.7,0.22,,,2.0,,,never,2.0,female,5.4
12443.0,0.865490773987,0.0775108349963,6.571014666,69.0,0.909784293077567,-0.044293519090567,6.516323894042596,0.0546907719574036,-0.2028966403041045,0.2142161792733686,-0.4171128195774732,0.4171128195774732,0.0895570898338244,6.3,18.8,6.4,73.3,0.9,0.7,0.61,19.76,86.3,1.0,3.0,,former,2.0,female,8.1
17503.0,0.865744563269,0.0862976537132,6.737042742,54.0,0.9950862568406328,-0.1293416935716327,6.788025840610513,-0.050983098610513,-0.5924793427062817,-0.1996937362736024,-0.3927856064326792,0.3927856064326792,0.099680272189461,5.9,36.7,6.9,54.7,1.3,0.3,0.07,24.77,92.3,1.0,3.0,,former,1.0,male,5.6
18842.0,0.866488922163,0.101993381461,6.300368243,84.0,0.8244823293145014,0.0420065928484986,6.2446219474746805,0.0557462955253198,0.1924208492478507,0.218350518902513,-0.0259296696546623,0.0259296696546623,0.1177088117946111,8.0,18.1,6.1,74.6,0.9,0.4,0.05,19.74,80.8,2.0,,,never,2.0,female,5.0
19068.0,0.867147617329,0.0147657065762,6.137185139,85.0,0.8187955317302971,0.0483520855987029,6.226508484370153,-0.0893233453701531,0.2214878366203827,-0.3498671728388258,0.5713550094592086,0.5713550094592086,0.0170279042242905,6.9,21.9,9.7,65.6,2.5,0.4,0.09,27.95,109.8,2.0,,,never,1.0,male,5.9
17987.0,0.867299655147,0.019766870615,6.436995388,61.0,0.955278673751202,-0.0879790186042019,6.661231598878818,-0.2242362108788187,-0.4030081072480526,-0.8783021820684919,0.4752940748204392,0.4752940748204392,0.0227912815342347,6.3,32.4,6.4,55.5,5.1,0.6,0.21,32.71,121.2,1.0,3.0,,former,1.0,male,9.3
15642.0,0.867450377863,0.048653009049,6.689238194,66.0,0.9268446858301802,-0.0593943079671801,6.57066428335618,0.1185739106438195,-0.2720692730484489,0.4644375859131074,-0.7365068589615564,0.7365068589615564,0.0560873685580248,12.2,27.9,4.7,64.7,1.7,1.0,0.97,37.5,119.2,2.0,,,never,2.0,female,8.2
17373.0,0.868854949179,0.0408691023839,6.074075216,64.0,0.9382182809985888,-0.0693633318195888,6.6068912095652355,-0.5328159935652357,-0.3177346771142093,-2.08696645361279,1.7692317764985803,1.7692317764985803,0.0470378886861588,7.9,32.3,7.9,57.2,2.3,0.3,0.15,27.78,82.0,1.0,3.0,,former,2.0,female,5.3
11639.0,0.869495263504,0.0360980302904,6.874644419,52.0,1.0064598520090415,-0.1369645885050415,6.824252766819568,0.0503916521804317,-0.6273977642527245,0.1973771225202698,-0.8247748867729944,0.8247748867729944,0.0415160746763906,6.9,28.3,8.8,60.7,1.9,0.4,0.07,26.49,85.7,2.0,,,never,1.0,male,5.6
18885.0,0.869609153178,0.0359955554712,6.646030001,71.0,0.8984106979091583,-0.0288015447311582,6.480096967833541,0.1659330331664588,-0.1319320925838315,0.6499367097587301,-0.7818688023425616,0.7818688023425616,0.0413927973729964,7.8,15.0,8.5,72.2,4.3,0.1,0.44,28.99,105.0,2.0,,,never,1.0,male,5.3
14917.0,0.870165961908,0.0638582917009,6.653473648,61.0,0.955278673751202,-0.085112711843202,6.661231598878818,-0.0077579508788181,-0.389878330616426,-0.030386819142821,-0.359491511473605,0.359491511473605,0.0733863360512043,7.8,27.0,9.6,62.2,0.6,0.6,0.09,24.49,91.0,2.0,,,never,1.0,male,5.7
16226.0,0.870421682479,0.0797307461004,6.920814029,50.0,1.0178334471774502,-0.1474117646984502,6.860479693028624,0.0603343359713761,-0.6752534549684134,0.2363212379018966,-0.91157469287031,0.91157469287031,0.0916001378473514,8.2,27.5,6.6,61.4,4.0,0.6,0.13,27.38,100.1,1.0,3.0,,former,1.0,male,5.2
14646.0,0.870664324788,0.0537636490038,5.999965596,85.0,0.8187955317302971,0.0518687930577029,6.226508484370153,-0.2265428883701528,0.2375969230739683,-0.8873371183351497,1.124934041409118,1.124934041409118,0.0617501458060671,6.1,49.3,8.0,37.4,4.6,0.6,0.11,22.16,98.2,2.0,,,never,2.0,female,6.8
18606.0,0.870746832002,0.0653537492459,6.74264665,61.0,0.955278673751202,-0.084531841749202,6.661231598878818,0.0814150511211817,-0.3872175217002334,0.3188914795371538,-0.7061090012373873,0.7061090012373873,0.0750548228761742,8.8,39.5,5.9,53.3,0.8,0.6,0.29,35.77,111.5,1.0,3.0,,former,2.0,female,6.0
11835.0,0.872582688333,0.0616241210368,6.557768295,66.0,0.9268446858301802,-0.0542619974971801,6.57066428335618,-0.0128959883561803,-0.2485595458300862,-0.0505118003411328,-0.1980477454889534,0.1980477454889534,0.0706226720524653,5.0,22.7,8.4,65.6,2.1,1.2,0.11,21.79,86.9,2.0,,,never,1.0,male,5.3
12372.0,0.873093033012,0.0605566542107,6.870560961,53.0,1.000773054424837,-0.1276800214128369,6.806139303715041,0.0644216572849591,-0.5848676716259784,0.2523307094072596,-0.8371983810332381,0.8371983810332381,0.0693587646688594,6.2,21.3,9.6,64.3,4.1,0.8,0.03,40.33,123.4,1.0,3.0,,former,1.0,male,5.6
20807.0,0.873732342494,0.0535426497634,6.640868818,66.0,0.9268446858301802,-0.0531123433361802,6.57066428335618,0.0702045346438202,-0.2432932908210502,0.2749814391132972,-0.5182747299343474,0.5182747299343474,0.0612803797677521,4.9,39.9,10.8,46.6,1.8,0.9,0.63,42.03,120.4,2.0,,,never,2.0,female,6.3
11403.0,0.873992561771,0.0379314561061,6.475094629,64.0,0.9382182809985888,-0.0642257192275888,6.6068912095652355,-0.1317965805652354,-0.2942006623079016,-0.5162289527009951,0.2220282903930935,0.2220282903930935,0.0434002047216949,7.4,21.5,8.6,68.4,1.4,0.1,0.07,26.33,97.5,2.0,,,never,1.0,male,5.6
14402.0,0.87401575557,0.0330249013702,6.268792097,74.0,0.8813503051565452,-0.0073345495865452,6.425756578519958,-0.1569644815199575,-0.0335975894399145,-0.6148081350729362,0.5812105456330217,0.5812105456330217,0.0377852471877493,4.6,37.1,13.8,47.6,1.3,0.2,1.15,16.85,78.7,1.0,1.0,10.0,current,1.0,male,5.9
15723.0,0.874045812103,0.0468549373748,6.774795725,64.0,0.9382182809985888,-0.0641724688955888,6.6068912095652355,0.1679045154347642,-0.2939567369283041,0.6576587327601702,-0.9516154696884742,0.9516154696884742,0.0536069582692291,3.4,35.3,7.9,52.8,3.0,1.0,0.19,34.41,117.5,2.0,,,never,2.0,female,5.3
20682.0,0.874130292075,0.0942277092138,6.433511917,65.0,0.9325314834143844,-0.0584011913393844,6.588777746460708,-0.1552658294607081,-0.2675200741736006,-0.608154750214323,0.3406346760407223,0.3406346760407223,0.1077959545254099,9.7,26.5,6.4,63.2,3.2,0.7,0.1,32.83,114.1,1.0,1.0,10.0,current,1.0,male,6.2
17567.0,0.874178565313,0.0579252642087,6.684891595,54.0,0.9950862568406328,-0.1209076915276327,6.788025840610513,-0.1031342456105131,-0.5538454586938915,-0.4039625563181413,-0.1498829023757501,0.1498829023757501,0.0662625080357121,5.5,24.8,8.1,64.7,1.3,1.2,0.02,26.3,94.1,2.0,,,never,1.0,male,5.0
15989.0,0.875439368506,0.0627543051878,6.604376301,64.0,0.9382182809985888,-0.0627789124925888,6.6068912095652355,-0.0025149085652351,-0.2875732316650434,-0.0098505485438411,-0.2777226831212023,0.2777226831212023,0.0716832112484211,6.6,27.4,8.9,58.2,4.7,0.8,0.04,20.62,84.2,1.0,3.0,,former,1.0,male,5.3
19947.0,0.875510699558,0.0450136828627,6.714127496,66.0,0.9268446858301802,-0.0513339862721802,6.57066428335618,0.1434632126438195,-0.2351471177249615,0.561925534764399,-0.7970726524893605,0.7970726524893605,0.0514142007464044,3.4,22.4,9.5,64.6,2.8,0.7,0.22,18.52,72.0,1.0,1.0,3.0,current,1.0,male,5.6
19199.0,0.875870500791,0.070280552043,7.125663382,55.0,0.9893994592564282,-0.1135289584654282,6.769912377505985,0.3557510044940146,-0.5200454766928916,1.3934274143127052,-1.913472891005597,1.913472891005597,0.0802408026980353,5.1,35.7,11.2,50.3,2.2,0.8,0.08,37.2,93.4,1.0,3.0,,former,2.0,female,5.7
14829.0,0.876127299044,0.0469675399783,6.245147626,85.0,0.8187955317302971,0.0573317673137029,6.226508484370153,0.0186391416298468,0.2626213317316733,0.0730069363071122,0.189614395424561,0.189614395424561,0.0536081229628951,7.2,25.7,11.6,56.5,5.4,0.9,0.09,21.93,88.4,2.0,,,never,1.0,male,7.1
20200.0,0.876469399199,0.0269286584757,6.279650634,70.0,0.9040974954933628,-0.0276280962943626,6.4982104309380695,-0.2185597969380692,-0.1265568424279542,-0.8560684548263803,0.729511612398426,0.729511612398426,0.0307240144382792,7.7,33.3,6.3,58.8,0.9,0.8,0.47,25.36,95.7,1.0,3.0,,former,2.0,female,5.3
12217.0,0.876568873691,0.0362369362647,6.644397317,84.0,0.8244823293145014,0.0520865443764986,6.2446219474746805,0.3997753695253196,0.2385943830164734,1.5658647549172129,-1.3272703719007393,1.3272703719007393,0.0413395197483066,6.9,23.1,8.7,61.6,5.4,1.3,0.13,24.08,87.6,2.0,,,never,2.0,female,5.5
16430.0,0.876609852795,0.0422544900962,6.710299581,66.0,0.9268446858301802,-0.0502348330351801,6.57066428335618,0.13963529764382,-0.2301121938005225,0.5469321218624603,-0.7770443156629829,0.7770443156629829,0.0482021619554867,6.7,31.4,8.4,57.9,1.8,0.5,0.33,20.63,71.5,2.0,,,never,2.0,female,5.2
13935.0,0.876772352171,0.0579889625857,6.744815117,63.0,0.9439050785827932,-0.0671327264117932,6.625004672669763,0.1198104443302368,-0.3075168765786387,0.469280917107142,-0.7767977936857807,0.7767977936857807,0.0661391322868609,7.5,29.3,9.3,57.7,3.2,0.5,0.64,31.08,108.0,1.0,3.0,,former,1.0,male,8.8
20113.0,0.877273790579,0.183372271309,7.093148893,62.0,0.9495918761669976,-0.0723180855879976,6.643118135774291,0.4500307572257096,-0.3312696055833206,1.7627081483413207,-2.093977753924641,2.093977753924641,0.2090251336335654,5.3,33.2,6.4,57.3,2.7,0.4,0.07,31.97,102.8,2.0,,,never,2.0,female,5.7
13306.0,0.877894971262,0.118537419117,6.531394955,62.0,0.9495918761669976,-0.0716969049049977,6.643118135774291,-0.1117231807742911,-0.3284241447531526,-0.4376042258166853,0.1091800810635326,0.1091800810635326,0.1350246020279612,8.2,26.2,7.2,37.5,28.2,1.0,1.06,27.69,99.8,1.0,3.0,,former,2.0,female,5.4
16676.0,0.878147458856,0.0736102043985,6.42915149,82.0,0.8358559244829101,0.0422915343730898,6.280848873683736,0.1483026163162639,0.1937260893644574,0.5808808087086025,-0.387154719344145,0.387154719344145,0.0838244233996818,10.1,19.5,7.7,71.1,1.0,0.6,0.11,28.96,102.5,1.0,3.0,,former,1.0,male,5.5
15649.0,0.878148813266,0.145316803113,6.366055786,74.0,0.8813503051565452,-0.0032014918905451,6.425756578519958,-0.0597007925199575,-0.0146651691238231,-0.2338397359462784,0.2191745668224552,0.2191745668224552,0.1654808398277503,8.6,16.8,9.5,68.6,5.0,0.2,0.71,32.85,118.7,1.0,3.0,,former,1.0,male,6.0
15183.0,0.879115368866,0.060226786379,6.770017792,60.0,0.9609654713354064,-0.0818501024694063,6.679345061983346,0.0906727300166538,-0.3749331988192825,0.3551525256140373,-0.7300857244333199,0.7300857244333199,0.0685083989109285,7.6,21.3,5.9,69.7,2.6,0.5,0.62,33.38,104.0,2.0,,,never,2.0,female,6.8
10846.0,0.879456652959,0.061079032575,6.553916533,62.0,0.9495918761669976,-0.0701352232079977,6.643118135774291,-0.089201602774291,-0.321270502955177,-0.3493903239517644,0.0281198209965873,0.0281198209965873,0.06945087329716,7.9,27.1,10.5,58.1,3.5,0.9,0.12,36.4,105.6,2.0,,,never,2.0,female,5.4
19916.0,0.879584580002,0.052545058441,6.138206791,63.0,0.9439050785827932,-0.0643204985807932,6.625004672669763,-0.4867978816697631,-0.2946348209101129,-1.9067198826684204,1.6120850617583076,1.6120850617583076,0.0597384943252194,5.7,30.0,7.1,61.0,1.3,0.6,0.15,35.05,123.2,2.0,,,never,1.0,male,5.8
10886.0,0.879626408285,0.0473319404309,6.579789658,68.0,0.9154710906617712,-0.0358446823767713,6.534437357147125,0.0453523008528753,-0.1641948026785591,0.177638681303055,-0.3418334839816142,0.3418334839816142,0.0538091398633457,7.1,32.3,8.1,56.3,2.3,1.1,0.22,32.17,112.7,1.0,3.0,,former,2.0,female,5.3
20924.0,0.879815974346,0.0635560508197,6.805385423,72.0,0.8927239003249539,-0.0129079259789538,6.461983504729013,0.3434019182709864,-0.059127720447517,1.3450577538830653,-1.4041854743305824,1.4041854743305824,0.0722378914146717,8.2,19.0,12.3,64.9,2.7,1.1,0.28,31.93,109.7,1.0,3.0,,former,1.0,male,4.6
18489.0,0.880011383051,0.107492854041,6.113440307,71.0,0.8984106979091583,-0.0183993148581582,6.480096967833541,-0.3666566608335406,-0.0842822888148604,-1.4361433597987407,1.3518610709838803,1.3518610709838803,0.1221493904639303,6.6,28.1,8.3,60.4,2.8,0.4,0.04,21.13,81.3,1.0,3.0,,former,1.0,male,5.4
10537.0,0.880019450834,0.0645849609088,6.728482683,75.0,0.8756635075723407,0.0043559432616593,6.40764311541543,0.3208395675845699,0.0199533988559107,1.256684151052328,-1.236730752196417,1.236730752196417,0.0733903788690038,3.6,34.3,10.8,52.8,1.3,0.8,0.08,32.53,111.8,1.0,3.0,,former,1.0,male,7.3
11078.0,0.880445528185,0.0573889517223,6.191603951,85.0,0.8187955317302971,0.0616499964547029,6.226508484370153,-0.0349045333701525,0.2824019723933625,-0.1367162230530862,0.4191181954464488,0.4191181954464488,0.0651817175340816,7.5,18.7,8.4,70.7,1.5,0.8,0.23,,,2.0,,,never,2.0,female,5.9
19376.0,0.880860374708,0.0648604344908,6.626857878,61.0,0.955278673751202,-0.0744182990432019,6.661231598878818,-0.0343737208788184,-0.3408901158234558,-0.1346371040402345,-0.2062530117832213,0.2062530117832213,0.0736330482709031,8.9,43.2,5.8,46.7,3.6,0.7,0.17,26.23,91.4,2.0,,,never,2.0,female,6.0
11359.0,0.880997513546,0.0618483872434,6.695070938,64.0,0.9382182809985888,-0.0572207674525888,6.6068912095652355,0.0881797284347642,-0.2621128713664398,0.345387783689919,-0.6075006550563589,0.6075006550563589,0.070202680816273,7.6,17.4,8.9,70.3,2.8,0.6,0.68,32.59,112.7,1.0,3.0,,former,1.0,male,6.4
12945.0,0.881139445261,0.0444533763042,6.655156626,62.0,0.9495918761669976,-0.0684524309059977,6.643118135774291,0.0120384902257093,-0.3135620862067295,0.0471530989246193,-0.3607151851313488,0.3607151851313488,0.0504498766265452,6.1,32.4,8.9,54.3,4.0,0.5,0.67,31.36,96.9,2.0,,,never,2.0,female,5.5
20013.0,0.881223686391,0.0797815011256,6.811704156,61.0,0.955278673751202,-0.074054987360202,6.661231598878818,0.1504725571211818,-0.3392258831912912,0.5893801663121288,-0.92860604950342,0.92860604950342,0.0905349031780347,6.6,26.5,8.5,61.3,2.3,1.3,0.22,24.67,89.3,1.0,1.0,20.0,current,2.0,female,5.3
13539.0,0.881550788113,0.0801714285304,6.569232035,62.0,0.9495918761669976,-0.0680410880539976,6.643118135774291,-0.073886100774291,-0.3116778357701528,-0.2894016237621066,-0.0222762120080461,0.0222762120080461,0.0909436298072067,6.8,29.5,7.7,59.2,2.9,0.6,0.04,22.17,81.2,2.0,,,never,1.0,male,6.1
17488.0,0.881638419755,0.0347169151604,6.364141677,82.0,0.8358559244829101,0.0457824952720898,6.280848873683736,0.0832928033162643,0.2097172377848806,0.3262463748230726,-0.116529137038192,0.116529137038192,0.0393777249068246,5.5,30.0,11.0,54.0,4.3,0.8,0.15,27.55,97.6,1.0,1.0,6.0,current,1.0,male,4.9
10146.0,0.88177550958,0.0350973572559,6.262967482,70.0,0.9040974954933628,-0.0223219859133627,6.4982104309380695,-0.2352429489380698,-0.1022509847880067,-0.92141405065122,0.8191630658632133,0.8191630658632133,0.0398030529024527,6.4,28.4,9.6,59.8,2.1,0.2,0.06,34.52,122.2,1.0,3.0,,former,1.0,male,5.6
18561.0,0.88190354695,0.0350365721854,6.760403437,50.0,1.0178334471774502,-0.1359299002274502,6.860479693028624,-0.1000762560286236,-0.6226581368852067,-0.3919848346469182,-0.2306733022382884,0.2306733022382884,0.0397283493263764,6.9,23.2,10.2,63.6,2.6,0.5,0.14,28.0,100.3,2.0,,,never,1.0,male,5.7
12981.0,0.88202985726,0.109227544092,6.609414325,56.0,0.9837126616722238,-0.1016828044122237,6.751798914401458,-0.1423845894014572,-0.4657814464855491,-0.5577007169096746,0.0919192704241255,0.0919192704241255,0.12383656085216,11.3,36.4,8.1,47.7,5.7,2.2,0.5,26.59,100.7,1.0,1.0,20.0,current,1.0,male,10.0
16476.0,0.882202164758,0.0846249258821,6.649731015,65.0,0.9325314834143844,-0.0503293186563845,6.588777746460708,0.0609532685392926,-0.2305450068958248,0.2387455110503938,-0.4692905179462187,0.4692905179462187,0.0959246409300228,5.7,41.9,9.3,43.5,4.6,0.7,0.9,26.87,107.2,1.0,3.0,,former,1.0,male,6.6
12376.0,0.882438327027,0.0412949393391,6.559912775,61.0,0.955278673751202,-0.072840346724202,6.661231598878818,-0.1013188238788185,-0.3336619427033539,-0.3968518008247585,0.0631898581214046,0.0631898581214046,0.0467964027335776,10.6,41.0,6.6,51.1,0.9,0.4,0.08,25.83,94.7,2.0,,,never,2.0,female,8.8
16845.0,0.882515290707,0.0630414528631,6.812713354,60.0,0.9609654713354064,-0.0784501806284063,6.679345061983346,0.1333682920166543,-0.3593590757195815,0.5223851287795735,-0.881744204499155,0.881744204499155,0.0714338363617431,6.3,14.2,8.8,73.7,3.1,0.3,0.22,22.06,80.1,1.0,1.0,10.0,current,2.0,female,5.6
14347.0,0.882527927734,0.0440605876627,6.678106909,62.0,0.9495918761669976,-0.0670639484329976,6.643118135774291,0.0349887732257094,-0.3072018232455316,0.1370461789003725,-0.4442480021459042,0.4442480021459042,0.0499254315677363,6.1,41.3,8.9,47.2,1.8,0.7,1.27,24.52,96.3,1.0,1.0,3.0,current,2.0,female,5.7
13556.0,0.88268752489,0.051165201248,6.601731901,72.0,0.8927239003249539,-0.0100363754349538,6.461983504729013,0.1397483962709866,-0.0459739234631382,0.5473751135213014,-0.5933490369844396,0.5933490369844396,0.0579652479560942,9.3,24.5,5.2,67.5,2.3,0.5,0.03,20.83,86.2,1.0,1.0,2.0,current,1.0,male,5.5
13146.0,0.882778369865,0.0400067561656,6.50241446,65.0,0.9325314834143844,-0.0497531135493845,6.588777746460708,-0.086363286460708,-0.2279055670243317,-0.3382730320485055,0.1103674650241737,0.1103674650241737,0.0453191395839457,7.5,33.6,6.2,57.4,2.2,0.8,0.21,44.22,127.2,2.0,,,never,2.0,female,5.5
14850.0,0.882951431906,0.0459872572343,6.557337171,50.0,1.0178334471774502,-0.1348820152714501,6.860479693028624,-0.3031425220286232,-0.6178580591003981,-1.187367274589617,0.569509215489219,0.569509215489219,0.0520835637981001,10.9,34.5,4.7,56.7,3.8,0.4,0.3,30.2,99.0,2.0,,,never,2.0,female,6.0
10489.0,0.883213414233,0.0302164602407,6.569262264,82.0,0.8358559244829101,0.0473574897500899,6.280848873683736,0.288413390316264,0.2169318618347402,1.1296753056063804,-0.9127434437716402,0.9127434437716402,0.0342119580089717,7.9,18.0,4.7,68.6,8.1,0.6,0.4,,95.6,1.0,3.0,,former,1.0,male,5.2
19398.0,0.883360401205,0.0451727299123,6.838777888,69.0,0.909784293077567,-0.0264238918725669,6.516323894042596,0.3224539939574038,-0.1210407074168228,1.2630076355622193,-1.3840483429790422,1.3840483429790422,0.0511373725273166,6.8,34.7,6.5,47.0,3.3,8.5,0.41,35.99,120.4,1.0,1.0,12.0,current,1.0,male,5.0
11586.0,0.883445002683,0.127096512546,6.537490908,68.0,0.9154710906617712,-0.0320260879787713,6.534437357147125,0.0030535508528748,-0.1467028537445838,0.0119603357844217,-0.1586631895290056,0.1586631895290056,0.143864657290506,7.1,48.2,12.0,35.5,3.7,0.7,0.08,27.25,97.6,2.0,,,never,1.0,male,7.1
19320.0,0.883714833756,0.0295588548268,6.39509411,75.0,0.8756635075723407,0.0080513261836593,6.40764311541543,-0.0125490054154306,0.0368809493171393,-0.0491527162181601,0.0860336655352995,0.0860336655352995,0.033448408579007,7.8,34.4,8.0,55.3,2.0,0.4,0.36,27.27,77.3,2.0,,,never,2.0,female,5.4
14770.0,0.883936297084,0.0659611579259,6.915548794,57.0,0.9780258640880196,-0.0940895670040194,6.73368545129693,0.1818633427030702,-0.4309988780469037,0.7123335259205661,-1.1433324039674695,1.1433324039674695,0.074622071911175,7.4,37.0,11.9,47.9,2.4,0.9,0.16,27.66,104.6,1.0,3.0,,former,1.0,male,5.4
19560.0,0.883996244404,0.0410987298241,6.715691905,60.0,0.9609654713354064,-0.0769692269314062,6.679345061983346,0.0363468430166538,-0.3525752270722689,0.1423655501835071,-0.494940777255776,0.494940777255776,0.0464919733361641,12.2,28.6,7.4,62.2,1.3,0.6,0.08,26.38,99.6,1.0,1.0,18.0,current,2.0,female,6.2
11232.0,0.884099801874,0.0595222332279,6.564423853,57.0,0.9780258640880196,-0.0939260622140195,6.73368545129693,-0.1692615982969298,-0.4302499067922877,-0.6629742383799648,0.232724331587677,0.232724331587677,0.0673252421296017,6.6,39.4,8.9,44.9,5.6,1.3,0.73,30.88,114.6,1.0,3.0,,former,2.0,female,5.5
20698.0,0.884118314415,0.00729785208988,6.633267049,76.0,0.8699767099881364,0.0141416044268636,6.389529652310903,0.243737396689097,0.0647788680067044,0.9546856260402006,-0.8899067580334962,0.8899067580334962,0.0082543840240531,6.5,36.7,9.6,50.6,2.0,1.1,0.21,25.69,96.6,1.0,3.0,,former,1.0,male,5.2
19417.0,0.884514847466,0.0569005591013,6.465435294,68.0,0.9154710906617712,-0.0309562431957713,6.534437357147125,-0.069002063147125,-0.1418021839270935,-0.270271524798908,0.1284693408718144,0.1284693408718144,0.064329682270808,5.1,21.3,9.2,65.1,3.2,1.2,0.09,24.35,101.7,1.0,3.0,,former,1.0,male,5.4
15407.0,0.884633453467,0.0690747324996,6.703505581,50.0,1.0178334471774502,-0.1331999937104502,6.860479693028624,-0.1569741120286236,-0.6101531729081734,-0.614845856441589,0.0046926835334155,0.0046926835334155,0.0780828853226007,12.2,22.8,6.2,68.1,0.3,2.6,1.6,28.08,106.2,1.0,1.0,40.0,current,1.0,male,5.9
17599.0,0.884718768387,0.0505137825952,6.172498675,82.0,0.8358559244829101,0.0488628439040899,6.280848873683736,-0.1083501986837358,0.2238274823811662,-0.4243927221143969,0.6482202044955632,0.6482202044955632,0.0570958641323904,6.9,20.7,6.8,71.3,0.9,0.3,0.22,27.85,106.9,2.0,,,never,1.0,male,5.5
10915.0,0.885113040791,0.0479232784255,6.412525658,81.0,0.8415427220671146,0.0435703187238853,6.298962336788264,0.1135633212117355,0.1995838548745619,0.4448118010570345,-0.2452279461824725,0.2452279461824725,0.054143681334389,6.2,18.9,10.4,68.5,1.7,0.4,0.04,16.19,66.3,2.0,,,never,2.0,female,5.3
13044.0,0.885828433979,0.0683692385208,6.572762526,85.0,0.8187955317302971,0.0670329022487029,6.226508484370153,0.3462540416298472,0.3070596090657375,1.3562291260704489,-1.0491695170047115,1.0491695170047115,0.0771811288713055,6.5,26.4,7.6,65.3,0.4,0.2,0.37,29.99,85.5,1.0,3.0,,former,2.0,female,5.9
12983.0,0.886008709105,0.0368220021397,6.841277533,51.0,1.012146649593246,-0.1261379404882459,6.842366229924096,-0.0010886969240955,-0.577803815669155,-0.0042642750709032,-0.5735395405982517,0.5735395405982517,0.0415594133119703,5.6,23.7,9.8,65.2,1.0,0.3,0.04,27.32,93.4,2.0,,,never,2.0,female,5.0
10917.0,0.886183050546,0.0474517530255,6.292272787,73.0,0.8870371027407495,-0.0008540521947495,6.443870041624486,-0.1515972546244857,-0.0039121822902514,-0.5937854506658349,0.5898732683755835,0.5898732683755835,0.0535462204972931,7.6,31.0,8.4,58.6,1.6,0.4,1.37,33.21,111.8,2.0,,,never,2.0,female,5.6
12764.0,0.88659479899,0.0552213657973,6.458411294,85.0,0.8187955317302971,0.0677992672597029,6.226508484370153,0.2319028096298474,0.3105701200653396,0.9083311875787172,-0.5977610675133775,0.5977610675133775,0.062284784278238,6.9,16.8,8.1,73.3,1.0,0.8,0.03,,,2.0,,,never,2.0,female,5.5
17695.0,0.886859723932,0.0628995004235,6.366837748,64.0,0.9382182809985888,-0.0513585570665888,6.6068912095652355,-0.2400534615652354,-0.2352596698937094,-0.9402561623723767,0.7049964924786675,0.7049964924786675,0.0709238436769091,5.6,35.1,8.4,51.9,4.6,0.1,0.39,33.69,117.6,1.0,3.0,,former,1.0,male,6.0
17559.0,0.887178747659,0.104531115112,6.110049584,85.0,0.8187955317302971,0.0683832159287028,6.226508484370153,-0.1164589003701523,0.3132450311015993,-0.4561533835928006,0.7693984146944,0.7693984146944,0.117824187502041,6.0,24.6,7.7,64.8,2.0,0.9,0.25,,,1.0,3.0,,former,1.0,male,5.8
13366.0,0.887297472001,0.035334785208,6.613985456,70.0,0.9040974954933628,-0.0168000234923627,6.4982104309380695,0.1157750250619304,-0.0769563672884226,0.4534747387248731,-0.5304311060132958,0.5304311060132958,0.0398229301029273,8.6,26.0,10.2,62.4,1.1,0.3,1.81,28.82,102.8,1.0,3.0,,former,1.0,male,5.9
16918.0,0.887540107402,0.0537355741494,6.789096584,65.0,0.9325314834143844,-0.0449913760123845,6.588777746460708,0.2003188375392923,-0.2060933342619775,0.7846211431714996,-0.9907144774334772,0.9907144774334772,0.0605443897140539,4.7,46.5,5.8,41.5,5.5,0.7,0.26,43.27,112.2,1.0,1.0,3.0,current,2.0,female,5.7
12993.0,0.887564472478,0.0645368520189,6.5587667,68.0,0.9154710906617712,-0.0279066181837713,6.534437357147125,0.0243293428528748,-0.1278326759307433,0.0952946664244176,-0.223127342355161,0.223127342355161,0.0727122975514318,4.4,18.3,7.6,68.4,5.1,0.7,0.16,27.81,102.7,2.0,,,never,1.0,male,5.6
20118.0,0.887756272267,0.0460198599188,6.683735209,53.0,1.000773054424837,-0.1130167821578369,6.806139303715041,-0.1224040947150406,-0.5176993354472357,-0.4794398864527625,-0.0382594489944732,0.0382594489944732,0.0518383945644026,4.3,46.2,9.3,40.9,2.9,0.8,0.02,27.46,100.3,1.0,3.0,,former,1.0,male,7.3
13169.0,0.888039720685,0.0644401806054,6.605396677,68.0,0.9154710906617712,-0.0274313699767713,6.534437357147125,0.070959319852875,-0.1256556923338044,0.2779378282420098,-0.4035935205758143,0.4035935205758143,0.0725645251044551,12.1,35.2,5.5,56.7,1.9,0.7,0.3,46.33,121.0,1.0,3.0,,former,2.0,female,6.8
18569.0,0.888194866651,0.0298760219665,7.133684667,52.0,1.0064598520090415,-0.1182649853580415,6.824252766819568,0.3094319001804315,-0.5417399359418018,1.2120018977530114,-1.7537418336948132,1.7537418336948132,0.0336367874756466,5.8,34.8,6.7,52.8,4.7,1.0,0.64,29.78,96.5,2.0,,,never,2.0,female,5.3
20286.0,0.888579213099,0.0652777030455,6.659981104,57.0,0.9780258640880196,-0.0894466509890195,6.73368545129693,-0.0737043472969301,-0.4097309345644396,-0.2886897205635152,-0.1210412140009243,0.1210412140009243,0.0734630093560687,8.1,21.2,5.1,71.9,1.0,0.8,2.62,32.48,110.3,1.0,1.0,20.0,current,2.0,female,5.9
17275.0,0.888788500863,0.0389290770208,6.926099323,59.0,0.9666522689196108,-0.0778637680566107,6.697458525087875,0.2286407979121252,-0.3566728782105027,0.8955543394578008,-1.2522272176683036,1.2522272176683036,0.0438001582862519,5.2,25.4,10.0,62.0,2.0,0.7,0.92,41.5,121.6,1.0,3.0,,former,2.0,female,5.4
20513.0,0.889447902598,0.0567848451462,6.562078997,53.0,1.000773054424837,-0.111325151826837,6.806139303715041,-0.2440603067150402,-0.5099504340764818,-0.9559504198898924,0.4459999858134105,0.4459999858134105,0.0638428006635761,5.1,35.9,5.6,54.6,3.4,0.4,0.05,27.42,101.4,1.0,3.0,,former,1.0,male,6.0
10442.0,0.890141079012,0.0891295284312,6.407580365,80.0,0.8472295196513189,0.0429115593606811,6.317075799892791,0.0905045651072091,0.1965662562662933,0.3544938469540038,-0.1579275906877104,0.1579275906877104,0.1001296654347512,5.6,26.7,8.1,56.7,6.8,1.7,1.87,,,2.0,,,never,2.0,female,6.8
11893.0,0.890153164013,0.0458330633834,6.455067247,70.0,0.9040974954933628,-0.0139443314803626,6.4982104309380695,-0.0431431839380698,-0.0638752139532503,-0.1689858763028552,0.1051106623496049,0.1051106623496049,0.0514889630642605,4.9,35.4,9.0,50.8,3.2,1.6,0.27,29.87,101.3,2.0,,,never,1.0,male,5.1
11662.0,0.890628564011,0.012053533411,6.910784721,51.0,1.012146649593246,-0.1215180855822458,6.842366229924096,0.0684184910759038,-0.5566415088945852,0.2679857538186587,-0.8246272627132438,0.8246272627132438,0.0135337377421583,11.8,34.6,10.4,50.9,3.5,0.6,0.2,21.48,85.7,1.0,1.0,8.0,current,1.0,male,6.0
15882.0,0.891202467219,0.0588686084967,6.150292842,68.0,0.9154710906617712,-0.0242686234427713,6.534437357147125,-0.384144515147125,-0.111168005217097,-1.504640863137386,1.3934728579202889,1.3934728579202889,0.0660552575447862,5.1,45.3,13.3,38.1,2.5,0.9,0.02,21.37,84.9,1.0,3.0,,former,1.0,male,5.7
17733.0,0.891260110866,0.118087289871,6.400992497,63.0,0.9439050785827932,-0.0526449677167932,6.625004672669763,-0.2240121756697632,-0.2411523694203423,-0.8774246671827274,0.636272297762385,0.636272297762385,0.1324947548210808,7.6,21.2,6.2,71.3,1.0,0.3,0.11,31.19,105.3,1.0,1.0,2.0,current,1.0,male,5.2
16790.0,0.892204403791,0.0752425511512,6.397290242,70.0,0.9040974954933628,-0.0118930917023627,6.4982104309380695,-0.100920188938069,-0.0544790388928913,-0.395290402971411,0.3408113640785196,0.3408113640785196,0.0843333106533574,7.6,31.1,7.8,59.3,1.7,5.397605346934028e-79,0.06,35.18,97.5,2.0,,,never,2.0,female,5.5
19502.0,0.892440131562,0.0667288230565,6.564724533,63.0,0.9439050785827932,-0.0514649470207932,6.625004672669763,-0.0602801396697634,-0.2357470135212511,-0.2361089584944808,0.0003619449732297,0.0003619449732297,0.0747712039122528,8.4,32.7,13.1,50.7,3.3,0.4,1.7,29.96,93.2,2.0,,,never,2.0,female,6.5
16969.0,0.89251387709,0.156248729948,6.367480512,65.0,0.9325314834143844,-0.0400176063243845,6.588777746460708,-0.2212972344607076,-0.1833098395191425,-0.8667906184768744,0.683480778957732,0.683480778957732,0.175065882961329,7.5,28.5,8.0,57.5,5.2,0.9,0.1,26.51,97.0,1.0,3.0,,former,1.0,male,5.7
13929.0,0.894713663152,0.0598879121703,6.329551988,78.0,0.8586031148197276,0.0361105483322723,6.353302726101847,-0.0237507381018469,0.1654126627684767,-0.093028351749409,0.2584410145178857,0.2584410145178857,0.066935282914223,6.6,40.3,6.6,50.2,2.4,0.6,1.58,31.82,106.0,2.0,,,never,2.0,female,5.2
15904.0,0.89479980428,0.0619440479181,6.716227898,78.0,0.8586031148197276,0.0361966894602724,6.353302726101847,0.3629251718981523,0.1658072519955707,1.421527634437206,-1.2557203824416354,1.2557203824416354,0.069226711518945,6.9,35.6,10.0,52.1,1.6,0.7,0.17,34.79,103.4,2.0,,,never,2.0,female,6.0
14105.0,0.895429645525,0.0435692156788,7.064151134,52.0,1.0064598520090415,-0.1110302064840415,6.824252766819568,0.239898367180432,-0.5085993691722869,0.9396486791471406,-1.4482480483194276,1.4482480483194276,0.0486573299159141,9.1,36.2,5.7,57.0,1.0,0.1,2.08,35.64,113.1,1.0,3.0,,former,2.0,female,9.3
11278.0,0.896180557907,0.0679186603876,6.61383996,51.0,1.012146649593246,-0.1159660916862458,6.842366229924096,-0.2285262699240959,-0.5312093253242532,-0.8951057491904226,0.3638964238661694,0.3638964238661694,0.075786804108116,5.9,19.1,10.1,67.9,2.0,0.9,1.23,26.63,99.0,1.0,1.0,20.0,current,1.0,male,11.3
12205.0,0.896604824675,0.0437168892723,6.751050595,52.0,1.0064598520090415,-0.1098550273340415,6.824252766819568,-0.0732021718195685,-0.5032161910869581,-0.2867227687682662,-0.2164934223186919,0.2164934223186919,0.0487582578959983,8.5,21.7,7.7,67.2,2.4,0.9,0.6,29.45,99.4,2.0,,,never,2.0,female,5.6
18110.0,0.89800463364,0.0744318689472,6.345860741,65.0,0.9325314834143844,-0.0345268497743844,6.588777746460708,-0.2429170054607077,-0.1581581676809925,-0.9514722672199628,0.7933140995389701,0.7933140995389701,0.0828858406281218,8.1,30.8,8.6,57.8,2.0,0.9,0.04,24.26,98.6,2.0,,,never,1.0,male,5.7
14837.0,0.899373063628,0.0686178818844,6.361351799,85.0,0.8187955317302971,0.0805775318977028,6.226508484370153,0.1348433146298475,0.3691038969518791,0.5281625880698935,-0.1590586911180143,0.1590586911180143,0.0762952379378596,6.0,17.5,6.9,74.3,0.9,0.4,0.21,20.03,74.8,2.0,,,never,2.0,female,5.2
12265.0,0.899974143816,0.0609636833453,6.173982769,84.0,0.8244823293145014,0.0754918145014986,6.2446219474746805,-0.0706391784746802,0.3458076000124533,-0.2766838788021004,0.6224914788145537,0.6224914788145537,0.0677393720299636,6.8,20.0,8.9,66.5,4.1,0.4,1.53,30.17,116.1,1.0,3.0,,former,1.0,male,6.1
19890.0,0.901128318362,0.0182853298744,6.574518217,77.0,0.864289912403932,0.0368384059580679,6.371416189206375,0.2031020277936246,0.168746781843362,0.7955225139354429,-0.6267757320920809,0.6267757320920809,0.0202915938849171,5.6,16.8,10.2,69.4,3.2,0.5,0.22,27.46,101.6,2.0,,,never,2.0,female,5.7
14633.0,0.901854402021,0.0455932511912,6.859542206,56.0,0.9837126616722238,-0.0818582596512238,6.751798914401458,0.1077432915985427,-0.3749705646646499,0.4220155511162393,-0.7969861157808892,0.7969861157808892,0.0505550021034751,7.9,23.7,5.7,62.9,6.4,1.2,0.31,33.97,105.3,1.0,1.0,20.0,current,2.0,female,5.5
16587.0,0.902117501102,0.0483560131582,6.839562625,61.0,0.955278673751202,-0.053161172649202,6.661231598878818,0.1783310261211816,-0.2435169647075218,0.6984979310830041,-0.942014895790526,0.942014895790526,0.0536027879950557,7.8,27.8,8.8,60.8,2.0,0.6,0.91,41.11,132.8,1.0,1.0,10.0,current,2.0,female,5.7
14844.0,0.90297982145,0.0584973954497,6.678497287,51.0,1.012146649593246,-0.1091668281432458,6.842366229924096,-0.163868942924096,-0.5000637365848235,-0.6418519541487933,0.1417882175639697,0.1417882175639697,0.0647826164661854,4.7,36.0,9.4,47.4,6.7,0.6,0.05,26.76,107.2,1.0,3.0,,former,1.0,male,5.0
14572.0,0.9032705646,0.0668177791258,6.403318151,85.0,0.8187955317302971,0.0844750328697029,6.226508484370153,0.1768096666298468,0.3869572955762661,0.6925389766585017,-0.3055816810822356,0.3055816810822356,0.0739731612480799,7.5,26.6,9.9,62.0,1.4,0.1,0.2,26.57,91.3,2.0,,,never,2.0,female,5.7
13075.0,0.903604251515,0.112053204461,6.583641746,65.0,0.9325314834143844,-0.0289272318993845,6.588777746460708,-0.0051360004607081,-0.132507831533593,-0.0201170024861977,-0.1123908290473952,0.1123908290473952,0.124006946927407,5.8,42.8,6.8,47.6,2.3,0.6,0.07,28.74,104.7,1.0,3.0,,former,1.0,male,5.7
15215.0,0.903738084088,0.0588189092781,6.413972268,56.0,0.9837126616722238,-0.0799745775842237,6.751798914401458,-0.3378266464014574,-0.3663419261946756,-1.3232201861260953,0.9568782599314196,0.9568782599314196,0.0650840219237375,11.8,24.2,5.5,68.4,1.4,0.5,0.24,29.33,113.1,2.0,,,never,1.0,male,6.2
14166.0,0.903743504319,0.109039706032,6.520853336,77.0,0.864289912403932,0.0394535919150679,6.371416189206375,0.149437146793625,0.1807262419391114,0.5853246074598576,-0.4045983655207461,0.4045983655207461,0.1206533773254226,6.9,22.7,7.4,67.2,2.1,0.6,0.42,29.72,101.5,2.0,,,never,2.0,female,5.4
13225.0,0.904063496694,0.0868239939687,6.787974458,68.0,0.9154710906617712,-0.0114075939677713,6.534437357147125,0.253537100852875,-0.0522551049800669,0.9930697100244033,-1.0453248150044705,1.0453248150044705,0.0960374954703955,5.6,34.4,7.7,56.9,0.6,0.4,0.06,24.72,80.9,2.0,,,never,2.0,female,5.3
10207.0,0.904521995177,0.0615025709568,6.546727313,66.0,0.9268446858301802,-0.0223226906531801,6.57066428335618,-0.0239369703561802,-0.102254213010649,-0.0937577976971061,-0.0084964153135429,0.0084964153135429,0.067994555449992,9.5,24.8,4.6,65.5,4.0,1.2,1.94,42.03,119.8,1.0,3.0,,former,2.0,female,5.9
11052.0,0.905669831022,0.0421513115581,6.710335977,56.0,0.9837126616722238,-0.0780428306502237,6.751798914401458,-0.0414629374014579,-0.357493115558859,-0.1624045833273117,-0.1950885322315473,0.1950885322315473,0.0465415873580932,7.2,24.2,6.9,66.5,1.7,0.8,0.89,18.8,82.0,1.0,3.0,,former,1.0,male,5.7
13141.0,0.906231367168,0.0561560781727,6.922417642,54.0,0.9950862568406328,-0.0888548896726326,6.788025840610513,0.1343918013894871,-0.407020235901926,0.5263940732404323,-0.9334143091423583,0.9334143091423583,0.0619666016948733,8.4,22.0,6.4,70.0,0.9,0.6,0.62,,,2.0,,,never,2.0,female,5.5
10106.0,0.906583635528,0.0712034604798,6.492267526,70.0,0.9040974954933628,0.0024861400346373,6.4982104309380695,-0.0059429049380694,0.0113883356010172,-0.0232775355705276,0.0346658711715449,0.0346658711715449,0.0785404210813166,5.4,26.2,8.2,62.2,2.4,0.9,0.04,26.5,100.5,2.0,,,never,1.0,male,6.9
11552.0,0.908112512216,0.0483769637727,6.983742799,61.0,0.955278673751202,-0.047166161535202,6.661231598878818,0.3225112001211814,-0.2160554389901982,1.2632317041828791,-1.4792871431730776,1.4792871431730776,0.0532719934170373,7.1,14.5,9.4,71.7,4.3,0.1,16.0,26.91,107.6,1.0,3.0,,former,1.0,male,7.0
20226.0,0.908762359576,0.0538587693105,6.58923015,64.0,0.9382182809985888,-0.0294559214225887,6.6068912095652355,-0.0176610595652357,-0.134929615357154,-0.0691759243210322,-0.0657536910361217,0.0657536910361217,0.0592660652622417,5.8,39.3,7.8,50.1,2.2,0.6,0.14,18.87,75.8,1.0,1.0,30.0,current,1.0,male,5.6
18631.0,0.910052510037,0.057345867506,7.007258727,77.0,0.864289912403932,0.045762597633068,6.371416189206375,0.635842537793625,0.2096260920780048,2.4905071585334233,-2.2808810664554184,2.2808810664554184,0.0630138007131791,6.1,33.9,9.7,52.9,2.9,0.6,0.34,28.28,98.2,2.0,,,never,2.0,female,7.2
15146.0,0.91035442053,0.0477582295471,6.615252277,64.0,0.9382182809985888,-0.0278638604685887,6.6068912095652355,0.0083610674347642,-0.1276368143930794,0.0327491431628937,-0.1603859575559731,0.1603859575559731,0.0524611387280303,6.8,24.0,7.9,65.3,2.5,0.4,0.26,31.28,108.0,1.0,3.0,,former,1.0,male,6.9
11838.0,0.910745798371,0.0113094411578,6.645802615,65.0,0.9325314834143844,-0.0217856850433845,6.588777746460708,0.0570248685392922,-0.0997943354418967,0.2233585123202787,-0.3231528477621754,0.3231528477621754,0.0124177802170798,8.6,27.1,6.8,63.8,1.4,0.9,0.85,29.33,98.1,2.0,,,never,2.0,female,5.6
10518.0,0.911095767292,0.0494077723886,6.585738322,63.0,0.9439050785827932,-0.0328093112907932,6.625004672669763,-0.039266350669763,-0.1502905880650869,-0.153800857318969,0.003510269253882,0.003510269253882,0.0542289561232975,7.1,21.0,7.6,61.1,9.5,0.9,0.66,25.29,96.2,1.0,3.0,,former,2.0,female,5.7
10901.0,0.911245911702,0.04996748335,6.500684959,72.0,0.8927239003249539,0.0185220113770461,6.461983504729013,0.0387014542709867,0.0848443284082477,0.1515882363611701,-0.0667439079529223,0.0667439079529223,0.0548342469451216,6.1,41.8,12.2,40.0,5.6,0.4,0.1,20.06,80.3,1.0,2.0,,current,1.0,male,5.3
19359.0,0.911636139005,0.0578048881459,6.64273813,68.0,0.9154710906617712,-0.0038349516567713,6.534437357147125,0.1083007728528748,-0.0175668771157377,0.424199127980222,-0.4417660050959597,0.4417660050959597,0.0634078506464112,8.6,32.1,8.6,57.5,1.4,0.4,1.12,28.2,107.6,2.0,,,never,2.0,female,5.6
15060.0,0.912065798102,0.0509622717708,6.542114536,74.0,0.8813503051565452,0.0307154929454547,6.425756578519958,0.1163579574800417,0.1406993720949213,0.4557580042724802,-0.3150586321775589,0.3150586321775589,0.0558756526961673,7.4,31.2,8.5,56.4,3.4,0.4,0.31,25.93,92.5,2.0,,,never,1.0,male,5.4
20437.0,0.912129194953,0.0371315374517,6.547777151,76.0,0.8699767099881364,0.0421524849648636,6.389529652310903,0.1582474986890973,0.1930891416045001,0.6198335356309924,-0.4267443940264923,0.4267443940264923,0.0407086382687414,4.1,34.5,8.6,53.8,2.5,0.6,0.21,26.47,97.5,2.0,,,never,2.0,female,5.9
10436.0,0.912321398121,0.0461318660721,6.662182313,52.0,1.0064598520090415,-0.0941384538880415,6.824252766819568,-0.1620704538195685,-0.4312228156505682,-0.6348075214109132,0.203584705760345,0.203584705760345,0.0505653667305319,3.5,47.8,8.4,40.3,2.7,0.7,0.19,32.5,107.4,1.0,3.0,,former,1.0,male,5.6
20171.0,0.913240839675,0.0426070645283,6.653347824,78.0,0.8586031148197276,0.0546377248552724,6.353302726101847,0.3000450978981526,0.2502806513144207,1.1752350932531506,-0.92495444193873,0.92495444193873,0.0466547954025608,7.6,33.2,6.6,56.2,3.1,1.0,0.22,30.28,103.7,2.0,,,never,2.0,female,5.4
17629.0,0.913534011757,0.0518325948241,6.326538477,74.0,0.8813503051565452,0.0321837066004547,6.425756578519958,-0.0992181015199582,0.147424862052922,-0.3886235622879231,0.5360484243408451,0.5360484243408451,0.0567385495854832,8.6,28.4,8.0,58.5,5.1,0.1,0.15,24.95,92.8,1.0,1.0,1.0,current,1.0,male,7.3
12115.0,0.913692440686,0.0974578859873,6.189586424,82.0,0.8358559244829101,0.0778365162030898,6.280848873683736,-0.0912624496837359,0.3565480448345375,-0.3574623758758526,0.7140104207103901,0.7140104207103901,0.1066637761762904,4.8,15.5,9.0,73.1,2.3,0.1,0.43,40.61,111.4,1.0,3.0,,former,2.0,female,5.4
20821.0,0.913825101342,0.0777373074642,6.584753375,56.0,0.9837126616722238,-0.0698875603302238,6.751798914401458,-0.1670455394014576,-0.3201360262448117,-0.6542942426029338,0.3341582163581221,0.3341582163581221,0.0850680369252701,4.3,24.5,15.8,57.7,1.7,0.3,0.13,17.43,66.7,1.0,3.0,,former,1.0,male,4.5
16182.0,0.915566000753,0.0411245874697,6.620296062,74.0,0.8813503051565452,0.0342156955964547,6.425756578519958,0.1945394834800424,0.1567328544836049,0.7619842137420741,-0.6052513592584692,0.6052513592584692,0.0449171195040853,5.6,27.8,7.4,63.6,0.9,0.4,0.05,27.41,94.2,2.0,,,never,2.0,female,5.4
18877.0,0.91558616317,0.0555591172635,6.351660833,69.0,0.909784293077567,0.0058018700924329,6.516323894042596,-0.1646630610425958,0.0265767988953085,-0.6449624048363294,0.6715392037316379,0.6715392037316379,0.0606814732445712,4.6,32.8,8.1,54.7,3.3,1.2,0.27,,82.1,1.0,3.0,,former,2.0,female,6.1
19106.0,0.915648667774,0.0424560316135,7.258373137,52.0,1.0064598520090415,-0.0908111842350415,6.824252766819568,0.4341203701804321,-0.4159814925893062,1.7003893658188434,-2.1163708584081498,2.1163708584081498,0.0463671636378976,5.3,36.0,12.1,45.1,6.0,0.9,0.12,26.51,93.2,1.0,3.0,,former,2.0,female,5.4
17061.0,0.915747200262,0.0532703936743,6.283404558,64.0,0.9382182809985888,-0.0224710807365888,6.6068912095652355,-0.3234866515652355,-0.1029339478792314,-1.2670524123925695,1.1641184645133382,1.1641184645133382,0.0581715059123948,7.0,28.3,10.4,53.7,6.6,1.2,0.12,26.88,100.4,1.0,3.0,,former,1.0,male,5.5
17102.0,0.916776087289,0.0975507771643,6.719224937,66.0,0.9268446858301802,-0.0100685985411802,6.57066428335618,0.1485606536438197,-0.0461215288042296,0.5818915051833564,-0.628013033987586,0.628013033987586,0.1064063281283519,6.9,26.0,7.3,65.3,1.0,0.5,0.08,28.41,91.8,2.0,,,never,2.0,female,5.4
14867.0,0.916823510269,0.0787733422778,6.548335521,63.0,0.9439050785827932,-0.0270815683137932,6.625004672669763,-0.0766691516697628,-0.1240533454521779,-0.3003024486766943,0.1762491032245163,0.1762491032245163,0.0859198541436699,5.6,36.4,7.5,51.7,3.2,1.3,0.04,23.44,82.3,2.0,,,never,2.0,female,6.6
13431.0,0.916907814666,0.0290972710272,6.75326513,51.0,1.012146649593246,-0.0952388349272458,6.842366229924096,-0.0891010999240959,-0.4362633638050822,-0.3489966682068495,-0.0872666955982326,0.0872666955982326,0.031734129169571,8.2,34.8,9.0,53.8,1.3,1.1,0.34,29.82,95.7,2.0,,,never,2.0,female,5.2
13800.0,0.917430597164,0.0461715279643,6.272937368,83.0,0.8301691268987057,0.0872614702652943,6.262735410579208,0.0102019574207918,0.3997212122302402,0.0399596542812334,0.3597615579490068,0.3597615579490068,0.0503269981479006,9.1,12.1,9.6,74.9,2.7,0.8,0.3,,84.2,1.0,3.0,,former,1.0,male,6.4
11975.0,0.917589097509,0.0763369220415,6.515173051,66.0,0.9268446858301802,-0.0092555883211802,6.57066428335618,-0.0554912323561804,-0.0423973487084098,-0.2173514717943657,0.1749541230859559,0.1749541230859559,0.0831929261678605,11.6,23.1,7.8,67.1,1.3,0.8,0.1,23.09,84.8,1.0,1.0,15.0,current,2.0,female,5.5
13247.0,0.917809264788,0.033722274855,5.635397515,80.0,0.8472295196513189,0.070579745136681,6.317075799892791,-0.6816782848927909,0.3233067377751502,-2.6700394318275564,2.993346169602707,2.993346169602707,0.0367421382075385,6.9,19.6,6.2,72.8,0.9,0.6,0.13,22.69,86.5,1.0,3.0,,former,1.0,male,5.2
11386.0,0.917944629702,0.0603743607942,6.425601348,68.0,0.9154710906617712,0.0024735390402286,6.534437357147125,-0.1088360091471249,0.0113306138511425,-0.4262955744164142,0.4376261882675568,0.4376261882675568,0.0657712446270314,5.0,28.6,8.6,60.0,2.0,0.8,0.15,28.83,104.3,1.0,3.0,,former,1.0,male,7.1
20583.0,0.918042170647,0.058351098197,6.495379885,65.0,0.9325314834143844,-0.0144893127673845,6.588777746460708,-0.0933978614607076,-0.0663716259438905,-0.3658264880590651,0.2994548621151746,0.2994548621151746,0.0635603679903685,6.2,17.2,5.9,75.4,1.0,0.4,0.67,35.39,122.0,2.0,,,never,1.0,male,8.1
20727.0,0.918655973247,0.052546075598,7.282899149,50.0,1.0178334471774502,-0.0991774739304501,6.860479693028624,0.4224194559713767,-0.4543052046325602,1.6545585053983405,-2.1088637100309007,2.1088637100309007,0.0571988613019902,6.0,39.3,6.6,52.2,0.6,1.3,0.33,32.38,97.0,2.0,,,never,2.0,female,11.4
11409.0,0.91906443837,0.0624795687333,6.650496404,62.0,0.9495918761669976,-0.0305274377969977,6.643118135774291,0.0073782682257093,-0.1398379422831288,0.0288996547753351,-0.1687375970584639,0.1687375970584639,0.0679817063144236,3.7,38.6,14.1,40.7,5.5,1.2,1.02,30.03,109.0,1.0,3.0,,former,1.0,male,5.9
15776.0,0.919407242754,0.0535743060673,6.378236359,67.0,0.9211578882459758,-0.0017506454919757,6.5525508202516525,-0.1743144612516527,-0.0080192338739023,-0.6827656027694767,0.6747463688955744,0.6747463688955744,0.0582704851299877,4.9,31.3,9.8,55.3,2.8,0.9,0.25,23.6,89.1,2.0,,,never,2.0,female,5.8
12753.0,0.919440692537,0.0575270457029,6.60217562,54.0,0.9950862568406328,-0.0756455643036326,6.788025840610513,-0.1858502206105132,-0.3465118863040127,-0.7279495745151449,0.3814376882111321,0.3814376882111321,0.0625674349306494,7.6,31.9,8.5,53.6,5.5,0.6,0.34,29.53,102.0,1.0,3.0,,former,1.0,male,5.6
14256.0,0.919623932262,0.0628445750707,6.67406317,70.0,0.9040974954933628,0.0155264367686372,6.4982104309380695,0.1758527390619306,0.0711224107032291,0.6887908239061503,-0.6176684132029212,0.6176684132029212,0.0683372548995339,7.4,30.5,10.4,57.6,1.3,0.4,0.43,26.48,103.4,1.0,3.0,,former,1.0,male,5.4
14480.0,0.919672915128,0.0507492074304,6.292910808,81.0,0.8415427220671146,0.0781301930608854,6.298962336788264,-0.006051528788264,0.3578932991517651,-0.0237030001477103,0.3815962992994754,0.3815962992994754,0.0551818006115105,6.8,31.1,8.6,58.3,1.5,0.6,0.12,25.52,85.0,2.0,,,never,2.0,female,5.2
17633.0,0.919726783651,0.052306309833,6.663617642,68.0,0.9154710906617712,0.0042556929892286,6.534437357147125,0.1291802848528753,0.0194941794512804,0.5059812847436368,-0.4864871052923563,0.4864871052923563,0.0568715739965317,6.7,24.6,8.6,65.1,0.9,0.9,0.76,24.58,80.6,2.0,,,never,2.0,female,7.1
19645.0,0.920162070878,0.12081160177,6.393500401,74.0,0.8813503051565452,0.0388117657214547,6.425756578519958,-0.0322561775199581,0.1777862096044256,-0.1263429799760497,0.3041291895804754,0.3041291895804754,0.1312938291998104,7.2,26.8,7.5,63.8,1.7,0.3,0.02,32.93,116.0,1.0,3.0,,former,1.0,male,5.5
10913.0,0.920780334981,0.0240943998383,6.79596916,64.0,0.9382182809985888,-0.0174379460175888,6.6068912095652355,0.1890779504347648,-0.0798785179732222,0.7405921452072609,-0.8204706631804831,0.8204706631804831,0.0261673701348076,8.1,37.2,8.4,52.5,1.5,0.5,0.94,31.17,95.2,2.0,,,never,2.0,female,5.4
13958.0,0.921135563952,0.0254545090987,6.512725317,85.0,0.8187955317302971,0.1023400322217029,6.226508484370153,0.2862168326298473,0.4687920294601168,1.1210716933643696,-0.6522796639042527,0.6522796639042527,0.0276338359898852,4.5,32.7,8.6,56.9,1.3,0.5,0.25,25.35,103.1,2.0,,,never,2.0,female,6.9
10133.0,0.921176520567,0.0306938616585,6.354237338,84.0,0.8244823293145014,0.0966941912524985,6.2446219474746805,0.1096153905253194,0.4429299578102985,0.429348303333162,0.0135816544771364,0.0135816544771364,0.033320282240376,7.1,27.7,10.2,58.1,3.3,0.7,0.09,28.34,107.1,2.0,,,never,1.0,male,5.2
17906.0,0.921246067272,0.0598018653845,6.731315802,68.0,0.9154710906617712,0.0057749766102286,6.534437357147125,0.1968784448528753,0.0264536071214922,0.7711456015013561,-0.7446919943798639,0.7446919943798639,0.0649141065661052,7.6,44.6,6.3,47.0,1.3,0.9,0.27,24.7,88.0,1.0,3.0,,former,2.0,female,5.3
11434.0,0.921908837242,0.0345579995329,6.406391812,75.0,0.8756635075723407,0.0462453296696593,6.40764311541543,-0.0012513034154304,0.2118373570757412,-0.0049011821770224,0.2167385392527637,0.2167385392527637,0.037485267671676,6.7,26.7,7.2,60.6,4.4,1.1,1.85,36.08,115.5,1.0,3.0,,former,2.0,female,5.7
19302.0,0.921930767921,0.0294681169257,7.068344568,55.0,0.9893994592564282,-0.0674686913354282,6.769912377505985,0.2984321904940143,-0.3090558410968153,1.1689175583332685,-1.4779733994300837,1.4779733994300837,0.0319634813708973,7.1,27.3,8.1,60.9,3.1,0.7,0.23,30.38,106.6,2.0,,,never,1.0,male,5.8
19872.0,0.922050564071,0.0519353093701,6.605598953,50.0,1.0178334471774502,-0.0957828831064502,6.860479693028624,-0.2548807400286232,-0.4387555014809898,-0.9983325585864052,0.5595770571054153,0.5595770571054153,0.056325879939596,6.9,33.8,6.8,57.3,1.8,0.3,0.14,21.28,75.0,2.0,,,never,2.0,female,5.3
20140.0,0.922463628899,0.0333976641849,7.131364674,52.0,1.0064598520090415,-0.0839962231100415,6.824252766819568,0.307111907180432,-0.3847639974691215,1.202914806483063,-1.5876788039521843,1.5876788039521843,0.0362048574476172,4.7,44.6,12.2,42.2,5.397605346934028e-79,1.0,0.11,28.73,98.7,1.0,3.0,,former,1.0,male,6.9
14940.0,0.923695373174,0.0513862719722,6.872557995,69.0,0.909784293077567,0.0139110800964329,6.516323894042596,0.3562341009574039,0.0637228983498996,1.3953196362526028,-1.3315967379027032,1.3315967379027032,0.0556311890960616,3.9,34.8,12.0,50.1,2.5,0.7,0.68,28.75,92.3,2.0,,,never,2.0,female,5.6
11769.0,0.924198044908,0.0281477819719,6.294647837,81.0,0.8415427220671146,0.0826553228408853,6.298962336788264,-0.004314499788264,0.3786216957242916,-0.0168992981272513,0.3955209938515429,0.3955209938515429,0.0304564396418973,7.8,23.0,10.8,63.9,1.4,0.9,0.23,27.34,101.7,1.0,3.0,,former,1.0,male,5.7
14685.0,0.924269521792,0.0358854697661,6.857358612,62.0,0.9495918761669976,-0.0253223543749977,6.643118135774291,0.2142404762257088,-0.1159948618390803,0.8391502738071249,-0.9551451356462052,0.9551451356462052,0.0388257633947771,6.3,37.4,7.1,51.2,4.1,0.1,0.11,22.95,87.8,1.0,1.0,6.0,current,1.0,male,5.8
16445.0,0.924447953555,0.055222002443,6.491474762,72.0,0.8927239003249539,0.0317240532300461,6.461983504729013,0.0294912572709868,0.1453193141877889,0.1155131702927726,0.0298061438950163,0.0298061438950163,0.0597351124318483,7.9,31.7,10.6,52.6,4.7,0.4,0.12,17.52,70.0,1.0,1.0,3.0,current,2.0,female,5.6
12754.0,0.924889773064,0.0903281224658,6.336256747,64.0,0.9382182809985888,-0.0133285079345888,6.6068912095652355,-0.2706344625652352,-0.0610542927209096,-1.060037707925935,0.9989834152050258,0.9989834152050258,0.0976636623049237,5.2,32.5,7.6,52.0,7.4,0.5,0.06,27.11,108.6,1.0,3.0,,former,1.0,male,5.2
19701.0,0.92663746726,0.0601238311746,6.800510022,50.0,1.0178334471774502,-0.0911959799174502,6.860479693028624,-0.0599696710286234,-0.4177441376165529,-0.2348928958259745,-0.1828512417905783,0.1828512417905783,0.0648838767035632,9.1,30.3,6.1,62.1,1.0,0.6,0.23,20.34,74.7,1.0,3.0,,former,2.0,female,5.3
17095.0,0.927140118136,0.0644150700736,6.401193474,80.0,0.8472295196513189,0.079910598484681,6.317075799892791,0.0841176741072091,0.3660488552304934,0.3294772794694366,0.0365715757610567,0.0365715757610567,0.0694771683519697,5.9,17.0,8.1,66.8,6.5,1.7,0.28,28.46,,1.0,3.0,,former,1.0,male,5.3
19823.0,0.92724224537,0.0173704028388,6.604350039,66.0,0.9268446858301802,0.0003975595398197,6.57066428335618,0.0336857556438197,0.0018211128085205,0.131942439495563,-0.1301213266870425,0.1301213266870425,0.0187334031915992,5.4,43.4,9.6,45.5,0.9,0.6,0.05,21.51,80.2,2.0,,,never,1.0,male,9.7
11024.0,0.92760632289,0.0491226047355,6.521734329,73.0,0.8870371027407495,0.0405692201492504,6.443870041624486,0.0778642873755144,0.1858366333731541,0.3049836297139392,-0.1191469963407851,0.1191469963407851,0.0529563064883562,7.7,19.4,6.2,65.9,7.4,1.1,0.16,28.89,114.7,2.0,,,never,1.0,male,5.6
16686.0,0.927814066055,0.0675591271257,6.933456759,63.0,0.9439050785827932,-0.0160910125277932,6.625004672669763,0.3084520863302371,-0.0737085796751649,1.2081641026026475,-1.2818726822778128,1.2818726822778128,0.07281537281813,6.1,27.8,10.5,57.5,3.8,0.5,0.12,23.6,81.3,2.0,,,never,2.0,female,4.9
15949.0,0.929142362966,0.0755889573357,6.639802531,66.0,0.9268446858301802,0.0022976771358197,6.57066428335618,0.0691382476438198,0.0105250379950204,0.270804940611377,-0.2602799026163565,0.2602799026163565,0.0813534721357506,7.8,33.9,7.7,48.8,8.3,1.3,0.04,25.17,93.2,2.0,,,never,2.0,female,6.7
16362.0,0.929425231699,0.0739706541793,6.639468498,61.0,0.955278673751202,-0.0258534420522019,6.661231598878818,-0.0217631008788181,-0.1184276309579963,-0.0852430520277234,-0.0331845789302728,0.0331845789302728,0.0795875253398068,7.4,31.5,8.8,55.0,3.8,0.9,1.05,42.41,123.8,1.0,1.0,15.0,current,2.0,female,5.8
20143.0,0.929522312835,0.0670785043225,6.637224211,61.0,0.955278673751202,-0.025756360916202,6.661231598878818,-0.024007387878818,-0.1179829285108726,-0.0940336133806938,-0.0239493151301788,0.0239493151301788,0.0721644907241803,4.7,48.7,10.6,35.7,4.6,0.5,0.29,43.76,117.0,1.0,3.0,,former,2.0,female,6.3
10720.0,0.929651224774,0.0549287562762,6.407354618,67.0,0.9211578882459758,0.0084933365280241,6.5525508202516525,-0.1451962022516522,0.0389056792481235,-0.5687134150451802,0.6076190942933039,0.6076190942933039,0.0590853373958102,5.1,33.9,9.0,51.9,4.8,0.4,0.26,34.5,119.7,1.0,3.0,,former,1.0,male,4.8
15881.0,0.930622585118,0.0543124304044,6.671583017,72.0,0.8927239003249539,0.0378986847930461,6.461983504729013,0.2095995122709864,0.1736036326382322,0.82097226075402,-0.6473686281157878,0.6473686281157878,0.0583613929781355,5.9,33.5,8.9,55.1,2.3,0.3,0.27,20.58,85.1,2.0,,,never,1.0,male,6.1
14601.0,0.930763131239,0.151392129787,6.731406409,61.0,0.955278673751202,-0.024515542512202,6.661231598878818,0.0701748101211814,-0.1122990747424616,0.274865012274865,-0.3871640870173266,0.3871640870173266,0.1626537673290432,8.1,30.8,5.8,62.7,0.7,0.1,2.04,29.88,90.1,2.0,,,never,2.0,female,5.5
19050.0,0.931270740299,0.0595558681523,6.628458886,53.0,1.000773054424837,-0.0695023141258369,6.806139303715041,-0.1776804177150408,-0.3183713174981398,-0.6959495880631765,0.3775782705650367,0.3775782705650367,0.063951185810024,6.4,10.9,4.2,84.2,0.2,0.6,0.03,22.26,81.8,1.0,3.0,,former,1.0,male,5.5
20602.0,0.931484452866,0.0845202029513,6.119024352,84.0,0.8244823293145014,0.1070021235514986,6.2446219474746805,-0.1255975954746802,0.4901478098773898,-0.4919483866394009,0.9820961965167908,0.9820961965167908,0.0907371053711604,5.4,22.7,8.3,65.9,3.1,0.1,0.35,32.17,111.0,2.0,,,never,2.0,female,5.4
18999.0,0.931677610254,0.048229136064,6.796654217,53.0,1.000773054424837,-0.069095444170837,6.806139303715041,-0.0094850867150402,-0.3165075561938873,-0.0371517710109309,-0.2793557851829564,0.2793557851829564,0.0517659065037008,7.0,30.6,7.5,60.6,1.0,0.3,0.64,29.95,104.8,2.0,,,never,2.0,female,5.0
12118.0,0.931920189509,0.0422386347607,6.796283052,51.0,1.012146649593246,-0.0802264600842458,6.842366229924096,-0.0460831779240962,-0.3674957318541758,-0.1805014255670671,-0.1869943062871086,0.1869943062871086,0.0453243048451973,10.0,17.7,7.1,72.4,2.5,0.3,0.33,29.32,105.8,1.0,1.0,20.0,current,1.0,male,6.1
16110.0,0.932078403878,0.0434834226729,6.425004521,56.0,0.9837126616722238,-0.0516342577942238,6.751798914401458,-0.3267943934014576,-0.2365225804168527,-1.280008379054186,1.0434857986373334,1.0434857986373334,0.0466521083333581,10.0,20.1,10.6,67.1,1.5,0.6,0.31,24.31,96.0,1.0,1.0,1.0,current,1.0,male,12.8
10732.0,0.932363803646,0.0361455288979,6.754404154,65.0,0.9325314834143844,-0.0001676797683844,6.588777746460708,0.1656264075392925,-0.0007680957022769,0.6487356996437146,-0.6495037953459915,0.6495037953459915,0.0387676234926251,6.2,33.3,8.1,55.1,2.6,1.0,0.25,31.44,107.0,2.0,,,never,1.0,male,5.3
18204.0,0.932518819405,0.0473258630093,6.407018944,72.0,0.8927239003249539,0.0397949190800461,6.461983504729013,-0.0549645607290134,0.1822897694356964,-0.2152885719729611,0.3975783414086575,0.3975783414086575,0.0507505714892666,7.3,39.0,9.4,49.7,1.6,0.4,0.16,26.46,104.6,1.0,3.0,,former,1.0,male,7.2
18556.0,0.933344233414,0.0823347203007,6.572849536,61.0,0.955278673751202,-0.021934440337202,6.661231598878818,-0.0883820628788187,-0.1004757432406609,-0.3461802996846559,0.245704556443995,0.245704556443995,0.0882147415209658,7.0,29.1,7.6,61.5,1.2,0.6,1.05,34.86,103.9,1.0,3.0,,former,2.0,female,5.5
15844.0,0.933599376243,0.0535882111458,6.346083508,82.0,0.8358559244829101,0.0977434517600899,6.280848873683736,0.0652346343162646,0.4477363366251938,0.2555150278443609,0.1922213087808329,0.1922213087808329,0.0573995789944185,5.7,25.9,14.6,56.6,2.5,0.4,0.08,25.03,99.0,2.0,,,never,1.0,male,6.1
19554.0,0.933772655288,0.0948465610337,6.317149256,85.0,0.8187955317302971,0.1149771235577029,6.226508484370153,0.0906407716298476,0.5266791296033194,0.3550273490390438,0.1716517805642755,0.1716517805642755,0.1015735045319428,4.5,13.0,6.4,79.8,0.4,0.4,9.92,23.56,80.6,2.0,,,never,2.0,female,5.3
10037.0,0.934324019672,0.0702289671293,5.981666737,85.0,0.8187955317302971,0.1155284879417029,6.226508484370153,-0.2448417473701525,0.5292047808361372,-0.9590112147091246,1.4882159955452618,1.4882159955452618,0.0751655374908956,9.3,20.0,8.4,66.4,4.4,0.9,0.39,37.39,106.7,2.0,,,never,2.0,female,5.5
12651.0,0.934858180056,0.058488868118,7.066340419,60.0,0.9609654713354064,-0.0261072912794063,6.679345061983346,0.3869953570166542,-0.1195904456631962,1.5158072159085398,-1.635397661571736,1.635397661571736,0.0625644288789304,4.4,18.5,8.0,71.4,1.9,0.2,0.22,23.76,90.9,2.0,,,never,2.0,female,6.3
14409.0,0.935295890463,0.0771398831601,7.030208544,52.0,1.0064598520090415,-0.0711639615460415,6.824252766819568,0.2059557771804314,-0.3259828752576427,0.8067002550490919,-1.1326831303067346,1.1326831303067346,0.0824764483054805,12.5,23.4,8.5,65.1,2.7,0.3,0.35,27.8,99.3,1.0,3.0,,former,1.0,male,5.2
14973.0,0.93593714756,0.0141388665645,6.787348795,56.0,0.9837126616722238,-0.0477755141122238,6.751798914401458,0.0355498805985421,-0.2188467184635127,0.1392439587683171,-0.3580906772318298,0.3580906772318298,0.0151066410830686,7.4,34.1,7.2,56.6,1.3,0.9,1.71,36.47,122.0,1.0,3.0,,former,2.0,female,5.6
14399.0,0.936403755838,0.0554116049821,6.65204039,60.0,0.9609654713354064,-0.0245617154974063,6.679345061983346,-0.0273046719833462,-0.1125105807090934,-0.1069486185556249,-0.0055619621534685,0.0055619621534685,0.0591749068034348,6.4,17.2,5.1,75.9,1.0,0.9,0.1,21.02,82.0,1.0,2.0,,current,1.0,male,14.1
20526.0,0.936605048084,0.0612489150551,6.3552697,85.0,0.8187955317302971,0.1178095163537029,6.226508484370153,0.1287612156298472,0.5396535555267801,0.5043398486366814,0.0353137068900987,0.0353137068900987,0.0653946027521377,6.3,33.4,6.1,59.5,0.8,0.2,0.53,24.04,90.4,1.0,3.0,,former,1.0,male,5.4
15797.0,0.93707140598,0.0697899037434,6.663353162,61.0,0.955278673751202,-0.0182072677712019,6.661231598878818,0.0021215631211815,-0.0834025730116534,0.0083098689164737,-0.0917124419281272,0.0917124419281272,0.0744766122389711,8.1,36.5,6.8,53.3,2.4,1.1,0.21,40.74,132.0,1.0,1.0,20.0,current,2.0,female,5.6
14331.0,0.937215305387,0.0557913200691,6.895977085,52.0,1.0064598520090415,-0.0692445466220414,6.824252766819568,0.0717243181804319,-0.3171905542268193,0.2809342207414131,-0.5981247749682326,0.5981247749682326,0.0595288187766655,5.6,28.8,9.0,58.3,2.7,1.3,0.47,39.75,121.2,1.0,3.0,,former,2.0,female,5.2
10773.0,0.937585829769,0.0401011176069,6.486324188,76.0,0.8699767099881364,0.0676091197808635,6.389529652310903,0.0967945356890975,0.3096991058535331,0.3791307905839724,-0.0694316847304393,0.0694316847304393,0.0427706097230373,8.0,29.2,6.4,56.1,7.3,0.9,0.3,28.7,100.0,1.0,3.0,,former,1.0,male,6.0
14268.0,0.938210018746,0.0632331989869,6.323675516,68.0,0.9154710906617712,0.0227389280842286,6.534437357147125,-0.210761841147125,0.1041608841910505,-0.8255249419833041,0.9296858261743546,0.9296858261743546,0.0673977017122634,7.6,30.6,10.0,46.1,12.4,0.9,0.39,33.61,112.3,1.0,3.0,,former,1.0,male,5.7
15029.0,0.938308185412,0.0589933778988,6.70511897,68.0,0.9154710906617712,0.0228370947502286,6.534437357147125,0.1706816128528752,0.1046105591577321,0.6685362387284715,-0.5639256795707392,0.5639256795707392,0.062872069982952,6.6,32.1,5.5,60.5,1.6,0.4,0.26,30.57,106.4,1.0,3.0,,former,2.0,female,5.6
10388.0,0.938719819221,0.0345858802055,6.960357275,59.0,0.9666522689196108,-0.0279324496986107,6.697458525087875,0.2628987499121251,-0.1279510031190653,1.0297379928332948,-1.1576889959523602,1.1576889959523602,0.0368436667654478,5.4,28.7,11.4,56.6,2.3,1.1,0.63,49.59,134.8,2.0,,,never,2.0,female,6.4
14533.0,0.938840723009,0.0324582628382,6.777793457,67.0,0.9211578882459758,0.0176828347630242,6.5525508202516525,0.2252426367483471,0.0810002871330745,0.8822442128129137,-0.8012439256798392,0.8012439256798392,0.034572704445724,8.4,27.5,6.3,63.9,1.9,0.5,1.92,30.74,104.2,1.0,3.0,,former,2.0,female,6.1
17096.0,0.938854692762,0.0524878268821,6.133694305,71.0,0.8984106979091583,0.0404439948528416,6.480096967833541,-0.3464026628335412,0.1852630101333641,-1.356811254741793,1.542074264875157,1.542074264875157,0.0559062305240089,6.6,19.6,8.6,66.7,4.4,0.8,0.55,39.45,127.2,1.0,3.0,,former,2.0,female,5.7
14821.0,0.939498521176,0.108194988203,6.478528297,54.0,0.9950862568406328,-0.0555877356646327,6.788025840610513,-0.3094975436105125,-0.2546323940846816,-1.2122590139772491,0.9576266198925676,0.9576266198925676,0.1151624890985128,7.7,27.8,4.7,66.2,0.9,0.4,0.1,31.24,105.5,1.0,3.0,,former,1.0,male,5.2
20995.0,0.93961176497,0.0626585596304,6.476897629,81.0,0.8415427220671146,0.0980690429028854,6.298962336788264,0.1779352922117354,0.4492277816569356,0.6969478961674882,-0.2477201145105526,0.2477201145105526,0.0666855843726058,8.4,31.0,8.4,58.1,2.0,0.6,0.03,23.53,92.0,1.0,3.0,,former,2.0,female,5.9
17978.0,0.940072024587,0.0575296678846,6.285324457,73.0,0.8870371027407495,0.0530349218462504,6.443870041624486,-0.1585455846244858,0.24293864389941,-0.6210010969560326,0.8639397408554426,0.8639397408554426,0.0611970853083032,6.1,27.5,8.8,53.8,9.3,0.7,0.33,26.06,95.3,1.0,3.0,,former,1.0,male,5.1
17583.0,0.940091952934,0.0623307254829,6.730637114,52.0,1.0064598520090415,-0.0663678990750414,6.824252766819568,-0.0936156528195679,-0.3040134092492001,-0.3666795466483671,0.0626661373991669,0.0626661373991669,0.0663027965385381,7.3,22.3,6.1,70.8,0.6,0.3,0.05,27.32,101.3,2.0,,,never,2.0,female,4.8
13844.0,0.940134574327,0.0732725860557,6.938563573,52.0,1.0064598520090415,-0.0663252776820415,6.824252766819568,0.1143108061804314,-0.3038181721666128,0.4477395961553195,-0.7515577683219323,0.7515577683219323,0.0779384016465435,5.2,34.8,5.8,55.1,3.3,1.0,0.38,28.0,86.0,2.0,,,never,2.0,female,5.4
15931.0,0.940954844387,0.0784296451286,6.448453441,76.0,0.8699767099881364,0.0709781343988635,6.389529652310903,0.0589237886890972,0.3251316513175757,0.2307963195531563,0.0943353317644194,0.0943353317644194,0.0833511252919838,9.4,27.9,6.2,62.6,3.3,0.1,0.5,23.36,87.5,2.0,,,never,2.0,female,5.7
19932.0,0.941208984771,0.0627177494268,6.544975852,59.0,0.9666522689196108,-0.0254432841486107,6.697458525087875,-0.1524826730878743,-0.1165488084498394,-0.5972535121595167,0.4807047037096773,0.4807047037096773,0.0666353067613984,7.1,24.8,9.6,61.7,3.4,0.4,0.53,31.53,109.4,2.0,,,never,1.0,male,5.7
16247.0,0.941318302509,0.063826556042,5.905914995,84.0,0.8244823293145014,0.1168359731944985,6.2446219474746805,-0.3387069524746806,0.5351940174216743,-1.3266682230955478,1.861862240517222,1.861862240517222,0.0678054977491418,7.1,38.6,6.9,51.8,2.1,0.6,0.18,28.14,99.2,,,,,2.0,female,5.8
20657.0,0.941612400402,0.0476812006455,6.280587842,72.0,0.8927239003249539,0.0488885000770461,6.461983504729013,-0.1813956627290132,0.2239450063757091,-0.7105016882342522,0.9344466946099612,0.9344466946099612,0.0506378214912458,9.4,17.2,5.3,76.1,1.1,0.4,0.56,,103.6,1.0,1.0,40.0,current,2.0,female,5.2
14768.0,0.942530410918,0.0539353936533,6.366310826,50.0,1.0178334471774502,-0.0753030362594501,6.860479693028624,-0.4941688670286233,-0.3449428579043392,-1.9355910114629595,1.5906481535586203,1.5906481535586203,0.0572240354566048,5.1,30.7,9.5,56.6,2.8,0.4,0.17,32.36,124.5,2.0,,,never,1.0,male,5.5
18588.0,0.9428246048,0.0581224579243,6.44692314,82.0,0.8358559244829101,0.1069686803170898,6.280848873683736,0.1660742663162642,0.4899946154588435,0.6504899004462124,-0.1604952849873688,0.1604952849873688,0.061647158579012,4.5,40.3,9.5,47.8,2.2,0.1,0.12,23.11,80.1,2.0,,,never,2.0,female,5.3
18772.0,0.943139750092,0.0318863525903,7.106519267,53.0,1.000773054424837,-0.0576333043328369,6.806139303715041,0.3003799632849597,-0.2640025913237259,1.17654671459557,-1.440549305919296,1.440549305919296,0.0338087251514842,7.7,33.7,7.7,54.7,3.4,0.6,0.09,24.17,85.2,1.0,3.0,,former,2.0,female,5.6
19894.0,0.945069264622,0.0772485862053,6.761245686,56.0,0.9837126616722238,-0.0386433970502237,6.751798914401458,0.009446771598542,-0.1770149582243902,0.0370016960061192,-0.2140166542305095,0.2140166542305095,0.0817385445670981,4.6,26.3,7.4,64.9,1.2,0.3,0.06,24.24,89.2,2.0,,,never,1.0,male,5.3
11979.0,0.945594972479,0.0503802143441,6.429375851,63.0,0.9439050785827932,0.0016898938962067,6.625004672669763,-0.1956288216697634,0.0077409472322506,-0.7662510005616193,0.77399194779387,0.77399194779387,0.0532788517392618,5.6,42.2,9.1,44.9,3.0,0.9,0.6,24.39,84.7,1.0,3.0,,former,2.0,female,5.3
14218.0,0.945712306367,0.0166416276332,6.512910309,65.0,0.9325314834143844,0.0131808229526154,6.588777746460708,-0.0758674374607082,0.0603777877314437,-0.2971622451544874,0.3575400328859312,0.3575400328859312,0.0175969240551913,7.1,38.8,4.2,50.9,5.6,0.4,0.36,,,1.0,3.0,,former,2.0,female,5.9
17236.0,0.946316886364,0.0981999838438,6.681351019,67.0,0.9211578882459758,0.0251589981180242,6.5525508202516525,0.1288001987483475,0.1152465709741163,0.5044925401128195,-0.3892459691387031,0.3892459691387031,0.1037707191521334,4.8,35.8,10.9,48.6,3.7,1.1,0.5,23.56,98.8,2.0,,,never,1.0,male,5.7
10321.0,0.946637179324,0.0479449229862,6.618433287,52.0,1.0064598520090415,-0.0598226726850414,6.824252766819568,-0.205819479819568,-0.2740314960522516,-0.8061663971633056,0.532134901111054,0.532134901111054,0.0506476230105791,6.1,16.3,16.5,64.5,2.4,0.4,0.17,27.86,105.9,1.0,3.0,,former,1.0,male,7.3
20354.0,0.946644124168,0.0613093441185,6.569452412,68.0,0.9154710906617712,0.0311730335062286,6.534437357147125,0.0350150548528755,0.1427952417501202,0.1371491203940672,0.0056461213560529,0.0056461213560529,0.0647649338893688,5.9,18.3,7.1,66.6,7.7,0.4,0.46,33.45,113.5,1.0,3.0,,former,1.0,male,6.1
13715.0,0.946743631609,0.0567973539941,6.719564809,60.0,0.9609654713354064,-0.0142218397264063,6.679345061983346,0.0402197470166543,-0.0651464042297288,0.1575351787676278,-0.2226815829973567,0.2226815829973567,0.0599923274874026,5.3,23.3,8.1,65.9,2.3,0.4,0.93,32.85,110.2,1.0,3.0,,former,2.0,female,6.4
11443.0,0.946863555199,0.0522792154613,6.804424999,60.0,0.9609654713354064,-0.0141019161364063,6.679345061983346,0.1250799370166539,-0.0645970666741723,0.4899207901532279,-0.5545178568274003,0.5545178568274003,0.0552130401199279,7.3,46.1,5.5,45.8,2.1,0.6,0.16,31.74,107.2,1.0,3.0,,former,2.0,female,5.5
11756.0,0.947606351985,0.0325397651847,6.90416237,63.0,0.9439050785827932,0.0037012734022067,6.625004672669763,0.2791576973302367,0.0169545331591099,1.093422038061751,-1.076467504902641,1.076467504902641,0.0343389057244469,7.1,44.0,11.6,43.0,1.0,0.3,0.45,37.46,125.7,1.0,3.0,,former,1.0,male,8.8
14578.0,0.947780733459,0.046714182249,6.498609486,72.0,0.8927239003249539,0.0550568331340461,6.461983504729013,0.036625981270987,0.2522004730723841,0.1434588960660424,0.1087415770063416,0.1087415770063416,0.0492879635551494,7.4,42.7,7.4,46.1,3.8,0.1,0.27,26.58,94.0,1.0,3.0,,former,2.0,female,5.1
10797.0,0.948145885934,0.0440242012445,6.830165464,65.0,0.9325314834143844,0.0156144025196154,6.588777746460708,0.2413877175392924,0.0715253580350678,0.9454822582328956,-0.8739569001978278,0.8739569001978278,0.04643188553324,4.8,41.1,6.7,49.4,2.0,0.9,1.16,29.98,108.0,2.0,,,never,2.0,female,6.2
10936.0,0.948210915115,0.0470563920936,6.193984908,77.0,0.864289912403932,0.0839210027110679,6.371416189206375,-0.1774312812063749,0.3844194331502905,-0.6949737548632817,1.0793931880135723,1.0793931880135723,0.0496265032847601,6.4,22.1,7.0,69.3,1.2,0.4,0.23,30.99,107.0,1.0,3.0,,former,2.0,female,5.5
12213.0,0.948598267778,0.0389071799086,6.668451653,59.0,0.9666522689196108,-0.0180540011416107,6.697458525087875,-0.0290068720878746,-0.0827005000029314,-0.1136159006162036,0.0309154006132721,0.0309154006132721,0.0410154448202149,6.2,34.7,8.9,50.4,5.1,0.9,0.24,23.69,96.0,1.0,3.0,,former,1.0,male,5.2
13406.0,0.948620063706,0.0895121253146,5.876181031,85.0,0.8187955317302971,0.1298245319757029,6.226508484370153,-0.350327453370153,0.5946910949446924,-1.3721841157037131,1.9668752106484055,1.9668752106484055,0.0943603543076039,5.9,30.9,9.6,55.5,3.6,0.5,0.35,24.14,93.8,1.0,3.0,,former,1.0,male,5.0
11285.0,0.949041441945,0.0260656314215,6.777004911,77.0,0.864289912403932,0.0847515295410679,6.371416189206375,0.4055887217936247,0.3882238521025271,1.5886348506228722,-1.200410998520345,1.200410998520345,0.0274652193987231,3.7,24.4,7.1,66.1,2.1,0.3,0.05,19.87,75.7,1.0,3.0,,former,2.0,female,5.2
18985.0,0.949584075395,0.0734365756821,6.734670869,66.0,0.9268446858301802,0.0227393895648198,6.57066428335618,0.1640065856438202,0.1041629981089202,0.6423910816189096,-0.5382280835099894,0.5382280835099894,0.0773355172911387,5.8,31.1,9.3,52.2,7.2,0.2,0.1,24.77,98.5,2.0,,,never,2.0,female,6.7
19292.0,0.949919527421,0.0791955643285,6.533987914,61.0,0.955278673751202,-0.0053591463302019,6.661231598878818,-0.1272436848788185,-0.024548800989886,-0.4983958908576908,0.4738470898678047,0.4738470898678047,0.0833708140978145,6.7,30.3,5.4,63.1,0.8,0.4,0.5,33.26,118.5,2.0,,,never,2.0,female,8.9
18453.0,0.949937156359,0.0707303480068,6.718068934,71.0,0.8984106979091583,0.0515264584498417,6.480096967833541,0.2379719661664587,0.2360287807538051,0.9321032331753212,-0.6960744524215159,0.6960744524215159,0.0744579233829544,7.6,31.3,7.6,59.1,0.9,1.2,1.12,20.33,83.5,1.0,1.0,10.0,current,2.0,female,5.1
17268.0,0.950262123452,0.0459708271528,6.546040725,61.0,0.955278673751202,-0.005016550299202,6.661231598878818,-0.1151908738788183,-0.022979461160976,-0.4511866994435521,0.428207238282576,0.428207238282576,0.0483769962184777,5.5,34.4,6.3,57.0,1.7,0.7,0.32,37.49,123.0,1.0,3.0,,former,1.0,male,8.9
16963.0,0.950594452415,0.111164753416,5.78685686,76.0,0.8699767099881364,0.0806177424268635,6.389529652310903,-0.6026727923109023,0.3692880905187726,-2.360585859373245,2.7298739498920175,2.7298739498920175,0.1169423544747018,3.1,34.3,11.9,53.0,0.6,0.2,0.07,17.87,72.1,1.0,3.0,,former,1.0,male,5.9
15389.0,0.951206206934,0.0483961671092,6.44290287,72.0,0.8927239003249539,0.0584823066090461,6.461983504729013,-0.0190806347290131,0.2678916413019218,-0.0747362036312711,0.342627844933193,0.342627844933193,0.050878733503216,4.1,38.9,12.1,46.3,2.1,0.6,0.22,35.74,117.5,2.0,,,never,1.0,male,5.8
13056.0,0.951642910117,0.0578363883413,6.574615117,70.0,0.9040974954933628,0.0475454146236372,6.4982104309380695,0.07640468606193,0.2177926948923794,0.2992665735183902,-0.0814738786260108,0.0814738786260108,0.0607753052394298,5.1,24.8,4.9,68.1,1.5,0.6,0.1,31.4,106.7,2.0,,,never,2.0,female,5.8
12023.0,0.953017661226,0.0380014085875,6.620881855,65.0,0.9325314834143844,0.0204861778116154,6.588777746460708,0.0321041085392925,0.0938416440145635,0.1257473468398134,-0.0319057028252498,0.0319057028252498,0.039874820933133,4.9,33.6,8.0,56.7,1.3,0.4,0.02,22.36,82.0,2.0,,,never,2.0,female,5.5
19959.0,0.953582243873,0.075322136423,6.495254058,68.0,0.9154710906617712,0.0381111532112286,6.534437357147125,-0.0391832991471243,0.1745768930407711,-0.1534755560071436,0.3280524490479147,0.3280524490479147,0.0789886104811233,6.7,38.6,10.4,47.5,2.2,1.4,0.1,28.84,97.3,1.0,3.0,,former,2.0,female,7.0
17635.0,0.953775068987,0.0634088599307,6.477607467,85.0,0.8187955317302971,0.1349795372567029,6.226508484370153,0.2510989826298475,0.6183047809588065,0.9835199386157912,-0.3652151576569847,0.3652151576569847,0.066481985105824,4.4,49.3,7.5,40.3,2.2,0.8,0.34,,,2.0,,,never,2.0,female,5.3
18094.0,0.955409947637,0.0359325106487,6.007867959,85.0,0.8187955317302971,0.1366144159067029,6.226508484370153,-0.2186405253701524,0.6257937182164595,-0.8563846569142399,1.4821783751306994,1.4821783751306994,0.0376095211668784,5.6,19.7,6.8,69.3,0.8,3.4,0.18,22.64,81.5,1.0,3.0,,former,2.0,female,5.4
20500.0,0.956000622133,0.0486557026792,6.679715012,82.0,0.8358559244829101,0.1201446976500898,6.280848873683736,0.3988661383162641,0.5503503899455829,1.5623034221967371,-1.0119530322511543,1.0119530322511543,0.050895053363711,6.8,29.7,6.9,61.4,1.7,0.3,0.07,19.26,,2.0,,,never,2.0,female,5.0
19798.0,0.95602940651,0.0777709644822,6.473173575,58.0,0.9723390665038152,-0.0163096599938151,6.715571988192401,-0.2423984131924017,-0.0747101446259234,-0.9494410131282536,0.8747308685023301,0.8747308685023301,0.0813478790010279,6.6,31.3,7.6,58.5,2.1,0.6,0.63,39.85,137.0,1.0,3.0,,former,2.0,female,6.7
13740.0,0.956646503173,0.0657052857354,6.556847825,61.0,0.955278673751202,0.001367829421798,6.661231598878818,-0.1043837738788182,0.0062656569152806,-0.4088567854897258,0.4151224424050064,0.4151224424050064,0.0686829309650629,5.4,40.5,9.7,46.0,3.3,0.6,0.09,30.57,108.0,1.0,3.0,,former,1.0,male,7.1
11097.0,0.957009477712,0.0636996964272,6.952839595,62.0,0.9495918761669976,0.0074176015450022,6.643118135774291,0.3097214592257096,0.0339780280162026,1.213136060430434,-1.1791580324142312,1.1791580324142312,0.066561197052606,7.4,29.5,5.9,62.2,1.7,0.6,0.49,27.12,101.0,2.0,,,never,2.0,female,5.7
14745.0,0.95768158667,0.0750111029542,6.792789609,67.0,0.9211578882459758,0.0365236984240242,6.5525508202516525,0.2402387887483472,0.1673051916819368,0.9409820632814484,-0.7736768715995117,0.7736768715995117,0.0783257232866141,6.3,35.5,10.6,52.0,1.8,0.2,0.63,45.04,119.7,2.0,,,never,2.0,female,5.4
14424.0,0.957909986317,0.0575372866326,6.450772171,84.0,0.8244823293145014,0.1334276570024986,6.2446219474746805,0.2061502235253192,0.6111960369213654,0.8074618744518673,-0.1962658375305019,0.1962658375305019,0.0600654419042242,12.2,20.0,8.6,68.5,2.3,0.6,0.8,18.32,80.2,2.0,,,never,2.0,female,5.8
14570.0,0.957916799026,0.0329670859207,6.632070136,62.0,0.9495918761669976,0.0083249228590023,6.643118135774291,-0.0110479997742904,0.0381342217453688,-0.0432734850059319,0.0814077067513008,0.0814077067513008,0.0344153959448467,6.8,41.1,7.8,49.9,1.2,0.2,0.17,28.91,102.1,1.0,3.0,,former,1.0,male,5.9
17527.0,0.958620498318,0.0667735900142,6.618874822,57.0,0.9780258640880196,-0.0194053657700195,6.73368545129693,-0.1148106292969295,-0.0888907361494276,-0.4496973340788603,0.3608065979294327,0.3608065979294327,0.0696559171552885,6.2,29.8,8.4,60.7,1.2,0.1,0.05,24.95,84.0,2.0,,,never,2.0,female,5.1
14656.0,0.958779223885,0.0911773044271,7.010327169,58.0,0.9723390665038152,-0.0135598426188151,6.715571988192401,0.2947551808075985,-0.062113974389448,1.1545152206447704,-1.2166291950342183,1.2166291950342183,0.0950972884640188,5.4,38.2,6.6,52.2,2.4,0.7,1.91,,120.2,1.0,1.0,2.0,current,2.0,female,6.0
19404.0,0.958913108561,0.0946733466811,6.339545692,66.0,0.9268446858301802,0.0320684227308197,6.57066428335618,-0.2311185913561804,0.1468967778024389,-0.9052595132122966,1.0521562910147355,1.0521562910147355,0.0987298492802671,6.4,26.3,7.2,64.4,1.9,0.3,0.09,36.35,116.8,1.0,3.0,,former,2.0,female,7.6
16376.0,0.959368668936,0.0321984767803,6.97655238,53.0,1.000773054424837,-0.0414043854888369,6.806139303715041,0.1704130762849596,-0.1896623000842153,0.667484418183337,-0.8571467182675523,0.8571467182675523,0.033562151676279,7.4,21.2,7.5,68.9,1.6,0.9,0.17,28.1,100.2,2.0,,,never,1.0,male,5.0
16058.0,0.959427485005,0.0531591332178,6.625852034,62.0,0.9495918761669976,0.0098356088380022,6.643118135774291,-0.0172661017742905,0.0450542659411547,-0.0676289293541952,0.1126831952953499,0.1126831952953499,0.0554071402462719,7.8,34.7,6.1,54.3,4.1,0.8,0.23,26.14,97.0,1.0,3.0,,former,2.0,female,5.4
18616.0,0.959717308193,0.0682352069131,6.743493974,60.0,0.9609654713354064,-0.0012481631424062,6.679345061983346,0.0641489120166536,-0.0057174980300804,0.2512624039655882,-0.2569799019956686,0.2569799019956686,0.0710992771835869,7.1,28.3,10.8,58.7,2.3,5.397605346934028e-79,1.54,28.68,112.6,1.0,3.0,,former,1.0,male,10.5
19707.0,0.960353022315,0.146467205454,6.745777933,61.0,0.955278673751202,0.0050743485637979,6.661231598878818,0.0845463341211818,0.0232442193906834,0.3311562813762302,-0.3079120619855468,0.3079120619855468,0.1525139214962121,5.1,37.5,5.6,54.0,2.2,0.7,0.46,31.63,99.2,2.0,,,never,2.0,female,6.2
12131.0,0.96045524886,0.0256601216374,6.871453215,60.0,0.9609654713354064,-0.0005102224754063,6.679345061983346,0.1921081530166537,-0.0023371912684543,0.7524610290478859,-0.7547982203163403,0.7547982203163403,0.026716623880037,4.2,38.5,4.7,53.9,2.3,0.6,0.53,27.55,105.4,2.0,,,never,2.0,female,16.1
10871.0,0.96105513619,0.0647915968813,6.720564196,52.0,1.0064598520090415,-0.0454047158190414,6.824252766819568,-0.1036885708195685,-0.2079867322081456,-0.4061337713898768,0.1981470391817311,0.1981470391817311,0.0674171485500398,8.0,16.6,6.6,75.9,0.6,0.2,0.23,23.58,84.3,2.0,,,never,1.0,male,5.4
11426.0,0.961126564278,0.0517944472475,6.209690852,75.0,0.8756635075723407,0.0854630567056593,6.40764311541543,-0.1979522634154307,0.3914831657480634,-0.7753516000907087,1.166834765838772,1.166834765838772,0.0538893098708681,6.1,36.5,9.6,47.2,4.7,2.0,0.08,25.45,97.6,1.0,3.0,,former,1.0,male,5.8
10782.0,0.961657133918,0.0241274558385,6.641960558,53.0,1.000773054424837,-0.0391159205068369,6.806139303715041,-0.1641787457150405,-0.1791794604761907,-0.6430654087743021,0.4638859482981113,0.4638859482981113,0.0250894575493861,7.1,26.3,4.3,68.4,0.9,0.1,0.09,22.48,82.0,1.0,2.0,,current,1.0,male,5.4
10382.0,0.962244409233,0.0974279437158,6.929766132,52.0,1.0064598520090415,-0.0442154427760415,6.824252766819568,0.1055133651804318,-0.2025389938079623,0.4132812381736368,-0.6158202319815991,0.6158202319815991,0.1012507246401767,5.1,31.2,7.5,54.9,5.1,1.3,0.01,21.31,79.2,1.0,3.0,,former,1.0,male,5.1
20746.0,0.963030285367,0.0324293111372,7.012637869,59.0,0.9666522689196108,-0.0036219835526107,6.697458525087875,0.3151793439121251,-0.0165913277867768,1.2345138388488692,-1.251105166635646,1.251105166635646,0.0336742381106338,8.9,22.1,8.1,66.0,3.1,0.6,0.07,32.06,110.0,2.0,,,never,1.0,male,5.6
11188.0,0.963393623147,0.0490355452224,6.889525589,52.0,1.0064598520090415,-0.0430662288620415,6.824252766819568,0.0652728221804315,-0.1972747554514536,0.2556646044194147,-0.4529393598708683,0.4529393598708683,0.0508987645799663,7.3,30.0,5.7,62.1,1.6,0.6,0.4,28.12,88.9,2.0,,,never,2.0,female,5.4
13658.0,0.963475100448,0.0297956290172,6.664440353,65.0,0.9325314834143844,0.0309436170336154,6.588777746460708,0.075662606539292,0.1417443468905706,0.2963599508036781,-0.1546156039131075,0.1546156039131075,0.0309251676595954,5.8,42.7,14.1,35.8,6.4,1.0,0.72,25.83,90.8,1.0,1.0,1.0,current,1.0,male,5.5
18131.0,0.96352810983,0.0601921303656,6.463272342,62.0,0.9495918761669976,0.0139362336630023,6.643118135774291,-0.179845793774291,0.0638381200404174,-0.7044310661901241,0.7682691862305415,0.7682691862305415,0.0624705493815016,8.2,13.9,8.2,75.7,2.3,5.397605346934028e-79,3.88,32.85,110.4,1.0,1.0,10.0,current,2.0,female,5.5
15369.0,0.965207854755,0.0449333081423,6.763815774,63.0,0.9439050785827932,0.0213027761722067,6.625004672669763,0.1388111013302371,0.0975822604127108,0.5437038590505103,-0.4461215986377995,0.4461215986377995,0.0465529864069594,5.6,28.7,11.6,57.0,2.1,0.6,0.08,28.84,107.4,1.0,3.0,,former,1.0,male,5.8
13486.0,0.965273812044,0.0804216722304,6.148421307,75.0,0.8756635075723407,0.0896103044716593,6.40764311541543,-0.2592218084154307,0.4104805869398534,-1.0153359222344915,1.425816509174345,1.425816509174345,0.0833148804276626,9.9,18.3,8.6,69.4,2.8,0.9,0.04,28.0,111.5,1.0,3.0,,former,1.0,male,5.4
13922.0,0.965347789229,0.0434418301056,6.746061945,53.0,1.000773054424837,-0.035425265195837,6.806139303715041,-0.0600773587150404,-0.1622735659232815,-0.2353146935792958,0.0730411276560143,0.0730411276560143,0.0450012219329739,6.3,42.4,5.5,49.3,2.0,0.8,0.36,37.47,117.3,1.0,1.0,15.0,current,2.0,female,5.3
11079.0,0.965465615421,0.0981145048913,6.494045004,63.0,0.9439050785827932,0.0215605368382066,6.625004672669763,-0.1309596686697629,0.0987629923619378,-0.5129508847158478,0.6117138770777857,0.6117138770777857,0.1016240281623248,6.1,36.7,7.8,48.7,6.5,0.4,0.51,32.45,111.0,1.0,1.0,15.0,current,1.0,male,5.7
10142.0,0.965630242149,0.0546051458027,6.731088667,84.0,0.8244823293145014,0.1411479128344985,6.2446219474746805,0.4864667195253194,0.6465604424317544,1.905422766413452,-1.2588623239816978,1.2588623239816978,0.0565487113174674,5.8,34.6,2.4,57.1,3.9,2.0,1.96,35.27,101.0,2.0,,,never,2.0,female,5.9
11591.0,0.965636347472,0.0399536420683,6.810382109,58.0,0.9723390665038152,-0.0067027190318151,6.715571988192401,0.0948101208075984,-0.0307033444255574,0.371358112327775,-0.4020614567533325,0.4020614567533325,0.0413754537853687,6.8,20.7,9.3,67.3,2.1,0.6,0.29,31.77,109.7,1.0,3.0,,former,1.0,male,5.3
13892.0,0.96590073813,0.0288208032681,7.092276223,56.0,0.9837126616722238,-0.0178119235422238,6.751798914401458,0.3404773085985422,-0.0815916079433944,1.3336024628444805,-1.4151940707878747,1.4151940707878747,0.0298382661182116,7.7,30.8,6.6,60.0,2.5,0.2,2.32,59.88,,2.0,,,never,2.0,female,5.5
20005.0,0.966301720849,0.0887646891514,6.89486276,51.0,1.012146649593246,-0.0458449287442458,6.842366229924096,0.0524965300759037,-0.2100032286477213,0.2056216377184857,-0.4156248663662071,0.4156248663662071,0.0918602205048446,8.5,34.0,4.7,56.3,3.8,1.0,0.25,,,1.0,1.0,10.0,current,2.0,female,5.6
19348.0,0.967492086114,0.0931127468247,6.86957792,66.0,0.9268446858301802,0.0406474002838197,6.57066428335618,0.2989136366438201,0.1861947554408587,1.1708033162234217,-0.984608560782563,0.984608560782563,0.0962413524214899,9.7,17.5,6.3,72.6,3.2,0.4,0.32,30.87,113.5,1.0,3.0,,former,1.0,male,6.1
10330.0,0.967959707701,0.0511417712284,6.709596235,71.0,0.8984106979091583,0.0695490097918417,6.480096967833541,0.2294992671664593,0.3185852177242601,0.8989168446319888,-0.5803316269077288,0.5803316269077288,0.0528346074960772,4.8,26.7,8.0,63.3,0.9,1.0,2.02,28.29,104.4,1.0,3.0,,former,2.0,female,5.0
12515.0,0.967990229702,0.0150498593441,6.959362236,50.0,1.0178334471774502,-0.0498432174754501,6.860479693028624,0.098882542971376,-0.2283183087583889,0.3873092259268311,-0.61562753468522,0.61562753468522,0.0155475322811193,8.6,31.9,8.0,57.8,2.0,0.4,0.92,37.36,113.5,2.0,,,never,2.0,female,7.0
16897.0,0.968157535274,0.0549668668343,6.287947767,71.0,0.8984106979091583,0.0697468373648416,6.480096967833541,-0.1921492008335406,0.319491412371814,-0.7526218076616503,1.0721132200334642,1.0721132200334642,0.0567747136510627,8.4,25.6,8.1,64.5,1.1,0.7,0.13,27.64,104.9,1.0,3.0,,former,1.0,male,5.4
13817.0,0.968290427487,0.0556048573066,6.379336221,75.0,0.8756635075723407,0.0926269199146593,6.40764311541543,-0.0283068944154303,0.4242988870216939,-0.1108741850177389,0.5351730720394328,0.5351730720394328,0.0574258050354902,11.5,27.3,4.0,62.7,5.8,0.2,1.21,37.31,,2.0,,,never,2.0,female,8.3
12979.0,0.968296108938,0.0503981416476,6.754602595,62.0,0.9495918761669976,0.0187042327710023,6.643118135774291,0.1114844592257089,0.0856790353672871,0.4366691865730022,-0.350990151205715,0.350990151205715,0.0520482744714065,4.9,35.3,7.5,52.0,4.8,0.3,0.36,28.96,99.3,1.0,3.0,,former,1.0,male,7.7
19789.0,0.968298156607,0.0690659212263,6.618126365,80.0,0.8472295196513189,0.1210686369556811,6.317075799892791,0.301050565107209,0.554582706203094,1.1791733690572752,-0.6245906628541812,0.6245906628541812,0.0713271224932544,7.1,25.2,6.9,65.3,1.7,0.9,1.12,27.71,97.5,1.0,3.0,,former,2.0,female,5.4
18932.0,0.970191242684,0.0491327205576,6.4739517,71.0,0.8984106979091583,0.0717805447748417,6.480096967833541,-0.0061452678335411,0.3288072763926173,-0.0240701630055254,0.3528774393981428,0.3528774393981428,0.0506423047291955,4.9,26.7,13.9,56.8,1.6,1.0,0.33,22.34,83.5,2.0,,,never,2.0,female,5.3
15594.0,0.970541851375,0.0685612618116,6.842820858,54.0,0.9950862568406328,-0.0245444054656326,6.788025840610513,0.0547950173894866,-0.1124312881317015,0.2146244941932039,-0.3270557823249055,0.3270557823249055,0.0706422517632463,8.2,29.9,6.1,60.1,2.8,1.2,0.31,32.02,85.5,2.0,,,never,2.0,female,5.1
12484.0,0.97061944693,0.062237760527,6.566131474,62.0,0.9495918761669976,0.0210275707630023,6.643118135774291,-0.0769866617742911,0.0963216188094341,-0.3015460917820743,0.3978677105915085,0.3978677105915085,0.064121691280608,9.4,38.6,7.1,51.4,2.0,0.9,0.06,29.12,104.1,1.0,1.0,20.0,current,1.0,male,5.7
11982.0,0.970828967888,0.168442153954,6.19621566,68.0,0.9154710906617712,0.0553578772262286,6.534437357147125,-0.3382216971471248,0.2535794746992886,-1.324767545183705,1.578347019882994,1.578347019882994,0.1735034280244431,9.8,20.3,7.7,69.8,1.7,0.6,0.21,29.85,99.9,2.0,,,never,1.0,male,8.4
14521.0,0.970914501702,0.069382453555,7.077641375,58.0,0.9723390665038152,-0.0014245648018151,6.715571988192401,0.3620693868075983,-0.0065255463579848,1.4181756427607974,-1.4247011891187824,1.4247011891187824,0.0714609303222616,6.1,46.6,9.1,40.2,3.2,1.0,1.15,39.21,122.6,2.0,,,never,2.0,female,6.3
9968.0,0.971858824095,0.0545646500367,6.691145795,84.0,0.8244823293145014,0.1473764947804986,6.2446219474746805,0.4465238475253192,0.6750918930062324,1.7489720687398214,-1.073880175733589,1.073880175733589,0.0561446258282532,9.4,23.1,8.9,65.6,1.7,0.8,2.62,24.62,86.1,1.0,3.0,,former,2.0,female,5.8
17427.0,0.972309074985,0.102871639497,6.384459116,76.0,0.8699767099881364,0.1023323649968636,6.389529652310903,-0.0050705363109022,0.4687569079752517,-0.0198605884779675,0.4886174964532193,0.4886174964532193,0.1058013775080593,5.3,24.0,8.2,66.7,1.0,0.2,0.01,19.4,84.8,2.0,,,never,1.0,male,5.0
10167.0,0.972571729116,0.0977024230545,6.760277105,60.0,0.9609654713354064,0.0116062577805936,6.679345061983346,0.080932043016654,0.0531651302162471,0.3169996036866797,-0.2638344734704325,0.2638344734704325,0.1004578069972326,4.6,38.9,8.4,45.8,6.1,0.9,1.9,24.49,87.2,2.0,,,never,2.0,female,4.6
13490.0,0.972683806733,0.0313629221,6.731429714,71.0,0.8984106979091583,0.0742731088238417,6.480096967833541,0.2513327461664589,0.3402250386672928,0.9844355580132524,-0.6442105193459595,0.6442105193459595,0.0322436971633568,6.8,24.0,7.9,66.4,1.6,0.3,0.15,25.84,91.8,2.0,,,never,1.0,male,5.3
11747.0,0.972974509804,0.0966922709765,6.342979299,77.0,0.864289912403932,0.1086845974000679,6.371416189206375,-0.0284368902063754,0.4978547678767359,-0.1113833605269009,0.6092381284036369,0.6092381284036369,0.0993780104228815,6.0,22.0,7.3,68.9,1.4,0.4,0.31,28.52,104.4,2.0,,,never,1.0,male,5.2
12963.0,0.973723277809,0.0350324587377,6.746292386,60.0,0.9609654713354064,0.0127578064735937,6.679345061983346,0.0669473240166542,0.0584400635643642,0.2622233961991551,-0.2037833326347908,0.2037833326347908,0.0359778384024334,6.6,25.4,8.6,63.2,2.2,0.7,0.11,22.82,92.3,2.0,,,never,1.0,male,8.6
14556.0,0.97382588138,0.0488817170346,6.308285179,81.0,0.8415427220671146,0.1322831593128854,6.298962336788264,0.0093228422117359,0.6059534023141783,0.0365162817617937,0.5694371205523846,0.5694371205523846,0.0501955410810504,7.4,16.2,6.7,76.0,0.9,0.3,0.7,20.65,80.2,1.0,3.0,,former,1.0,male,5.3
12962.0,0.973855930343,0.0421978059015,6.725834934,67.0,0.9211578882459758,0.0526980420970242,6.5525508202516525,0.1732841137483474,0.2413954888124381,0.6787298742986145,-0.4373343854861763,0.4373343854861763,0.043330645310788,7.9,30.3,8.8,57.9,2.3,0.7,0.35,27.19,100.8,2.0,,,never,1.0,male,5.8
20549.0,0.974223253687,0.0462133094415,6.464173042,79.0,0.8529163172355232,0.1213069364514768,6.33518926299732,0.12898377900268,0.5556742917911401,0.5052115985438058,0.0504626932473343,0.0504626932473343,0.0474360566395877,7.8,36.8,7.4,54.2,1.5,0.2,0.51,29.36,,2.0,,,never,2.0,female,5.8
19303.0,0.974223843304,0.0686680945574,6.990354375,52.0,1.0064598520090415,-0.0322360087050415,6.824252766819568,0.1661016081804316,-0.1476644438590048,0.6505969947414021,-0.7982614386004069,0.7982614386004069,0.0704849250296706,7.4,31.2,6.9,59.9,1.7,0.5,0.76,38.01,121.5,2.0,,,never,2.0,female,12.3
20917.0,0.974430514138,0.0474780542779,7.153231307,66.0,0.9268446858301802,0.0475858283078197,6.57066428335618,0.5825670236438203,0.2179778190575236,2.281834348084082,-2.0638565290265585,2.0638565290265585,0.0487238993330376,3.8,35.0,7.4,55.5,1.8,0.3,1.39,25.76,95.2,1.0,1.0,20.0,current,1.0,male,5.4
17944.0,0.975052912348,0.0638170040989,6.047970002,70.0,0.9040974954933628,0.0709554168546372,6.4982104309380695,-0.4502404289380699,0.3250275883870585,-1.763529403399825,2.0885569917868834,2.0885569917868834,0.0654497856380162,5.9,29.6,11.2,55.8,2.6,0.8,0.16,28.96,106.4,2.0,,,never,1.0,male,5.6
17542.0,0.975351952003,0.0591602274179,6.269280395,68.0,0.9154710906617712,0.0598808613412286,6.534437357147125,-0.2651569621471248,0.2742980425603318,-1.0385830974031622,1.312881139963494,1.312881139963494,0.0606552612074108,5.6,29.0,8.3,60.6,1.7,0.4,0.16,25.52,95.0,1.0,3.0,,former,1.0,male,5.4
19384.0,0.975529295589,0.0852692289798,6.825682164,75.0,0.8756635075723407,0.0998657880166593,6.40764311541543,0.4180390485845695,0.4574581854395328,1.6374010563355712,-1.1799428708960384,1.1799428708960384,0.0874081684326215,5.6,39.0,8.8,50.0,2.0,0.3,0.47,32.9,104.3,2.0,,,never,2.0,female,5.3
10433.0,0.975575248291,0.0432238548486,6.322306068,81.0,0.8415427220671146,0.1340325262238854,6.298962336788264,0.0233437312117352,0.613966779354176,0.0914341621298959,0.52253261722428,0.52253261722428,0.0443060183459133,7.1,22.5,8.6,66.4,2.0,0.5,0.05,31.84,103.7,2.0,,,never,2.0,female,6.3
12947.0,0.97576409619,0.0810406606681,6.433589513,72.0,0.8927239003249539,0.0830401958650461,6.461983504729013,-0.028393991729013,0.3803846950332025,-0.111215333132364,0.4916000281655665,0.4916000281655665,0.0830535382317652,5.7,32.2,8.5,53.5,4.7,1.2,0.22,24.56,82.5,2.0,,,never,2.0,female,6.1
14799.0,0.975884712761,0.0781020504555,6.785084569,51.0,1.012146649593246,-0.0362619368322458,6.842366229924096,-0.0572816609240955,-0.1661061325729982,-0.2243643325266915,0.0582581999536933,0.0582581999536933,0.0800320462388754,7.2,28.4,7.6,58.8,4.1,1.0,0.18,26.36,96.5,1.0,1.0,4.0,current,1.0,male,8.9
15218.0,0.976015705111,0.0825112705423,6.33653543,59.0,0.9666522689196108,0.0093634361913892,6.697458525087875,-0.360923095087875,0.042891370655156,-1.413685776852101,1.4565771475072569,1.4565771475072569,0.084538875870769,4.0,23.7,9.1,65.6,1.3,0.4,0.09,24.89,89.2,2.0,,,never,2.0,female,14.6
18138.0,0.976307962602,0.064165840537,5.772412044,85.0,0.8187955317302971,0.1575124308717029,6.226508484370153,-0.4540964403701526,0.7215218769286535,-1.7786328661349742,2.5001547430636277,2.5001547430636277,0.0657229511536389,6.1,19.5,11.9,64.9,3.3,0.6,0.26,24.96,,1.0,3.0,,former,1.0,male,5.3
19056.0,0.977728094448,0.0474362097906,6.887287522,63.0,0.9439050785827932,0.0338230158652067,6.625004672669763,0.2622828493302371,0.1549340947593475,1.0273255955541516,-0.8723915007948041,0.8723915007948041,0.0485167707258951,3.5,30.7,11.6,53.5,3.5,0.8,0.19,22.79,80.3,1.0,3.0,,former,1.0,male,5.7
16926.0,0.977771847308,0.0604709161468,7.076983091,51.0,1.012146649593246,-0.0343748022852458,6.842366229924096,0.2346168610759038,-0.1574616792252021,0.9189617512061312,-1.0764234304313334,1.0764234304313334,0.061845630259542,6.4,37.0,10.2,49.7,2.9,0.1,0.18,28.88,100.0,1.0,3.0,,former,1.0,male,5.2
11579.0,0.978158935495,0.0502609770262,6.705847943,55.0,0.9893994592564282,-0.0112405237614282,6.769912377505985,-0.064064434505985,-0.051489801516763,-0.2509315172561441,0.1994417157393811,0.1994417157393811,0.0513832417231513,7.2,34.8,9.9,50.5,3.8,1.0,0.9,40.19,132.0,2.0,,,never,1.0,male,5.7
14284.0,0.979064094652,0.0540676803346,6.943919574,59.0,0.9666522689196108,0.0124118257323891,6.697458525087875,0.246461048912125,0.05685521929275,0.965353794581338,-0.9084985752885878,0.9084985752885878,0.0552238414521961,5.1,20.0,10.8,66.3,1.7,1.2,0.12,29.51,105.1,1.0,3.0,,former,1.0,male,5.0
12570.0,0.979571395474,0.0534425097276,6.729899648,55.0,0.9893994592564282,-0.0098280637824282,6.769912377505985,-0.0400127295059853,-0.0450197040806771,-0.1567243198495505,0.1117046157688733,0.1117046157688733,0.0545570337951119,9.8,33.7,7.6,56.2,2.0,0.6,0.05,30.74,104.0,1.0,3.0,,former,1.0,male,5.2
20889.0,0.979960634728,0.0640565718014,6.105412749,61.0,0.955278673751202,0.0246819609767979,6.661231598878818,-0.5558188498788184,0.1130613927529599,-2.177065455976623,2.290126848729583,2.290126848729583,0.0653664744596395,5.4,41.3,7.6,47.9,2.6,0.6,1.26,32.67,116.5,2.0,,,never,1.0,male,7.1
16945.0,0.980755763931,0.0583931501294,6.664135221,74.0,0.8813503051565452,0.0994054587744547,6.425756578519958,0.2383786424800424,0.4553495415883617,0.933696127972358,-0.4783465863839963,0.4783465863839963,0.0595389313801761,5.1,19.5,8.4,70.2,1.5,0.5,0.13,23.2,93.2,2.0,,,never,2.0,female,4.8
14849.0,0.981163105435,0.0642802990758,6.593078791,63.0,0.9439050785827932,0.0372580268522066,6.625004672669763,-0.0319258816697631,0.170668951753774,-0.1250492568756751,0.2957182086294492,0.2957182086294492,0.0655143866699933,4.7,36.1,10.6,49.7,3.3,0.3,0.2,23.05,82.6,1.0,3.0,,former,1.0,male,5.7
18458.0,0.981761530796,0.0561617547632,6.686233712,83.0,0.8301691268987057,0.1515924038972943,6.262735410579208,0.4234983014207918,0.694403833289782,1.6587841936073158,-0.9643803603175338,0.9643803603175338,0.0572050879989815,8.6,19.1,8.4,68.9,3.1,0.4,0.34,,112.8,1.0,3.0,,former,1.0,male,7.9
11142.0,0.982402448674,0.0515962942195,6.677069031,50.0,1.0178334471774502,-0.0354309985034502,6.860479693028624,-0.1834106620286233,-0.162299828655989,-0.7183941614203536,0.5560943327643646,0.5560943327643646,0.0525205268870636,6.8,34.8,14.0,44.9,5.6,0.6,0.09,26.26,97.2,1.0,1.0,5.0,current,1.0,male,4.8
13507.0,0.982618444084,0.0442216291346,6.645405253,57.0,0.9780258640880196,0.0045925799959805,6.73368545129693,-0.0882801982969301,0.0210373677830156,-0.3457813102252923,0.3668186780083079,0.3668186780083079,0.0450038663540694,5.4,33.3,8.1,53.8,4.8,5.397605346934028e-79,0.2,29.74,115.6,2.0,,,never,1.0,male,5.4
17778.0,0.982917983515,0.0531900607814,6.797786411,50.0,1.0178334471774502,-0.0349154636624501,6.860479693028624,-0.0626932820286239,-0.1599383028764556,-0.2455609029022218,0.0856226000257661,0.0856226000257661,0.0541144446164142,5.3,35.5,7.5,50.5,6.4,0.1,0.3,30.81,111.0,1.0,3.0,,former,1.0,male,5.4
12313.0,0.983752405122,0.094284353504,6.449494381,60.0,0.9609654713354064,0.0227869337865936,6.679345061983346,-0.229850680983346,0.1043807853396902,-0.9002932838831295,1.0046740692228198,1.0046740692228198,0.095841548150835,4.7,36.9,12.4,46.6,3.4,0.7,2.57,47.61,139.9,2.0,,,never,1.0,male,6.7
15660.0,0.983759536781,0.134663721076,6.455784967,68.0,0.9154710906617712,0.0682884461192286,6.534437357147125,-0.0786523901471252,0.312810916216637,-0.3080705191208159,0.6208814353374529,0.6208814353374529,0.1368868265477137,6.6,27.7,7.6,62.4,1.9,0.6,0.31,28.04,94.7,2.0,,,never,1.0,male,6.6
18206.0,0.983867090476,0.0374272973014,6.463256425,78.0,0.8586031148197276,0.1252639756562723,6.353302726101847,0.1099536988981526,0.5738004189693172,0.4306734103750038,0.1431270085943133,0.1431270085943133,0.0380410094653054,6.2,32.8,6.1,58.3,2.2,0.5,0.19,24.97,89.0,1.0,1.0,3.0,current,2.0,female,5.3
19977.0,0.984038026566,0.0607100323664,6.605689799,62.0,0.9495918761669976,0.0344461503990023,6.643118135774291,-0.0374283367742904,0.1577885056519675,-0.1466016114490048,0.3043901171009724,0.3043901171009724,0.0616948031757064,6.6,36.9,6.1,51.8,4.4,0.8,0.36,32.05,97.5,2.0,,,never,2.0,female,5.1
11657.0,0.985710785294,0.0580872053375,7.334107618,52.0,1.0064598520090415,-0.0207490667150415,6.824252766819568,0.5098548511804317,-0.0950458670334959,1.9970308389307472,-2.092076705964243,2.092076705964243,0.0589292581598108,6.2,38.7,6.5,51.6,2.8,0.5,0.08,21.65,73.1,1.0,3.0,,former,2.0,female,5.4
14522.0,0.986090135021,0.0388391150208,6.864069137,55.0,0.9893994592564282,-0.0033093242354282,6.769912377505985,0.0941567594940151,-0.0151591199532471,0.3687989865507637,-0.3839581065040109,0.3839581065040109,0.0393869826311292,7.5,37.7,9.5,49.5,2.4,1.0,0.45,29.43,102.3,1.0,3.0,,former,1.0,male,5.6
11382.0,0.986181125453,0.0731397290418,6.689817835,57.0,0.9780258640880196,0.0081552613649804,6.73368545129693,-0.0438676162969295,0.0373570482935231,-0.1718233775211193,0.2091804258146424,0.2091804258146424,0.0741646003498631,8.8,21.5,7.1,68.6,1.8,0.9,1.1,46.21,141.9,1.0,3.0,,former,1.0,male,5.4
13749.0,0.986717504889,0.0687491533109,6.814445022,75.0,0.8756635075723407,0.1110539973166593,6.40764311541543,0.4068019065845698,0.5087083485468614,1.593386727427084,-1.0846783788802226,1.0846783788802226,0.0696746059234389,4.2,29.5,13.6,53.8,2.6,0.5,0.04,25.3,100.4,1.0,3.0,,former,1.0,male,7.1
16418.0,0.986865047011,0.0474635431097,6.793462795,53.0,1.000773054424837,-0.013908007413837,6.806139303715041,-0.0126765087150406,-0.0637088232213428,-0.049652128983964,-0.0140566942373788,0.0140566942373788,0.0480952722496928,5.9,42.6,4.7,51.3,1.0,0.4,0.42,26.72,95.4,9.0,,,,2.0,female,5.8
20775.0,0.987071064777,0.0346589303554,6.647058986,60.0,0.9609654713354064,0.0261055934415936,6.679345061983346,-0.0322860759833458,0.1195826683270295,-0.1264600881163051,0.2460427564433347,0.2460427564433347,0.0351129028012083,5.7,36.7,11.2,47.0,4.7,0.4,0.09,26.75,100.6,1.0,3.0,,former,1.0,male,5.5
20826.0,0.987500934291,0.0560801343609,6.185568589,64.0,0.9382182809985888,0.0492826532924112,6.6068912095652355,-0.4213226205652356,0.2257505157324868,-1.6502623530204164,1.8760128687529032,1.8760128687529032,0.0567899557494232,7.4,38.7,9.1,49.1,2.7,0.5,0.2,24.57,97.3,1.0,3.0,,former,1.0,male,5.5
15340.0,0.987824170099,0.0890384714375,6.490136459,59.0,0.9666522689196108,0.0211719011793892,6.697458525087875,-0.2073220660878743,0.0969827574405446,-0.8120518194732319,0.9090345769137764,0.9090345769137764,0.0901359514503239,7.4,19.9,5.2,72.8,1.7,0.5,0.67,20.26,82.2,1.0,1.0,15.0,current,2.0,female,5.2
20893.0,0.98887514952,0.0951301342215,6.43020983,53.0,1.000773054424837,-0.0118979049048369,6.806139303715041,-0.3759294737150407,-0.0545010868726224,-1.4724636836028906,1.417962596730268,1.417962596730268,0.0962003487171016,5.0,40.1,6.5,52.6,0.7,0.2,0.04,26.05,105.2,1.0,1.0,20.0,current,1.0,male,4.9
19725.0,0.98930293464,0.0671539695851,6.744859146,72.0,0.8927239003249539,0.0965790343150461,6.461983504729013,0.2828756412709863,0.4424024550018393,1.1079847095552209,-0.6655822545533814,0.6655822545533814,0.0678800873157591,6.8,15.8,6.7,76.1,1.4,5.397605346934028e-79,0.19,20.9,77.5,1.0,3.0,,former,2.0,female,5.3
10357.0,0.989331557945,0.0501333734455,7.015094938,52.0,1.0064598520090415,-0.0171282940640414,6.824252766819568,0.1908421711804315,-0.0784600860597429,0.7475023535295331,-0.8259624395892761,0.8259624395892761,0.0506739859280694,9.9,29.7,3.4,63.6,3.2,0.2,0.13,20.19,81.6,1.0,1.0,10.0,current,2.0,female,5.3
16956.0,0.989554950546,0.0582188410283,6.492147882,60.0,0.9609654713354064,0.0285894792105936,6.679345061983346,-0.1871971799833458,0.1309606777463938,-0.7332254278292905,0.8641861055756843,0.8641861055756843,0.0588333583659775,9.6,29.0,7.5,59.2,3.5,0.9,1.46,24.33,100.7,1.0,1.0,15.0,current,1.0,male,5.7
17286.0,0.989935387545,0.0357379687662,6.837341518,53.0,1.000773054424837,-0.010837666879837,6.806139303715041,0.031202214284959,-0.049644423017233,0.1222147519548408,-0.1718591749720738,0.1718591749720738,0.0361013145058171,4.7,23.3,9.4,60.4,6.7,0.4,0.61,23.78,81.4,1.0,3.0,,former,2.0,female,5.3
17942.0,0.990781303774,0.0879441380847,6.690699688,62.0,0.9495918761669976,0.0411894276070022,6.643118135774291,0.0475815522257088,0.1886776361214815,0.1863703501867972,0.0023072859346842,0.0023072859346842,0.0887624117953282,3.5,30.5,7.6,60.3,1.0,0.6,0.11,27.55,102.7,1.0,3.0,,former,1.0,male,4.9
19261.0,0.991204329385,0.0995867165012,7.049338453,53.0,1.000773054424837,-0.0095687250398369,6.806139303715041,0.2431991492849592,-0.0438317433890716,0.9525773855036068,-0.9964091288926784,0.9964091288926784,0.100470421232915,5.9,42.7,6.1,43.1,8.0,0.2,0.53,21.42,80.3,2.0,,,never,2.0,female,5.6
20850.0,0.991758559643,0.0975946489361,6.643624343,61.0,0.955278673751202,0.0364798858917979,6.661231598878818,-0.0176072558788185,0.1671044983124676,-0.0689651827329612,0.2360696810454289,0.2360696810454289,0.0984056532582192,6.4,38.4,6.5,52.1,2.5,0.5,0.58,25.96,100.7,1.0,3.0,,former,1.0,male,5.3
18209.0,0.9924392137,0.0599652711146,7.112874682,65.0,0.9325314834143844,0.0599077302856154,6.588777746460708,0.5240969355392924,0.2744211219330379,2.0528151108847132,-1.778393988951675,1.778393988951675,0.0604221097743993,6.1,31.2,7.3,58.6,2.4,0.6,0.22,32.2,114.7,2.0,,,never,2.0,female,5.4
10903.0,0.993604840357,0.0488428324962,6.354576285,66.0,0.9268446858301802,0.0667601545268198,6.57066428335618,-0.2160879983561798,0.3058102254638716,-0.8463867621167201,1.1521969875805915,1.1521969875805915,0.0491572006419079,8.1,39.2,6.4,53.0,1.3,0.1,0.41,29.34,,2.0,,,never,2.0,female,5.8
17768.0,0.994361802987,0.0397755469421,6.736735578,68.0,0.9154710906617712,0.0788907123252287,6.534437357147125,0.2022982208528754,0.3613770323657888,0.7923741134730244,-0.4309970811072356,0.4309970811072356,0.0400010809170432,7.0,41.0,5.2,49.2,3.8,0.9,0.42,36.7,124.8,2.0,,,never,2.0,female,5.5
11402.0,0.99455921646,0.0300329328936,6.353492095,77.0,0.864289912403932,0.1302693040560679,6.371416189206375,-0.0179240942063749,0.5967284756419137,-0.0702061945809815,0.6669346702228952,0.6669346702228952,0.0301972294827232,7.9,32.8,9.9,54.3,2.1,0.9,0.62,28.29,97.8,1.0,3.0,,former,2.0,female,6.8
17325.0,0.995008282381,0.037890397711,6.747287529,55.0,0.9893994592564282,0.0056088231245717,6.769912377505985,-0.022624848505985,0.0256925029079015,-0.0886183981342539,0.1143109010421555,0.1143109010421555,0.0380804847376047,8.8,27.4,11.0,59.2,2.3,0.2,3.12,32.99,112.9,2.0,,,never,1.0,male,5.5
14776.0,0.99572352447,0.0448540461187,6.809583872,62.0,0.9495918761669976,0.0461316483030023,6.643118135774291,0.1664657362257093,0.2113166134583121,0.6520232338642733,-0.4407066204059612,0.4407066204059612,0.0450466871741076,5.3,37.3,7.8,52.2,2.3,0.4,0.06,24.57,89.4,2.0,,,never,1.0,male,5.1
13633.0,0.995809775875,0.0587260398291,7.063452502,56.0,0.9837126616722238,0.0120971142027761,6.751798914401458,0.311653587598542,0.0554136108287016,1.2207039396736852,-1.1652903288449836,1.1652903288449836,0.0589731505472503,6.1,26.7,8.9,62.5,1.3,0.6,0.07,28.76,98.4,1.0,3.0,,former,1.0,male,5.5
14044.0,0.99611173317,0.103938271764,7.010831159,55.0,0.9893994592564282,0.0067122739135717,6.769912377505985,0.240918781494015,0.0307471127566071,0.943645500689573,-0.9128983879329658,0.9128983879329658,0.1043439890354765,7.6,27.7,8.1,63.0,1.0,0.3,1.52,28.06,96.8,2.0,,,never,2.0,female,5.5
10752.0,0.996335619933,0.0480546365384,6.672643289,53.0,1.000773054424837,-0.0044374344918369,6.806139303715041,-0.1334960147150408,-0.0203266881577493,-0.5228854008999989,0.5025587127422495,0.5025587127422495,0.0482313746261842,5.4,25.0,9.5,63.8,1.2,0.5,0.05,,87.7,2.0,,,never,1.0,male,5.3
10107.0,0.996980445905,0.0389949262697,6.722162362,53.0,1.000773054424837,-0.0037926085198369,6.806139303715041,-0.0839769417150408,-0.0173729146489858,-0.3289260501802656,0.3115531355312798,0.3115531355312798,0.0391130301801483,5.9,35.1,11.0,48.6,4.1,1.2,0.06,23.17,79.5,1.0,3.0,,former,2.0,female,5.3
17135.0,0.997389936378,0.0317125760222,6.649709287,61.0,0.955278673751202,0.0421112626267979,6.661231598878818,-0.0115223118788181,0.1929003132144616,-0.0451312998287718,0.2380316130432334,0.2380316130432334,0.0317955644683598,17.5,36.6,7.8,53.5,1.8,0.4,0.52,26.86,97.6,1.0,1.0,20.0,current,1.0,male,5.3
15840.0,0.998734139652,0.082195364808,6.304668296,71.0,0.8984106979091583,0.1003234417428416,6.480096967833541,-0.1754286718335409,0.4595545734748837,-0.6871298113044001,1.1466843847792838,1.1466843847792838,0.0822995445380892,6.4,33.8,8.0,55.9,1.8,0.5,0.24,23.17,83.5,1.0,1.0,30.0,current,2.0,female,5.3
13898.0,0.998861212033,0.0503234706313,6.72400932,55.0,0.9893994592564282,0.0094617527765717,6.769912377505985,-0.0459030575059848,0.0433417323610959,-0.1797959188353833,0.2231376511964793,0.2231376511964793,0.0503808437299069,5.9,24.8,6.6,61.3,6.2,1.0,0.12,28.8,95.5,2.0,,,never,2.0,female,5.2
18380.0,1.00009317031,0.0388912830842,6.876562673,57.0,0.9780258640880196,0.0220673062219805,6.73368545129693,0.1428772217030696,0.101084365950847,0.5596302894072109,-0.4585459234563638,0.4585459234563638,0.0388876599088711,8.1,25.0,8.0,64.3,2.3,0.4,0.82,33.61,109.1,1.0,1.0,20.0,current,2.0,female,5.4
10700.0,1.00033866961,0.045820119118,6.736134322,61.0,0.955278673751202,0.045059995858798,6.661231598878818,0.0749027231211814,0.2064076632333788,0.2933835926961783,-0.0869759294627995,0.0869759294627995,0.0458046064897839,6.0,31.3,7.4,57.8,2.6,1.0,0.38,32.91,110.6,1.0,3.0,,former,2.0,female,5.4
19465.0,1.00128725072,0.0319179620104,6.576863335,70.0,0.9040974954933628,0.0971897552266372,6.4982104309380695,0.0786529040619301,0.4452000024460134,0.3080725320539313,0.137127470392082,0.137127470392082,0.0318769284113511,4.9,32.0,10.3,54.6,2.4,0.6,0.12,23.41,87.8,2.0,,,never,1.0,male,5.3
10364.0,1.00179178705,0.0559590642068,6.401395782,79.0,0.8529163172355232,0.1488754698144767,6.33518926299732,0.0662065190026801,0.6819582925278423,0.2593217655583646,0.4226365269694777,0.4226365269694777,0.0558589768155157,5.5,43.6,10.5,40.9,4.7,0.3,0.19,,105.0,1.0,3.0,,former,2.0,female,6.0
15504.0,1.00187051126,0.0842453406616,7.134491809,50.0,1.0178334471774502,-0.0159629359174502,6.860479693028624,0.2740121159713764,-0.0731218953368311,1.0732675085244126,-1.1463894038612437,1.1463894038612437,0.0840880530116103,3.4,25.2,9.0,58.6,6.0,1.3,0.05,25.45,86.0,2.0,,,never,2.0,female,4.8
16815.0,1.00239658558,0.0181859603756,6.352790715,62.0,0.9495918761669976,0.0528047094130024,6.643118135774291,-0.2903274207742905,0.2418841029593064,-1.137172297823836,1.3790564007831425,1.3790564007831425,0.0181424803687627,5.1,29.3,12.4,55.5,2.3,0.5,0.84,27.2,98.4,1.0,3.0,,former,1.0,male,8.0
10104.0,1.00256271097,0.0761750918668,6.911652656,51.0,1.012146649593246,-0.0095839386232459,6.842366229924096,0.0692864260759043,-0.043901432703085,0.2713853350076488,-0.3152867677107338,0.3152867677107338,0.0759803761234038,8.1,29.5,6.8,61.4,1.6,0.7,0.1,33.29,109.3,2.0,,,never,2.0,female,8.5
12553.0,1.00345693178,0.0409538387937,6.681123729,64.0,0.9382182809985888,0.0652386507814111,6.6068912095652355,0.0742325194347648,0.2988406280037483,0.2907584976773897,0.0080821303263586,0.0080821303263586,0.0408127518946461,8.4,33.0,6.2,54.5,5.9,0.5,0.64,24.47,90.8,1.0,3.0,,former,2.0,female,5.1
13096.0,1.0035142759,0.034397258461,6.865253214,50.0,1.0178334471774502,-0.0143191712774501,6.860479693028624,0.0047735209713763,-0.0655922537604922,0.0186972205286475,-0.0842894742891398,0.0842894742891398,0.0342768003276793,6.6,36.7,7.5,54.3,1.2,0.4,0.32,,,2.0,,,never,2.0,female,6.8
16664.0,1.00357298042,0.0738054331112,6.802823593,65.0,0.9325314834143844,0.0710414970056154,6.588777746460708,0.2140458465392924,0.3254218982948949,0.838387936280974,-0.5129660379860791,0.5129660379860791,0.0735426666033915,7.6,35.6,10.6,51.2,2.0,0.6,0.18,36.61,111.1,2.0,,,never,2.0,female,5.5
13804.0,1.00420878224,0.0812702153972,5.931742066,84.0,0.8244823293145014,0.1797264529254987,6.2446219474746805,-0.3128798814746805,0.8232783084540121,-1.2255071629490364,2.0487854714030487,2.0487854714030487,0.0809296003326297,8.1,23.7,10.9,63.6,1.4,0.4,0.19,24.49,95.2,1.0,3.0,,former,1.0,male,5.8
19674.0,1.00513982482,0.0539495148553,6.789031976,63.0,0.9439050785827932,0.0612347462372068,6.625004672669763,0.1640273033302373,0.2804998233714427,0.642472229927277,-0.3619724065558343,0.3619724065558343,0.0536736417393085,4.6,43.6,9.4,42.8,3.8,0.6,0.05,16.37,78.3,1.0,1.0,20.0,current,2.0,female,5.3
19413.0,1.00581680457,0.0425152092851,6.475241743,64.0,0.9382182809985888,0.0675985235714111,6.6068912095652355,-0.1316494665652356,0.3096505674817352,-0.5156527275377789,0.825303295019514,0.825303295019514,0.042269336813552,3.8,20.8,18.0,57.8,3.1,0.4,1.05,31.28,108.2,1.0,1.0,20.0,current,1.0,male,5.8
18994.0,1.00585356921,0.104506480206,6.462695533,62.0,0.9495918761669976,0.0562616930430022,6.643118135774291,-0.180422602774291,0.2577196106930467,-0.7066903471570618,0.9644099578501084,0.9644099578501084,0.1038983042910308,6.5,30.8,10.4,56.5,1.4,0.9,0.1,35.02,122.7,1.0,3.0,,former,1.0,male,5.7
15530.0,1.00587618575,0.0620209176786,6.37827211,51.0,1.012146649593246,-0.0062704638432458,6.842366229924096,-0.4640941199240957,-0.0287233002268696,-1.817792392303543,1.7890690920766734,1.7890690920766734,0.0616586002902097,8.5,36.6,9.6,51.3,2.1,0.4,0.16,25.28,92.6,1.0,3.0,,former,1.0,male,5.5
18322.0,1.00616406031,0.0664223373346,6.967981943,50.0,1.0178334471774502,-0.0116693868674502,6.860479693028624,0.1075022499713762,-0.0534543075020364,0.4210714244460641,-0.4745257319481006,0.4745257319481006,0.0660154143392234,5.5,30.8,8.8,55.3,4.3,1.0,0.01,21.17,80.0,2.0,,,never,1.0,male,5.0
17036.0,1.00668508056,0.12462107523,6.216447275,85.0,0.8187955317302971,0.187889548829703,6.226508484370153,-0.0100612093701526,0.8606712446543775,-0.0394083636600003,0.9000796083143779,0.9000796083143779,0.1237935056717793,8.0,17.9,8.9,69.5,3.8,5.397605346934028e-79,0.32,28.02,104.2,2.0,,,never,1.0,male,5.8
10739.0,1.00689763885,0.0746336055369,6.512155606,54.0,0.9950862568406328,0.0118113820093672,6.788025840610513,-0.2758702346105126,0.0541047488719254,-1.0805455018908694,1.134650250762795,1.134650250762795,0.0741223364294911,7.1,31.4,9.8,55.5,2.5,0.8,0.35,27.39,103.4,1.0,2.0,,current,1.0,male,5.3
18582.0,1.00883726317,0.0869356510998,6.534289475,61.0,0.955278673751202,0.0535585894187979,6.661231598878818,-0.1269421238788188,0.2453374235242316,-0.4972147181858532,0.7425521417100849,0.7425521417100849,0.0861741078304622,7.3,34.4,6.2,56.4,2.9,5.397605346934028e-79,0.19,34.36,116.5,1.0,3.0,,former,1.0,male,5.7
19883.0,1.00884411365,0.104179528234,6.47088349,65.0,0.9325314834143844,0.0763126302356154,6.588777746460708,-0.1178942564607075,0.3495675350589441,-0.461775474607624,0.8113430096665681,0.8113430096665681,0.1032662299600264,5.5,37.0,6.7,54.1,1.8,0.4,0.31,28.77,105.0,2.0,,,never,2.0,female,5.2
20694.0,1.00891266159,0.0563129480801,6.975799124,62.0,0.9495918761669976,0.0593207854230022,6.643118135774291,0.3326809882257091,0.271732486143579,1.3030653557076457,-1.031332869564067,1.031332869564067,0.0558154835636152,5.5,28.3,9.5,58.4,2.5,1.3,0.47,37.34,109.5,2.0,,,never,2.0,female,5.7
19410.0,1.00965620393,0.107044035598,6.70305661,70.0,0.9040974954933628,0.1055587084366374,6.4982104309380695,0.2048461790619304,0.4835359153297769,0.8023541128944461,-0.3188181975646692,0.3188181975646692,0.1060202821330075,7.5,23.5,8.0,66.1,2.0,0.5,0.46,22.12,85.2,1.0,3.0,,former,2.0,female,5.3
17621.0,1.00971176778,0.0826632658967,6.675058539,62.0,0.9495918761669976,0.0601198916130023,6.643118135774291,0.0319404032257093,0.2753929756356358,0.1251061357991307,0.1502868398365051,0.1502868398365051,0.0818681811329656,8.6,27.0,7.1,60.4,4.7,1.0,0.17,20.69,87.2,1.0,1.0,20.0,current,1.0,male,6.0
20673.0,1.00995693279,0.0879813166719,7.31338116,70.0,0.9040974954933628,0.1058594372966372,6.4982104309380695,0.8151707290619301,0.4849134729632469,3.192910847393767,-2.70799737443052,2.70799737443052,0.0871139291344356,6.1,22.5,8.9,66.0,2.0,0.6,0.28,28.34,101.2,1.0,3.0,,former,2.0,female,5.7
10529.0,1.01143122176,0.0784798366838,6.748921088,61.0,0.955278673751202,0.0561525480087981,6.661231598878818,0.0876894891211819,0.2572196467886071,0.3434675841950753,-0.0862479374064682,0.0862479374064682,0.0775928555450726,5.1,30.8,11.4,55.9,1.6,0.4,0.17,29.73,98.6,2.0,,,never,2.0,female,5.2
10323.0,1.01199554009,0.0483255515842,6.436694286,74.0,0.8813503051565452,0.1306452349334548,6.425756578519958,0.0109377074800418,0.5984505133931343,0.0428414853644633,0.555609028028671,0.555609028028671,0.0477527317757766,6.7,41.8,11.3,42.8,3.4,0.8,0.4,30.74,108.5,2.0,,,never,2.0,female,8.5
17515.0,1.01204593619,0.0375633568224,6.416929486,71.0,0.8984106979091583,0.1136352382808417,6.480096967833541,-0.063167481833541,0.5205323158043982,-0.2474182778630404,0.7679505936674387,0.7679505936674387,0.0371162567618352,6.9,27.0,7.4,63.0,1.9,0.7,0.1,29.44,107.7,2.0,,,never,2.0,female,5.4
16899.0,1.0129831944,0.0385109132322,6.493732793,78.0,0.8586031148197276,0.1543800795802724,6.353302726101847,0.140430066898153,0.7071734222036185,0.5500451229588752,0.1571282992447432,0.1571282992447432,0.0380173268866621,6.4,27.4,10.6,60.6,1.2,0.2,0.43,27.18,103.4,1.0,3.0,,former,2.0,female,5.9
17596.0,1.01339717542,0.0600518501215,6.483516121,61.0,0.955278673751202,0.0581185016687979,6.661231598878818,-0.1777154778788183,0.2662251491916093,-0.696086913868981,0.9623120630605904,0.9623120630605904,0.059257960825292,5.4,37.3,11.3,46.3,4.3,0.8,0.17,25.96,98.8,1.0,3.0,,former,1.0,male,5.2
16604.0,1.0135148308,0.0611711528359,6.573686695,65.0,0.9325314834143844,0.0809833473856154,6.588777746460708,-0.0150910514607076,0.3709628280273817,-0.0591095585128773,0.4300723865402591,0.4300723865402591,0.0603554590193965,4.6,35.4,9.6,52.9,1.7,0.5,0.22,31.89,101.0,1.0,3.0,,former,1.0,male,4.6
11160.0,1.01358730043,0.102268511409,6.54531148,61.0,0.955278673751202,0.0583086266787979,6.661231598878818,-0.1159201188788188,0.2670960604797352,-0.4540430511106301,0.7211391115903654,0.7211391115903654,0.1008975856007805,9.6,35.4,7.0,56.3,0.8,0.5,0.08,28.76,97.8,1.0,1.0,20.0,current,1.0,male,5.5
16736.0,1.0138225712,0.0383541998011,6.406171343,85.0,0.8187955317302971,0.1950270394697029,6.226508484370153,0.1796628586298467,0.8933661603167997,0.7037145345652241,0.1896516257515755,0.1896516257515755,0.0378312743182492,7.6,12.1,12.0,57.2,17.8,1.0,0.53,21.3,76.5,1.0,3.0,,former,2.0,female,5.7
11019.0,1.01488110248,0.0875588921601,6.702981142,50.0,1.0178334471774502,-0.0029523446974502,6.860479693028624,-0.1574985510286239,-0.013523893166119,-0.6169000113715928,0.6033761182054737,0.6033761182054737,0.0862750246764255,5.1,33.4,6.3,53.8,6.1,0.4,0.5,21.62,82.8,1.0,1.0,18.0,current,2.0,female,5.2
16077.0,1.01513033377,0.0431817153408,6.88996588,50.0,1.0178334471774502,-0.0027031134074502,6.860479693028624,0.0294861869713765,-0.012382231983221,0.1154933106314178,-0.1278755426146388,0.1278755426146388,0.0425380996944809,6.1,31.3,10.6,51.4,5.7,1.0,0.16,26.57,93.8,1.0,3.0,,former,1.0,male,5.5
14823.0,1.01614590754,0.0979285708045,6.864254157,64.0,0.9382182809985888,0.077927626541411,6.6068912095652355,0.2573629474347649,0.3569653966711469,1.008055021219075,-0.6510896245479282,0.6510896245479282,0.0963725485462776,6.9,45.6,7.6,43.0,3.4,0.4,0.1,26.15,100.4,1.0,3.0,,former,1.0,male,8.1
10453.0,1.01661877342,0.0776024958185,6.725183667,70.0,0.9040974954933628,0.1125212779266373,6.4982104309380695,0.2269732360619301,0.5154295644777785,0.8890227306421664,-0.3735931661643878,0.3735931661643878,0.0763339197027003,8.6,36.5,5.8,54.3,2.9,0.4,0.59,34.06,105.0,2.0,,,never,2.0,female,6.3
13783.0,1.0166698197,0.0858098604321,6.566514495,68.0,0.9154710906617712,0.1011987290382285,6.534437357147125,0.032077137852875,0.4635640280222124,0.1256417063964632,0.3379223216257492,0.3379223216257492,0.0844028796462364,5.5,38.8,11.1,47.7,2.1,0.4,0.7,29.72,107.1,2.0,,,never,2.0,female,5.8
16352.0,1.01670545783,0.0499224053466,6.266441253,60.0,0.9609654713354064,0.0557399864945937,6.679345061983346,-0.4129038089833461,0.255329813989825,-1.6172870340305987,1.8726168480204235,1.8726168480204235,0.0491021317552003,3.8,44.3,6.0,46.3,2.8,0.5,0.3,33.2,109.1,2.0,,,never,2.0,female,5.9
11420.0,1.01704497796,0.0577530583916,7.305608959,50.0,1.0178334471774502,-0.0007884692174502,6.860479693028624,0.4451292659713761,-0.0036117643955259,1.743509685937774,-1.7471214503333,1.7471214503333,0.0567851566480783,4.6,39.3,7.5,50.7,2.0,0.5,0.29,32.33,102.8,2.0,,,never,2.0,female,5.4
19178.0,1.01812789427,0.0764263652183,6.397520927,69.0,0.909784293077567,0.108343601192433,6.516323894042596,-0.1188029670425958,0.496292756406297,-0.4653347681035911,0.961627524509888,0.961627524509888,0.0750655842438123,6.4,34.9,8.9,53.4,2.0,0.9,0.02,24.33,94.8,1.0,3.0,,former,1.0,male,5.7
20840.0,1.01962750157,0.0477382202785,6.247738141,80.0,0.8472295196513189,0.1723979819186811,6.317075799892791,-0.0693376588927909,0.789708563345049,-0.271586006855825,1.061294570200874,1.061294570200874,0.0468192748871462,8.4,25.3,8.1,62.2,4.1,0.4,0.34,29.72,113.0,1.0,3.0,,former,1.0,male,7.0
12326.0,1.02012239104,0.0801604205638,6.44249371,70.0,0.9040974954933628,0.1160248955466372,6.4982104309380695,-0.0557167209380695,0.5314786899165297,-0.2182346793402323,0.749713369256762,0.749713369256762,0.0785792187955776,6.4,30.0,10.1,55.5,3.8,0.6,0.27,37.49,120.4,1.0,3.0,,former,1.0,male,5.7
16867.0,1.02024622493,0.0571885265661,6.269083574,80.0,0.8472295196513189,0.173016705278681,6.317075799892791,-0.0479922258927913,0.7925427678426633,-0.1879789020638695,0.9805216699065328,0.9805216699065328,0.0560536517251252,9.1,29.8,10.6,57.9,0.8,0.9,0.09,27.42,96.5,2.0,,,never,2.0,female,6.8
19526.0,1.02050783833,0.0664621126812,6.63994177,55.0,0.9893994592564282,0.0311083790735716,6.769912377505985,-0.1299706075059852,0.1424990772674551,-0.5090768691188994,0.6515759463863544,0.6515759463863544,0.0651265087683807,8.4,22.2,9.6,67.0,1.0,0.3,1.3,54.65,141.0,1.0,3.0,,former,2.0,female,5.1
11906.0,1.02054512056,0.115776476936,6.697422687,70.0,0.9040974954933628,0.1164476250666373,6.4982104309380695,0.1992122560619309,0.5334150996018837,0.7802868167824029,-0.2468717171805191,0.2468717171805191,0.1134457209226284,6.8,23.9,6.6,66.0,2.4,1.1,0.54,30.03,100.3,1.0,3.0,,former,2.0,female,5.3
17372.0,1.02131785134,0.105957759313,6.560164834,81.0,0.8415427220671146,0.1797751292728855,6.298962336788264,0.2612024972117357,0.8235012816462496,1.0230940059310334,-0.1995927242847838,0.1995927242847838,0.1037461150551517,5.7,25.6,9.4,60.9,3.4,0.8,0.07,24.2,81.4,2.0,,,never,2.0,female,5.4
9988.0,1.02149338003,0.0809772213179,6.85628251,54.0,0.9950862568406328,0.0264071231893672,6.788025840610513,0.0682566693894868,0.1209638946109448,0.2673519206847102,-0.1463880260737654,0.1463880260737654,0.0792733686786318,9.3,34.7,8.1,53.7,2.7,1.0,0.23,31.53,110.3,2.0,,,never,2.0,female,5.8
14835.0,1.02255356396,0.0655025699016,7.027422447,58.0,0.9723390665038152,0.0502144974561848,6.715571988192401,0.3118504588075987,0.2300190420089851,1.2214750569335753,-0.99145601492459,0.99145601492459,0.064057837369351,5.8,29.0,6.5,63.2,0.9,0.6,0.25,23.24,81.0,1.0,3.0,,former,2.0,female,5.0
20902.0,1.02271638867,0.0637211458829,7.110322996,52.0,1.0064598520090415,0.0162565366609583,6.824252766819568,0.2860702291804315,0.0744668009950784,1.1204974679570816,-1.0460306669620032,1.0460306669620032,0.06230578348878,5.5,30.4,7.7,59.5,1.7,0.8,0.06,27.32,86.5,2.0,,,never,2.0,female,5.2
19165.0,1.02320853944,0.0368160824463,6.898189306,51.0,1.012146649593246,0.011061889846754,6.842366229924096,0.0558230760759039,0.0506715278307716,0.218651257685309,-0.1679797298545373,0.1679797298545373,0.0359810156260515,5.8,48.7,10.6,38.3,2.1,0.4,0.03,31.74,108.7,1.0,3.0,,former,1.0,male,6.1
12181.0,1.02428432846,0.0853722826004,6.944513178,60.0,0.9609654713354064,0.0633188571245937,6.679345061983346,0.2651681160166541,0.2900465721002441,1.038626785565336,-0.7485802134650918,0.7485802134650918,0.0833482268822332,7.7,41.4,4.8,52.5,0.9,0.4,0.31,30.09,98.2,1.0,1.0,1.0,current,2.0,female,6.2
13216.0,1.02429862738,0.10247720846,6.591694331,66.0,0.9268446858301802,0.0974539415498199,6.57066428335618,0.0210300476438201,0.4464101685942137,0.0823717840315873,0.3640383845626262,0.3640383845626262,0.100046222576829,5.7,42.7,5.5,50.7,0.9,0.3,0.64,,101.7,2.0,,,never,2.0,female,5.9
10051.0,1.02509826586,0.0571833904275,6.496445674,74.0,0.8813503051565452,0.1437479607034548,6.425756578519958,0.0706890954800423,0.6584705590373555,0.27687939679877,0.3815911622385854,0.3815911622385854,0.0557833256888073,7.1,20.2,8.3,70.5,0.8,0.3,0.1,,,1.0,3.0,,former,2.0,female,5.2
12624.0,1.02525419013,0.0318486826423,6.442415761,70.0,0.9040974954933628,0.1211566946366373,6.4982104309380695,-0.0557946699380691,0.5549860746413176,-0.2185399947775623,0.7735260694188799,0.7735260694188799,0.0310641818867003,8.8,23.5,12.3,58.8,4.2,1.4,0.25,30.54,109.7,1.0,3.0,,former,1.0,male,5.8
14184.0,1.02560797667,0.0740042455732,6.929518882,56.0,0.9837126616722238,0.0418953149977761,6.751798914401458,0.1777199675985423,0.1919111154873497,0.6961044994793292,-0.5041933839919794,0.5041933839919794,0.0721564645133523,5.4,30.1,9.1,58.8,1.7,0.4,0.16,23.52,83.9,2.0,,,never,2.0,female,5.4
11797.0,1.02600724496,0.0639837381666,6.890143393,64.0,0.9382182809985888,0.0877889639614111,6.6068912095652355,0.2832521834347643,0.4021375182930947,1.109459573060945,-0.7073220547678503,0.7073220547678503,0.0623618775412199,,,,,,,0.24,26.8,99.0,1.0,3.0,,former,1.0,male,
11696.0,1.02611154525,0.177843058888,6.80898557,75.0,0.8756635075723407,0.1504480376776593,6.40764311541543,0.4013424545845696,0.689161800911034,1.572002810058405,-0.882841009147371,0.882841009147371,0.1733174718784307,6.1,19.0,7.8,69.2,3.6,0.5,0.23,22.76,86.3,2.0,,,never,2.0,female,5.3
17365.0,1.02612440054,0.0392918213814,6.430753442,74.0,0.8813503051565452,0.1447740953834548,6.425756578519958,0.0049968634800423,0.6631710046859802,0.0195720222029229,0.6435989824830572,0.6435989824830572,0.0382914794353614,8.5,26.9,8.4,60.9,3.4,0.6,0.14,38.46,117.6,2.0,,,never,1.0,male,6.6
12067.0,1.02688980394,0.0836682609495,6.61572655,62.0,0.9495918761669976,0.0772979277730023,6.643118135774291,-0.027391585774291,0.354080916793797,-0.1072890478374943,0.4613699646312914,0.4613699646312914,0.0814773509567231,7.0,15.5,6.1,75.2,3.1,0.2,0.07,28.97,103.7,2.0,,,never,1.0,male,5.4
16061.0,1.0278716941,0.0602942787136,6.818834545,56.0,0.9837126616722238,0.044159032427776,6.751798914401458,0.067035630598542,0.2022805932478705,0.2625692808502516,-0.0602886876023811,0.0602886876023811,0.0586593434372112,7.3,36.1,9.9,51.1,2.5,0.5,0.03,18.86,76.4,1.0,1.0,20.0,current,2.0,female,5.1
16560.0,1.02969966782,0.103413988729,6.528747697,76.0,0.8699767099881364,0.1597229578318637,6.389529652310903,0.1392180446890973,0.7316477035219572,0.5452977998269107,0.1863499036950464,0.1863499036950464,0.1004312150046042,7.2,27.4,7.8,61.7,2.7,0.4,0.06,26.06,89.5,2.0,,,never,2.0,female,5.4
18355.0,1.03032797332,0.0825759535745,6.758546942,56.0,0.9837126616722238,0.0466153116477761,6.751798914401458,0.006748027598542,0.2135321445271394,0.0264310895248799,0.1871010550022594,0.1871010550022594,0.0801453087878586,6.1,26.1,7.1,64.6,1.6,0.7,0.46,32.11,107.6,1.0,3.0,,former,1.0,male,7.8
15440.0,1.03054342187,0.0475230662614,6.877594513,51.0,1.012146649593246,0.0183967722767541,6.842366229924096,0.035228283075904,0.0842706419365997,0.1379843058122944,-0.0537136638756947,0.0537136638756947,0.0461145695104877,5.4,38.0,7.4,53.3,1.0,0.3,0.1,20.69,69.6,1.0,1.0,20.0,current,2.0,female,5.4
14718.0,1.03096998881,0.110463564203,6.765111467,55.0,0.9893994592564282,0.0415705295535716,6.769912377505985,-0.0048009105059856,0.1904233611431077,-0.0188045015423556,0.2092278626854633,0.2092278626854633,0.1071452761981004,4.7,24.4,10.8,61.1,3.1,0.6,0.12,26.62,81.3,2.0,,,never,2.0,female,4.9
14150.0,1.0309880972,0.0709805422345,6.716877125,62.0,0.9495918761669976,0.0813962210330023,6.643118135774291,0.0737589892257091,0.3728540906239171,0.2889037454308235,0.0839503451930936,0.0839503451930936,0.0688471015594378,5.6,37.2,8.6,44.1,8.5,1.6,0.59,,,1.0,3.0,,former,1.0,male,6.5
12381.0,1.03159791213,0.0321710104014,6.387650303,62.0,0.9495918761669976,0.0820060359630023,6.643118135774291,-0.2554678327742907,0.3756474880112706,-1.000632119560859,1.3762796075721295,1.3762796075721295,0.0311856102296433,8.2,44.7,6.4,41.7,6.6,0.5,0.04,42.68,106.7,1.0,3.0,,former,2.0,female,5.6
11641.0,1.03174138808,0.075599074825,6.509556338,73.0,0.8870371027407495,0.1447042853392504,6.443870041624486,0.0656862963755147,0.6628512237401581,0.2572841255768019,0.4055670981633562,0.4055670981633562,0.073273279232972,5.9,42.0,8.4,44.9,3.5,1.2,0.31,25.03,88.3,2.0,,,never,2.0,female,5.3
13855.0,1.03231103492,0.0738848228484,6.988915353,51.0,1.012146649593246,0.0201643853267541,6.842366229924096,0.1465491230759044,0.0923675996082031,0.574012618538896,-0.4816450189306928,0.4816450189306928,0.0715722493987733,6.1,37.6,6.7,54.4,1.3,0.2,0.82,34.78,106.7,2.0,,,never,2.0,female,6.0
20025.0,1.03294120189,0.0850748906525,6.698437991,65.0,0.9325314834143844,0.1004097184756154,6.588777746460708,0.1096602445392918,0.4599497838707976,0.4295239902937651,0.0304257935770325,0.0304257935770325,0.0823617941629554,7.1,36.3,7.8,54.2,1.3,0.4,0.84,25.36,89.3,2.0,,,never,2.0,female,5.6
18673.0,1.03306819859,0.0707983517156,6.431659586,72.0,0.8927239003249539,0.1403442982650462,6.461983504729013,-0.0303239187290129,0.6428793012718497,-0.1187745899031131,0.7616538911749628,0.7616538911749628,0.0685321180268933,6.4,32.1,6.8,49.5,11.2,0.6,0.16,31.35,108.9,1.0,3.0,,former,1.0,male,5.3
15356.0,1.03348309689,0.0396030121196,6.600307235,63.0,0.9439050785827932,0.0895780183072066,6.625004672669763,-0.0246974376697632,0.4103326927460698,-0.0967364428423039,0.5070691355883737,0.5070691355883737,0.0383199417956375,9.3,33.6,6.4,58.0,1.3,0.6,0.3,27.61,98.2,1.0,3.0,,former,2.0,female,5.6
17089.0,1.03377386336,0.0566458787762,6.698876293,85.0,0.8187955317302971,0.2149783316297029,6.226508484370153,0.4723678086298468,0.9847576377181002,1.8501992850865456,-0.8654416473684452,0.8654416473684452,0.0547952320946556,6.8,31.4,6.4,60.3,1.1,0.8,0.05,22.76,87.7,1.0,3.0,,former,2.0,female,5.3
18254.0,1.034473142,0.0512572695758,6.941874075,55.0,0.9893994592564282,0.0450736827435717,6.769912377505985,0.171961697494015,0.2064703591535455,0.6735501529804968,-0.4670797938269513,0.4670797938269513,0.0495491545355171,5.6,29.6,8.6,57.2,3.9,0.6,0.06,25.11,86.9,1.0,3.0,,former,1.0,male,4.6
12002.0,1.03465948862,0.0944935381539,6.825928468,67.0,0.9211578882459758,0.1135016003740242,6.5525508202516525,0.2733776477483474,0.5199201566698958,1.070782384366474,-0.5508622276965783,0.5508622276965783,0.0913281511388184,7.1,46.8,7.4,43.0,2.2,0.6,0.24,38.18,120.9,1.0,3.0,,former,2.0,female,5.8
10422.0,1.03561026925,0.0683758519223,6.760819643,63.0,0.9439050785827932,0.0917051906672067,6.625004672669763,0.1358149703302364,0.4200766944432317,0.5319684288773449,-0.1118917344341131,0.1118917344341131,0.0660246947645841,9.1,37.8,4.6,54.9,2.5,0.3,0.54,24.43,92.7,1.0,3.0,,former,2.0,female,5.4
18289.0,1.0356787508,0.0876115895766,7.024934191,60.0,0.9609654713354064,0.0747132794645937,6.679345061983346,0.3455891290166537,0.3422413414132198,1.3536247554526797,-1.01138341403946,1.01138341403946,0.0845934026443289,6.9,37.3,8.5,52.9,0.8,0.6,1.27,40.39,112.1,2.0,,,never,2.0,female,5.4
16326.0,1.03614662605,0.0432702258995,6.36788171,80.0,0.8472295196513189,0.1889171063986812,6.317075799892791,0.0508059101072086,0.8653782081728651,0.1989997134461573,0.6663784947267077,0.6663784947267077,0.0417607168827589,5.6,31.8,15.2,50.4,1.9,0.6,0.8,27.01,101.3,1.0,3.0,,former,1.0,male,6.3
11562.0,1.03681850649,0.024738704011,6.165917891,85.0,0.8187955317302971,0.2180229747597029,6.226508484370153,-0.0605905933701524,0.9987043250593984,-0.2373249626421353,1.2360292877015338,1.2360292877015338,0.0238602068309422,6.9,22.9,7.3,67.2,2.2,0.4,0.23,,106.3,1.0,1.0,20.0,current,1.0,male,6.1
10966.0,1.03765545454,0.0564606033107,6.954866725,55.0,0.9893994592564282,0.0482559952835718,6.769912377505985,0.1849543474940143,0.2210476728558824,0.7244405635931632,-0.5033928907372808,0.5033928907372808,0.0544117057966311,8.9,28.3,7.2,61.9,2.3,0.4,0.38,30.79,113.6,1.0,3.0,,former,1.0,male,5.6
15225.0,1.03828843996,0.0939953223066,7.019008138,53.0,1.000773054424837,0.037515385535163,6.806139303715041,0.2128688342849596,0.1718478423273176,0.8337777422929005,-0.6619298999655828,0.6619298999655828,0.0905291041381729,6.2,25.3,9.1,61.3,3.9,0.4,0.23,29.97,106.0,1.0,3.0,,former,1.0,male,5.3
16641.0,1.03959639851,0.0435887933768,6.678423624,64.0,0.9382182809985888,0.1013781175114112,6.6068912095652355,0.0715324144347642,0.464385758136806,0.2801825603476415,0.1842031977891645,0.1842031977891645,0.0419285728954751,9.1,28.3,6.3,62.8,2.0,0.6,0.4,25.99,88.6,2.0,,,never,2.0,female,5.5
11361.0,1.0400518579,0.0695804069371,6.822930316,53.0,1.000773054424837,0.0392788034751629,6.806139303715041,0.0167910122849592,0.1799255833337702,0.0657680696227445,0.1141575137110257,0.1141575137110257,0.0669009015354214,5.7,29.5,13.0,52.2,3.8,1.6,0.08,29.12,98.8,1.0,3.0,,former,1.0,male,5.3
16254.0,1.04032790771,0.0590368265227,6.526727639,74.0,0.8813503051565452,0.1589776025534548,6.425756578519958,0.1009710604800417,0.7282334324293199,0.3954896597557845,0.3327437726735354,0.3327437726735354,0.0567482868479935,7.4,36.7,7.4,53.1,2.2,0.7,0.25,31.97,107.9,2.0,,,never,2.0,female,6.1
15550.0,1.04052292729,0.0472226265887,7.072260412,64.0,0.9382182809985888,0.1023046462914112,6.6068912095652355,0.4653692024347649,0.4686299360767587,1.8227867139032925,-1.3541567778265335,1.3541567778265335,0.0453835522026308,6.8,41.8,6.5,50.6,0.6,0.4,0.49,32.05,107.4,1.0,3.0,,former,2.0,female,11.3
17013.0,1.04182167089,0.0467958805817,6.392539635,83.0,0.8301691268987057,0.2116525439912944,6.262735410579208,0.1298042244207922,0.9695231033651563,0.5084251696176832,0.4610979337474732,0.4610979337474732,0.0449173614729318,7.1,17.0,7.9,72.3,2.5,0.2,0.22,24.37,89.8,2.0,,,never,1.0,male,5.4
14858.0,1.04242568822,0.053438643799,6.885378139,57.0,0.9780258640880196,0.0643998241319805,6.73368545129693,0.1516926877030702,0.2949981898217873,0.5941592488174973,-0.2991610589957099,0.2991610589957099,0.0512637441717782,5.5,39.1,6.5,51.2,2.4,0.9,0.24,26.28,86.0,1.0,3.0,,former,2.0,female,5.7
18955.0,1.04263448097,0.0507294898903,6.868835078,57.0,0.9780258640880196,0.0646086168819806,6.73368545129693,0.13514962670307,0.2959546129817591,0.5293623700375376,-0.2334077570557785,0.2334077570557785,0.0486551047526306,6.0,42.8,6.9,47.8,2.0,0.3,0.02,25.08,96.6,2.0,,,never,2.0,female,5.9
19536.0,1.04313285293,0.0979890135974,6.612583966,59.0,0.9666522689196108,0.0764805840103891,6.697458525087875,-0.0848745590878747,0.3503368859104379,-0.3324418931127377,0.6827787790231756,0.6827787790231756,0.0939372327524379,10.0,17.7,6.4,70.0,5.4,0.4,0.17,36.61,104.7,1.0,1.0,10.0,current,2.0,female,5.5
20183.0,1.0435879887,0.0433589630086,6.994083222,53.0,1.000773054424837,0.0428149342751629,6.806139303715041,0.1879439182849598,0.1961236428631755,0.7361502983360264,-0.5400266554728509,0.5400266554728509,0.0415479705382699,5.6,33.2,7.5,57.0,1.5,1.0,0.2,26.09,96.1,1.0,3.0,,former,1.0,male,5.9
9973.0,1.04359530742,0.0882918137903,6.497133232,63.0,0.9439050785827932,0.0996902288372066,6.625004672669763,-0.1278714406697627,0.4566539962846215,-0.5008547233488017,0.9575087196334232,0.9575087196334232,0.0846034982742276,4.9,39.9,9.0,45.1,5.1,0.8,0.06,26.6,94.2,1.0,1.0,10.0,current,2.0,female,5.4
15444.0,1.04440779985,0.132557446218,6.200813602,84.0,0.8244823293145014,0.2199254705354987,6.2446219474746805,-0.0438083454746802,1.0074191440448228,-0.1715912219191737,1.1790103659639966,1.1790103659639966,0.1269211568862643,5.1,23.0,7.3,66.5,2.6,0.6,0.17,26.62,104.8,1.0,3.0,,former,1.0,male,7.2
20212.0,1.04468952195,0.071438054328,7.17295557,51.0,1.012146649593246,0.0325428723567542,6.842366229924096,0.3305893400759041,0.1490701033153387,1.294872659590933,-1.1458025562755942,1.1458025562755942,0.0683820913553865,4.7,32.8,10.6,48.6,7.1,0.9,0.06,22.97,84.0,1.0,3.0,,former,2.0,female,5.1
11676.0,1.04497851311,0.0674667874518,6.040021212,85.0,0.8187955317302971,0.2261829813797029,6.226508484370153,-0.1864872723701527,1.0360831100837262,-0.7304448180281754,1.7665279281119015,1.7665279281119015,0.0645628466091705,6.0,27.5,8.5,61.8,1.7,0.4,0.25,22.91,87.0,2.0,,,never,2.0,female,6.1
18503.0,1.04564453906,0.0662536139444,7.086199493,61.0,0.955278673751202,0.0903658653087979,6.661231598878818,0.4249678941211812,0.4139416069389043,1.6645403846812072,-1.2505987777423029,1.2505987777423029,0.0633615071561123,6.5,22.7,11.3,61.2,4.4,0.5,0.2,35.16,114.8,1.0,3.0,,former,1.0,male,5.6
13260.0,1.0458225848,0.0527348343257,6.708889945,56.0,0.9837126616722238,0.0621099231277761,6.751798914401458,-0.0429089694014575,0.2845087721841401,-0.1680684904008524,0.4525772625849926,0.4525772625849926,0.0504242642032681,7.1,28.0,6.7,56.8,6.8,1.7,0.37,25.31,92.3,1.0,3.0,,former,1.0,male,6.1
12618.0,1.04588036775,0.0554241047358,6.487506348,62.0,0.9495918761669976,0.0962884915830022,6.643118135774291,-0.1556117877742906,0.4410715572676597,-0.6095098210145894,1.050581378282249,1.050581378282249,0.0529927766547848,8.0,33.0,6.7,55.1,4.6,0.6,1.22,38.18,112.5,2.0,,,never,2.0,female,5.5
11412.0,1.04600763627,0.0452469424109,6.972662591,68.0,0.9154710906617712,0.1305365456082285,6.534437357147125,0.4382252338528749,0.5979526369683635,1.7164675483143037,-1.1185149113459405,1.1185149113459405,0.0432567993215115,6.1,25.7,7.3,66.2,0.6,0.3,0.09,24.53,88.4,1.0,3.0,,former,1.0,male,5.7
20992.0,1.04618544929,0.0494512750045,7.05379014,61.0,0.955278673751202,0.090906775538798,6.661231598878818,0.3925585411211818,0.4164193705175606,1.537597437564113,-1.1211780670465523,1.1211780670465523,0.047268173188664,6.5,38.5,7.3,51.1,2.5,0.6,0.17,28.94,90.2,2.0,,,never,2.0,female,5.8
18804.0,1.04693623828,0.0505448373631,6.449610066,76.0,0.8699767099881364,0.1769595282918636,6.389529652310903,0.0600804136890973,0.8106037744890923,0.235326659489573,0.5752771149995192,0.5752771149995192,0.0482788115598515,9.6,18.2,7.9,72.9,0.7,0.3,0.28,33.83,115.8,2.0,,,never,1.0,male,6.3
14428.0,1.0473200831,0.0715984214053,6.342744717,55.0,0.9893994592564282,0.0579206238435717,6.769912377505985,-0.4271676605059848,0.265318724352188,-1.673156564950406,1.938475289302594,1.938475289302594,0.0683634569418102,7.1,30.9,9.3,53.4,6.0,0.4,0.61,25.37,100.4,1.0,1.0,5.0,current,1.0,male,5.5
12688.0,1.04748602119,0.0626159496349,6.574784692,79.0,0.8529163172355232,0.1945697039544767,6.33518926299732,0.23959542900268,0.8912712299198401,0.9384621122607816,-0.0471908823409416,0.0471908823409416,0.059777360621734,5.7,25.3,16.4,56.0,1.7,0.6,1.89,,,1.0,3.0,,former,1.0,male,5.7
10447.0,1.04860356895,0.0634800189864,6.390746358,60.0,0.9609654713354064,0.0876380976145936,6.679345061983346,-0.2885987039833457,0.4014464403310652,-1.1304011535750342,1.5318475939060994,1.5318475939060994,0.0605376720679718,4.9,40.2,9.4,47.4,2.2,0.9,0.38,30.13,102.4,1.0,3.0,,former,1.0,male,5.5
11614.0,1.04873897439,0.0323441756697,6.365450413,67.0,0.9211578882459758,0.1275810861440242,6.5525508202516525,-0.1871004072516529,0.5844144758975323,-0.7328463824419396,1.3172608583394718,1.3172608583394718,0.0308410161723159,6.3,23.0,6.6,69.4,0.9,0.1,0.14,23.75,81.2,1.0,3.0,,former,2.0,female,5.0
14285.0,1.04888725863,0.0729070605162,6.822718655,60.0,0.9609654713354064,0.0879217872945936,6.679345061983346,0.1433735930166539,0.4027459460859198,0.5615745070968016,-0.1588285610108817,0.1588285610108817,0.0695089581042554,8.9,22.8,7.9,56.8,11.5,1.0,0.95,29.75,107.5,1.0,3.0,,former,2.0,female,5.3
17296.0,1.04929818257,0.0221148430002,6.62649137,80.0,0.8472295196513189,0.2020686629186812,6.317075799892791,0.309415570107209,0.9256219342859664,1.2119379351178576,-0.2863160008318912,0.2863160008318912,0.0210758422796798,5.4,43.9,8.2,45.7,1.7,0.5,1.14,30.27,95.4,1.0,3.0,,former,2.0,female,6.6
12668.0,1.05126000061,0.0527248480798,6.624747365,53.0,1.000773054424837,0.0504869461851629,6.806139303715041,-0.1813919387150404,0.2312670560051577,-0.710487101787284,0.9417541577924418,0.9417541577924418,0.0501539562517418,10.4,25.0,9.6,62.0,2.7,0.7,3.92,28.77,105.2,1.0,3.0,,former,2.0,female,5.6
13866.0,1.05170779861,0.0540979090656,7.078174003,53.0,1.000773054424837,0.050934744185163,6.806139303715041,0.2720346992849594,0.2333182976224507,1.065522241229126,-0.8322039436066752,0.8322039436066752,0.0514381552909458,7.4,35.8,10.6,48.2,3.7,1.8,0.39,29.2,111.5,1.0,3.0,,former,1.0,male,7.7
16319.0,1.05209929396,0.0524762442616,6.214654712,80.0,0.8472295196513189,0.2048697743086811,6.317075799892791,-0.1024210878927913,0.938453068542571,-0.4011692163077159,1.339622284850287,1.339622284850287,0.0498776537184855,4.8,18.7,8.4,70.6,1.8,0.4,0.06,25.13,97.2,1.0,3.0,,former,1.0,male,5.3
15937.0,1.05211467557,0.0192921952668,6.886191568,63.0,0.9439050785827932,0.1082095969872066,6.625004672669763,0.261186895330237,0.4956789193577786,1.0230328955220098,-0.5273539761642312,0.5273539761642312,0.018336589836415,7.3,28.6,6.7,61.6,2.7,0.6,0.33,23.58,89.6,2.0,,,never,2.0,female,6.6
17922.0,1.05283309773,0.0573172027334,6.296881107,64.0,0.9382182809985888,0.1146148167314111,6.6068912095652355,-0.3100101025652355,0.5250194999481651,-1.2142666364152477,1.7392861363634124,1.7392861363634124,0.0544409202721503,3.4,26.3,8.2,60.0,5.1,0.4,0.04,18.95,65.7,2.0,,,never,2.0,female,5.2
15466.0,1.05314479658,0.0786183178304,6.458859689,69.0,0.909784293077567,0.143360503502433,6.516323894042596,-0.0574642050425966,0.656695722312637,-0.2250793325571277,0.8817750548697647,0.8817750548697647,0.0746510053372588,5.8,27.5,7.7,62.8,1.3,0.8,0.24,35.86,109.5,2.0,,,never,2.0,female,5.5
19617.0,1.05419519817,0.0434056140169,6.481890343,73.0,0.8870371027407495,0.1671580954292504,6.443870041624486,0.0380203013755142,0.7657060594548856,0.1489202548069375,0.6167858046479481,0.6167858046479481,0.0411741716261359,8.4,27.3,7.3,60.3,4.0,1.1,1.61,33.38,115.7,1.0,1.0,1.0,current,1.0,male,6.1
19059.0,1.05636650847,0.0495076363008,6.220049914,50.0,1.0178334471774502,0.0385330612925498,6.860479693028624,-0.640429779028624,0.1765095399375371,-2.508474747133783,2.68498428707132,2.68498428707132,0.0468659654616511,4.9,14.8,16.8,20.4,48.0,0.1,0.4,,,1.0,1.0,20.0,current,1.0,male,5.4
13845.0,1.05714070626,0.0595287012825,6.765624812,52.0,1.0064598520090415,0.0506808542509584,6.824252766819568,-0.0586279548195678,0.2321552964494841,-0.229637579258183,0.4617928757076672,0.4617928757076672,0.0563110482171321,11.8,15.4,5.2,78.0,0.9,0.4,0.2,25.32,83.2,2.0,,,never,2.0,female,5.4
15279.0,1.05750068637,0.032553731689,6.766196849,72.0,0.8927239003249539,0.1647767860450462,6.461983504729013,0.3042133442709867,0.7547979247322468,1.1915615370077577,-0.4367636122755108,0.4367636122755108,0.0307836506477784,5.3,25.1,5.9,66.1,1.9,1.0,0.05,28.16,116.6,1.0,3.0,,former,1.0,male,5.8
19180.0,1.05817471978,0.0560894927789,6.595072638,67.0,0.9211578882459758,0.1370168315340242,6.5525508202516525,0.0425218177483479,0.6276370754494307,0.1665520709947945,0.4610850044546362,0.4610850044546362,0.0530058899824797,4.2,26.3,8.9,63.0,1.8,0.1,0.16,31.47,115.5,1.0,3.0,,former,1.0,male,5.6
14389.0,1.05845713929,0.068846666572,6.66436806,50.0,1.0178334471774502,0.0406236921125497,6.860479693028624,-0.1961116330286234,0.186086154715579,-0.7681421057865615,0.9542282605021404,0.9542282605021404,0.0650443593948277,5.7,34.1,5.6,56.4,3.1,0.8,0.07,31.63,100.0,1.0,3.0,,former,1.0,male,7.2
12667.0,1.05875059152,0.0551151745044,7.03164676,52.0,1.0064598520090415,0.0522907395109584,6.824252766819568,0.2073939931804318,0.2395297457421946,0.8123335479331248,-0.5728038021909302,0.5728038021909302,0.0520568063393227,5.5,33.4,11.4,52.8,1.7,0.7,0.09,23.67,85.8,1.0,3.0,,former,1.0,male,5.5
16827.0,1.05893729072,0.0782275305655,6.884694815,72.0,0.8927239003249539,0.1662133903950462,6.461983504729013,0.4227113102709863,0.76137862100669,1.6557016582690944,-0.8943230372624045,0.8943230372624045,0.0738736195722326,6.7,13.3,4.7,79.9,1.2,0.9,0.12,,67.2,2.0,,,never,2.0,female,5.4
20470.0,1.06006269436,0.113505091846,7.004516207,64.0,0.9382182809985888,0.1218444133614111,6.6068912095652355,0.3976249974347645,0.5581363282584555,1.5574420452576456,-0.99930571699919,0.99930571699919,0.1070739423714248,4.9,12.5,13.1,70.8,3.2,0.5,0.44,42.56,126.8,1.0,3.0,,former,2.0,female,5.5
16496.0,1.0604311892,0.0665417773098,6.79972419,58.0,0.9723390665038152,0.0880921226961848,6.715571988192401,0.0841522018075986,0.4035262065262121,0.3296125196898944,0.0739136868363176,0.0739136868363176,0.0627497361332797,5.3,27.3,6.4,62.0,3.8,0.5,0.91,32.09,109.1,1.0,3.0,,former,2.0,female,6.4
19279.0,1.0649437193,0.0453435547261,6.736674177,51.0,1.012146649593246,0.0527970697067541,6.842366229924096,-0.1056920529240956,0.2418491075296699,-0.4139811333179301,0.6558302408476,0.6558302408476,0.0425783578083401,4.4,30.3,7.5,55.3,6.2,0.7,0.29,32.34,105.0,2.0,,,never,1.0,male,5.5
19836.0,1.06559010483,0.170026466593,6.654608948,60.0,0.9609654713354064,0.1046246334945937,6.679345061983346,-0.0247361139833461,0.479257170460908,-0.0968879326060717,0.5761451030669797,0.5761451030669797,0.1595608534860835,10.0,18.7,6.9,70.0,3.6,0.8,1.37,29.04,108.4,1.0,1.0,2.0,current,1.0,male,5.4
15771.0,1.06619027325,0.0793558847616,6.319274421,85.0,0.8187955317302971,0.2473947415197028,6.226508484370153,0.0927659366298474,1.1332484506506506,0.3633513260160011,0.7698971246346495,0.7698971246346495,0.0744293835280493,6.9,23.4,6.2,67.4,2.0,0.9,0.48,28.27,95.5,2.0,,,never,2.0,female,5.9
16644.0,1.067077049,0.0598383563585,6.400500868,67.0,0.9211578882459758,0.1459191607540243,6.5525508202516525,-0.1520499522516525,0.6684162396862084,-0.5955586045743831,1.2639748442605916,1.2639748442605916,0.0560768844335813,7.9,25.0,12.3,58.1,4.3,0.3,0.8,29.02,108.3,1.0,3.0,,former,1.0,male,5.6
16491.0,1.06775155539,0.0769636091888,7.089381174,56.0,0.9837126616722238,0.0840388937177762,6.751798914401458,0.337582259598542,0.3849594599911085,1.3222629568658073,-0.9373034968746988,0.9373034968746988,0.0720800721856019,8.0,44.7,6.1,44.3,4.1,0.8,0.57,32.32,101.0,2.0,,,never,2.0,female,5.9
19355.0,1.06778288611,0.0575675735663,7.558095997,56.0,0.9837126616722238,0.0840702244377762,6.751798914401458,0.806297082598542,0.3851029775520703,3.158154003166186,-2.773051025614116,2.773051025614116,0.0539131824597997,5.6,36.5,10.0,48.5,3.5,1.5,0.1,31.19,112.2,2.0,,,never,1.0,male,5.2
14308.0,1.06820528627,0.0286220897341,6.547581523,71.0,0.8984106979091583,0.1697945883608417,6.480096967833541,0.0674845551664589,0.7777831210428711,0.2643276562082737,0.5134554648345973,0.5134554648345973,0.0267945591563618,6.1,33.8,7.8,56.5,1.1,0.8,0.38,29.39,102.4,1.0,3.0,,former,2.0,female,5.6
12890.0,1.06876766726,0.140422522027,6.947177921,58.0,0.9723390665038152,0.0964286007561847,6.715571988192401,0.2316059328075983,0.4417133595244728,0.907168362182386,-0.4654550026579132,0.4654550026579132,0.1313873223607159,7.9,34.7,8.5,54.9,1.4,0.6,0.32,25.64,96.4,1.0,3.0,,former,2.0,female,5.1
15287.0,1.06920562371,0.043524389136,7.132283471,56.0,0.9837126616722238,0.0854929620377762,6.751798914401458,0.3804845565985424,0.3916201539923546,1.490305312394257,-1.098685158401902,1.098685158401902,0.0407072205484443,9.1,36.4,7.2,54.3,1.9,0.3,0.51,48.47,127.2,2.0,,,never,2.0,female,6.4
14781.0,1.0716988298,0.0683587428939,6.925974901,66.0,0.9268446858301802,0.1448541439698198,6.57066428335618,0.3553106176438199,0.6635376856263983,1.3917024800125564,-0.7281647943861581,0.7281647943861581,0.0637854040641782,9.1,23.6,6.6,66.2,3.0,0.6,0.07,28.21,100.5,2.0,,,never,1.0,male,5.4
11236.0,1.07198941517,0.0925328622137,6.800810315,75.0,0.8756635075723407,0.1963259075976593,6.40764311541543,0.3931671995845693,0.8993159241822896,1.5399814684680986,-0.640665544285809,0.640665544285809,0.0863188207870744,8.4,21.3,7.4,69.7,0.9,0.8,0.12,,100.6,1.0,1.0,20.0,current,2.0,female,6.0
15181.0,1.0728085395,0.0669267528006,6.542616678,74.0,0.8813503051565452,0.1914582343434547,6.425756578519958,0.1168600994800419,0.8770184285293288,0.4577248249415414,0.4192936035877873,0.4192936035877873,0.0623846197493844,8.7,19.8,6.1,69.6,3.6,0.9,0.59,31.21,124.5,1.0,3.0,,former,1.0,male,5.3
15691.0,1.07289252872,0.0524105422819,6.576089574,80.0,0.8472295196513189,0.2256630090686811,6.317075799892791,0.2590137741072089,1.0337012574532822,1.0145210806612228,0.0191801767920594,0.0191801767920594,0.0488497597652466,5.4,34.2,9.4,40.3,15.0,1.2,0.34,22.46,91.8,1.0,3.0,,former,1.0,male,5.2
17979.0,1.07290641109,0.0819595053444,6.726423907,62.0,0.9495918761669976,0.1233145349230022,6.643118135774291,0.0833057712257092,0.564870557820924,0.3262971683283576,0.2385733894925663,0.2385733894925663,0.0763901720571645,5.7,43.4,6.8,47.7,1.7,0.6,0.12,26.73,91.1,2.0,,,never,2.0,female,5.5
12674.0,1.07389665898,0.0622480084244,7.187813833,65.0,0.9325314834143844,0.1413651755656155,6.588777746460708,0.5990360865392921,0.647555664286148,2.346341386537087,-1.698785722250939,1.698785722250939,0.0579646168966797,7.6,22.8,7.1,68.1,1.2,1.0,0.11,26.88,88.3,2.0,,,never,2.0,female,5.7
17704.0,1.07425830932,0.0605092360386,7.00142378,67.0,0.9211578882459758,0.1531004210740242,6.5525508202516525,0.4488729597483472,0.7013116524236321,1.7581732159734598,-1.0568615635498275,1.0568615635498275,0.0563265236243804,6.9,30.1,7.9,56.6,4.7,0.8,0.53,28.31,109.5,2.0,,,never,2.0,female,5.6
17092.0,1.07485343773,0.0992993803586,6.368280261,85.0,0.8187955317302971,0.256057905999703,6.226508484370153,0.1417717766298469,1.172932065849521,0.5553004141557378,0.6176316516937832,0.6176316516937832,0.0923841119848971,8.4,31.1,12.3,54.0,1.7,0.9,0.39,,118.1,2.0,,,never,1.0,male,5.8
14096.0,1.07510960497,0.0467736040725,6.477468355,67.0,0.9211578882459758,0.1539517167240242,6.5525508202516525,-0.0750824652516524,0.7052112077273622,-0.2940876177275665,0.9992988254549288,0.9992988254549288,0.0435058935910122,5.1,31.0,9.0,56.5,2.6,0.9,2.09,37.35,109.6,2.0,,,never,2.0,female,6.0
12824.0,1.07544836031,0.0797520206193,6.953210266,51.0,1.012146649593246,0.0633017107167541,6.842366229924096,0.1108440360759042,0.2899680290398741,0.4341607377916203,-0.1441927087517461,0.1441927087517461,0.0741569968048594,9.1,27.4,7.5,58.2,6.2,0.8,0.32,32.8,122.5,1.0,1.0,40.0,current,1.0,male,5.7
19256.0,1.07552939294,0.0586962416124,6.504980868,84.0,0.8244823293145014,0.2510470636254986,6.2446219474746805,0.2603589205253191,1.1499787511503503,1.019789832882809,0.1301889182675415,0.1301889182675415,0.0545742794178331,8.9,24.6,8.4,63.7,2.8,0.4,0.45,36.98,116.1,2.0,,,never,2.0,female,7.0
16234.0,1.07571011538,0.0836014283106,6.985968735,54.0,0.9950862568406328,0.0806238585393672,6.788025840610513,0.1979428943894872,0.3693161067772275,0.7753149029136658,-0.4059987961364383,0.4059987961364383,0.0777174325269474,7.8,18.5,6.3,72.2,2.4,0.5,0.34,24.51,92.2,2.0,,,never,1.0,male,5.6
12429.0,1.07584467943,0.0630059597074,6.163690698,85.0,0.8187955317302971,0.257049147699703,6.226508484370153,-0.0628177863701529,1.1774726761868506,-0.2460485691645678,1.4235212453514183,1.4235212453514183,0.0585641783726453,5.9,37.7,10.9,49.6,1.3,0.6,0.21,38.33,123.9,1.0,3.0,,former,1.0,male,5.3
17566.0,1.07601993353,0.0779017952706,6.730316775,58.0,0.9723390665038152,0.1036808670261848,6.715571988192401,0.0147447868075989,0.4749340313289664,0.0577532878231138,0.4171807435058525,0.4171807435058525,0.0723980967666971,6.8,43.9,10.6,43.0,1.9,0.6,0.14,31.43,110.5,1.0,3.0,,former,1.0,male,6.2
12657.0,1.07751646062,0.0728173216534,6.914191881,56.0,0.9837126616722238,0.0938037989477762,6.751798914401458,0.1623929665985422,0.4296898518121754,0.6360707592992426,-0.2063809074870672,0.2063809074870672,0.0675788485045519,6.2,33.0,9.8,55.3,1.1,0.9,0.42,34.63,136.2,2.0,,,never,2.0,female,5.4
17911.0,1.07775137748,0.089440172346,6.543836188,77.0,0.864289912403932,0.213461465076068,6.371416189206375,0.1724199987936252,0.9778092819802574,0.6753452556979166,0.3024640262823408,0.3024640262823408,0.0829877597142386,5.9,25.3,8.0,62.2,3.1,1.4,0.29,26.7,92.0,2.0,,,never,2.0,female,5.5
17505.0,1.07791096369,0.0618228696334,6.804484889,51.0,1.012146649593246,0.0657643140967541,6.842366229924096,-0.0378813409240956,0.3012485495869517,-0.1483759659642754,0.4496245155512272,0.4496245155512272,0.057354337896112,8.4,20.2,8.0,63.8,7.5,0.6,3.74,33.2,100.0,2.0,,,never,2.0,female,8.1
19426.0,1.07795684013,0.104877532731,6.5465504,63.0,0.9439050785827932,0.1340517615472066,6.625004672669763,-0.078454272669763,0.614054891171823,-0.3072945204005772,0.9213494115724,0.9213494115724,0.0972928867155311,9.6,20.7,7.3,69.0,2.3,0.8,2.88,31.05,105.1,1.0,2.0,,current,2.0,female,5.6
15579.0,1.07804117398,0.0242226237157,6.90505257,68.0,0.9154710906617712,0.1625700833182286,6.534437357147125,0.3706152128528748,0.7446896159183612,1.4516484598126354,-0.7069588438942741,0.7069588438942741,0.0224691081383032,6.9,47.0,9.6,40.4,2.3,0.7,0.18,42.06,121.4,1.0,3.0,,former,2.0,female,5.4
13518.0,1.07854670086,0.0715529639759,6.735113115,55.0,0.9893994592564282,0.0891472416035717,6.769912377505985,-0.0347992625059854,0.4083594210872954,-0.1363038916577962,0.5446633127450916,0.5446633127450916,0.0663420173821364,8.6,38.1,5.7,54.1,1.7,0.6,0.81,,110.0,1.0,1.0,10.0,current,2.0,female,8.4
11607.0,1.07889098736,0.0768963735644,6.595562824,72.0,0.8927239003249539,0.1861670870350462,6.461983504729013,0.1335793192709866,0.852781112681042,0.5232116933082444,0.3295694193727976,0.3295694193727976,0.0712735340875931,9.4,12.5,7.5,77.0,1.6,1.4,1.47,28.23,113.8,1.0,3.0,,former,1.0,male,7.3
16805.0,1.0789881857,0.141828102856,6.482874938,70.0,0.9040974954933628,0.1748906902066374,6.4982104309380695,-0.0153354929380693,0.8011269863394014,-0.0600670019253993,0.8611939882648008,0.8611939882648008,0.1314454641261787,5.4,27.8,6.9,63.2,1.6,0.5,0.33,29.95,105.3,1.0,3.0,,former,1.0,male,5.6
19358.0,1.07934849281,0.024943118176,6.367774473,76.0,0.8699767099881364,0.2093717828218635,6.389529652310903,-0.0217551793109027,0.9590755528404988,-0.0852120243433087,1.0442875771838076,1.0442875771838076,0.0231094204903761,4.1,31.7,12.2,48.7,6.4,1.0,0.48,26.29,100.0,2.0,,,never,2.0,female,5.2
16075.0,1.07977028056,0.104584353843,6.954025245,63.0,0.9439050785827932,0.1358652019772067,6.625004672669763,0.3290205723302373,0.62236177168602,1.2887280136000925,-0.6663662419140722,0.6663662419140722,0.0968579666674651,6.9,18.3,8.0,72.2,0.9,0.6,0.45,19.66,69.8,1.0,1.0,15.0,current,2.0,female,5.5
16423.0,1.08077822781,0.060581449065,6.762679631,58.0,0.9723390665038152,0.1084391613061848,6.715571988192401,0.0471076428075987,0.4967304914615693,0.1845141126308841,0.3122163788306852,0.3122163788306852,0.0560535431841158,5.3,36.2,7.9,54.2,1.2,0.6,2.08,42.32,117.4,2.0,,,never,2.0,female,5.7
15200.0,1.08104272816,0.0478641383548,6.235421817,51.0,1.012146649593246,0.068896078566754,6.842366229924096,-0.6069444129240962,0.3155943162416062,-2.3773172057103644,2.6929115219519706,2.6929115219519706,0.044275898729986,9.3,27.9,7.7,62.4,1.2,0.8,1.13,30.11,97.7,1.0,1.0,15.0,current,2.0,female,5.7
15740.0,1.08106461639,0.0793856346391,6.64535821,53.0,1.000773054424837,0.0802915619651629,6.806139303715041,-0.1607810937150402,0.3677939459763943,-0.6297572764534151,0.9975512224298092,0.9975512224298092,0.0734328304113703,10.0,43.2,8.5,45.7,2.3,0.3,0.52,32.6,112.7,1.0,1.0,26.0,current,1.0,male,7.2
19073.0,1.08178498924,0.0965562226286,6.844785698,51.0,1.012146649593246,0.0696383396467541,6.842366229924096,0.0024194680759039,0.3189944136475625,0.0094767213653102,0.3095176922822522,0.3095176922822522,0.0892563897530459,7.7,34.9,9.7,51.7,3.1,0.6,0.75,37.46,123.4,2.0,,,never,1.0,male,5.1
18741.0,1.08183726324,0.0681550425924,7.005290435,80.0,0.8472295196513189,0.234607743588681,6.317075799892791,0.6882146351072089,1.0746746689090148,2.695641410355412,-1.6209667414463973,1.6209667414463973,0.0629993483384757,6.5,27.9,8.9,59.2,3.5,0.6,0.22,28.41,110.2,1.0,3.0,,former,1.0,male,5.1
20272.0,1.08385464446,0.0473682343212,6.524843776,73.0,0.8870371027407495,0.1968175417192503,6.443870041624486,0.0809737343755143,0.9015679672255557,0.3171629029652258,0.5844050642603297,0.5844050642603297,0.0437034934188983,7.1,29.1,12.1,51.9,5.6,1.3,0.89,31.16,116.2,1.0,3.0,,former,1.0,male,11.5
20341.0,1.08460936528,0.062566663922,7.011189403,51.0,1.012146649593246,0.0724627156867541,6.842366229924096,0.1688231730759044,0.3319321169783743,0.6612569875095932,-0.3293248705312188,0.3293248705312188,0.057685896807509,4.9,32.2,8.6,56.9,1.7,0.6,0.05,27.78,95.6,2.0,,,never,1.0,male,5.1
13564.0,1.08526305743,0.0615025106151,6.910907834,53.0,1.000773054424837,0.0844900030051629,6.806139303715041,0.104768530284959,0.3870258697210192,0.4103638230451405,-0.0233379533241213,0.0233379533241213,0.0566706018361515,6.1,46.5,6.3,43.0,3.1,1.1,0.04,28.26,100.7,2.0,,,never,1.0,male,5.7
19577.0,1.08549836878,0.029628418496,6.337664143,68.0,0.9154710906617712,0.1700272781182286,6.534437357147125,-0.1967732141471252,0.7788490099353396,-0.7707334274010239,1.5495824373363636,1.5495824373363636,0.0272947609578627,7.8,15.5,7.7,74.4,1.5,0.9,0.1,22.82,90.8,2.0,,,never,1.0,male,4.9
20108.0,1.08608367487,0.0376652508813,6.633133159,60.0,0.9609654713354064,0.1251182035345936,6.679345061983346,-0.0462119029833463,0.5731326762758969,-0.1810056237961718,0.7541383000720687,0.7541383000720687,0.0346798794170333,5.4,40.2,12.4,44.1,2.2,1.2,1.07,29.38,101.5,1.0,3.0,,former,2.0,female,5.2
20670.0,1.08693962128,0.0615340410815,6.498167901,77.0,0.864289912403932,0.2226497088760679,6.371416189206375,0.1267517117936254,1.0198981436374932,0.4964689004195693,0.5234292432179238,0.5234292432179238,0.0566121980253478,4.9,35.9,18.2,43.0,2.2,0.7,0.49,25.95,95.3,2.0,,,never,2.0,female,5.4
12641.0,1.08811282094,0.0576455393641,6.298758725,72.0,0.8927239003249539,0.1953889206150461,6.461983504729013,-0.1632247797290134,0.8950238400425718,-0.6393288561280411,1.5343526961706129,1.5343526961706129,0.0529775389598857,9.6,34.0,7.2,56.7,1.7,0.5,7.25,23.19,101.1,1.0,1.0,20.0,current,1.0,male,5.5
16661.0,1.0901603509,0.073900744906,6.87755222,50.0,1.0178334471774502,0.0723269037225498,6.860479693028624,0.0170725269713765,0.331309999074538,0.0668707236606252,0.2644392754139127,0.2644392754139127,0.0677888760538667,9.4,24.2,7.8,64.6,2.8,0.6,0.27,31.45,103.5,1.0,3.0,,former,1.0,male,8.2
13254.0,1.09057589718,0.050681788877,6.741900376,62.0,0.9495918761669976,0.1409840210130022,6.643118135774291,0.0987822402257094,0.6458096982904515,0.3869163539636405,0.258893344326811,0.258893344326811,0.0464725004541659,5.3,30.3,8.3,58.3,3.1,0.2,0.13,28.83,93.0,2.0,,,never,2.0,female,5.4
12064.0,1.09330011019,0.106693250207,6.578420038,62.0,0.9495918761669976,0.1437082340230022,6.643118135774291,-0.0646980977742908,0.6582885818506302,-0.2534134885179148,0.911702070368545,0.911702070368545,0.0975882552398702,9.2,15.8,5.9,75.8,1.8,0.8,0.08,28.9,98.2,1.0,3.0,,former,1.0,male,7.3
17860.0,1.09385388331,0.0875956745593,6.412207936,82.0,0.8358559244829101,0.2579979588270898,6.280848873683736,0.1313590623162639,1.181818923538214,0.5145152543145461,0.6673036692236678,0.6673036692236678,0.0800798679749032,5.9,32.5,12.4,51.8,2.6,0.8,0.07,25.53,79.3,2.0,,,never,2.0,female,5.4
19848.0,1.09430207475,0.0889463626629,6.722547522,66.0,0.9268446858301802,0.1674573889198198,6.57066428335618,0.15188323864382,0.7670770420489139,0.5949056104617645,0.1721714315871494,0.1721714315871494,0.0812813616233162,5.5,30.5,7.2,59.2,2.0,1.0,0.99,30.02,96.9,2.0,,,never,2.0,female,6.7
19277.0,1.09511193469,0.0838514679727,6.348136487,81.0,0.8415427220671146,0.2535692126228854,6.298962336788264,0.0491741502117353,1.1615320340780355,0.1926083359287204,0.9689236981493152,0.9689236981493152,0.0765688559466173,6.4,25.8,12.0,58.3,3.5,0.4,0.45,28.4,89.4,2.0,,,never,2.0,female,5.7
20726.0,1.09616876243,0.107912570962,6.59485801,68.0,0.9154710906617712,0.1806976717682287,6.534437357147125,0.0604206528528754,0.8277271994935123,0.2366593291721382,0.5910678703213741,0.5910678703213741,0.0984452163394787,8.3,18.8,7.2,72.1,1.8,0.2,6.06,37.55,,2.0,,,never,1.0,male,5.5
14664.0,1.09638425,0.0700440410181,7.078373564,53.0,1.000773054424837,0.095611195575163,6.806139303715041,0.272234260284959,0.4379690472999833,1.0663038940276124,-0.6283348467276291,0.6283348467276291,0.0638863984210827,4.7,28.8,8.0,59.0,3.4,0.9,0.18,26.29,97.5,2.0,,,never,2.0,female,5.4
17211.0,1.09664075932,0.0604570307271,6.046115813,65.0,0.9325314834143844,0.1641092759056155,6.588777746460708,-0.5426619334607077,0.7517402411830467,-2.125531636554548,2.8772718777375945,2.8772718777375945,0.0551292939034911,4.6,44.3,11.6,42.0,1.7,0.4,0.15,24.66,89.3,1.0,3.0,,former,2.0,female,5.0
12126.0,1.09665139828,0.0802594291987,7.057149408,60.0,0.9609654713354064,0.1356859269445935,6.679345061983346,0.3778043460166538,0.6215405612120172,1.4798072987449449,-0.8582667375329277,0.8582667375329277,0.0731859087806569,6.1,17.8,4.9,75.9,0.9,0.4,0.06,,,2.0,,,never,1.0,male,5.6
20656.0,1.09739248963,0.0479843275147,6.81992424,61.0,0.955278673751202,0.142113815878798,6.661231598878818,0.1586926411211813,0.6509849832352779,0.6215770968867697,0.0294078863485082,0.0294078863485082,0.0437257662760919,4.2,25.0,10.6,58.8,4.0,1.6,0.11,29.26,96.8,2.0,,,never,2.0,female,5.2
20668.0,1.0977262349,0.105995640873,5.837006267,81.0,0.8415427220671146,0.2561835128328855,6.298962336788264,-0.4619560697882647,1.1735074368061584,-1.8094179460340816,2.98292538284024,2.98292538284024,0.0965592672408489,5.9,22.6,7.5,67.2,2.0,0.6,0.12,22.21,81.2,2.0,,,never,1.0,male,4.9
14815.0,1.09773053686,0.0587924668344,6.558526063,57.0,0.9780258640880196,0.1197046727719806,6.73368545129693,-0.1751593882969295,0.5483347548989289,-0.6860750649863369,1.2344098198852658,1.2344098198852658,0.0535581956229192,5.9,32.0,9.1,57.8,0.7,0.3,0.47,38.62,125.1,1.0,2.0,,current,1.0,male,6.3
10682.0,1.09778950285,0.0707019178372,6.562992315,62.0,0.9495918761669976,0.1481976266830023,6.643118135774291,-0.0801258207742909,0.6788532763346569,-0.3138417428223508,0.9926950191570076,0.9926950191570076,0.0644038931449507,10.8,28.4,6.6,64.2,0.7,0.2,0.06,30.15,107.1,2.0,,,never,1.0,male,6.2
20229.0,1.09816187528,0.0436995751637,6.685113295,68.0,0.9154710906617712,0.1826907846182286,6.534437357147125,0.150675937852875,0.8368571108059337,0.5901767804706394,0.2466803303352943,0.2466803303352943,0.0397933821482901,5.6,31.5,8.8,57.0,1.8,0.9,0.89,31.77,106.8,2.0,,,never,2.0,female,9.9
16357.0,1.09888652986,0.0694290409106,6.529641312,69.0,0.909784293077567,0.1891022367824328,6.516323894042596,0.0133174179574035,0.8662262404279817,0.0521624817225743,0.8140637587054074,0.8140637587054074,0.0631812648749506,8.1,21.4,7.4,69.3,1.3,0.6,0.3,30.95,101.4,1.0,2.0,,current,1.0,male,5.4
15779.0,1.09896902707,0.0569919589765,7.042379854,53.0,1.000773054424837,0.0981959726451631,6.806139303715041,0.2362405502849593,0.4498092125026118,0.9253215169626317,-0.4755123044600197,0.4755123044600197,0.0518594769940407,4.1,38.8,10.0,48.6,1.8,0.7,0.42,35.01,111.6,1.0,3.0,,former,2.0,female,5.3
16731.0,1.10016968493,0.0556597020446,6.528328643,78.0,0.8586031148197276,0.2415665701102723,6.353302726101847,0.1750259168981527,1.106551172530301,0.6855522760026576,0.4209988965276434,0.4209988965276434,0.0505919248703361,3.9,18.3,9.0,70.8,1.2,0.9,0.01,17.16,72.0,2.0,,,never,2.0,female,5.5
16025.0,1.10253516044,0.0876038574857,6.366848176,75.0,0.8756635075723407,0.2268716528676593,6.40764311541543,-0.0407949394154298,1.0392377280515124,-0.1597881277314631,1.1990258557829756,1.1990258557829756,0.0794567471669012,6.7,20.8,8.5,69.8,0.2,0.8,0.5,27.17,100.0,1.0,3.0,,former,1.0,male,5.7
13385.0,1.10266247611,0.066843295573,6.815342912,63.0,0.9439050785827932,0.1587573975272066,6.625004672669763,0.190338239330237,0.7272247327161072,0.745528522265149,-0.0183037895490417,0.0183037895490417,0.0606199059287946,7.5,19.8,5.9,72.4,1.4,0.5,0.74,29.49,101.4,1.0,1.0,20.0,current,2.0,female,8.1
18954.0,1.10267749357,0.121697658947,6.539663623,71.0,0.8984106979091583,0.2042667956608416,6.480096967833541,0.059566655166459,0.935690986316239,0.2333143385101871,0.7023766478060519,0.7023766478060519,0.110365596157218,4.7,26.3,7.4,62.8,2.9,0.6,0.24,24.5,78.5,2.0,,,never,2.0,female,9.5
18638.0,1.10275881497,0.0402659812161,6.713260933,51.0,1.012146649593246,0.0906121653767542,6.842366229924096,-0.129105296924096,0.4150698409858043,-0.5056875674121782,0.9207574083979826,0.9207574083979826,0.0365138602108525,6.7,37.6,6.9,49.7,5.2,0.8,0.55,36.41,109.5,1.0,3.0,,former,2.0,female,6.1
20425.0,1.10492473517,0.0744068186524,6.297594281,67.0,0.9211578882459758,0.1837668469240242,6.5525508202516525,-0.2549565392516522,0.8417862614150193,-0.9986294536450778,1.840415715060097,1.840415715060097,0.0673410742686939,3.6,29.0,12.4,57.4,0.6,0.6,0.2,33.92,104.4,2.0,,,never,2.0,female,9.3
12177.0,1.10537435739,0.0751222618643,6.62620553,69.0,0.909784293077567,0.1955900643124328,6.516323894042596,0.1098816359574037,0.8959452249597349,0.4303911498165598,0.4655540751431751,0.4655540751431751,0.0679609232492764,5.6,41.9,8.7,48.3,0.9,0.3,0.39,20.45,67.7,2.0,,,never,2.0,female,5.4
17983.0,1.10577131209,0.0472427632987,6.400721482,71.0,0.8984106979091583,0.2073606141808416,6.480096967833541,-0.0793754858335411,0.9498629328291164,-0.3109027847782419,1.260765717607358,1.260765717607358,0.0427238098711452,5.1,20.3,14.0,60.7,4.6,0.6,0.36,29.36,103.0,1.0,3.0,,former,1.0,male,5.4
12652.0,1.10639563912,0.0550689301007,6.445308835,60.0,0.9609654713354064,0.1454301677845937,6.679345061983346,-0.2340362269833464,0.6661762950471986,-0.9166874878814084,1.582863782928607,1.582863782928607,0.0497732711098721,6.1,36.4,7.4,54.3,1.4,0.6,0.76,31.98,112.6,1.0,3.0,,former,2.0,female,5.8
10670.0,1.10682369452,0.0539144237317,6.75101909,79.0,0.8529163172355232,0.2539073772844769,6.33518926299732,0.4158298270026801,1.1630810750012954,1.6287478413688998,-0.4656667663676044,0.4656667663676044,0.048710941045657,7.6,24.1,7.3,67.4,0.7,0.6,0.24,25.15,95.1,2.0,,,never,2.0,female,5.6
15855.0,1.10716169947,0.0597046639485,6.933384667,60.0,0.9609654713354064,0.1461962281345936,6.679345061983346,0.2540396050166542,0.6696854104770962,0.9950379492388282,-0.325352538761732,0.325352538761732,0.0539258754860114,5.5,28.3,9.4,56.6,5.6,0.2,0.03,23.41,90.2,1.0,3.0,,former,1.0,male,5.6
14152.0,1.10956505577,0.0571790154945,6.956110386,61.0,0.955278673751202,0.154286382018798,6.661231598878818,0.2948787871211813,0.7067442189969605,1.1549993694560248,-0.4482551504590643,0.4482551504590643,0.0515328192764864,6.4,31.6,7.4,56.4,4.0,0.6,2.83,48.18,116.7,2.0,,,never,2.0,female,5.4
12481.0,1.10967394081,0.0803462346302,7.102978851,55.0,0.9893994592564282,0.1202744815535717,6.769912377505985,0.3330664734940143,0.5509448949323779,1.3045752481152133,-0.7536303531828354,0.7536303531828354,0.072405263992729,5.1,27.8,6.8,60.9,4.3,0.3,0.06,26.78,104.0,1.0,3.0,,former,2.0,female,5.0
11610.0,1.1097203873,0.0482062116657,6.643293729,71.0,0.8984106979091583,0.2113096893908418,6.480096967833541,0.1631967611664588,0.9679525790994644,0.6392191112989896,0.3287334678004747,0.3287334678004747,0.0434399621899241,4.6,29.6,10.6,55.9,3.2,0.6,0.04,24.38,80.7,2.0,,,never,2.0,female,5.4
10545.0,1.11046894291,0.116652739713,7.046438242,53.0,1.000773054424837,0.1096958884851631,6.806139303715041,0.2402989382849591,0.5024872190286922,0.9412176606858536,-0.4387304416571613,0.4387304416571613,0.1050481784815249,5.5,39.3,11.6,46.4,2.3,0.3,0.32,33.19,107.4,2.0,,,never,1.0,male,8.2
15828.0,1.11077619737,0.045742327329,6.771319018,55.0,0.9893994592564282,0.1213767381135718,6.769912377505985,0.0014066404940145,0.5559940343407841,0.0055096160001852,0.5504844183405989,0.5504844183405989,0.0411805073220912,6.4,24.2,6.7,66.5,1.6,1.0,1.28,28.94,96.6,2.0,,,never,2.0,female,12.4
15327.0,1.11112157471,0.0521658912976,6.510495603,76.0,0.8699767099881364,0.2411448647218637,6.389529652310903,0.1209659506890972,1.104619454114988,0.4738068754811424,0.6308125786338457,0.6308125786338457,0.0469488600392042,6.2,30.5,8.0,55.7,4.7,1.2,0.23,36.83,118.7,1.0,3.0,,former,2.0,female,5.3
13912.0,1.11147152362,0.36550011287,6.873810699,52.0,1.0064598520090415,0.1050116716109583,6.824252766819568,0.0495579321804315,0.4810300874720727,0.1941115567476212,0.2869185307244514,0.2869185307244514,0.3288434342245556,12.5,26.2,4.3,65.4,3.4,0.9,1.22,55.4,,1.0,1.0,10.0,current,2.0,female,6.3
13910.0,1.11223552528,0.0635096296156,6.658363818,55.0,0.9893994592564282,0.1228360660235717,6.769912377505985,-0.1115485595059855,0.5626788211023772,-0.4369202584931773,0.9995990795955544,0.9995990795955544,0.0571008821172222,8.4,30.3,7.3,59.7,1.9,0.9,0.34,51.04,154.5,1.0,3.0,,former,1.0,male,5.8
14126.0,1.11241906482,0.120537461265,7.633384214,55.0,0.9893994592564282,0.1230196055635718,6.769912377505985,0.863471836494015,0.5635195661322049,3.3820995956680187,-2.8185800295358137,2.8185800295358137,0.1083561627780121,7.5,30.1,7.8,59.7,1.9,0.6,0.56,29.91,97.3,2.0,,,never,2.0,female,6.4
19757.0,1.11271728457,0.0469584181215,6.492205346,54.0,0.9950862568406328,0.1176310277293672,6.788025840610513,-0.2958204946105125,0.5388359473765637,-1.1586879072684872,1.697523854645051,1.697523854645051,0.0422015715695893,12.6,31.1,7.4,58.1,2.7,0.8,0.42,31.43,110.3,1.0,1.0,20.0,current,1.0,male,5.8
19116.0,1.11394736967,0.0642056363011,6.305156626,76.0,0.8699767099881364,0.2439706596818636,6.389529652310903,-0.084373026310903,1.117563657134846,-0.3304774586859037,1.4480411158207498,1.4480411158207498,0.0576379441697685,7.2,27.0,4.7,62.2,4.7,1.4,0.05,24.0,96.0,2.0,,,never,1.0,male,5.5
20912.0,1.11480036025,0.0497854146349,7.005343356,52.0,1.0064598520090415,0.1083405082409585,6.824252766819568,0.1810905891804317,0.4962785884314852,0.7093067573960956,-0.2130281689646103,0.2130281689646103,0.0446585921659868,5.9,27.7,7.3,59.0,5.0,1.0,0.57,34.02,109.3,2.0,,,never,2.0,female,5.5
13097.0,1.11512474853,0.133799022104,7.075910663,50.0,1.0178334471774502,0.0972913013525498,6.860479693028624,0.2154309699713765,0.4456651578052307,0.8438132729296168,-0.3981481151243861,0.3981481151243861,0.1199856987125242,10.9,28.0,24.9,45.1,1.7,0.4,2.16,42.99,138.8,1.0,1.0,8.0,current,2.0,female,9.1
12714.0,1.11530337916,0.0357202437317,6.708932838,60.0,0.9609654713354064,0.1543379078245936,6.679345061983346,0.0295877760166538,0.7069802447880815,0.1158912208520358,0.5910890239360457,0.5910890239360457,0.0320273787376157,4.9,24.2,10.4,61.8,3.0,0.6,0.64,22.98,86.0,1.0,3.0,,former,2.0,female,5.0
18189.0,1.1153865776,0.118471004771,6.32351624,66.0,0.9268446858301802,0.1885418917698198,6.57066428335618,-0.2471480433561801,0.8636594513625684,-0.9680446566723344,1.8317041080349024,1.8317041080349024,0.1062151967310889,8.9,26.8,9.5,60.9,2.4,0.4,0.5,17.65,75.0,1.0,1.0,20.0,current,1.0,male,4.9
13680.0,1.11568821937,0.0622298025436,6.58915698,62.0,0.9495918761669976,0.1660963432030022,6.643118135774291,-0.0539611557742905,0.7608424594528023,-0.2113583737334458,0.9722008331862482,0.9722008331862482,0.0557770544343827,7.3,31.3,10.1,50.5,6.7,1.4,0.42,,,1.0,1.0,20.0,current,1.0,male,6.2
15583.0,1.11638647265,0.0501802754979,6.895751656,51.0,1.012146649593246,0.104239823056754,6.842366229924096,0.0533854260759039,0.4774944578430196,0.2091033202414483,0.2683911376015713,0.2683911376015713,0.0449488387106533,7.0,33.8,8.6,55.1,1.4,1.0,0.46,27.85,94.4,2.0,,,never,2.0,female,5.4
11948.0,1.11666888818,0.0770240316101,6.339786595,71.0,0.8984106979091583,0.2182581902708417,6.480096967833541,-0.1403103728335413,0.9997817837472012,-0.5495762978850072,1.5493580816322083,1.5493580816322083,0.0689766075023702,7.9,26.3,6.2,66.3,1.2,0.1,0.04,23.7,88.3,2.0,,,never,1.0,male,5.5
12622.0,1.11759808011,0.0915821877358,7.027903228,62.0,0.9495918761669976,0.1680062039430023,6.643118135774291,0.3847850922257088,0.7695910153488105,1.5071499148364769,-0.7375588994876664,0.7375588994876664,0.0819455485524688,9.5,20.6,6.8,68.9,3.0,0.8,0.52,28.7,88.5,2.0,,,never,2.0,female,5.6
14045.0,1.11803507064,0.0435705433514,6.972949852,54.0,0.9950862568406328,0.1229488137993672,6.788025840610513,0.1849240113894872,0.5631952881923795,0.7243217412731768,-0.1611264530807973,0.1611264530807973,0.0389706409893374,5.7,31.8,8.1,57.4,2.0,0.6,0.88,37.95,106.5,2.0,,,never,2.0,female,5.3
14652.0,1.11825206136,0.0460309978869,7.104263874,55.0,0.9893994592564282,0.1288526021035717,6.769912377505985,0.3343514964940146,0.590238946871666,1.3096085052349495,-0.7193695583632835,0.7193695583632835,0.0411633472250593,4.1,34.9,8.9,54.6,0.9,0.8,0.32,22.67,79.0,2.0,,,never,2.0,female,5.3
16938.0,1.11886055585,0.100001403915,6.25043686,66.0,0.9268446858301802,0.1920158700198198,6.57066428335618,-0.3202274233561804,0.8795728068576081,-1.254286466889596,2.133859273747204,2.133859273747204,0.0893778973547144,6.7,35.9,7.4,53.9,2.2,0.6,0.14,27.88,98.6,1.0,3.0,,former,2.0,female,5.9
10928.0,1.12040957915,0.0544551785693,6.993483156,73.0,0.8870371027407495,0.2333724764092504,6.443870041624486,0.5496131143755143,1.0690162438000963,2.1527584494832004,-1.083742205683104,1.083742205683104,0.048602921273319,6.2,12.3,10.4,76.2,1.2,0.1,0.17,29.76,110.4,1.0,3.0,,former,1.0,male,5.1
19820.0,1.12204579112,0.0539874199601,6.589523961,72.0,0.8927239003249539,0.229321890795046,6.461983504729013,0.1275404562709869,1.0504616058020235,0.4995583032989976,0.5509033025030261,0.5509033025030261,0.0481151664106426,7.0,24.0,6.5,63.7,4.4,1.3,0.13,26.51,101.7,1.0,1.0,8.0,current,1.0,male,5.3
12980.0,1.12212601202,0.0602003614095,6.904382379,59.0,0.9666522689196108,0.1554737431003893,6.697458525087875,0.2069238539121256,0.712183199218652,0.8104920775318409,-0.0983088783131889,0.0983088783131889,0.0536484857891584,7.9,23.2,7.0,67.3,2.1,0.4,0.35,23.39,90.5,2.0,,,never,2.0,female,5.3
13876.0,1.12239611105,0.0438622548832,7.053718471,60.0,0.9609654713354064,0.1614306397145937,6.679345061983346,0.3743734090166537,0.7394701327131362,1.4663687936889167,-0.7268986609757805,0.7268986609757805,0.0390791222914759,6.1,37.7,8.1,50.0,2.4,1.8,0.2,29.53,108.3,2.0,,,never,1.0,male,7.9
16943.0,1.12329806796,0.0343743523138,6.812701748,60.0,0.9609654713354064,0.1623325966245936,6.679345061983346,0.1333566860166541,0.7436017535573476,0.5223396696849639,0.2212620838723836,0.2212620838723836,0.030601274313795,10.7,27.3,5.3,62.2,4.4,0.8,0.25,28.7,96.2,2.0,,,never,2.0,female,5.6
16621.0,1.12408410206,0.0460622124147,6.58542585,80.0,0.8472295196513189,0.2768545824086812,6.317075799892791,0.2683500501072089,1.2681960200240705,1.0510899807111134,0.2171060393129571,0.2171060393129571,0.0409775499273464,8.4,32.5,7.0,57.0,3.3,0.3,1.86,23.81,,2.0,,,never,2.0,female,7.1
18036.0,1.12489846957,0.0511236870887,6.763871877,57.0,0.9780258640880196,0.1468726054819804,6.73368545129693,0.0301864257030697,0.672783712309515,0.1182360487628046,0.5545476635467104,0.5545476635467104,0.0454473790050068,6.2,44.8,7.6,43.0,3.7,0.9,0.06,21.44,83.8,1.0,1.0,18.0,current,1.0,male,5.5
12371.0,1.125154615,0.0682237603663,6.785701093,62.0,0.9495918761669976,0.1755627388330023,6.643118135774291,0.1425829572257093,0.8042054594706879,0.5584776962040087,0.2457277632666792,0.2457277632666792,0.0606350091416547,6.5,23.3,11.5,60.6,4.2,0.5,0.71,32.85,113.8,1.0,3.0,,former,1.0,male,7.0
17137.0,1.12591811229,0.0668447026417,7.162035419,52.0,1.0064598520090415,0.1194582602809584,6.824252766819568,0.3377826521804321,0.5472060058723469,1.3230478668553876,-0.7758418609830406,0.7758418609830406,0.0593690623785639,6.1,42.2,7.8,48.5,1.2,0.4,0.23,25.77,96.1,2.0,,,never,2.0,female,5.6
13100.0,1.12677806694,0.0816392137988,6.810600383,55.0,0.9893994592564282,0.1373786076835718,6.769912377505985,0.0406880054940144,0.629294274217839,0.159369282371259,0.46992499184658,0.46992499184658,0.0724536767213691,10.1,21.7,7.2,67.2,3.3,0.7,0.27,33.46,111.8,1.0,3.0,,former,1.0,male,5.6
15139.0,1.12718754216,0.0622592492134,7.145842456,63.0,0.9439050785827932,0.1832824635772066,6.625004672669763,0.5208377833302364,0.8395674322114154,2.0400494630632107,-1.2004820308517954,1.2004820308517954,0.0552341530443942,4.8,44.7,7.7,46.2,1.3,0.1,0.49,32.72,108.6,1.0,3.0,,former,2.0,female,7.7
17752.0,1.12965711739,0.0944747047679,6.497981814,66.0,0.9268446858301802,0.2028124315598198,6.57066428335618,-0.07268246935618,0.929028937422069,-0.2846871661961769,1.213716103618246,1.213716103618246,0.0836313101679717,2.6,,,,,,0.17,,,1.0,2.0,,current,1.0,male,5.4
11742.0,1.131737957,0.038046783683,6.588972541,53.0,1.000773054424837,0.1309649025751629,6.806139303715041,-0.2171667627150402,0.5999148244672643,-0.8506121327052234,1.4505269571724877,1.4505269571724877,0.0336180150605304,7.3,36.1,6.4,52.7,4.7,0.2,0.28,32.0,103.0,2.0,,,never,1.0,male,5.5
19045.0,1.13388933364,0.102063096112,6.422520779,71.0,0.8984106979091583,0.2354786357308417,6.480096967833541,-0.0575761888335408,1.0786639904472364,-0.2255179575568864,1.3041819480041228,1.3041819480041228,0.0900115144256257,3.5,48.0,11.6,39.5,0.9,5.397605346934028e-79,0.01,27.04,100.7,1.0,3.0,,former,1.0,male,6.0
20709.0,1.13410022805,0.063305362109,6.83806453,73.0,0.8870371027407495,0.2470631253092505,6.443870041624486,0.3941944883755139,1.131729406412292,1.544005216386265,-0.4122758099739729,0.4122758099739729,0.0558199006959453,6.2,19.9,4.8,71.6,2.5,1.3,0.41,35.44,112.0,2.0,,,never,2.0,female,5.3
17321.0,1.13430564838,0.057863473804,6.799808123,63.0,0.9439050785827932,0.1904005697972067,6.625004672669763,0.1748034503302369,0.8721735530846007,0.6846809052669857,0.187492647817615,0.187492647817615,0.0510122416181563,7.2,37.6,6.9,53.8,1.0,0.6,0.52,32.52,101.8,1.0,3.0,,former,2.0,female,5.7
19813.0,1.13504176933,0.0590676591726,6.977492906,57.0,0.9780258640880196,0.1570159052419804,6.73368545129693,0.2438074547030702,0.719247427208603,0.9549600335781396,-0.2357126063695366,0.2357126063695366,0.0520400753246877,5.6,29.0,12.5,53.8,3.3,1.4,0.29,27.65,92.9,1.0,1.0,5.0,current,1.0,male,6.0
16889.0,1.13634633892,0.0612500083965,6.953085456,53.0,1.000773054424837,0.1355732844951629,6.806139303715041,0.1469461522849595,0.621024576593627,0.5755677269635853,0.0454568496300417,0.0454568496300417,0.0539008278538679,9.5,35.1,5.6,56.0,2.8,0.4,0.33,29.96,94.1,1.0,3.0,,former,2.0,female,5.5
17998.0,1.13751516348,0.0921905548409,6.778353289,60.0,0.9609654713354064,0.1765496921445937,6.679345061983346,0.0990082270166539,0.808726425859686,0.3878015129253767,0.4209249129343093,0.4209249129343093,0.0810455612379367,4.7,34.4,12.5,46.9,5.1,1.1,0.06,24.88,91.5,1.0,3.0,,former,1.0,male,5.2
11841.0,1.13866841659,0.0931185201638,6.631170009,61.0,0.955278673751202,0.183389742838798,6.661231598878818,-0.0300615898788185,0.8400588495157548,-0.117747084128545,0.9578059336443,0.9578059336443,0.0817784341842592,5.9,29.6,5.9,61.8,2.5,0.1,0.68,,99.5,2.0,,,never,2.0,female,5.1
17693.0,1.13945323702,0.0627975771349,6.777995978,58.0,0.9723390665038152,0.1671141705161847,6.715571988192401,0.0624239898075984,0.7655048512991628,0.2445061225685113,0.5209987287306515,0.5209987287306515,0.055112026623518,8.1,22.3,5.9,69.7,1.6,0.4,1.76,43.03,117.8,2.0,,,never,2.0,female,5.3
17127.0,1.1396117034,0.0915368169225,6.772374441,71.0,0.8984106979091583,0.2412010054908416,6.480096967833541,0.2922774731664592,1.10487661980522,1.1448103829684126,-0.0399337631631926,0.0399337631631926,0.0803228122784299,12.9,21.8,7.1,66.3,4.6,0.2,0.71,28.41,102.7,1.0,3.0,,former,1.0,male,6.7
16150.0,1.13963563326,0.0559872556085,6.779975248,54.0,0.9950862568406328,0.1445493764193672,6.788025840610513,-0.0080505926105125,0.6621416278434502,-0.0315330562759949,0.6936746841194451,0.6936746841194451,0.0491273298013198,4.3,29.1,7.8,52.4,9.9,0.9,0.22,22.28,88.6,1.0,3.0,,former,1.0,male,4.9
16971.0,1.14030601186,0.0625544556647,7.446313814,63.0,0.9439050785827932,0.1964009332772066,6.625004672669763,0.8213091413302367,0.8996595965440534,3.2169541580997407,-2.3172945615556872,2.3172945615556872,0.05485760402391,6.1,51.0,6.5,38.7,3.4,0.5,0.1,25.53,98.8,2.0,,,never,1.0,male,5.7
17292.0,1.1403640603,0.0899323888082,7.173608697,50.0,1.0178334471774502,0.1225306131225498,6.860479693028624,0.3131290039713761,0.5612796239136922,1.226482941265984,-0.6652033173522919,0.6652033173522919,0.078862875408877,6.6,33.8,6.8,57.8,1.1,0.4,0.46,27.36,95.5,1.0,3.0,,former,2.0,female,5.4
14964.0,1.14048837542,0.0451538517183,6.69869041,54.0,0.9950862568406328,0.1454021185793672,6.788025840610513,-0.0893354306105127,0.6660478092185603,-0.3499145090515499,1.0159623182701103,1.0159623182701103,0.0395916808022453,4.9,36.5,6.9,50.8,5.3,0.6,0.21,28.15,90.6,2.0,,,never,2.0,female,5.4
15406.0,1.14112880782,0.112398743012,6.606646357,74.0,0.8813503051565452,0.2597785026634547,6.425756578519958,0.1808897784800418,1.1899751136475147,0.7085202096942597,0.4814549039532551,0.4814549039532551,0.0984978577718367,6.2,21.9,8.9,63.9,4.6,0.6,2.96,41.04,126.8,2.0,,,never,2.0,female,6.7
12022.0,1.14157188362,0.0738335731186,6.610243218,57.0,0.9780258640880196,0.1635460195319804,6.73368545129693,-0.12344223329693,0.7491601159596082,-0.4835061314994008,1.2326662474590089,1.2326662474590089,0.0646771124779885,6.4,41.4,7.3,50.0,1.0,0.3,0.68,30.98,110.0,1.0,3.0,,former,1.0,male,5.6
18144.0,1.14261288532,0.0908647120256,6.342828688,69.0,0.909784293077567,0.2328285922424329,6.516323894042596,-0.1734952060425962,1.0665248574206077,-0.6795566935796308,1.7460815510002383,1.7460815510002383,0.0795236192353567,10.0,59.1,4.7,33.8,2.0,0.3,0.38,29.83,104.3,1.0,3.0,,former,1.0,male,6.4
13073.0,1.14267998274,0.0723004797673,7.059223876,55.0,0.9893994592564282,0.1532805234835718,6.769912377505985,0.2893114984940146,0.7021366528877668,1.1331930709537363,-0.4310564180659695,0.4310564180659695,0.0632727280248077,6.8,30.8,6.1,61.2,1.7,0.3,0.02,,,1.0,1.0,10.0,current,1.0,male,4.8
17231.0,1.14404627753,0.0519191375571,6.764998812,50.0,1.0178334471774502,0.1262128303525498,6.860479693028624,-0.0954808810286236,0.5781468658979938,-0.3739853872155475,0.9521322531135412,0.9521322531135412,0.0453820256897243,7.3,35.8,8.6,53.3,1.4,0.9,0.04,31.55,107.3,1.0,3.0,,former,1.0,male,5.5
16225.0,1.14508781519,0.073186011757,6.392162962,72.0,0.8927239003249539,0.252363914865046,6.461983504729013,-0.0698205427290137,1.1560108907899702,-0.2734773959645593,1.4294882867545295,1.4294882867545295,0.0639130124224197,7.1,22.1,7.7,67.5,2.4,0.4,0.15,28.86,114.8,1.0,3.0,,former,1.0,male,5.5
16730.0,1.14589356047,0.0629820868474,6.52908036,79.0,0.8529163172355232,0.2929772432344768,6.33518926299732,0.1938910970026803,1.342049571999199,0.7594445737095434,0.5826049982896555,0.5826049982896555,0.0549632959116789,7.2,20.8,10.6,65.7,2.0,0.9,0.82,37.4,98.9,2.0,,,never,2.0,female,5.5
16029.0,1.14656733096,0.0391805366797,7.006251501,52.0,1.0064598520090415,0.1401074789509584,6.824252766819568,0.1819987341804321,0.6417944959961774,0.7128638355861385,-0.071069339589961,0.071069339589961,0.0341720330082096,8.1,37.0,8.8,50.5,3.3,0.6,0.17,36.49,105.6,2.0,,,never,2.0,female,5.3
13840.0,1.14724629542,0.0869984952274,7.183369667,51.0,1.012146649593246,0.1350996458267541,6.842366229924096,0.3410034370759041,0.6188549658579852,1.3356632352233224,-0.7168082693653373,0.7168082693653373,0.0758324481627987,5.3,27.7,13.1,57.4,1.4,0.4,0.1,27.53,93.7,2.0,,,never,1.0,male,5.3
12294.0,1.14725201223,0.0498095175279,6.786946072,55.0,0.9893994592564282,0.1578525529735718,6.769912377505985,0.0170336944940148,0.7230798843568115,0.066718622224964,0.6563612621318475,0.6563612621318475,0.043416369722535,7.5,50.0,9.3,39.0,1.2,0.5,1.16,28.53,104.3,1.0,1.0,10.0,current,2.0,female,5.6
10319.0,1.14810803692,0.0637119250955,6.828975876,64.0,0.9382182809985888,0.2098897559214112,6.6068912095652355,0.2220846664347648,0.9614482476234816,0.8698748804626372,0.0915733671608444,0.0915733671608444,0.0554929702142128,3.4,24.5,10.0,60.7,4.2,0.7,0.06,23.59,88.1,2.0,,,never,2.0,female,5.1
16656.0,1.14941102661,0.0786035419237,6.641460256,55.0,0.9893994592564282,0.1600115673535717,6.769912377505985,-0.128452121505985,0.7329697457420522,-0.5031291697619862,1.2360989155040385,1.2360989155040385,0.0683859299275458,8.1,33.6,9.0,51.7,4.7,1.1,0.71,37.63,127.3,1.0,1.0,10.0,current,1.0,male,5.5
19264.0,1.1520965335,0.0843831422022,6.985931071,51.0,1.012146649593246,0.1399498839067541,6.842366229924096,0.1435648410759045,0.6410725956898989,0.5623235992576875,0.0787489964322114,0.0787489964322114,0.0732431178712508,7.2,19.4,7.8,71.0,1.5,0.4,0.46,24.49,77.6,2.0,,,never,2.0,female,5.4
10040.0,1.15394091399,0.0884146224702,6.452737034,76.0,0.8699767099881364,0.2839642040018637,6.389529652310903,0.0632073816890974,1.3007632751148377,0.2475745600712622,1.0531887150435753,1.0531887150435753,0.0766197137117595,4.3,42.1,8.6,47.0,1.5,0.8,0.41,47.88,,1.0,3.0,,former,2.0,female,5.3
17783.0,1.15423230306,0.0676205728966,6.668634683,56.0,0.9837126616722238,0.1705196413877761,6.751798914401458,-0.083164231401458,0.7811043930083365,-0.3257427764395443,1.1068471694478808,1.1068471694478808,0.0585848903356198,6.1,38.7,6.4,51.4,3.0,0.6,0.86,25.25,89.1,1.0,1.0,10.0,current,1.0,male,5.5
12702.0,1.15437458926,0.0939533848956,6.572209748,51.0,1.012146649593246,0.142227939666754,6.842366229924096,-0.2701564819240962,0.6515077534651103,-1.0581655239532683,1.7096732774183785,1.7096732774183785,0.0813889925936674,6.8,44.3,12.6,41.3,1.4,0.4,0.52,32.12,99.0,1.0,1.0,10.0,current,2.0,female,5.1
14999.0,1.15527622553,0.0604649084374,6.777312565,60.0,0.9609654713354064,0.1943107541945936,6.679345061983346,0.0979675030166538,0.8900850510528957,0.3837251411540703,0.5063599098988254,0.5063599098988254,0.0523380531003837,12.3,43.0,7.6,46.1,2.7,0.7,0.16,40.39,131.2,1.0,1.0,30.0,current,2.0,female,7.3
10632.0,1.15547296995,0.10119627383,6.51022592,71.0,0.8984106979091583,0.2570622720408416,6.480096967833541,0.0301289521664589,1.1775327952466568,0.1180109328797872,1.0595218623668694,1.0595218623668694,0.0875799576985163,5.5,44.3,12.7,40.8,1.8,0.4,1.48,22.84,79.6,1.0,1.0,15.0,current,1.0,male,5.6
16470.0,1.15789723751,0.0682590276918,7.108569119,51.0,1.012146649593246,0.1457505879167542,6.842366229924096,0.2662028890759043,0.6676440530767249,1.0426798483259097,-0.3750357952491847,0.3750357952491847,0.0589508511468492,8.4,31.1,10.2,54.3,3.7,0.7,2.44,,,1.0,1.0,4.0,current,2.0,female,5.6
14171.0,1.15819879138,0.0411785551528,7.07926288,58.0,0.9723390665038152,0.1858597248761848,6.715571988192401,0.3636908918075985,0.8513731696981852,1.4245268532729334,-0.5731536835747482,0.5731536835747482,0.0355539614263761,5.9,28.7,8.4,60.2,2.0,0.7,0.26,24.4,89.9,1.0,3.0,,former,2.0,female,5.4
17420.0,1.15861845718,0.097618287757,7.061184766,56.0,0.9837126616722238,0.1749057955077761,6.751798914401458,0.3093858515985426,0.8011961796415993,1.2118215318353227,-0.4106253521937234,0.4106253521937234,0.0842540416580246,5.4,32.4,7.6,55.3,3.8,0.9,0.43,29.0,110.3,2.0,,,never,2.0,female,5.0
16481.0,1.15872421277,0.0843833278574,6.71667506,57.0,0.9780258640880196,0.1806983486819804,6.73368545129693,-0.0170103912969299,0.827730300252468,-0.0666273468293951,0.8943576470818632,0.8943576470818632,0.0728243415710426,4.4,30.9,10.4,53.1,5.4,0.2,0.28,22.76,87.1,1.0,3.0,,former,1.0,male,4.7
11840.0,1.15896025905,0.105436903568,6.812609725,51.0,1.012146649593246,0.1468136094567542,6.842366229924096,-0.0297565049240962,0.6725134674620642,-0.1165521086141143,0.7890655760761784,0.7890655760761784,0.0909754262449228,7.4,26.9,7.4,62.4,2.1,1.3,0.17,22.57,94.1,2.0,,,never,1.0,male,5.3
14697.0,1.15935663961,0.0592113291325,6.949440643,51.0,1.012146649593246,0.147209990016754,6.842366229924096,0.107074413075904,0.6743291796826574,0.4193956465804377,0.2549335331022196,0.2549335331022196,0.0510725751761928,7.6,38.6,13.0,43.8,3.9,0.6,0.57,41.0,130.1,1.0,2.0,,current,1.0,male,6.4
17360.0,1.16266611658,0.0325022330388,7.03009842,68.0,0.9154710906617712,0.2471950259182287,6.534437357147125,0.495661062852875,1.13233360745491,1.941435735842565,-0.8091021283876549,0.8091021283876549,0.0279549154957794,7.1,32.5,8.3,56.3,2.2,0.8,0.04,25.18,101.3,2.0,,,never,2.0,female,5.4
12138.0,1.16547008856,0.0852630807561,6.839770759,64.0,0.9382182809985888,0.2272518075614111,6.6068912095652355,0.2328795494347648,1.0409791139639837,0.9121569421194756,0.1288221718445078,0.1288221718445078,0.0731576739660878,5.2,36.1,7.1,54.5,2.0,0.4,0.53,42.48,132.8,2.0,,,never,1.0,male,8.3
10390.0,1.16642231733,0.0566976003585,6.419499765,57.0,0.9780258640880196,0.1883964532419804,6.73368545129693,-0.3141856862969296,0.8629932367723693,-1.2306218195883103,2.0936150563606795,2.0936150563606795,0.0486081237611122,6.8,26.7,7.4,59.2,6.1,0.8,0.16,27.27,97.4,1.0,1.0,20.0,current,1.0,male,6.0
10014.0,1.16919033854,0.083324691655,6.929012128,62.0,0.9495918761669976,0.2195984623730023,6.643118135774291,0.2858939922257093,1.0059212080287911,1.119807172213647,-0.1138859641848555,0.1138859641848555,0.0712670032486325,7.1,29.3,7.1,61.0,1.6,1.0,3.13,22.36,89.3,1.0,3.0,,former,2.0,female,5.4
12820.0,1.17033686724,0.188179517327,7.750052397,56.0,0.9837126616722238,0.1866242055677762,6.751798914401458,0.9982534825985424,0.8548750491398277,3.910020636665112,-3.0551455875252844,3.0551455875252844,0.160790899265425,4.4,18.8,14.5,63.2,3.1,0.4,2.59,29.78,88.5,2.0,,,never,2.0,female,6.1
20345.0,1.17119947883,0.103629695497,6.549004522,57.0,0.9780258640880196,0.1931736147419804,6.73368545129693,-0.1846809292969302,0.8848761225407875,-0.7233696223826648,1.6082457449234524,1.6082457449234524,0.0884816782880774,6.3,25.2,10.5,59.4,4.3,0.6,0.03,25.11,94.7,2.0,,,never,1.0,male,5.0
11578.0,1.17120983414,0.104778977437,6.977997001,55.0,0.9893994592564282,0.1818103748835716,6.769912377505985,0.208084623494015,0.8328241917486856,0.8150386512215075,0.017785540527178,0.017785540527178,0.0894621735429138,7.0,40.9,7.1,49.9,1.6,0.6,1.31,28.15,98.6,2.0,,,never,2.0,female,5.9
10781.0,1.17122414111,0.0805209273418,6.05338312,75.0,0.8756635075723407,0.2955606335376592,6.40764311541543,-0.3542599954154299,1.35388338479782,-1.3875873382515176,2.741470723049338,2.741470723049338,0.0687493747059279,8.4,29.5,7.6,60.1,2.3,0.5,0.15,33.72,120.2,1.0,3.0,,former,1.0,male,7.0
17993.0,1.17168739921,0.0856215597837,6.737419471,56.0,0.9837126616722238,0.1879747375377762,6.751798914401458,-0.0143794434014576,0.8610614711031854,-0.0563222883000635,0.9173837594032488,0.9173837594032488,0.0730754293691556,5.9,40.2,7.0,49.9,2.5,0.4,0.08,23.94,76.7,2.0,,,never,2.0,female,5.4
10096.0,1.17193797714,0.117763345149,6.746939335,60.0,0.9609654713354064,0.2109725058045937,6.679345061983346,0.0675942730166543,0.9664080322172094,0.2647574058319444,0.701650626385265,0.701650626385265,0.1004859876939818,7.5,28.8,7.7,59.9,2.8,0.9,1.86,26.24,95.1,1.0,3.0,,former,2.0,female,5.5
15360.0,1.17401456943,0.0604333159234,6.696050709,55.0,0.9893994592564282,0.1846151101735716,6.769912377505985,-0.0738616685059856,0.8456719261118051,-0.2893059259509395,1.1349778520627445,1.1349778520627445,0.0514757801964427,6.1,43.0,10.0,44.3,2.3,0.4,0.08,28.88,113.1,1.0,3.0,,former,1.0,male,5.2
16986.0,1.17476721135,0.111218343697,6.282424683,61.0,0.955278673751202,0.219488537598798,6.661231598878818,-0.3788069158788181,1.0054176723461414,-1.4837342260425652,2.4891518983887067,2.4891518983887067,0.0946726658885822,6.4,34.6,9.1,54.2,1.6,0.7,0.19,27.94,91.6,2.0,,,never,2.0,female,5.3
11760.0,1.1760402285,0.0312196170076,6.441217157,61.0,0.955278673751202,0.220761554748798,6.661231598878818,-0.2200144418788188,1.0112490198680295,-0.8617660975959759,1.8730151174640055,1.8730151174640055,0.0265463852774998,5.7,34.8,9.1,51.3,3.7,1.1,0.15,29.44,103.1,1.0,2.0,,current,1.0,male,6.4
15430.0,1.17735342106,0.0459324821368,6.439020868,85.0,0.8187955317302971,0.358557889329703,6.226508484370153,0.2125123836298472,1.6424567881087817,0.832381574444015,0.8100752136647665,0.8100752136647665,0.0390133339022753,6.9,31.6,6.7,60.6,0.9,0.2,0.23,17.97,64.8,2.0,,,never,2.0,female,5.6
14049.0,1.17887800182,0.0662698359271,6.516824719,65.0,0.9325314834143844,0.2463465184056155,6.588777746460708,-0.071953027460708,1.1284468238550338,-0.2818300433168064,1.4102768671718402,1.4102768671718402,0.0562143290694965,7.5,30.7,8.8,54.2,5.6,0.8,0.3,34.64,110.0,2.0,,,never,2.0,female,6.5
15264.0,1.17926391905,0.038318695881,6.879200562,62.0,0.9495918761669976,0.2296720428830023,6.643118135774291,0.2360824262257095,1.0520655578857705,0.924702166922188,0.1273633909635824,0.1273633909635824,0.0324937405969895,4.6,39.6,4.6,52.8,1.9,1.2,0.05,20.53,78.2,2.0,,,never,2.0,female,5.5
10250.0,1.18215887721,0.0693021483502,6.824372995,53.0,1.000773054424837,0.181385822785163,6.806139303715041,0.0182336912849594,0.8308794333242073,0.0714188434596665,0.7594605898645408,0.7594605898645408,0.0586233793834541,8.2,35.3,8.0,51.6,4.5,0.7,0.49,31.93,117.6,1.0,1.0,3.0,current,1.0,male,6.2
17758.0,1.18352322054,0.0947752520468,6.176355291,85.0,0.8187955317302971,0.3647276888097028,6.226508484370153,-0.0501531933701526,1.670718972092907,-0.1964431123861316,1.8671620844790384,1.8671620844790384,0.0800789121852272,4.9,41.9,7.9,45.8,1.9,2.5,0.25,23.96,89.0,2.0,,,never,2.0,female,6.3
19238.0,1.18522516912,0.0854239989594,7.008555017,52.0,1.0064598520090415,0.1787653171109584,6.824252766819568,0.1843022501804316,0.8188756050416363,0.7218863887290948,0.0969892163125414,0.0969892163125414,0.0720740675991762,5.4,37.1,6.3,53.8,2.2,0.6,0.57,33.17,111.1,2.0,,,never,2.0,female,5.7
14329.0,1.18563212906,0.14192584717,6.688527942,64.0,0.9382182809985888,0.2474138480614112,6.6068912095652355,0.0816367324347648,1.1333359725545329,0.3197597745403596,0.8135761980141732,0.8135761980141732,0.1197047918079974,6.7,25.9,6.7,64.1,2.6,0.8,0.23,27.11,92.6,2.0,,,never,2.0,female,5.4
13326.0,1.18569261534,0.0832998929418,6.70763219,63.0,0.9439050785827932,0.2417875367572067,6.625004672669763,0.0826275173302368,1.1075633610220434,0.3236405417556237,0.7839228192664198,0.7839228192664198,0.0702542057394138,6.9,47.6,6.2,43.7,1.4,1.2,0.2,27.41,94.0,2.0,,,never,2.0,female,6.0
10679.0,1.18776644387,0.0677595964934,6.701371221,50.0,1.0178334471774502,0.1699329966925498,6.860479693028624,-0.159108472028624,0.7784171322045548,-0.6232058489600724,1.401622981164627,1.401622981164627,0.0570479127804154,5.3,34.3,7.6,53.3,4.4,0.4,0.17,25.79,89.2,1.0,3.0,,former,1.0,male,5.3
17694.0,1.18861618169,0.08150607394,6.708064167,64.0,0.9382182809985888,0.2503979006914112,6.6068912095652355,0.1011729574347644,1.1470051111903603,0.3962804621653992,0.750724649024961,0.750724649024961,0.0685722398832842,9.9,28.8,9.4,60.8,0.8,0.4,0.3,30.53,102.2,2.0,,,never,2.0,female,6.0
16985.0,1.19334892608,0.0804240524088,6.449819496,81.0,0.8415427220671146,0.3518062040128855,6.298962336788264,0.1508571592117356,1.611529142365128,0.5908865994347614,1.0206425429303665,1.0206425429303665,0.0673935767244395,8.9,24.5,8.9,63.7,2.4,0.5,0.77,32.29,130.3,2.0,,,never,1.0,male,8.1
20394.0,1.19366918639,0.0583920096188,7.013949186,68.0,0.9154710906617712,0.2781980957282286,6.534437357147125,0.4795118288528748,1.2743502914465468,1.8781814228779203,-0.6038311314313736,0.6038311314313736,0.0489180840760364,3.4,34.1,10.6,52.0,3.0,0.3,0.03,26.93,97.1,9.0,,,,1.0,male,5.4
10775.0,1.19409811631,0.0880626084526,6.277183782,77.0,0.864289912403932,0.3298082039060679,6.371416189206375,-0.0942324072063751,1.5107622489973538,-0.36909528816313,1.879857537160484,1.879857537160484,0.0737482182157115,11.0,36.7,11.4,49.9,1.7,0.3,0.36,28.36,101.4,2.0,,,never,2.0,female,6.4
14104.0,1.19743113686,0.097100424347,7.445196383,60.0,0.9609654713354064,0.2364656655245935,6.679345061983346,0.7658513210166538,1.083185307180342,2.999733556648777,-1.916548249468435,1.916548249468435,0.0810906125271007,4.1,61.4,7.4,26.7,3.6,1.0,0.06,27.54,78.4,2.0,,,never,2.0,female,5.4
15378.0,1.19827055258,0.0440076484263,6.760553389,77.0,0.864289912403932,0.3339806401760679,6.371416189206375,0.389137199793625,1.529875051918589,1.5241965174280778,0.0056785344905112,0.0056785344905112,0.0367259700503755,7.7,32.2,5.8,58.6,3.2,0.3,0.14,25.94,97.5,1.0,3.0,,former,2.0,female,4.9
14953.0,1.20004706111,0.0603543315793,6.665910513,73.0,0.8870371027407495,0.3130099583692505,6.443870041624486,0.2220404713755144,1.4338140260427787,0.8697017745364167,0.564112251506362,0.564112251506362,0.050293303933826,5.5,35.0,7.5,52.2,4.4,0.9,0.3,28.66,111.1,2.0,,,never,2.0,female,6.1
14683.0,1.20056784576,0.0494255919505,6.552180053,67.0,0.9211578882459758,0.2794099575140242,6.5525508202516525,-0.0003707672516526,1.2799015027727028,-0.0014522439747344,1.2813537467474372,1.2813537467474372,0.0411685121545229,8.2,29.0,4.6,62.7,3.4,0.4,1.54,41.89,110.4,2.0,,,never,2.0,female,7.6
10738.0,1.20151712083,0.0775609821047,6.02733359,83.0,0.8301691268987057,0.3713479939312942,6.262735410579208,-0.2354018205792085,1.7010448006686956,-0.9220363288663846,2.6230811295350804,2.6230811295350804,0.0645525400845902,7.4,18.1,7.2,71.7,2.3,0.6,0.24,23.9,82.1,2.0,,,never,2.0,female,5.0
20182.0,1.20209888279,0.0926682129472,6.533345539,52.0,1.0064598520090415,0.1956390307809585,6.824252766819568,-0.2909072278195683,0.8961695271185024,-1.139443321718908,2.0356128488374106,2.0356128488374106,0.0770886773741296,4.9,35.3,8.9,52.1,3.6,0.2,0.22,19.32,73.9,1.0,1.0,35.0,current,1.0,male,5.4
19545.0,1.20342993277,0.0792911257759,7.21701122,54.0,0.9950862568406328,0.2083436759293673,6.788025840610513,0.4289853793894869,0.954366073019434,1.680276318069271,-0.725910245049837,0.725910245049837,0.0658876130772244,5.4,43.2,6.4,48.0,1.7,0.7,0.67,32.97,99.4,2.0,,,never,2.0,female,6.0
15451.0,1.20688140064,0.0576376382538,6.480199767,85.0,0.8187955317302971,0.3880858689097028,6.226508484370153,0.2536912826298474,1.7777164824107878,0.9936736186911582,0.7840428637196296,0.7840428637196296,0.0477574998034067,9.7,36.7,6.8,53.6,2.4,0.5,1.77,,94.1,2.0,,,never,2.0,female,6.5
19717.0,1.20690819258,0.0648550063989,7.488464389,58.0,0.9723390665038152,0.2345691260761848,6.715571988192401,0.7728924008075984,1.0744977725209366,3.027312491024577,-1.95281471850364,1.95281471850364,0.0537364869984516,9.6,43.7,8.6,45.3,1.9,0.6,2.49,39.49,117.8,1.0,1.0,10.0,current,2.0,female,9.6
16190.0,1.20863986558,0.0603986497707,6.794696472,52.0,1.0064598520090415,0.2021800135709583,6.824252766819568,-0.0295562948195682,0.9261320015307142,-0.1157679133630889,1.041899914893803,1.041899914893803,0.0499724123709224,9.3,21.1,7.0,70.4,0.8,0.8,0.05,27.41,103.1,1.0,1.0,30.0,current,1.0,male,5.1
17569.0,1.21087484282,0.0865462425116,6.637440441,60.0,0.9609654713354064,0.2499093714845937,6.679345061983346,-0.0419046209833462,1.1447672909225457,-0.1641345967459116,1.3089018876684573,1.3089018876684573,0.0714741436943581,5.9,56.4,7.2,33.4,2.3,0.7,0.07,36.19,115.2,1.0,1.0,20.0,current,1.0,male,5.0
11383.0,1.21316812089,0.064996927303,7.194117461,52.0,1.0064598520090415,0.2067082688809585,6.824252766819568,0.369864694180432,0.946874715311474,1.448708782116931,-0.5018340668054572,0.5018340668054572,0.0535761912828019,3.5,52.4,8.7,36.8,1.4,0.8,0.12,20.94,75.7,1.0,1.0,6.0,current,2.0,female,5.4
12421.0,1.21675809144,0.0798910975226,6.519267098,58.0,0.9723390665038152,0.2444190249361848,6.715571988192401,-0.1963048901924011,1.1196174971908792,-0.7688990673316264,1.8885165645225055,1.8885165645225055,0.0656589819164884,5.7,24.1,9.3,63.9,2.3,0.5,0.26,30.86,104.0,2.0,,,never,1.0,male,5.3
16575.0,1.21792771456,0.119540742688,6.745498107,62.0,0.9495918761669976,0.2683358383930023,6.643118135774291,0.1023799712257096,1.2291739559415615,0.4010081680172738,0.8281657879242877,0.8281657879242877,0.0981509339667062,6.9,43.4,7.3,48.6,0.4,0.4,1.25,36.36,119.5,2.0,,,never,2.0,female,10.7
13593.0,1.21827837883,0.073731082423,6.942308763,50.0,1.0178334471774502,0.2004449316525498,6.860479693028624,0.0818290699713761,0.9181840601811532,0.3205131340331789,0.5976709261479742,0.5976709261479742,0.0605207181742889,9.4,34.9,8.7,52.6,2.7,1.2,0.36,32.07,116.5,2.0,,,never,1.0,male,6.7
16363.0,1.22071497648,0.0717263674097,6.46155056,65.0,0.9325314834143844,0.2881834930656155,6.588777746460708,-0.1272271864607077,1.3200906980219371,-0.498331268838925,1.8184219668608623,1.8184219668608623,0.0587576697195335,5.6,21.4,10.7,66.7,0.9,0.4,0.04,24.71,100.0,1.0,3.0,,former,1.0,male,5.2
14995.0,1.22153136105,0.154351706,6.476213,77.0,0.864289912403932,0.357241448646068,6.371416189206375,0.1047968107936254,1.6364265291148408,0.4104745938808338,1.225951935234007,1.225951935234007,0.1263591839896135,8.1,13.4,7.8,75.6,2.8,0.4,0.05,28.49,104.8,1.0,3.0,,former,1.0,male,4.9
19788.0,1.22373348218,0.0398316652958,6.999178323,53.0,1.000773054424837,0.2229604277551631,6.806139303715041,0.1930390192849591,1.0213214628485623,0.7561071032990623,0.2652143595495002,0.2652143595495002,0.0325492976010123,6.1,40.9,11.8,44.0,2.9,0.4,0.23,26.42,100.9,1.0,1.0,4.0,current,1.0,male,5.8
13086.0,1.22749822679,0.105362737969,6.422371871,74.0,0.8813503051565452,0.3461479216334548,6.425756578519958,-0.0033847075199577,1.5856100799774455,-0.0132574305853264,1.598867510562772,1.598867510562772,0.0858353484098559,4.4,30.2,7.7,56.4,4.7,0.9,0.64,23.9,95.2,1.0,3.0,,former,1.0,male,6.2
13702.0,1.22912413291,0.0987789615659,6.901286895,69.0,0.909784293077567,0.3193398398324329,6.516323894042596,0.3849630009574039,1.4628095023285288,1.5078467586987792,-0.0450372563702503,0.0450372563702503,0.0803653259431469,4.3,33.6,10.8,52.9,2.5,0.2,0.38,29.82,103.3,1.0,3.0,,former,1.0,male,5.5
16758.0,1.22930046158,0.139260515978,6.514084123,65.0,0.9325314834143844,0.2967689781656155,6.588777746460708,-0.0746936234607078,1.3594184849744515,-0.292564578285687,1.6519830632601389,1.6519830632601389,0.1132843599513585,9.1,21.2,10.1,65.4,2.7,0.6,0.59,36.01,117.7,1.0,3.0,,former,2.0,female,5.3
11177.0,1.23099957463,0.104568267946,6.223702667,83.0,0.8301691268987057,0.4008304477312943,6.262735410579208,-0.0390327435792077,1.8360959536762,-0.1528858506990423,1.9889818043752423,1.9889818043752423,0.084945819723317,6.5,26.5,7.7,56.4,8.6,0.8,0.64,,92.1,1.0,3.0,,former,1.0,male,5.2
14108.0,1.23151297519,0.0376377181765,6.793413125,57.0,0.9780258640880196,0.2534871111019805,6.73368545129693,0.0597276737030698,1.1611559491993109,0.2339450258175781,0.9272109233817328,0.9272109233817328,0.0305621775285747,6.4,29.2,8.8,57.3,4.0,0.8,0.21,26.67,85.9,2.0,,,never,2.0,female,5.2
20994.0,1.23402776262,0.123134524745,6.764944359,67.0,0.9211578882459758,0.3128698743740242,6.5525508202516525,0.2123935387483477,1.433172339119379,0.8319160755027887,0.6012562636165902,0.6012562636165902,0.0997826211653209,5.7,44.7,9.0,42.0,3.8,0.6,0.21,30.3,102.3,1.0,1.0,16.0,current,2.0,female,5.3
17766.0,1.23442678894,0.0559022313453,6.844069163,56.0,0.9837126616722238,0.2507141272677762,6.751798914401458,0.0922702485985427,1.1484536596741268,0.3614097846484677,0.7870438750256592,0.7870438750256592,0.045285983621032,5.8,20.4,11.7,65.8,1.7,0.5,0.1,24.05,92.1,2.0,,,never,1.0,male,6.2
14237.0,1.23452942325,0.0731352263472,6.478910113,84.0,0.8244823293145014,0.4100470939354985,6.2446219474746805,0.2342881655253199,1.8783149190711368,0.9176742962576968,0.96064062281344,0.96064062281344,0.0592413797272368,6.6,20.0,7.6,71.0,0.9,0.5,1.01,20.38,82.3,2.0,,,never,2.0,female,5.3
18854.0,1.23488148882,0.0562749716395,7.091752418,51.0,1.012146649593246,0.222734839226754,6.842366229924096,0.2493861880759036,1.020288102766882,0.9768111595641468,0.0434769432027353,0.0434769432027353,0.045571151684583,4.1,41.3,7.8,47.0,3.4,0.4,0.01,19.73,66.7,1.0,1.0,4.0,current,2.0,female,5.1
12858.0,1.23692627269,0.0926929682466,6.343107222,76.0,0.8699767099881364,0.3669495627018637,6.389529652310903,-0.0464224303109022,1.6808967759151112,-0.1818302301808976,1.8627270060960088,1.8627270060960088,0.0749381513620988,7.4,18.4,7.0,68.7,5.8,0.1,0.24,29.2,110.7,1.0,3.0,,former,2.0,female,5.2
15569.0,1.2375495309,0.045151667837,7.297374965,58.0,0.9723390665038152,0.2652104643961848,6.715571988192401,0.581802976807599,1.2148574623174833,2.2788416824444613,-1.063984220126978,1.063984220126978,0.0364847359314691,6.2,31.1,8.6,57.8,2.3,0.2,1.14,47.76,111.4,2.0,,,never,2.0,female,5.0
16037.0,1.24001825758,0.0875043057767,6.437765365,60.0,0.9609654713354064,0.2790527862445937,6.679345061983346,-0.2415796969833463,1.278265397715608,-0.946234215126762,2.22449961284237,2.22449961284237,0.0705669495120757,3.2,26.6,11.6,54.7,6.9,0.2,0.1,,,2.0,,,never,1.0,male,5.9
11277.0,1.24058894825,0.119170233674,6.283781379,74.0,0.8813503051565452,0.3592386430934549,6.425756578519958,-0.1419751995199583,1.64557513712181,-0.5560971934429334,2.201672330564743,2.201672330564743,0.0960594029489815,6.7,37.3,8.1,51.8,2.5,0.4,0.14,28.41,105.0,2.0,,,never,1.0,male,5.6
20851.0,1.2428813667,0.0800232160398,6.456330843,63.0,0.9439050785827932,0.2989762881172068,6.625004672669763,-0.1686738296697632,1.369529575320919,-0.6606720300712858,2.0302016053922047,2.0302016053922047,0.064385240767002,9.7,18.3,4.9,74.7,2.0,0.1,1.09,22.63,76.3,2.0,,,never,2.0,female,6.1
15617.0,1.24352983951,0.0289255335952,6.749671044,55.0,0.9893994592564282,0.2541303802535718,6.769912377505985,-0.020241333505985,1.1641025913345244,-0.0792824999878822,1.2433850913224067,1.2433850913224067,0.0232608279079155,6.9,29.5,8.5,59.7,2.0,0.3,0.18,32.02,101.4,2.0,,,never,1.0,male,7.2
12860.0,1.24506122826,0.0778864362601,7.053753127,54.0,0.9950862568406328,0.2499749714193673,6.788025840610513,0.2657272863894873,1.1450677864948782,1.0408169784725505,0.1042508080223278,0.1042508080223278,0.0625563100771742,3.4,52.1,9.6,36.9,1.2,0.3,0.02,23.51,79.9,2.0,,,never,2.0,female,5.2
12268.0,1.24660849592,0.111259027581,7.202430075,50.0,1.0178334471774502,0.2287750487425497,6.860479693028624,0.341950381971376,1.0479566701476304,1.3393722872302756,-0.2914156170826452,0.2914156170826452,0.0892493737569874,4.6,40.1,10.9,45.8,2.3,1.0,0.14,32.42,109.0,1.0,3.0,,former,1.0,male,6.1
11490.0,1.25241433148,0.00517606356043,6.781676004,61.0,0.955278673751202,0.297135657728798,6.661231598878818,0.1204444051211819,1.361098144955538,0.4717640537238853,0.8893340912316525,0.8893340912316525,0.0041328683570023,4.7,48.0,6.1,43.3,1.9,0.8,0.31,31.36,99.4,2.0,,,never,2.0,female,5.6
11600.0,1.25252333239,0.0630609213147,6.487236231,61.0,0.955278673751202,0.297244658638798,6.661231598878818,-0.1739953678788186,1.3615974486659492,-0.6815157582214201,2.0431132068873694,2.0431132068873694,0.0503471030710225,8.1,21.3,6.9,66.9,4.6,0.4,0.83,,112.3,2.0,,,never,2.0,female,6.6
20745.0,1.25490370945,0.0441216971112,6.449953983,62.0,0.9495918761669976,0.3053118332830022,6.643118135774291,-0.1931641527742904,1.3985509954976816,-0.7565972338462151,2.155148229343897,2.155148229343897,0.0351594283919502,7.6,25.7,6.5,65.8,1.5,0.5,0.43,37.1,125.5,1.0,3.0,,former,1.0,male,6.0
14474.0,1.25916743014,0.0524135317071,6.05482352,85.0,0.8187955317302971,0.4403718984097029,6.226508484370153,-0.1716849643701525,2.017224652865697,-0.6724662276609132,2.6896908805266104,2.6896908805266104,0.0416255459381382,5.5,31.0,9.1,52.5,6.4,0.9,0.03,24.8,105.0,1.0,3.0,,former,1.0,male,5.8
17631.0,1.25932955481,0.091611167929,6.458767552,85.0,0.8187955317302971,0.440534023079703,6.226508484370153,0.2322590676298475,2.0179673021635818,0.90972660082421,1.1082407013393718,1.1082407013393718,0.0727459842255681,13.7,8.0,1.3,89.6,0.6,0.4,0.22,33.99,116.5,1.0,3.0,,former,2.0,female,5.9
14975.0,1.26134018752,0.138494897443,6.8813217,65.0,0.9325314834143844,0.3288087041056156,6.588777746460708,0.2925439535392922,1.506183810533665,1.1458541496821844,0.3603296608514803,0.3603296608514803,0.1097997977177778,9.7,26.9,6.4,65.3,0.9,0.6,0.62,26.86,85.8,2.0,,,never,2.0,female,6.0
10398.0,1.26155877708,0.0884067987643,6.764271581,62.0,0.9495918761669976,0.3119669009130024,6.643118135774291,0.1211534452257092,1.4290360617296665,0.4745412656137034,0.954494796115963,0.954494796115963,0.0700774314843467,4.4,19.8,8.8,67.9,2.6,0.9,0.1,30.08,101.3,2.0,,,never,2.0,female,5.3
14288.0,1.26347979463,0.0982645311314,6.644708076,52.0,1.0064598520090415,0.2570199426209585,6.824252766819568,-0.1795446908195686,1.1773388956140096,-0.7032516876181998,1.8805905832322096,1.8805905832322096,0.0777729343587769,4.6,65.4,4.3,28.2,1.9,0.2,0.51,25.91,87.2,2.0,,,never,2.0,female,5.8
12994.0,1.26419628785,0.0943418404594,6.818669122,54.0,0.9950862568406328,0.2691100310093672,6.788025840610513,0.0306432813894872,1.2327203230858723,0.120025489213561,1.1126948338723113,1.1126948338723113,0.0746259432701276,8.6,16.2,6.9,74.1,1.8,1.0,1.14,30.05,88.0,1.0,3.0,,former,2.0,female,5.7
20299.0,1.2666159656,0.0623764591548,6.944592191,52.0,1.0064598520090415,0.2601561135909584,6.824252766819568,0.1203394241804316,1.191704847254275,0.4713528579184656,0.7203519893358095,0.7203519893358095,0.0492465442161484,7.2,28.7,9.1,59.4,2.3,0.5,0.1,26.02,96.1,2.0,,,never,2.0,female,5.2
10007.0,1.2679256342,0.0862240963949,6.383339134,63.0,0.9439050785827932,0.3240205556172068,6.625004672669763,-0.2416655386697632,1.4842505963406605,-0.9465704451236788,2.4308210414643394,2.4308210414643394,0.0680040643308731,6.0,20.8,12.4,65.0,1.5,0.3,0.08,26.57,89.6,2.0,,,never,2.0,female,8.9
16539.0,1.26818686875,0.0891001452727,7.134771605,54.0,0.9950862568406328,0.2731006119093673,6.788025840610513,0.3467457643894871,1.2510000957048912,1.3581551360180475,-0.1071550403131564,0.1071550403131564,0.0702578992641063,4.7,44.3,6.0,46.8,2.3,0.6,0.04,26.11,85.5,1.0,2.0,,current,1.0,male,6.0
18122.0,1.27035634462,0.0628507751106,7.236215076,60.0,0.9609654713354064,0.3093908732845936,6.679345061983346,0.5568700140166536,1.4172359753543664,2.1811827203219063,-0.7639467449675399,0.7639467449675399,0.0494749173149526,4.9,56.9,8.1,31.1,3.4,0.5,0.52,36.66,109.7,2.0,,,never,2.0,female,5.4
10429.0,1.27036108189,0.168568963312,7.15692932,50.0,1.0178334471774502,0.2525276347125498,6.860479693028624,0.2964496269713761,1.1567608471648902,1.1611521315933222,-0.0043912844284319,0.0043912844284319,0.1326937401618198,5.1,24.8,7.5,66.7,0.8,0.4,0.05,29.1,102.6,1.0,3.0,,former,1.0,male,5.3
18693.0,1.27136298422,0.0852413605435,6.272002078,56.0,0.9837126616722238,0.2876503225477762,6.751798914401458,-0.4797968364014577,1.317648387972975,-1.879297757973155,3.1969461459461295,3.1969461459461295,0.0670472253805602,5.7,41.0,7.6,46.0,4.9,0.5,0.12,21.63,71.5,1.0,1.0,12.0,current,2.0,female,5.2
11664.0,1.27213241979,0.0338621207519,6.355575027,61.0,0.955278673751202,0.3168537460387979,6.661231598878818,-0.305656571878818,1.4514213785450458,-1.197214459665574,2.6486358382106197,2.6486358382106197,0.026618393042361,6.9,32.9,7.0,57.7,1.8,0.6,0.09,25.74,105.2,1.0,3.0,,former,1.0,male,5.8
14676.0,1.27276963365,0.145587408962,6.64407971,64.0,0.9382182809985888,0.3345513526514112,6.6068912095652355,0.0371885004347642,1.532489331528887,0.1456622057235888,1.3868271258052982,1.3868271258052982,0.1143862998557641,4.4,32.7,9.4,55.6,1.2,1.2,0.02,23.97,92.4,2.0,,,never,1.0,male,5.2
15076.0,1.27343602428,0.0841752967528,6.353298957,78.0,0.8586031148197276,0.4148329094602724,6.353302726101847,-3.76910184751722e-06,1.90023744658823,-1.4763049929084664e-05,1.9002522096381589,1.9002522096381589,0.0661009231307027,5.6,26.3,7.2,61.7,4.3,0.6,0.22,31.94,116.1,2.0,,,never,1.0,male,8.5
15051.0,1.2740955892,0.0691119945118,7.031970657,50.0,1.0178334471774502,0.2562621420225499,6.860479693028624,0.1714909639713759,1.1738676158738934,0.6717063549672933,0.5021612609066002,0.5021612609066002,0.0542439634024595,8.5,27.1,6.6,64.6,1.2,0.5,0.14,28.17,100.9,1.0,3.0,,former,2.0,female,7.5
18592.0,1.27524650878,0.159637390263,6.785119418,64.0,0.9382182809985888,0.3370282277814111,6.6068912095652355,0.1782282084347644,1.543835227105669,0.6980952084452033,0.8457400186604657,0.8457400186604657,0.1251815936478991,8.0,31.7,5.4,61.6,0.8,0.5,0.61,19.67,74.5,2.0,,,never,2.0,female,5.2
17637.0,1.28085120686,0.130317958164,7.212132759,52.0,1.0064598520090415,0.2743913548509584,6.824252766819568,0.3878799921804319,1.2569126402875332,1.51927220932613,-0.2623595690385967,0.2623595690385967,0.1017432450124115,5.6,28.8,7.9,55.1,6.8,1.5,0.17,29.39,99.3,1.0,3.0,,former,1.0,male,6.4
17961.0,1.2809122156,0.0743986440392,6.992218917,58.0,0.9723390665038152,0.3085731490961847,6.715571988192401,0.2766469288075983,1.4134902018432502,1.0835877054913796,0.3299024963518706,0.3299024963518706,0.0580825470575674,6.6,21.6,9.5,67.1,1.3,0.6,0.03,19.64,77.5,2.0,,,never,1.0,male,5.2
15646.0,1.2825460007,0.0716434091125,6.64926367,52.0,1.0064598520090415,0.2760861486909585,6.824252766819568,-0.1749890968195684,1.2646760328380549,-0.6854080568542971,1.950084089692352,1.950084089692352,0.0558603037032572,10.2,19.4,7.2,71.2,1.5,0.9,1.83,21.84,88.5,1.0,1.0,20.0,current,2.0,female,5.2
15348.0,1.28323543243,0.125970519975,6.894871157,59.0,0.9666522689196108,0.3165831635103892,6.697458525087875,0.1974126319121252,1.450181913109327,0.7732379382293679,0.676943974879959,0.676943974879959,0.0981663354918869,8.6,22.8,8.4,64.3,4.1,0.6,0.22,33.87,106.9,1.0,3.0,,former,1.0,male,5.8
14784.0,1.28394940283,0.0453960275131,6.867708855,50.0,1.0178334471774502,0.2661159556525498,6.860479693028624,0.0072291619713764,1.2190052730472103,0.0283156262278166,1.1906896468193937,1.1906896468193937,0.0353565548712752,6.4,34.4,4.3,59.7,1.2,0.4,0.4,29.74,84.1,1.0,3.0,,former,2.0,female,5.3
20001.0,1.28447433636,0.0908457618764,6.392700197,70.0,0.9040974954933628,0.3803768408666372,6.4982104309380695,-0.1055102339380695,1.7424035083671146,-0.41326897353097,2.1556724818980846,2.1556724818980846,0.0707260233270543,6.1,40.0,9.1,48.0,2.2,0.7,1.62,,97.7,1.0,3.0,,former,2.0,female,5.6
10219.0,1.28473527603,0.0387388590068,7.173370475,55.0,0.9893994592564282,0.2953358167735717,6.769912377505985,0.4034580974940143,1.3528535599599212,1.5802894903254343,-0.2274359303655131,0.2274359303655131,0.0301531838734187,5.6,43.3,9.9,37.0,9.1,0.6,1.22,26.55,90.8,2.0,,,never,2.0,female,5.6
10522.0,1.28514130631,0.125291195537,6.344464416,73.0,0.8870371027407495,0.3981042035692503,6.443870041624486,-0.0994056256244855,1.823607765957442,-0.389358068233913,2.212965834191355,2.212965834191355,0.0974921550819544,10.0,19.1,11.1,64.9,4.0,1.0,0.46,31.09,115.4,1.0,3.0,,former,1.0,male,5.6
18501.0,1.28739276451,0.125712424641,6.763172941,67.0,0.9211578882459758,0.3662348762640243,6.5525508202516525,0.2106221207483471,1.6776229904926427,0.8249776765320859,0.8526453139605569,0.8526453139605569,0.0976488513113928,8.9,36.0,5.6,54.7,3.1,0.5,0.12,24.66,78.8,1.0,3.0,,former,2.0,female,5.5
19094.0,1.28998006241,0.0797408056234,7.174704414,54.0,0.9950862568406328,0.2948938055693673,6.788025840610513,0.3866785733894868,1.3508288260902444,1.514566418314368,-0.1637375922241235,0.1637375922241235,0.0618155333923724,10.0,31.3,5.9,61.1,1.0,0.8,0.14,21.14,80.8,2.0,,,never,2.0,female,5.4
18200.0,1.29463852794,0.0612040734285,6.471047144,78.0,0.8586031148197276,0.4360354131202723,6.353302726101847,0.1177444178981526,1.997360385721906,0.461188577710222,1.536171808011684,1.536171808011684,0.0472750285949596,5.6,23.0,9.5,60.5,6.3,0.8,1.0,,,1.0,3.0,,former,1.0,male,5.4
10704.0,1.29498001819,0.0505316823309,6.596519626,76.0,0.8699767099881364,0.4250033082018636,6.389529652310903,0.2069899736890974,1.946825294598288,0.8107510595408778,1.1360742350574105,1.1360742350574105,0.0390212062125316,4.9,31.9,7.8,54.7,4.6,1.0,0.32,21.97,86.8,2.0,,,never,1.0,male,5.0
11663.0,1.29672586023,0.104112415395,7.128968187,53.0,1.000773054424837,0.295952805805163,6.806139303715041,0.3228288832849593,1.3556798199678108,1.264476025137372,0.0912037948304389,0.0912037948304389,0.080288685980654,4.4,39.8,8.1,50.8,0.8,0.4,0.05,30.34,99.5,2.0,,,never,1.0,male,5.7
18988.0,1.29790765222,0.10015847657,6.110089504,80.0,0.8472295196513189,0.450678132568681,6.317075799892791,-0.2069862958927908,2.064434726212283,-0.8107366541221069,2.87517138033439,2.87517138033439,0.0771691856494446,7.3,20.3,7.8,68.1,3.4,0.4,3.64,29.25,115.5,1.0,3.0,,former,2.0,female,7.9
15403.0,1.29899990658,0.100303017585,6.791414444,64.0,0.9382182809985888,0.3607816255814111,6.6068912095652355,0.1845232344347644,1.6526431228967553,0.7227519534477574,0.929891169448998,0.929891169448998,0.0772155695138402,6.3,35.0,6.9,54.9,2.0,1.2,0.15,29.48,105.5,2.0,,,never,1.0,male,6.1
18305.0,1.30039611835,0.0885247984476,6.950602971,63.0,0.9439050785827932,0.3564910397672066,6.625004672669763,0.3255982983302372,1.6329891088443036,1.2753234403152685,0.3576656685290351,0.3576656685290351,0.0680752558381396,6.6,42.1,8.0,45.5,3.9,0.6,0.08,24.02,82.2,2.0,,,never,2.0,female,5.6
10806.0,1.30053984158,0.167445268987,6.779830086,54.0,0.9950862568406328,0.3054535847393673,6.788025840610513,-0.0081957546105133,1.3992003206099148,-0.0321016357255604,1.4313019563354752,1.4313019563354752,0.1287505877432974,8.8,43.1,5.7,49.3,1.2,0.7,0.01,21.97,83.2,1.0,1.0,20.0,current,2.0,female,5.7
17867.0,1.31007455056,0.0594778217859,6.650612528,70.0,0.9040974954933628,0.4059770550666373,6.4982104309380695,0.1524020970619304,1.859671170970866,0.5969379070253968,1.2627332639454691,1.2627332639454691,0.0454003337141965,8.2,21.7,8.6,65.2,3.8,0.6,0.48,22.54,99.4,2.0,,,never,2.0,female,5.1
10517.0,1.3109861073,0.0534508695192,7.097224724,63.0,0.9439050785827932,0.3670810287172067,6.625004672669763,0.472220051330237,1.6814989862017384,1.8496205402078516,-0.1681215540061131,0.1681215540061131,0.0407714995769734,6.9,13.0,6.3,79.2,1.6,5.397605346934028e-79,0.15,36.74,110.3,2.0,,,never,2.0,female,5.2
13066.0,1.31343273761,0.0693342724197,6.741745111,66.0,0.9268446858301802,0.3865880517798197,6.57066428335618,0.17108082764382,1.7708553869349049,0.6700999077747272,1.1007554791601777,1.1007554791601777,0.0527885977213151,5.4,26.5,9.6,61.7,1.7,0.6,0.14,35.34,110.7,2.0,,,never,2.0,female,5.3
18016.0,1.31383418779,0.0839182003002,6.8980828,72.0,0.8927239003249539,0.4211102874650461,6.461983504729013,0.4360992952709868,1.9289924187204557,1.708140541324228,0.2208518773962275,0.2208518773962275,0.0638727482357258,8.8,29.8,7.8,61.1,0.9,0.5,0.54,23.24,84.8,2.0,,,never,2.0,female,5.5
12655.0,1.32194378278,0.0723327412174,6.28569818,70.0,0.9040974954933628,0.4178462872866373,6.4982104309380695,-0.2125122509380697,1.9140409160232543,-0.8323810547086996,2.746421970731954,2.746421970731954,0.0547169570745942,5.0,57.0,6.6,34.3,1.7,0.5,0.39,25.57,93.2,2.0,,,never,2.0,female,5.9
17232.0,1.32275670543,0.0516160456094,6.860244255,54.0,0.9950862568406328,0.3276704485893673,6.788025840610513,0.0722184143894866,1.5009697696356687,0.2828695271616552,1.2181002424740135,1.2181002424740135,0.0390215716900264,7.8,29.9,7.5,60.9,0.9,0.8,0.18,38.35,126.1,2.0,,,never,1.0,male,5.5
10373.0,1.32400052065,0.137500483957,7.07027992,61.0,0.955278673751202,0.368721846898798,6.661231598878818,0.4090483211211815,1.6890151308484092,1.6021856220463062,0.0868295088021029,0.0868295088021029,0.1038522884337658,9.1,35.8,8.9,38.4,15.6,1.2,0.18,28.94,94.0,1.0,3.0,,former,2.0,female,5.8
15482.0,1.32631038482,0.100530820881,6.791805115,56.0,0.9837126616722238,0.3425977231477761,6.751798914401458,0.0400062005985422,1.5693475801818415,0.156698747023327,1.4126488331585143,1.4126488331585143,0.0757973563591176,7.5,34.0,7.2,55.7,3.0,0.3,0.05,29.98,111.9,2.0,,,never,1.0,male,5.3
17918.0,1.33560586129,0.144441325738,6.319438747,85.0,0.8187955317302971,0.5168103295597029,6.226508484370153,0.0929302626298476,2.367368447914813,0.363994968199416,2.003373479715397,2.003373479715397,0.1081466695560102,8.3,14.9,8.3,74.9,1.3,0.6,2.33,,91.8,2.0,,,never,1.0,male,5.4
13562.0,1.33886830579,0.13445354754,6.395920917,80.0,0.8472295196513189,0.491638786138681,6.317075799892791,0.0788451171072086,2.2520644102981255,0.3088254039314417,1.943239006366684,1.943239006366684,0.1004232805859614,8.0,26.3,6.6,64.5,2.4,0.2,0.07,27.3,99.4,1.0,3.0,,former,2.0,female,6.5
10719.0,1.34154525122,0.0896706664913,6.875343954,58.0,0.9723390665038152,0.3692061847161847,6.715571988192401,0.1597719658075984,1.6912337514939948,0.6258046622007094,1.0654290892932854,1.0654290892932854,0.0668413282442419,5.1,30.3,10.3,55.3,3.9,0.2,0.51,27.77,108.0,2.0,,,never,1.0,male,5.3
14520.0,1.34268256766,0.0895430077704,6.543500137,66.0,0.9268446858301802,0.4158378818298198,6.57066428335618,-0.0271641463561804,1.9048409534119417,-0.1063981991363324,2.0112391525482742,2.0112391525482742,0.0666896330727327,6.8,27.2,10.1,59.9,2.3,0.6,0.2,31.79,99.2,1.0,2.0,,current,2.0,female,6.1
19340.0,1.34311749863,0.0472842347092,6.517669926,70.0,0.9040974954933628,0.4390200031366373,6.4982104309380695,0.0194594950619304,2.011031985979439,0.0762201470844555,1.9348118388949835,1.9348118388949835,0.0352048385620994,8.2,17.7,7.2,72.2,2.3,0.6,0.59,35.8,105.8,1.0,3.0,,former,2.0,female,6.1
15315.0,1.34339818274,0.0889404149408,6.734881423,67.0,0.9211578882459758,0.4222402944940241,6.5525508202516525,0.1823306027483475,1.9341686755274812,0.7141637188040083,1.2200049567234728,1.2200049567234728,0.0662055495410875,3.7,50.2,13.2,32.7,3.1,0.9,0.04,29.24,111.4,2.0,,,never,1.0,male,6.1
10098.0,1.34582140899,0.0894602142567,6.725971681,85.0,0.8187955317302971,0.527025877259703,6.226508484370153,0.499463196629847,2.4141631111015043,1.9563281672645156,0.4578349438369886,0.4578349438369886,0.0664725747852661,4.6,28.6,5.5,63.9,2.1,5.397605346934028e-79,0.75,,,2.0,,,never,2.0,female,5.7
16038.0,1.34617200341,0.0655897038624,6.819522486,61.0,0.955278673751202,0.3908933296587979,6.661231598878818,0.1582908871211819,1.7905767013654466,0.6200034821103189,1.1705732192551277,1.1705732192551277,0.0487231228225324,5.4,25.8,12.0,58.5,3.1,0.8,0.09,32.64,116.4,1.0,3.0,,former,1.0,male,7.6
13883.0,1.3522151992,0.122904687504,6.417842026,77.0,0.864289912403932,0.4879252867960679,6.371416189206375,0.0464258367936247,2.2350538734101644,0.1818435729019357,2.0532103005082285,2.0532103005082285,0.0908913666823987,5.1,27.2,9.1,61.1,2.2,0.4,0.52,22.1,87.0,2.0,,,never,2.0,female,5.5
15379.0,1.3560727485,0.106481314415,7.12066273,67.0,0.9211578882459758,0.4349148602540241,6.5525508202516525,0.5681119097483478,1.9922274358792889,2.2252156689390654,-0.2329882330597765,0.2329882330597765,0.0785218304348219,5.9,50.9,5.3,43.0,0.4,0.3,0.12,24.85,93.2,2.0,,,never,2.0,female,5.8
12369.0,1.35610433299,0.179227662121,6.889892387,56.0,0.9837126616722238,0.3723916713177762,6.751798914401458,0.1380934725985421,1.7058256047146685,0.5408930066975718,1.1649325980170966,1.1649325980170966,0.1321636232264156,8.1,28.8,9.6,58.7,2.6,0.3,0.65,46.5,113.0,1.0,2.0,,current,2.0,female,5.5
20697.0,1.35908821961,0.0754981861726,7.178437056,56.0,0.9837126616722238,0.3753755579377762,6.751798914401458,0.4266381415985423,1.7194939829035512,1.6710825127265008,0.0484114701770503,0.0484114701770503,0.0555506148042874,7.6,28.1,5.9,64.3,1.2,0.4,0.32,19.95,67.8,2.0,,,never,2.0,female,5.4
17813.0,1.35946858127,0.495013456848,6.713469541,65.0,0.9325314834143844,0.4269370978556155,6.588777746460708,0.1246917945392924,1.9556834623812285,0.4884004898258008,1.4672829725554275,1.4672829725554275,0.3641227636063233,8.4,42.4,7.3,47.7,1.8,0.8,0.25,28.21,100.2,2.0,,,never,2.0,female,9.0
17884.0,1.36076748128,0.0785028745919,6.849898504,63.0,0.9439050785827932,0.4168624026972066,6.625004672669763,0.2248938313302373,1.90953400662113,0.8808779902985281,1.0286560163226015,1.0286560163226015,0.0576901459447404,9.1,31.6,6.1,53.4,8.5,0.4,4.98,43.47,115.0,2.0,,,never,2.0,female,5.2
12322.0,1.36225990964,0.130120412172,7.12155075,57.0,0.9780258640880196,0.3842340455519806,6.73368545129693,0.3878652987030699,1.7600723205926956,1.5192146570102991,0.2408576635823964,0.2408576635823964,0.0955180514754974,9.9,14.6,3.2,81.9,0.4,5.397605346934028e-79,0.5,41.94,117.0,2.0,,,never,2.0,female,7.5
20306.0,1.36450656919,0.126643320477,6.543182724,69.0,0.909784293077567,0.454722276112433,6.516323894042596,0.0268588299574039,2.0829598548266306,0.1052023170875957,1.9777575377390348,1.9777575377390348,0.0928125399588058,9.5,25.6,7.5,64.8,1.7,0.4,0.44,28.63,96.4,1.0,1.0,4.0,current,2.0,female,4.8
10269.0,1.36543552346,0.0975919761832,6.476680537,56.0,0.9837126616722238,0.3817228617877761,6.751798914401458,-0.2751183774014576,1.7485692664347836,-1.077600581332638,2.8261698477674218,2.8261698477674218,0.0714731486814572,5.9,25.4,9.1,64.1,1.2,0.2,0.01,17.88,72.8,1.0,1.0,10.0,current,1.0,male,5.3
18929.0,1.36561837458,0.121883242185,7.262940976,50.0,1.0178334471774502,0.3477849274025497,6.860479693028624,0.4024612829713767,1.5931087609928023,1.5763851058956455,0.016723655097157,0.016723655097157,0.0892513197345382,4.2,45.9,5.9,45.6,1.9,0.6,0.05,23.6,87.7,2.0,,,never,2.0,female,5.1
14112.0,1.36635476568,0.0910053768682,6.602128158,57.0,0.9780258640880196,0.3883289015919804,6.73368545129693,-0.1315572932969297,1.778829749446929,-0.5152916976115053,2.2941214470584343,2.2941214470584343,0.0666045006421951,6.9,22.0,7.3,65.1,4.7,1.0,0.12,29.83,111.4,2.0,,,never,1.0,male,5.3
20238.0,1.36806788607,0.154390191928,6.704973414,54.0,0.9950862568406328,0.3729816292293673,6.788025840610513,-0.0830524266105126,1.708528042467196,-0.3253048525579901,2.0338328950251863,2.0338328950251863,0.1128527271928816,10.1,25.8,5.8,67.4,0.3,0.7,0.1,32.58,104.3,1.0,1.0,4.0,current,2.0,female,9.4
13604.0,1.36943934873,0.0734463931507,6.525414758,67.0,0.9211578882459758,0.4482814604840243,6.5525508202516525,-0.0271360622516523,2.053456219110754,-0.1062881975884475,2.1597444166992017,2.1597444166992017,0.0536324542001901,5.2,30.3,10.3,53.7,4.7,1.1,0.2,26.02,73.8,2.0,,,never,2.0,female,5.4
13665.0,1.37435820146,0.0835088339844,6.881193131,62.0,0.9495918761669976,0.4247663252930023,6.643118135774291,0.238074995225709,1.9457397399391712,0.9325067837312344,1.0132329562079367,1.0132329562079367,0.060762058898246,5.4,30.6,7.7,56.1,4.9,0.6,0.03,20.48,78.7,1.0,3.0,,former,1.0,male,5.7
18217.0,1.37731203969,0.0529794891245,7.057569331,57.0,0.9780258640880196,0.3992861756019805,6.73368545129693,0.3238838797030698,1.8290220604027312,1.2686082999937365,0.5604137604089949,0.5604137604089949,0.0384658578432411,4.2,42.1,13.9,37.8,5.8,0.4,0.08,36.26,120.3,9.0,,,,1.0,male,6.9
11384.0,1.38048119343,0.0564196135637,6.493500579,69.0,0.909784293077567,0.470696900352433,6.516323894042596,-0.0228233150425962,2.156135291210207,-0.0893957640712276,2.2455310552814347,2.2455310552814347,0.0408695271128739,5.1,43.3,6.6,44.5,3.8,1.8,0.09,26.06,94.1,1.0,1.0,9.0,current,2.0,female,6.8
12352.0,1.38423862282,0.0323929105357,6.751013854,60.0,0.9609654713354064,0.4232731514845937,6.679345061983346,0.0716687920166538,1.9388999142640715,0.2807167324480774,1.658183181815994,1.658183181815994,0.0234012474451178,7.5,29.4,8.0,59.9,2.2,0.6,0.44,30.95,107.0,1.0,1.0,20.0,current,1.0,male,5.9
18115.0,1.3855529714,0.0931062854545,6.800010642,54.0,0.9950862568406328,0.3904667145593674,6.788025840610513,0.0119848013894872,1.788622492890828,0.0469428071888563,1.7416796857019718,1.7416796857019718,0.0671979255765464,8.3,39.1,6.6,51.7,2.2,0.4,0.39,21.2,85.7,1.0,1.0,20.0,current,2.0,female,5.2
18220.0,1.39209606532,0.075190159545,6.78281673,76.0,0.8699767099881364,0.5221193553318637,6.389529652310903,0.3932870776890977,2.391687660173763,1.5404510144008312,0.8512366457729317,0.8512366457729317,0.0540121917000865,8.4,16.5,9.0,69.7,4.3,0.6,0.17,18.83,76.1,2.0,,,never,2.0,female,5.6
13765.0,1.39213787184,0.0824199767321,6.72215449,69.0,0.909784293077567,0.4823535787624329,6.516323894042596,0.205830595957404,2.2095313847032174,0.8062099375356624,1.403321447167555,1.403321447167555,0.0592038894992238,7.9,26.8,8.4,62.2,1.7,0.9,0.99,22.25,81.5,2.0,,,never,2.0,female,5.5
10277.0,1.39841931984,0.0692451092174,6.698830204,54.0,0.9950862568406328,0.4033330629993672,6.788025840610513,-0.0891956366105128,1.8475597578690328,-0.3493669553145386,2.1969267131835712,2.1969267131835712,0.0495166994870484,5.9,29.8,12.0,55.3,2.2,0.8,0.23,30.45,96.3,2.0,,,never,1.0,male,6.2
20530.0,1.39951806957,0.18408180618,6.834580846,63.0,0.9439050785827932,0.4556129909872067,6.625004672669763,0.2095761733302366,2.0870399789457137,0.820880845355466,1.2661591335902478,1.2661591335902478,0.1315322825639249,6.9,33.3,9.6,52.6,3.8,0.8,0.15,33.49,114.5,1.0,3.0,,former,1.0,male,5.8
18271.0,1.40232039021,0.0674182331964,6.640308785,73.0,0.8870371027407495,0.5152832874692506,6.443870041624486,0.1964387433755146,2.360373480792824,0.7694233517116763,1.5909501290811474,1.5909501290811474,0.0480761983260501,10.0,28.2,8.9,61.1,1.6,0.3,0.14,24.48,86.9,2.0,,,never,2.0,female,5.7
14259.0,1.40358182952,0.0388633539981,6.88105557,58.0,0.9723390665038152,0.4312427630161848,6.715571988192401,0.1654835818075986,1.9754065508440728,0.6481762710335417,1.3272302798105309,1.3272302798105309,0.0276886984290688,4.4,35.7,8.6,53.8,1.2,0.8,1.12,32.56,105.6,2.0,,,never,2.0,female,7.0
11820.0,1.40428033459,0.0635392302293,6.841034686,58.0,0.9723390665038152,0.4319412680861847,6.715571988192401,0.125462697807599,1.9786062137936025,0.4914200111603067,1.4871862026332956,1.4871862026332956,0.0452468276199646,6.7,51.6,10.8,32.1,5.3,0.4,0.04,44.11,136.6,1.0,3.0,,former,1.0,male,5.4
17446.0,1.40670885312,0.139106282926,6.928982195,59.0,0.9666522689196108,0.4400565842003893,6.697458525087875,0.231523669912125,2.015780283688819,0.9068461498139452,1.108934133874874,1.108934133874874,0.0988877567788602,9.1,22.7,7.5,67.0,2.3,0.6,1.03,22.61,85.6,1.0,3.0,,former,1.0,male,5.5
14279.0,1.40874180909,0.0381342709221,6.829991715,65.0,0.9325314834143844,0.4762103256756154,6.588777746460708,0.2412139685392924,2.181390802571902,0.9448017074635344,1.2365890951083678,1.2365890951083678,0.0270697374607867,10.8,37.0,6.9,49.8,5.3,0.9,0.26,23.25,77.8,2.0,,,never,2.0,female,5.4
18919.0,1.41133902215,0.0813639914265,7.125660185,60.0,0.9609654713354064,0.4503735508145936,6.679345061983346,0.446315123016654,2.063039519512271,1.748154523747006,0.3148849957652648,0.3148849957652648,0.0576502102964261,4.4,39.2,9.1,48.1,2.4,1.2,0.21,28.44,94.3,1.0,3.0,,former,2.0,female,5.5
10576.0,1.41236208989,0.0861918820358,6.801161035,72.0,0.8927239003249539,0.5196381895650461,6.461983504729013,0.3391775302709865,2.3803221103492955,1.3285114111502718,1.0518106991990237,1.0518106991990237,0.0610267598180243,6.6,15.4,10.1,69.1,5.0,0.4,1.7,33.03,113.6,1.0,3.0,,former,2.0,female,7.6
20326.0,1.4225841394,0.0827499701489,7.042719395,65.0,0.9325314834143844,0.4900526559856155,6.588777746460708,0.453941648539292,2.2447987767302893,1.7780265679716292,0.4667722087586601,0.4667722087586601,0.0581687703785318,5.1,39.0,6.9,47.0,5.9,1.2,0.77,28.77,99.6,2.0,,,never,1.0,male,6.0
18299.0,1.43089147783,0.11691707943,7.041563099,62.0,0.9495918761669976,0.4812996016630022,6.643118135774291,0.3984449632257094,2.2047034004558,1.5606537376983354,0.6440496627574646,0.6440496627574646,0.0817092569502958,5.3,40.7,10.3,47.0,1.7,0.3,0.73,34.2,104.5,2.0,,,never,2.0,female,7.4
20440.0,1.43230626888,0.102143720573,6.569746093,63.0,0.9439050785827932,0.4884011902972066,6.625004672669763,-0.0552585796697631,2.2372338587324543,-0.2164402034432656,2.45367406217572,2.45367406217572,0.0713141614976466,4.9,34.0,9.0,53.0,3.3,0.8,0.05,25.82,90.9,2.0,,,never,1.0,male,5.2
20621.0,1.43257055858,0.0580568000362,6.407048849,77.0,0.864289912403932,0.5682806461760679,6.371416189206375,0.0356326597936247,2.603140058102206,0.1395681934108219,2.463571864691384,2.463571864691384,0.040526311034723,8.1,25.4,7.8,65.1,1.3,0.6,0.15,28.5,99.2,2.0,,,never,2.0,female,5.7
17409.0,1.43836275678,0.0867925153177,6.384584045,75.0,0.8756635075723407,0.5626992492076592,6.40764311541543,-0.0230590704154298,2.577573187003567,-0.0903191852153087,2.667892372218876,2.667892372218876,0.0603411864695375,6.7,44.7,9.2,39.2,6.3,0.6,0.71,31.53,108.0,1.0,3.0,,former,1.0,male,6.0
19349.0,1.4409587567,0.0807058767032,7.55675423,51.0,1.012146649593246,0.4288121071067541,6.842366229924096,0.7143880000759042,1.9642723730256333,2.7981588560167787,-0.8338864829911454,0.8338864829911454,0.0560084570970149,5.1,46.6,6.6,43.1,3.1,0.7,0.09,29.74,92.7,2.0,,,never,2.0,female,5.5
15503.0,1.44937736763,0.0588265127008,6.54841864,70.0,0.9040974954933628,0.5452798721366372,6.4982104309380695,0.0502082090619309,2.4977797283561727,0.1966586012313429,2.3011211271248295,2.3011211271248295,0.0405874370709901,4.5,29.6,12.2,54.7,2.7,0.8,0.07,,96.4,2.0,,,never,2.0,female,4.7
20316.0,1.44971225162,0.0901856610199,6.745767513,65.0,0.9325314834143844,0.5171807682056155,6.588777746460708,0.1569897665392918,2.369065327237967,0.6149071729917804,1.7541581542461864,1.7541581542461864,0.0622093528692475,7.8,32.9,10.9,52.8,2.8,0.5,0.25,38.17,122.4,2.0,,,never,2.0,female,6.0
13338.0,1.45225486126,0.0851926557179,6.922613293,71.0,0.8984106979091583,0.5538441633508416,6.480096967833541,0.4425163251664594,2.5370104318456614,1.7332751586882285,0.803735273157433,0.803735273157433,0.0586623312412157,10.6,8.1,10.7,75.0,6.3,5.397605346934028e-79,4.28,,103.7,2.0,,,never,1.0,male,6.7
16021.0,1.45236459447,0.0923268796189,7.091473311,52.0,1.0064598520090415,0.4459047424609585,6.824252766819568,0.2672205441804314,2.042569116172642,1.0466658624286111,0.9959032537440308,0.9959032537440308,0.063570042928919,8.8,31.3,9.5,54.7,3.8,0.8,0.19,35.84,115.5,1.0,3.0,,former,2.0,female,8.5
18114.0,1.45361416203,0.0847429203057,6.440609947,72.0,0.8927239003249539,0.5608902617050462,6.461983504729013,-0.0213735577290137,2.5692867041462932,-0.0837172654603256,2.653003969606619,2.653003969606619,0.0582980838514636,4.6,18.5,11.4,64.7,4.5,0.9,0.89,19.0,76.0,1.0,3.0,,former,2.0,female,5.0
20422.0,1.45544266473,0.139415531481,6.822266718,64.0,0.9382182809985888,0.5172243837314112,6.6068912095652355,0.2153755084347643,2.3692651181742197,0.8435960377719389,1.5256690804022808,1.5256690804022808,0.0957890921157399,4.1,49.6,12.4,34.7,2.9,0.5,0.14,27.8,86.6,2.0,,,never,2.0,female,5.6
13502.0,1.45691832972,0.164723395584,7.28662543,51.0,1.012146649593246,0.444771680126754,6.842366229924096,0.444259200075904,2.0373788638380925,1.7401017583263434,0.2972771055117491,0.2972771055117491,0.1130628891295901,4.6,43.7,9.5,42.7,3.1,1.0,0.42,26.21,96.0,1.0,1.0,10.0,current,1.0,male,4.9
20064.0,1.45789745943,0.0978762976846,6.752644451,60.0,0.9609654713354064,0.4969319880945937,6.679345061983346,0.073299389016654,2.276311137931345,0.2871035550650025,1.9892075828663427,1.9892075828663427,0.067135241269209,5.9,21.2,6.8,70.0,1.5,0.6,0.05,27.19,100.1,2.0,,,never,1.0,male,6.9
18109.0,1.459823772,0.0845494356769,6.927631965,56.0,0.9837126616722238,0.4761111103277762,6.751798914401458,0.1758330505985421,2.180936323877129,0.688713706921842,1.4922226169552872,1.4922226169552872,0.0579175632693423,7.6,35.8,10.0,52.5,1.2,0.6,0.3,26.4,97.4,1.0,1.0,5.0,current,2.0,female,5.7
19665.0,1.46449864093,0.0578368257748,6.946650718,52.0,1.0064598520090415,0.4580387889209585,6.824252766819568,0.1223979511804316,2.098151903690471,0.4794158230785573,1.6187360806119138,1.6187360806119138,0.0394925772946241,5.1,16.9,12.4,69.2,0.8,0.9,0.86,26.73,99.7,1.0,3.0,,former,1.0,male,5.2
12796.0,1.46646320803,0.0698596357152,6.646030265,52.0,1.0064598520090415,0.4600033560209584,6.824252766819568,-0.178222501819568,2.1071510546368417,-0.6980728564238257,2.8052239110606676,2.8052239110606676,0.0476381782595468,3.0,31.8,12.5,51.3,4.1,0.3,0.18,21.9,79.9,1.0,3.0,,former,1.0,male,4.9
14453.0,1.46890984304,0.096576212055,6.951015859,61.0,0.955278673751202,0.513631169288798,6.661231598878818,0.2897842601211815,2.352805573905278,1.13504481277149,1.217760761133788,1.217760761133788,0.0657468615331282,4.9,41.6,8.8,47.6,1.7,0.4,0.19,27.91,100.8,2.0,,,never,2.0,female,5.4
10090.0,1.46984060203,0.067399601405,7.064831617,57.0,0.9780258640880196,0.4918147379419806,6.73368545129693,0.3311461657030703,2.25287039795677,1.297053668454109,0.9558167295026608,0.9558167295026608,0.0458550412282217,8.2,31.5,3.5,63.2,1.5,0.4,1.12,46.69,128.3,2.0,,,never,2.0,female,5.7
16146.0,1.47544554319,0.0848461352972,6.116135871,78.0,0.8586031148197276,0.6168424283702724,6.353302726101847,-0.2371668551018473,2.8255884581545314,-0.928949724640351,3.7545381827948825,3.7545381827948825,0.0575054333172864,5.3,23.4,13.0,59.6,3.8,0.2,0.41,29.44,109.0,1.0,3.0,,former,1.0,male,5.8
10524.0,1.47797330636,0.0908517197169,7.101270075,70.0,0.9040974954933628,0.5738758108666373,6.4982104309380695,0.6030596440619309,2.628769995415235,2.3621011041043873,0.2666688913108475,0.2666688913108475,0.0614704740105574,3.4,48.8,9.7,38.1,2.8,0.6,0.29,28.61,105.5,1.0,3.0,,former,1.0,male,5.6
15694.0,1.47869744482,0.0872329133081,6.790163158,57.0,0.9780258640880196,0.5006715807319806,6.73368545129693,0.0564777067030703,2.29344120115076,0.2212153551878299,2.0722258459629304,2.0722258459629304,0.0589930777345184,7.1,24.9,9.6,62.2,2.7,0.7,0.04,26.41,99.9,1.0,3.0,,former,1.0,male,5.6
20933.0,1.48065828847,0.0692053065641,6.487630035,74.0,0.8813503051565452,0.5993079833134547,6.425756578519958,0.0618734564800416,2.745267904162178,0.2423497597714432,2.5029181443907347,2.5029181443907347,0.046739553010311,3.6,25.3,10.8,56.8,6.1,1.2,0.01,,105.9,1.0,3.0,,former,1.0,male,8.0
19761.0,1.48661078188,0.107747410606,7.158433567,54.0,0.9950862568406328,0.4915245250393674,6.788025840610513,0.3704077263894874,2.2515410110820735,1.4508357640717082,0.8007052470103653,0.8007052470103653,0.0724785612477129,5.5,49.4,8.5,37.7,2.8,1.7,0.12,38.65,116.5,1.0,3.0,,former,2.0,female,6.6
15815.0,1.48764372612,0.0725145146557,7.007439773,51.0,1.012146649593246,0.4754970765267541,6.842366229924096,0.1650735430759038,2.178123600981805,0.6465702061104471,1.5315533948713576,1.5315533948713576,0.0487445437254179,4.4,40.5,6.5,47.5,4.6,1.0,0.12,26.16,86.2,2.0,,,never,2.0,female,6.0
16205.0,1.48873148271,0.0761095850514,6.890098423,54.0,0.9950862568406328,0.4936452258693673,6.788025840610513,0.1020725823894874,2.261255368449284,0.399804168518088,1.861451199931196,1.861451199931196,0.0511237828549541,7.1,31.7,7.6,58.2,2.2,0.4,0.2,24.98,93.5,1.0,3.0,,former,2.0,female,5.8
17034.0,1.48955886953,0.151386987103,6.834516198,69.0,0.909784293077567,0.5797745764524329,6.516323894042596,0.3181923039574039,2.655790646378917,1.2463151860616248,1.4094754603172923,1.4094754603172923,0.101632094037859,6.2,23.2,9.1,62.6,4.1,1.0,0.73,26.11,90.6,2.0,,,never,2.0,female,5.6
18889.0,1.48988198191,0.0582775020878,6.606339767,74.0,0.8813503051565452,0.6085316767534548,6.425756578519958,0.1805831884800417,2.7875191510397284,0.7073193391259195,2.080199811913809,2.080199811913809,0.0391155157223187,7.1,30.4,5.7,61.2,1.8,0.9,0.18,35.82,100.1,2.0,,,never,2.0,female,5.7
18361.0,1.49122907116,0.068002428137,6.626882353,85.0,0.8187955317302971,0.672433539429703,6.226508484370153,0.4003738686298472,3.080236314010557,1.5682089930195802,1.5120273209909767,1.5120273209909767,0.0456015976701031,9.8,31.7,8.0,56.1,3.3,0.9,0.47,,,2.0,,,never,2.0,female,5.8
11422.0,1.49176116588,0.249045161536,6.976108755,52.0,1.0064598520090415,0.4853013138709585,6.824252766819568,0.151855988180432,2.2230341625882484,0.594798874170769,1.628235288417479,1.628235288417479,0.1669470738562138,6.4,37.3,5.2,50.1,7.1,0.4,0.1,31.54,107.6,1.0,1.0,3.0,current,2.0,female,5.4
13489.0,1.49422059427,0.0914941343112,6.858495977,74.0,0.8813503051565452,0.6128702891134548,6.425756578519958,0.4327393984800416,2.8073931617189416,1.6949802909282436,1.112412870790698,1.112412870790698,0.0612320126372634,4.6,33.8,14.5,48.8,2.3,0.6,0.68,,108.0,2.0,,,never,2.0,female,5.9
14097.0,1.49512607498,0.181355638636,7.122984269,50.0,1.0178334471774502,0.4772926278025498,6.860479693028624,0.2625045759713762,2.186348536115267,1.0281940680991162,1.1581544680161509,1.1581544680161509,0.1212978903056225,5.8,44.4,10.4,41.3,2.8,1.1,1.77,26.67,95.1,1.0,3.0,,former,1.0,male,5.9
17829.0,1.49891013914,0.106226760216,6.85042199,54.0,0.9950862568406328,0.5038238822993673,6.788025840610513,0.0623961493894871,2.307881042698241,0.2443970755065714,2.0634839671916696,2.0634839671916696,0.0708693319513787,7.8,17.6,9.1,67.4,5.7,0.2,0.1,26.39,93.5,1.0,3.0,,former,1.0,male,5.1
15241.0,1.50003427139,0.0655988260034,6.731650717,61.0,0.955278673751202,0.5447555976387979,6.661231598878818,0.0704191181211815,2.4953781685706153,0.2758219328750477,2.219556235695568,2.219556235695568,0.0437315515082286,4.8,26.7,6.3,63.4,2.8,0.9,0.03,37.37,132.7,2.0,,,never,1.0,male,4.8
11725.0,1.50573409104,0.0675467132026,6.569776779,50.0,1.0178334471774502,0.4879006438625497,6.860479693028624,-0.2907029140286239,2.234940990791652,-1.138643052896536,3.373584043688187,3.373584043688187,0.0448596559010933,8.6,30.5,7.8,57.2,4.1,0.4,0.36,26.76,94.7,1.0,1.0,20.0,current,1.0,male,5.3
14079.0,1.50716686382,0.087945109105,6.781830429,72.0,0.8927239003249539,0.6144429634950461,6.461983504729013,0.3198469242709869,2.814597158034176,1.2527961046707077,1.5618010533634683,1.5618010533634683,0.0583512756391804,8.9,15.6,6.8,75.3,2.0,0.4,0.56,,111.0,1.0,3.0,,former,2.0,female,5.2
11098.0,1.5121742534,0.170311493204,7.638797495,62.0,0.9495918761669976,0.5625823772330023,6.643118135774291,0.9956793592257096,2.5770378280731756,3.8999381519209577,-1.322900323847782,1.322900323847782,0.1126268965504924,8.4,42.3,7.8,45.2,4.0,0.7,1.36,35.47,106.7,2.0,,,never,2.0,female,6.6
10848.0,1.5452258399,0.152686985423,7.003010555,52.0,1.0064598520090415,0.5387659878909585,6.824252766819568,0.1787577881804321,2.467941385051915,0.7001694989640107,1.767771886087904,1.767771886087904,0.0988120839558838,3.4,56.0,9.7,30.5,2.9,0.9,0.16,,104.4,1.0,3.0,,former,1.0,male,6.2
13814.0,1.54812103517,0.0507630534612,6.807344107,65.0,0.9325314834143844,0.6155895517556156,6.588777746460708,0.2185663605392918,2.819849368981922,0.8560941635433328,1.9637552054385892,1.9637552054385892,0.0327901063986419,7.4,39.2,7.3,49.5,3.4,0.6,1.17,34.2,97.5,2.0,,,never,2.0,female,6.0
17260.0,1.56357349063,0.12116689194,6.035391101,54.0,0.9950862568406328,0.5684872337893674,6.788025840610513,-0.7526347396105129,2.6040863801269065,-2.947966037731983,5.5520524178588895,5.5520524178588895,0.0774935701238955,5.7,60.9,5.4,24.9,8.1,0.7,0.03,33.62,118.6,1.0,3.0,,former,1.0,male,5.8
13207.0,1.5687809035,0.0777828505223,6.713796373,50.0,1.0178334471774502,0.5509474563225498,6.860479693028624,-0.1466833200286235,2.5237413998054667,-0.5745382494168804,3.098279649222347,3.098279649222347,0.0495817168278655,6.4,28.4,8.5,60.5,1.9,0.7,0.41,33.2,101.8,1.0,3.0,,former,2.0,female,5.3
10519.0,1.5853502855,1.78581460126,6.095068937,82.0,0.8358559244829101,0.7494943610170898,6.280848873683736,-0.185779936683736,3.4332311114477423,-0.7276742821080406,4.160905393555783,4.160905393555783,1.126447963956922,4.7,29.9,8.1,58.8,2.8,0.4,0.17,21.37,84.9,2.0,,,never,1.0,male,5.3
13241.0,1.59640707417,0.0345707414724,7.417528034,66.0,0.9268446858301802,0.6695623883398198,6.57066428335618,0.8468637506438199,3.0670843468175324,3.3170480235555635,-0.2499636767380311,0.2499636767380311,0.0216553421942044,6.1,38.0,9.7,50.6,1.5,0.2,0.26,28.7,94.5,2.0,,,never,2.0,female,5.7
18173.0,1.60902797544,0.121607386614,6.987835238,52.0,1.0064598520090415,0.6025681234309586,6.824252766819568,0.1635824711804314,2.7602017249635837,0.6407298840042102,2.1194718409593736,2.1194718409593736,0.0755781679810418,7.3,28.5,7.6,59.4,4.1,0.4,0.27,22.67,80.2,1.0,1.0,7.0,current,2.0,female,5.1
17804.0,1.61440236409,0.0861461173926,7.022921571,53.0,1.000773054424837,0.613629309665163,6.806139303715041,0.2167822672849597,2.8108700297354225,0.8491061173568927,1.96176391237853,1.96176391237853,0.0533609955664048,9.4,13.3,6.2,77.4,3.1,0.2,0.87,31.08,111.1,1.0,3.0,,former,1.0,male,5.4
19776.0,1.65153295742,0.114126855954,6.447819322,85.0,0.8187955317302971,0.8327374256897029,6.226508484370153,0.2213108376298471,3.814545093661619,0.866843900206402,2.947701193455217,2.947701193455217,0.0691035897535386,6.1,31.6,11.0,54.5,1.9,1.0,0.45,28.88,105.5,2.0,,,never,2.0,female,5.5
18992.0,1.66526918658,0.097023686663,6.799454434,50.0,1.0178334471774502,0.6474357394025498,6.860479693028624,-0.0610252590286233,2.96572814792575,-0.239027487826667,3.204755635752417,3.204755635752417,0.0582630648815761,6.8,31.7,14.5,50.5,2.9,0.4,0.23,31.8,116.3,1.0,1.0,18.0,current,1.0,male,5.9
10057.0,1.68684558232,0.0940389054682,6.517648255,58.0,0.9723390665038152,0.7145065158161847,6.715571988192401,-0.1979237331924013,3.2729612483052684,-0.7752398511584403,4.048201099463709,4.048201099463709,0.0557483781881586,9.8,40.6,8.4,48.9,1.1,1.0,0.29,32.73,107.6,1.0,3.0,,former,2.0,female,5.4
18213.0,1.71901143061,0.0852514850759,6.911579642,66.0,0.9268446858301802,0.7921667447798197,6.57066428335618,0.3409153586438203,3.628701768938788,1.3353182442034102,2.293383524735378,2.293383524735378,0.0495933206480471,5.4,29.7,10.4,56.6,2.8,0.6,0.6,35.4,100.5,2.0,,,never,2.0,female,5.8
12659.0,1.75936607923,0.0619924646217,6.959154117,50.0,1.0178334471774502,0.7415326320525499,6.860479693028624,0.0986744239713761,3.396760582777081,0.3864940526275973,3.0102665301494835,3.0102665301494835,0.0352356825299436,4.6,37.1,8.4,52.1,1.7,0.7,0.03,23.08,75.9,1.0,3.0,,former,2.0,female,5.2
14968.0,1.81508041793,0.0427518730986,6.758846289,53.0,1.000773054424837,0.814307363505163,6.806139303715041,-0.0472930147150405,3.730121959654296,-0.1852401887189623,3.9153621483732586,3.9153621483732586,0.0235537074149894,4.7,27.1,9.5,61.3,1.9,0.2,0.04,25.25,84.2,2.0,,,never,1.0,male,5.3
15310.0,1.87184959115,0.0398123599421,6.775530157,50.0,1.0178334471774502,0.8540161439725498,6.860479693028624,-0.0849495360286232,3.9120171513849944,-0.3327355674056009,4.244752718790595,4.244752718790595,0.0212689951854735,5.8,20.0,7.8,70.9,1.2,0.3,0.1,22.69,90.0,2.0,,,never,1.0,male,5.3
12960.0,1.87346819521,0.0693107554386,6.554099901,53.0,1.000773054424837,0.8726951407851631,6.806139303715041,-0.2520394027150408,3.9975805876471058,-0.9872034338445465,4.9847840214916515,4.9847840214916515,0.0369959605483619,6.9,23.1,7.5,67.4,1.1,0.9,0.48,33.19,108.7,1.0,1.0,20.0,current,2.0,female,6.0
10449.0,2.36306522291,0.209444945674,7.115244409,51.0,1.012146649593246,1.350918573316754,6.842366229924096,0.2728781790759038,6.188192888669276,1.0688260347512055,5.11936685391807,5.11936685391807,0.0886327400714224,6.8,17.7,9.0,67.2,5.8,0.3,1.68,27.0,97.6,1.0,3.0,,former,1.0,male,4.4
