SEQN,TELOMEAN,TELOSTD,HorvathTelo,RIDAGEYR,qPCR_age_pred,qPCR_residual,DNAm_age_pred,DNAm_residual,qPCR_z,DNAm_z,discordance_signed,discordance,TELO_CV
2084.0,0.389336528403,0.0274996225992,6.016262916,76.0,0.8699767099881364,-0.4806401815851364,6.389529652310903,-0.373266736310903,-2.2016827752922294,-1.462034109970854,-0.7396486653213754,0.7396486653213754,0.07063201264982591
6445.0,0.433243580893,0.0189151147048,5.608513908,81.0,0.8415427220671146,-0.40829914117411453,6.298962336788264,-0.6904484287882644,-1.8703080198683453,-2.7043908708313658,0.8340828509630205,0.8340828509630205,0.04365930746351103
5363.0,0.443292838114,0.0410102160122,5.970685016,81.0,0.8415427220671146,-0.39824988395311456,6.298962336788264,-0.3282773207882643,-1.8242750884247272,-1.285816800247966,-0.5384582881767612,0.5384582881767612,0.09251269699433663
8606.0,0.444447211029,0.0468386458093,5.903165326,78.0,0.8586031148197276,-0.41415590379072764,6.353302726101847,-0.45013740010184744,-1.8971362665818141,-1.763125853717481,-0.13401041286433313,0.13401041286433313,0.10538629706069592
5843.0,0.453035958781,0.015954447776,6.119855557,56.0,0.9837126616722238,-0.5306767028912238,6.751798914401458,-0.6319433574014575,-2.4308865566569837,-2.475234608960374,0.04434805230339034,0.04434805230339034,0.035216736037751176
963.0,0.465105267875,0.0463729145967,6.39249571,80.0,0.8472295196513189,-0.38212425177631887,6.317075799892791,0.07541991010720928,-1.750407925493697,0.29540934249183104,-2.045817267985528,2.045817267985528,0.09970412678525718
5411.0,0.471356279405,0.0434225986459,6.704415349,57.0,0.9780258640880195,-0.5066695846830195,6.73368545129693,-0.02927010229693039,-2.3209164362457226,-0.11464693688859645,-2.206269499357126,2.206269499357126,0.09212266929107847
626.0,0.476963354107,0.0441365360049,6.489796527,66.0,0.9268446858301802,-0.4498813317231802,6.57066428335618,-0.08086775635617993,-2.0607847968803408,-0.316747801741084,-1.7440369951392567,1.7440369951392567,0.0925365347774676
9173.0,0.477484989345,0.0304783333013,6.165606531,74.0,0.8813503051565452,-0.4038653158115452,6.425756578519958,-0.26015004751995807,-1.8499978641563772,-1.0189717062490022,-0.831026157907375,0.831026157907375,0.06383097685041217
9370.0,0.478994278209,0.0197721340606,5.912344796,71.0,0.8984106979091583,-0.4194164197001583,6.480096967833541,-0.5677521718335408,-1.9212332682697446,-2.22380662534923,0.3025733570794853,0.3025733570794853,0.04127843475402186
6962.0,0.499164340305,0.0455637174565,6.213041514,71.0,0.8984106979091583,-0.3992463576041583,6.480096967833541,-0.26705545383354057,-1.8288396649158147,-1.046019226404285,-0.7828204385115298,0.7828204385115298,0.09127999293511152
7734.0,0.502227139033,0.152196541512,6.40768704,71.0,0.8984106979091583,-0.3961835588761583,6.480096967833541,-0.07240992783354105,-1.8148098116867624,-0.2836196587980633,-1.531190152888699,1.531190152888699,0.30304324414853967
4721.0,0.507759482461,0.036008481793,5.822582721,85.0,0.8187955317302971,-0.31103604926929707,6.226508484370153,-0.40392576337015296,-1.4247720819193654,-1.5821212727921543,0.15734919087278887,0.15734919087278887,0.0709164142409999
8628.0,0.510831952842,0.0331934390177,6.010172368,85.0,0.8187955317302971,-0.30796357888829706,6.226508484370153,-0.2163361163701527,-1.4106979254617555,-0.8473586060139604,-0.5633393194477951,0.5633393194477951,0.06497917531005878
8289.0,0.518340162362,0.0278926801667,6.182192068,76.0,0.8699767099881364,-0.3516365476261364,6.389529652310903,-0.20733758431090266,-1.610751992308318,-0.8121126022036135,-0.7986393901047045,0.7986393901047045,0.05381153572896446
7796.0,0.52116636359,0.0207639685022,5.980143707,81.0,0.8415427220671146,-0.32037635847711454,6.298962336788264,-0.3188186297882645,-1.4675575141130168,-1.2487684175971325,-0.2187890965158843,0.2187890965158843,0.03984134424787044
1141.0,0.52438929258,0.0488503052021,6.788212066,51.0,1.0121466495932459,-0.48775735701324585,6.842366229924096,-0.05415416392409611,-2.234284632459317,-0.2121143599252696,-2.0221702725340474,2.0221702725340474,0.09315656496675602
4812.0,0.524817946436,0.0248175490716,6.400244492,64.0,0.9382182809985888,-0.41340033456258884,6.6068912095652355,-0.20664671756523578,-1.8936752081458594,-0.809406572843504,-1.0842686353023554,1.0842686353023554,0.047287920011375655
3999.0,0.525336789497,0.0300591991089,6.19691575,73.0,0.8870371027407495,-0.3617003132437495,6.443870041624486,-0.246954291624486,-1.65685138279582,-0.9672857579732368,-0.6895656248225832,0.6895656248225832,0.05721891120110036
3668.0,0.525627497699,0.0173518402278,6.374500309,79.0,0.8529163172355232,-0.3272888195365232,6.33518926299732,0.03931104600268043,-1.4992216300826522,0.15397592274785663,-1.6531975528305087,1.6531975528305087,0.03301166758542856
2102.0,0.52819356887,0.0318225016881,5.614743179,85.0,0.8187955317302971,-0.29060196286029705,6.226508484370153,-0.6117653053701524,-1.3311690545420978,-2.396199973744547,1.0650309192024492,1.0650309192024492,0.060247802252079694
2190.0,0.529188193253,0.0426321307615,6.109939971,82.0,0.8358559244829101,-0.3066677312299101,6.280848873683736,-0.1709089026837356,-1.4047619975510592,-0.6694265015170919,-0.7353354960339673,0.7353354960339673,0.08056137930711157
8953.0,0.537844247783,0.0201504712249,6.172995854,85.0,0.8187955317302971,-0.28095128394729707,6.226508484370153,-0.05351263037015297,-1.2869619026087042,-0.2096015618446647,-1.0773603407640395,1.0773603407640395,0.03746525375693887
9090.0,0.538640333607,0.0497991786638,6.045039193,81.0,0.8415427220671146,-0.3029023884601145,6.298962336788264,-0.2539231437882643,-1.3875139799342433,-0.9945817867367043,-0.392932193197539,0.392932193197539,0.0924534899388619
4045.0,0.540877702018,0.0234887955141,5.426722732,84.0,0.8244823293145014,-0.2836046272965014,6.2446219474746805,-0.8178992154746805,-1.2991161514058256,-3.203597950786528,1.9044817993807024,1.9044817993807024,0.043427184050043
8604.0,0.541430209394,0.03480741029,6.111790771,78.0,0.8586031148197276,-0.3171729054257276,6.353302726101847,-0.24151195510184742,-1.4528833614413958,-0.9459688795589484,-0.5069144818824475,0.5069144818824475,0.06428789839591416
2488.0,0.542159770089,0.0124959351413,6.424088802,81.0,0.8415427220671146,-0.2993829519781146,6.298962336788264,0.12512646521173565,-1.3713923925638336,0.49010303464936783,-1.8614954272132014,1.8614954272132014,0.023048436698371567
9246.0,0.542191100258,0.0206554551897,5.892990846,78.0,0.8586031148197276,-0.31641201456172763,6.353302726101847,-0.4603118801018473,-1.4493979260297722,-1.8029778827470004,0.3535799567172282,0.3535799567172282,0.038096263807855135
6300.0,0.543883637939,0.0232436845459,5.785158019,85.0,0.8187955317302971,-0.2749118937912971,6.226508484370153,-0.441350465370153,-1.2592970884937418,-1.7287086473336672,0.46941155883992547,0.46941155883992547,0.04273650267174783
7456.0,0.546098579882,0.0568557821003,6.508891091,61.0,0.955278673751202,-0.40918009386920207,6.661231598878818,-0.1523405078788187,-1.8743434260805867,-0.5966966707250382,-1.2776467553555486,1.2776467553555486,0.10411267158501913
5884.0,0.54794257345,0.0288975768552,6.269650375,74.0,0.8813503051565452,-0.33340773170654525,6.425756578519958,-0.15610620351995763,-1.5272507130524398,-0.611446379015487,-0.9158043340369527,0.9158043340369527,0.05273833108687423
7487.0,0.54800511571,0.0511112418713,5.998988382,76.0,0.8699767099881364,-0.3219715942781364,6.389529652310903,-0.39054127031090236,-1.4748648581932728,-1.5296960671853164,0.05483120899204352,0.05483120899204352,0.09326781886895316
8947.0,0.549872544188,0.035083713271,6.79299627,74.0,0.8813503051565452,-0.3314777609685452,6.425756578519958,0.36723969148004176,-1.5184100386904689,1.4384270100933467,-2.9568370487838154,2.9568370487838154,0.06380335523536336
6414.0,0.550455938925,0.0182834228804,6.291843084,67.0,0.9211578882459758,-0.3707019493209758,6.5525508202516525,-0.26070773625165256,-1.698085444907141,-1.0211560957730788,-0.6769293491340622,0.6769293491340622,0.03321505244562568
4229.0,0.553345811438,0.0231990296281,5.823166157,85.0,0.8187955317302971,-0.2654497202922971,6.226508484370153,-0.40334232737015263,-1.2159534289169056,-1.5798360347840321,0.3638826058671265,0.3638826058671265,0.04192501171701622
4840.0,0.553575317874,0.0427962845149,6.618951253,81.0,0.8415427220671146,-0.2879674041931145,6.298962336788264,0.3199889162117353,-1.3191008532966195,1.2533522674372237,-2.5724531207338432,2.5724531207338432,0.07730887402866635
8727.0,0.554602663483,0.0438803235077,6.100675558,81.0,0.8415427220671146,-0.28694005858411453,6.298962336788264,-0.1982867787882645,-1.3143948607095086,-0.7766618504768702,-0.5377330102326384,0.5377330102326384,0.07912028988848345
865.0,0.555028354236,0.0313635150397,6.204111822,73.0,0.8870371027407495,-0.3320087485047495,6.443870041624486,-0.23975821962448585,-1.5208423490905278,-0.9390997405804539,-0.581742608510074,0.581742608510074,0.05650795099084996
4472.0,0.557086885513,0.0279326250325,6.058814781,73.0,0.8870371027407495,-0.32995021722774953,6.443870041624486,-0.3850552606244859,-1.511412773643831,-1.508208127037093,-0.0032046466067379153,0.0032046466067379153,0.05014051803926045
8239.0,0.557432094881,0.0220233270097,6.703972046,74.0,0.8813503051565452,-0.32391821027554524,6.425756578519958,0.27821546748004167,-1.4837817799900914,1.0897314542341299,-2.5735132342242215,2.5735132342242215,0.03950853783257944
6944.0,0.558225755444,0.033077281272,6.582808724,64.0,0.9382182809985888,-0.37999252555458884,6.6068912095652355,-0.024082485565235068,-1.7406430637866646,-0.09432776061761798,-1.6463153031690465,1.6463153031690465,0.05925430876203676
6912.0,0.559324146472,0.0365144047469,5.886044707,81.0,0.8415427220671146,-0.28221857559511454,6.298962336788264,-0.4129176297882644,-1.292767023152454,-1.6173411682093297,0.32457414505687576,0.32457414505687576,0.06528308312312049
9597.0,0.561122478227,0.0420007205224,6.341057786,83.0,0.8301691268987057,-0.2690466486717057,6.262735410579208,0.07832237542079223,-1.2324299857265884,0.3067778971436739,-1.5392078828702622,1.5392078828702622,0.07485125289421886
3466.0,0.562177078563,0.038039819097,5.809824856,70.0,0.9040974954933627,-0.3419204169303627,6.4982104309380695,-0.6883855749380698,-1.5662450234468646,-2.6963109579983158,1.1300659345514512,1.1300659345514512,0.06766519046673848
211.0,0.562373323183,0.0511129384702,6.402849545,76.0,0.8699767099881364,-0.3076033868051363,6.389529652310903,0.013319892689096946,-1.4090479828733598,0.05217217490387532,-1.461220157777235,1.461220157777235,0.09088791442116025
9530.0,0.563541236444,0.0809893591053,6.528368117,80.0,0.8472295196513189,-0.28368828320731887,6.317075799892791,0.2112923171072092,-1.2994993565246544,0.827602742849858,-2.1271020993745124,2.1271020993745124,0.14371505378444127
8918.0,0.56793110915,0.0342864255872,6.692993576,59.0,0.9666522689196108,-0.39872115976961076,6.697458525087875,-0.004464949087874537,-1.8264338755743357,-0.017488587197115175,-1.8089452883772206,1.8089452883772206,0.060370747498785786
3743.0,0.568739986473,0.0200341728666,6.148280327,76.0,0.8699767099881364,-0.3012367235151364,6.389529652310903,-0.24124932531090248,-1.3798840189795185,-0.9449401950411397,-0.4349438239383788,0.4349438239383788,0.03522553951383035
5432.0,0.569142253626,0.0318430021232,6.325070566,71.0,0.8984106979091583,-0.32926844428315827,6.480096967833541,-0.155026401833541,-1.5082897560388184,-0.6072169453586121,-0.9010728106802063,0.9010728106802063,0.05594910924347741
9915.0,0.570849998999,0.0396984009788,6.595545725,66.0,0.9268446858301802,-0.3559946868311802,6.57066428335618,0.02488144164381989,-1.6307154501874033,0.09745716092476622,-1.7281726111121696,1.7281726111121696,0.06954261373112404
3116.0,0.571120758648,0.0275878405243,6.49003925,57.0,0.9780258640880195,-0.40690510544001945,6.73368545129693,-0.24364620129693026,-1.8639223189188807,-0.9543284263193316,-0.9095938925995491,0.9095938925995491,0.048304741346835316
2531.0,0.57200094078,0.0405472822215,5.7399417,84.0,0.8244823293145014,-0.2524813885345014,6.2446219474746805,-0.5046802474746803,-1.1565490059216208,-1.976762632880132,0.8202136269585112,0.8202136269585112,0.07088674044173485
7276.0,0.573597557474,0.028706646256,6.338009045,73.0,0.8870371027407495,-0.31343954526674955,6.443870041624486,-0.10586099662448589,-1.4357818475211988,-0.41464286239423725,-1.0211389851269614,1.0211389851269614,0.050046667531880515
5463.0,0.574048085722,0.0270132366858,6.515506904,60.0,0.9609654713354063,-0.3869173856134064,6.679345061983346,-0.16383815798334567,-1.7723639762216712,-0.6417313737994824,-1.1306326024221889,1.1306326024221889,0.04705744580930799
8731.0,0.574236145397,0.0282202392201,6.340646247,82.0,0.8358559244829101,-0.26161977908591016,6.280848873683736,0.05979737331626378,-1.198409503320268,0.23421802954930201,-1.43262753286957,1.43262753286957,0.049143961846201525
4303.0,0.574370759403,0.0363946253874,6.265850719,78.0,0.8586031148197276,-0.28423235541672764,6.353302726101847,-0.08745200710184697,-1.3019916042764341,-0.34253740001578314,-0.959454204260651,0.959454204260651,0.06336434226775144
1919.0,0.575087440405,0.02354403938,6.849335859,79.0,0.8529163172355232,-0.27782887683052315,6.33518926299732,0.5141465960026803,-1.2726589994602846,2.0138410090076007,-3.2865000084678853,3.2865000084678853,0.040939929697333205
2790.0,0.576739144478,0.0188652394624,6.917384857,50.0,1.0178334471774502,-0.44109430269945016,6.860479693028624,0.05690516397137646,-2.0205337916819492,0.22288964610642356,-2.2434234377883726,2.2434234377883726,0.03271017693705308
8108.0,0.577192206724,0.0231233906643,6.528737447,63.0,0.9439050785827933,-0.3667128718587933,6.625004672669763,-0.09626722566976298,-1.6798125591304494,-0.3770653902688626,-1.3027471688615868,1.3027471688615868,0.04006185529694283
9625.0,0.579001060777,0.0427544411818,6.688006176,70.0,0.9040974954933627,-0.32509643471636274,6.4982104309380695,0.18979574506193053,-1.489178907729643,0.7434036473497823,-2.232582555079425,2.232582555079425,0.07384173204177723
4122.0,0.580135875138,0.024435345027,7.087407629,51.0,1.0121466495932459,-0.4320107744552458,6.842366229924096,0.2450413990759044,-1.978924603685663,0.9597932227894802,-2.938717826475143,2.938717826475143,0.04212003786386669
3275.0,0.580933617525,0.0494047428618,6.779573454,63.0,0.9439050785827933,-0.3629714610577933,6.625004672669763,0.15456878133023721,-1.662674167394895,0.6054245092260367,-2.268098676620932,2.268098676620932,0.08504369754376268
7792.0,0.581233282756,0.0534659472802,5.650103708,78.0,0.8586031148197276,-0.2773698320637277,6.353302726101847,-0.7031990181018477,-1.270556239443824,-2.754333163259913,1.4837769238160892,1.4837769238160892,0.09198707105464374
2184.0,0.583137950254,0.033999456153,6.459933951,60.0,0.9609654713354063,-0.3778275210814064,6.679345061983346,-0.2194111109833461,-1.7307257634034212,-0.8594029340376629,-0.8713228293657583,0.8713228293657583,0.05830431056354797
2231.0,0.583732220932,0.0460294352494,7.057999773,58.0,0.9723390665038152,-0.38860684557181524,6.715571988192401,0.3424277848075983,-1.7801029357021445,1.3412422080211075,-3.121345143723252,3.121345143723252,0.07885368255997309
374.0,0.584786161506,0.0368192900843,6.741997825,53.0,1.000773054424837,-0.41598689291883695,6.806139303715041,-0.06414147871504028,-1.9055235329393847,-0.25123328875265544,-1.6542902441867293,1.6542902441867293,0.06296197226945191
7497.0,0.584899755881,0.031207257441,6.697241232,65.0,0.9325314834143845,-0.34763172753338456,6.588777746460708,0.10846348553929186,-1.59240699379555,0.42483645103777,-2.01724344483332,2.01724344483332,0.053354881972884995
3482.0,0.586035698292,0.0163954946957,6.63200001,69.0,0.909784293077567,-0.32374859478556706,6.516323894042596,0.11567611595740335,-1.483004817270337,0.45308732546101105,-1.936092142731348,1.936092142731348,0.02797695557367007
293.0,0.586254637058,0.0350411903375,6.525976542,85.0,0.8187955317302971,-0.2325408946722971,6.226508484370153,0.29946805762984763,-1.065206992604203,1.1729749064402921,-2.238181899044495,2.238181899044495,0.05977128046841064
8337.0,0.58813549686,0.0360877421449,6.278862573,84.0,0.8244823293145014,-0.2363468324545014,6.2446219474746805,0.034240625525319146,-1.082640965001762,0.13411578797382653,-1.2167567529755887,1.2167567529755887,0.06135957162519361
5533.0,0.589378632231,0.0294914865888,5.941453422,77.0,0.864289912403932,-0.2749112801729321,6.371416189206375,-0.4299627672063746,-1.2592942776738467,-1.6841046107831699,0.42481033310932315,0.42481033310932315,0.05003826907868143
5139.0,0.58995216017,0.0461397164542,6.130383687,67.0,0.9211578882459758,-0.3312057280759758,6.5525508202516525,-0.42216713325165234,-1.5171639295285013,-1.6535701922510087,0.13640626272250733,0.13640626272250733,0.07820925079908926
695.0,0.590590873232,0.0627448863073,6.26031254,59.0,0.9666522689196108,-0.37606139568761077,6.697458525087875,-0.4371459850878745,-1.7226356202828397,-1.7122402803740384,-0.01039533990880126,0.01039533990880126,0.10624086681856346
6396.0,0.591331638049,0.0765056821018,5.833494928,72.0,0.8927239003249539,-0.30139226227595384,6.461983504729013,-0.6284885767290129,-1.3805965000073275,-2.4617027115416477,1.0811062115343202,1.0811062115343202,0.1293786382785432
2031.0,0.591873295449,0.0546819135229,6.680190392,54.0,0.9950862568406327,-0.40321296139163265,6.788025840610513,-0.10783544861051286,-1.8470096048623448,-0.4223765173686969,-1.424633087493648,1.424633087493648,0.09238787075436111
5235.0,0.592134716523,0.0362414024423,6.231693237,70.0,0.9040974954933627,-0.31196277897036273,6.4982104309380695,-0.2665171939380695,-1.4290171802244196,-1.0439109369408686,-0.38510624328355103,0.38510624328355103,0.06120465737106008
1623.0,0.592644178959,0.0216026404244,6.387119326,81.0,0.8415427220671146,-0.24889854310811454,6.298962336788264,0.08815698921173531,-1.1401369593137087,0.3452987173026187,-1.4854356766163275,1.4854356766163275,0.03645128255936941
4338.0,0.593011644419,0.032535186051,6.532520406,58.0,0.9723390665038152,-0.3793274220848152,6.715571988192401,-0.1830515821924017,-1.737596404540743,-0.7169876954331955,-1.0206087091075475,1.0206087091075475,0.054864329153057646
4261.0,0.593383984693,0.0290920292614,6.162263909,72.0,0.8927239003249539,-0.29933991563195383,6.461983504729013,-0.2997195957290133,-1.3711952546929607,-1.1739601463375626,-0.19723510835539804,0.19723510835539804,0.04902732465294187
2817.0,0.594558634777,0.0500176314826,5.880655083,59.0,0.9666522689196108,-0.37209363414261076,6.697458525087875,-0.8168034420878749,-1.7044603769619773,-3.1993059581912555,1.4948455812292782,1.4948455812292782,0.08412564977945367
6116.0,0.594834288974,0.0292796063262,6.305016374,71.0,0.8984106979091583,-0.30357640893515825,6.480096967833541,-0.1750805938335409,-1.3906014855714206,-0.6857664379860056,-0.704835047585415,0.704835047585415,0.04922313133074916
93.0,0.596702185373,0.0576272109047,6.597607564,63.0,0.9439050785827933,-0.34720289320979325,6.625004672669763,-0.027397108669763526,-1.5904426196548127,-0.10731068025415817,-1.4831319394006546,1.4831319394006546,0.09657616867730606
5856.0,0.59726407035,0.172172458936,6.109732665,84.0,0.8244823293145014,-0.22721825896450143,6.2446219474746805,-0.13488928247468035,-1.0408254369082954,-0.5283426377517151,-0.5124827991565803,0.5124827991565803,0.2882685691022834
2723.0,0.597939522304,0.0450984856624,6.469130349,66.0,0.9268446858301802,-0.32890516352618016,6.57066428335618,-0.10153393435617986,-1.506625665070402,-0.39769435877252174,-1.1089313062978803,1.1089313062978803,0.07542315565397825
6990.0,0.59868345277,0.0550445174005,6.536455495,85.0,0.8187955317302971,-0.22011207896029705,6.226508484370153,0.3099470106298474,-1.0082739468065227,1.2140195140423482,-2.2222934608488707,2.2222934608488707,0.09194260697505331
4419.0,0.599827683345,0.031016715155,6.477288484,52.0,1.0064598520090415,-0.4066321686640415,6.824252766819568,-0.3469642828195685,-1.8626720693113,-1.3590110424446256,-0.5036610268666744,0.5036610268666744,0.05170937590281285
136.0,0.600486513684,0.0353080206864,6.225233585,53.0,1.000773054424837,-0.400286540740837,6.806139303715041,-0.5809057187150408,-1.8336044627477857,-2.2753272467630703,0.44172278401528464,0.44172278401528464,0.058799023594692246
2548.0,0.603722535429,0.0210867753982,6.260445384,77.0,0.864289912403932,-0.26056737697493204,6.371416189206375,-0.11097080520637537,-1.1935887336692992,-0.43465727491858736,-0.7589314587507119,0.7589314587507119,0.0349279249336219
7301.0,0.604455672281,0.0209288675641,6.455175398,73.0,0.8870371027407495,-0.2825814304597496,6.443870041624486,0.011305356375514108,-1.2944291632231473,0.04428151516992083,-1.338710678393068,1.338710678393068,0.03462432155714897
5479.0,0.606116062538,0.0483181008283,6.457014179,75.0,0.8756635075723407,-0.2695474450343407,6.40764311541543,0.04937106358456944,-1.2347239985199137,0.19337961833828696,-1.4281036168582006,1.4281036168582006,0.07971757195474544
2947.0,0.60799949993,0.0303827812432,6.152654162,75.0,0.8756635075723407,-0.26766400764234066,6.40764311541543,-0.25498895341543015,-1.2260964808399892,-0.9987564154353459,-0.22734006540464335,0.22734006540464335,0.049971720777234226
9042.0,0.608208345688,0.020399083513,6.499243529,62.0,0.9495918761669977,-0.3413835304789977,6.643118135774291,-0.14387460677429065,-1.5637856917106796,-0.5635369085967824,-1.0002487831138973,1.0002487831138973,0.03353963104522141
1777.0,0.608490172693,0.042155448808,5.762071548,85.0,0.8187955317302971,-0.21030535903729708,6.226508484370153,-0.46443693637015304,-0.9633520131775514,-1.8191351568438507,0.8557831436662994,0.8557831436662994,0.06927876685572798
5302.0,0.609693779977,0.0876947700319,6.475838578,62.0,0.9495918761669977,-0.33989809618999767,6.643118135774291,-0.1672795577742905,-1.556981318682328,-0.6552108601585805,-0.9017704585237475,0.9017704585237475,0.14383412282016095
8174.0,0.609745828483,0.0272687334748,6.267451642,66.0,0.9268446858301802,-0.31709885734718024,6.57066428335618,-0.30321264135618,-1.452544167205609,-1.1876419222843713,-0.2649022449212377,0.2649022449212377,0.04472147606592485
6703.0,0.609937146817,0.0335409482026,5.699954717,74.0,0.8813503051565452,-0.27141315833954527,6.425756578519958,-0.7258018615199582,-1.243270326948293,-2.8428653705125915,1.5995950435642985,1.5995950435642985,0.054990827132985434
4390.0,0.610225171436,0.0539367704587,5.755614561,85.0,0.8187955317302971,-0.2085703602942971,6.226508484370153,-0.470893923370153,-0.9554044528320581,-1.844426280652363,0.8890218278203049,0.8890218278203049,0.08838830809252655
5792.0,0.61195613647,0.0584045361684,6.541980933,52.0,1.0064598520090415,-0.3945037155390415,6.824252766819568,-0.28227183381956866,-1.8071149033494653,-1.1056196793932727,-0.7014952239561927,0.7014952239561927,0.09543908899304447
9819.0,0.61241966626,0.0349188204782,6.407152601,63.0,0.9439050785827933,-0.33148541232279327,6.625004672669763,-0.21785207166976317,-1.5184450874764444,-0.8532963929679405,-0.6651486945085039,0.6651486945085039,0.05701779743855477
9648.0,0.614420305044,0.191899784111,6.532813898,74.0,0.8813503051565452,-0.2669300001125452,6.425756578519958,0.10705731948004171,-1.2227341907169376,0.4193286933328492,-1.6420628840497868,1.6420628840497868,0.31232656625379207
3786.0,0.616211360594,0.0320932320098,6.128578441,80.0,0.8472295196513189,-0.23101815905731893,6.317075799892791,-0.18849735889279096,-1.0582317522825038,-0.7383180485472806,-0.3199137037352232,0.3199137037352232,0.05208153250998744
8412.0,0.616998669859,0.0938495602496,6.45021666,62.0,0.9495918761669977,-0.3325932063079977,6.643118135774291,-0.19290147577429106,-1.523519592333182,-0.7555683644170784,-0.7679512279161035,0.7679512279161035,0.15210658439676544
162.0,0.617419963215,0.0297797623513,6.292266521,63.0,0.9439050785827933,-0.32648511536779323,6.625004672669763,-0.33273815166976295,-1.4955400784926716,-1.3032892570010641,-0.19225082149160744,0.19225082149160744,0.048232587421100266
9762.0,0.618264409643,0.0265730141389,6.603040273,66.0,0.9268446858301802,-0.3085802761871802,6.57066428335618,0.03237598964382027,-1.4135228491209517,0.12681226747165072,-1.5403351165926025,1.5403351165926025,0.04298001587095053
4931.0,0.618487342785,0.0606105172934,6.211013966,63.0,0.9439050785827933,-0.3254177357977933,6.625004672669763,-0.4139907066697628,-1.4906507011496926,-1.6215442617367022,0.13089356058700963,0.13089356058700963,0.09799799139053614
5941.0,0.61945169132,0.0334838574569,6.183245058,78.0,0.8586031148197276,-0.23915142349972762,6.353302726101847,-0.17005766810184753,-1.095488038618556,-0.6660923335528978,-0.42939570506565816,0.42939570506565816,0.054054025400348316
2830.0,0.619608166754,0.0194584526372,6.522031387,66.0,0.9268446858301802,-0.3072365190761802,6.57066428335618,-0.048632896356179955,-1.4073674609557176,-0.1904883195383072,-1.2168791414174105,1.2168791414174105,0.031404448296959736
813.0,0.619678184818,0.0497948364205,6.541187644,62.0,0.9495918761669977,-0.32991369134899773,6.643118135774291,-0.10193049177429092,-1.5112454584646569,-0.3992476192574245,-1.1119978392072323,1.1119978392072323,0.08035596159500884
1473.0,0.620480295034,0.0606575494277,6.385277308,62.0,0.9495918761669977,-0.32911158113299765,6.643118135774291,-0.25784082777429074,-1.5075712083413544,-1.0099268123242144,-0.49764439601713994,0.49764439601713994,0.09775902621432352
4823.0,0.620784661996,0.0601650726388,6.924079053,59.0,0.9666522689196108,-0.34586760692361074,6.697458525087875,0.22662052791212517,-1.5843260340487648,0.887641221668246,-2.471967255717011,2.471967255717011,0.09691778215871523
8497.0,0.620809631085,0.01381473379,6.535595606,75.0,0.8756635075723407,-0.2548538764873407,6.40764311541543,0.12795249058456992,-1.1674167320512334,0.501172184639967,-1.6685889166912005,1.6685889166912005,0.02225276976753042
1546.0,0.622570991245,0.0252843554952,6.288780133,57.0,0.9780258640880195,-0.35545487284301946,6.73368545129693,-0.4449053182969296,-1.6282427081963453,-1.7426325139129495,0.11438980571660418,0.11438980571660418,0.04061280697424892
2361.0,0.623519075296,0.0362494483926,6.385811943,70.0,0.9040974954933627,-0.2805784201973627,6.4982104309380695,-0.11239848793806928,-1.2852539145394297,-0.44024931044948523,-0.8450046040899445,0.8450046040899445,0.058136871555038605
8944.0,0.6241762415,0.023117714396,6.276614865,77.0,0.864289912403932,-0.2401136709039321,6.371416189206375,-0.09480132420637499,-1.0998958339227682,-0.37132365725908184,-0.7285721766636863,0.7285721766636863,0.03703715851222447
3305.0,0.62529510674,0.0530198938903,5.741013064,76.0,0.8699767099881364,-0.24468160324813637,6.389529652310903,-0.648516588310903,-1.1208202974742063,-2.5401496590972026,1.4193293616229963,1.4193293616229963,0.0847917940166224
3412.0,0.625602866464,0.0633581439871,6.096454677,66.0,0.9268446858301802,-0.3012418193661802,6.57066428335618,-0.4742096063561805,-1.379907361695959,-1.857413351697945,0.477505990001986,0.477505990001986,0.10127534156806156
9207.0,0.626563377071,0.0249838665447,6.343845121,66.0,0.9268446858301802,-0.30028130875918024,6.57066428335618,-0.22681916235617994,-1.3755075221903583,-0.8884192452754214,-0.48708827691493695,0.48708827691493695,0.03987444440415948
225.0,0.629107132489,0.0546814643111,6.307453615,79.0,0.8529163172355232,-0.22380918474652323,6.33518926299732,-0.027735647997319646,-1.0252093892431546,-0.1086366919136632,-0.9165726973294914,0.9165726973294914,0.0869191612798256
4559.0,0.629410213555,0.0560221655085,6.438693856,70.0,0.9040974954933627,-0.27468728193836267,6.4982104309380695,-0.059516574938069056,-1.2582682022984568,-0.23311818119152272,-1.025150021106934,1.025150021106934,0.08900739819914694
6189.0,0.631713267934,0.0556295330184,6.161198724,67.0,0.9211578882459758,-0.2894446203119758,6.5525508202516525,-0.39135209625165235,-1.3258675811085865,-1.5328719600986305,0.20700437899004398,0.20700437899004398,0.08806136556278893
7010.0,0.632438481634,0.0348654630237,6.386532269,62.0,0.9495918761669977,-0.31715339453299773,6.643118135774291,-0.25658586677429085,-1.4527939873147626,-1.0050113038949964,-0.44778268341976624,0.44778268341976624,0.05512862363090214
5195.0,0.632889354908,0.0579719695784,6.326763848,74.0,0.8813503051565452,-0.2484609502485452,6.425756578519958,-0.09899273051995827,-1.138132464686715,-0.3877408152940314,-0.7503916493926837,0.7503916493926837,0.09159890133849241
2185.0,0.633151436844,0.0736934412125,6.592969509,73.0,0.8870371027407495,-0.25388566589674955,6.443870041624486,0.14909946737551394,-1.162981621001779,0.5840019639465541,-1.746983584948333,1.746983584948333,0.11639149328923828
1625.0,0.63382450481,0.0281193560397,6.29162198,85.0,0.8187955317302971,-0.1849710269202971,6.226508484370153,0.06511349562984758,-0.8473022845394319,0.25504054438695667,-1.1023428289263886,1.1023428289263886,0.04436457698669961
5124.0,0.636096953441,0.0592356687199,6.590394434,60.0,0.9609654713354063,-0.3248685178944063,6.679345061983346,-0.08895062798334585,-1.4881348823644605,-0.3484072904547774,-1.139727591909683,1.139727591909683,0.09312364789590882
9303.0,0.636137241426,0.0300985379305,6.81010258,74.0,0.8813503051565452,-0.2452130637305452,6.425756578519958,0.3843460014800417,-1.1232547743130112,1.5054300571982566,-2.6286848315112676,2.6286848315112676,0.04731453524561693
6077.0,0.636141428927,0.0371728341633,6.765008352,53.0,1.000773054424837,-0.364631625497837,6.806139303715041,-0.04113095171504089,-1.670278932023067,-0.16110424137249182,-1.5091746906505752,1.5091746906505752,0.058434858150962755
160.0,0.637710355855,0.0452310513638,6.565277018,62.0,0.9495918761669977,-0.3118815203119977,6.643118135774291,-0.07784111777429104,-1.4286449562712003,-0.3048928775948573,-1.1237520786763429,1.1237520786763429,0.07092726493857417
7042.0,0.639035391136,0.0270963918215,6.716465646,65.0,0.9325314834143845,-0.29349609227838447,6.588777746460708,0.12768789953929183,-1.344426279246564,0.5001358181605623,-1.8445620974071262,1.8445620974071262,0.04240202060379051
2571.0,0.639045431982,0.0761089880988,5.816956725,85.0,0.8187955317302971,-0.17975009974829703,6.226508484370153,-0.409551759370153,-0.823386628158523,-1.6041575199430618,0.7807708917845387,0.7807708917845387,0.11909792995898257
1846.0,0.640060200857,0.0465127568411,6.967638723,62.0,0.9495918761669977,-0.3095316753099977,6.643118135774291,0.32452058722570953,-1.4178809513799582,1.2711021951781143,-2.6889831465580727,2.6889831465580727,0.07266934700645715
3221.0,0.640307477172,0.0602386876311,6.727798273,60.0,0.9609654713354063,-0.32065799416340635,6.679345061983346,0.04845321101665423,-1.468847611077801,0.18978451694918635,-1.6586321280269873,1.6586321280269873,0.09407775135963097
7741.0,0.640559730097,0.0312371608477,6.388304356,79.0,0.8529163172355232,-0.21235658713852323,6.33518926299732,0.05311509300268025,-0.9727481347497655,0.20804446303383192,-1.1807925977835974,1.1807925977835974,0.048765414652228854
4446.0,0.641839502808,0.0494173545626,6.754145953,64.0,0.9382182809985888,-0.2963787781905889,6.6068912095652355,0.14725474343476463,-1.357631084343272,0.5767764357585591,-1.9344075201018311,1.9344075201018311,0.0769933205207887
8971.0,0.642052893878,0.0456966521463,6.655945905,61.0,0.955278673751202,-0.313225779873202,6.661231598878818,-0.005285693878818165,-1.4348026460250296,-0.02070333087291116,-1.4140993151521184,1.4140993151521184,0.07117272203274745
197.0,0.642360202484,0.0112689925393,6.555231726,74.0,0.8813503051565452,-0.23899010267254517,6.425756578519958,0.12947514748004174,-1.0947490715073749,0.507136220816788,-1.6018852923241629,1.6018852923241629,0.017543105092318805
2426.0,0.642740075394,0.030051395786,6.056169193,82.0,0.8358559244829101,-0.1931158490889101,6.280848873683736,-0.22467968068373612,-0.8846115136956654,-0.8800391918753108,-0.004572321820354608,0.004572321820354608,0.04675513000738048
421.0,0.642886409526,0.0423450858979,6.673061283,70.0,0.9040974954933627,-0.26121108596736275,6.4982104309380695,0.17485085206193052,-1.1965373905965278,0.6848665712850528,-1.8814039618815805,1.8814039618815805,0.06586713495642414
4445.0,0.643312779763,0.0412397878792,6.779934632,76.0,0.8699767099881364,-0.2266639302251363,6.389529652310903,0.39040497968909715,-1.0382862067646885,1.5291622356954875,-2.567448442460176,2.567448442460176,0.06410534529469936
3802.0,0.643636031578,0.0378074996582,6.714809195,73.0,0.8870371027407495,-0.24340107116274956,6.443870041624486,0.27093915337551433,-1.1149545260642773,1.0612311396311693,-2.1761856656954466,2.1761856656954466,0.05874049587545231
3281.0,0.644309081481,0.0341709793682,6.239330403,65.0,0.9325314834143845,-0.28822240193338455,6.588777746460708,-0.3494473434607075,-1.320268929029779,-1.3687368470806098,0.04846791805083073,0.04846791805083073,0.05303507330620742
2754.0,0.64491134353,0.0563831313874,6.530978771,65.0,0.9325314834143845,-0.2876201398843845,6.588777746460708,-0.05779897546070778,-1.3175101293490648,-0.22639058192031775,-1.091119547428747,1.091119547428747,0.08742772468348925
3292.0,0.645105814882,0.0627335960153,5.736294472,77.0,0.864289912403932,-0.21918409752193202,6.371416189206375,-0.635121717206375,-1.0040231146311913,-2.4876838041243365,1.4836606894931452,1.4836606894931452,0.09724543566046596
5562.0,0.645117244541,0.0421075645525,5.840503372,64.0,0.9382182809985888,-0.2931010364575889,6.6068912095652355,-0.7663878375652358,-1.342616635298245,-3.001835017663876,1.659218382365631,1.659218382365631,0.06527118118266932
1085.0,0.64519645956,0.0336609851081,6.27022864,61.0,0.955278673751202,-0.31008221419120197,6.661231598878818,-0.3910029588788184,-1.4204028212075672,-1.5315044373635651,0.1111016161559979,0.1111016161559979,0.052171682918185164
8645.0,0.645215023452,0.0306656036065,6.565450737,61.0,0.955278673751202,-0.310063650299202,6.661231598878818,-0.09578086187881851,-1.4203177850353441,-0.3751603706594451,-1.045157414375899,1.045157414375899,0.047527727179125935
8710.0,0.646702995082,0.0297295247846,6.742147429,50.0,1.0178334471774502,-0.37113045209545015,6.860479693028624,-0.11833226402862351,-1.7000483003109772,-0.46349108958860963,-1.2365572107223675,1.2365572107223675,0.045970909382954665
6583.0,0.646958384176,0.0497336308624,6.075173406,85.0,0.8187955317302971,-0.17183714755429702,6.226508484370153,-0.1513350783701526,-0.7871395326914231,-0.5927585425881213,-0.1943809901033018,0.1943809901033018,0.07687299844756375
4530.0,0.646963785712,0.0277329927599,6.158147088,83.0,0.8301691268987057,-0.18320534118670573,6.262735410579208,-0.10458832257920836,-0.8392141553834246,-0.4096579744198625,-0.4295561809635621,0.4295561809635621,0.04286637578852909
1897.0,0.648239250635,0.0198613946272,6.521034456,70.0,0.9040974954933627,-0.2558582448583627,6.4982104309380695,0.022824025061930264,-1.1720174721209353,0.0893985451186237,-1.261416017239559,1.261416017239559,0.030638988009047963
8068.0,0.649698367261,0.0121531830862,6.551400677,60.0,0.9609654713354063,-0.3112671040744063,6.679345061983346,-0.12794438498334593,-1.4258304815373077,-0.5011404361225705,-0.9246900454147372,0.9246900454147372,0.018705885220914775
6736.0,0.649863950599,0.0468517343552,6.435681328,65.0,0.9325314834143845,-0.2826675328153845,6.588777746460708,-0.15309641846070754,-1.294823574844515,-0.5996574677832816,-0.6951661070612334,0.6951661070612334,0.07209468122060822
4508.0,0.650197796572,0.0369702033086,6.93711864,53.0,1.000773054424837,-0.35057525785283694,6.806139303715041,0.13097933628495895,-1.6058905106782115,0.5130279200406735,-2.1189184307188853,2.1189184307188853,0.05685993324418484
3575.0,0.650315030346,0.0284139605459,5.960577373,70.0,0.9040974954933627,-0.2537824651473627,6.4982104309380695,-0.5376330579380699,-1.1625088862596005,-2.1058342276143365,0.943325341354736,0.943325341354736,0.04369260930472783
5136.0,0.651313355403,0.0413116069449,6.481496545,64.0,0.9382182809985888,-0.2869049255955889,6.6068912095652355,-0.12539466456523574,-1.3142339259840214,-0.49115353437233983,-0.8230803916116816,0.8230803916116816,0.06342815881510437
3570.0,0.6513711574,0.0303958661766,6.589451267,65.0,0.9325314834143845,-0.28116032601438457,6.588777746460708,0.0006735205392924826,-1.2879194678228738,0.002638086672130852,-1.2905575544950048,1.2905575544950048,0.046664433681601024
6000.0,0.652679950383,0.014236912527,6.309476085,77.0,0.864289912403932,-0.21160996202093207,6.371416189206375,-0.06194010420637497,-0.9693280468670178,-0.2426108096850102,-0.7267172371820076,0.7267172371820076,0.021813007307250082
5278.0,0.653063207169,0.0651158494659,6.464089863,65.0,0.9325314834143845,-0.2794682762453845,6.588777746460708,-0.12468788346070792,-1.2801686451199976,-0.488385170672656,-0.7917834744473415,0.7917834744473415,0.09970834178237405
3436.0,0.653114993268,0.0368265428428,6.574064236,63.0,0.9439050785827933,-0.2907900853147932,6.625004672669763,-0.05094043666976322,-1.332030792664666,-0.1995266353602173,-1.1325041573044485,1.1325041573044485,0.05638600127449309
1729.0,0.65449245691,0.0515551342661,6.49182456,64.0,0.9382182809985888,-0.2837258240885888,6.6068912095652355,-0.11506664956523505,-1.2996713211560524,-0.4507001300118866,-0.8489711911441659,0.8489711911441659,0.07877116645393119
4990.0,0.654675394776,0.0432099413469,6.909208048,56.0,0.9837126616722238,-0.3290372668962238,6.751798914401458,0.15740913359854236,-1.5072307949066632,0.6165497756819696,-2.123780570588633,2.123780570588633,0.06600208544829222
477.0,0.654854561619,0.0210682478072,6.742397445,51.0,1.0121466495932459,-0.35729208797424583,6.842366229924096,-0.099968784924096,-1.6366584941915718,-0.3915638852148616,-1.2450946089767103,1.2450946089767103,0.03217240749627348
3748.0,0.654882852482,0.0251674690014,6.40522706,57.0,0.9780258640880195,-0.32314301160601955,6.73368545129693,-0.32845839129693033,-1.4802308043881445,-1.2865260283527682,-0.19370477603537628,0.19370477603537628,0.03843049013425153
3946.0,0.655507780726,0.0420168005368,6.624732943,61.0,0.955278673751202,-0.299770893025202,6.661231598878818,-0.03649865587881873,-1.3731694456566155,-0.142960180139048,-1.2302092655175674,1.2302092655175674,0.06409809581552912
9818.0,0.656586664726,0.036031874937,6.584956535,85.0,0.8187955317302971,-0.16220886700429704,6.226508484370153,0.3584480506298471,-0.74303498160561,1.403991370495149,-2.147026352100759,2.147026352100759,0.05487756129198336
2337.0,0.65697765473,0.0487555627412,6.678919205,62.0,0.9495918761669977,-0.29261422143699767,6.643118135774291,0.035801069225708915,-1.3403866672542615,0.1402278298321686,-1.4806144970864301,1.4806144970864301,0.07421190414952121
4753.0,0.657607737288,0.0419843590273,6.654234887,56.0,0.9837126616722238,-0.3261049243842238,6.751798914401458,-0.09756402740145731,-1.4937985263463536,-0.3821447830493304,-1.111653743297023,1.111653743297023,0.06384407701838353
1634.0,0.658381492628,0.0594303168652,6.822213204,75.0,0.8756635075723407,-0.21728201494434063,6.40764311541543,0.41457008858456934,-0.9953101883950717,1.6238136204545974,-2.619123808849669,2.619123808849669,0.09026729567986114
6109.0,0.659555440646,0.0619080247376,6.501414021,66.0,0.9268446858301802,-0.2672892451841802,6.57066428335618,-0.0692502623561797,-1.2243797953014708,-0.2712436867260383,-0.9531361085754324,0.9531361085754324,0.09386326140675048
4212.0,0.659993492536,0.0644290379731,6.313657946,62.0,0.9495918761669977,-0.28959838363099766,6.643118135774291,-0.3294601897742906,-1.3265719293173561,-1.2904499342429454,-0.03612199507441072,0.03612199507441072,0.09762071702485105
1244.0,0.660274439784,0.0452466591655,6.32971806,66.0,0.9268446858301802,-0.2665702460461802,6.57066428335618,-0.24094622335617988,-1.2210862545651058,-0.9437529866630693,-0.2773332679020365,0.2773332679020365,0.06852704941948357
6352.0,0.660825718994,0.0182956655821,6.280942322,82.0,0.8358559244829101,-0.17503020548891013,6.280848873683736,9.344831626378891e-05,-0.8017660681424602,0.0003660241125349179,-0.8021320922549952,0.8021320922549952,0.027686067682039045
1255.0,0.661144899988,0.0434866230905,6.541574926,68.0,0.9154710906617713,-0.2543261906737714,6.534437357147125,0.007137568852875198,-1.1649995459502502,0.027956868667979043,-1.1929564146182292,1.1929564146182292,0.06577472365178844
5064.0,0.662887551306,0.0374383333499,6.397854961,63.0,0.9439050785827933,-0.2810175272767933,6.625004672669763,-0.22714971166976294,-1.287265345398379,-0.8897139611567831,-0.39755138424159575,0.39755138424159575,0.05647765337596126
1824.0,0.663265388372,0.0492428814634,6.630622958,68.0,0.9154710906617713,-0.25220570228977135,6.534437357147125,0.0961856008528752,-1.1552861617407506,0.3767456771658695,-1.53203183890662,1.53203183890662,0.07424310438430652
266.0,0.664071018435,0.0380112172614,6.20265186,82.0,0.8358559244829101,-0.17178490604791008,6.280848873683736,-0.07819701368373622,-0.7869002284693165,-0.3062868725817949,-0.48061335588752163,0.48061335588752163,0.05723968703073371
1351.0,0.664353656883,0.0532837223247,6.348357842,81.0,0.8415427220671146,-0.1771890651841146,6.298962336788264,0.04939550521173608,-0.8116552209584579,0.1934753528068174,-1.0051305737652754,1.0051305737652754,0.08020385192834703
424.0,0.664453073815,0.0453409119506,6.363700745,69.0,0.909784293077567,-0.24533121926256707,6.516323894042596,-0.15262314904259622,-1.1237960128728006,-0.5978037370187259,-0.5259922758540747,0.5259922758540747,0.0682379444650203
2701.0,0.665095667222,0.0286776938826,6.669831818,69.0,0.909784293077567,-0.24468862585556705,6.516323894042596,0.1535079239574033,-1.120852466140935,0.6012692778217431,-1.7221217439626781,1.7221217439626781,0.043118148705406874
1652.0,0.665680597131,0.0325659134239,6.868001519,57.0,0.9780258640880195,-0.3123452669570195,6.73368545129693,0.13431606770306992,-1.4307692543210986,0.526097434879591,-1.9568666892006896,1.9568666892006896,0.04892122973728693
622.0,0.66572588662,0.0308402405513,6.479621307,82.0,0.8358559244829101,-0.17013003786291014,6.280848873683736,0.1987724333162646,-0.7793197245541479,0.7785640920015651,-1.557883816555713,1.557883816555713,0.04632573431668848
7269.0,0.666238152785,0.0392674419159,6.284318735,79.0,0.8529163172355232,-0.1866781644505232,6.33518926299732,-0.05087052799731939,-0.855122220198906,-0.19925281277236545,-0.6558694074265405,0.6558694074265405,0.0589390471736792
8729.0,0.667248178049,0.0167834579592,6.569457482,62.0,0.9495918761669977,-0.28234369811799764,6.643118135774291,-0.07366065377429099,-1.293340175614498,-0.2885185790867404,-1.0048215965277576,1.0048215965277576,0.025153246590007908
6534.0,0.667968181699,0.120232093237,6.091713132,68.0,0.9154710906617713,-0.24750290896277138,6.534437357147125,-0.44272422514712506,-1.1337439364742994,-1.7340894741190636,0.6003455376447642,0.6003455376447642,0.17999673716670989
879.0,0.668273493969,0.041638319994299997,6.802862676,57.0,0.9780258640880195,-0.30975237011901946,6.73368545129693,0.0691772247030702,-1.4188918946556892,0.2709576083542721,-1.6898495030099614,1.6898495030099614,0.06230730437474379
3356.0,0.668948351513,0.0311750074717,6.428625839,70.0,0.9040974954933627,-0.23514914398036268,6.4982104309380695,-0.0695845919380691,-1.0771546777858645,-0.27255320939480204,-0.8046014683910625,0.8046014683910625,0.046603011131112954
16.0,0.669215824355,0.0297494283751,6.745862256,85.0,0.8187955317302971,-0.14957970737529702,6.226508484370153,0.5193537716298469,-0.6851842144685721,2.0342367947633004,-2.7194210092318727,2.7194210092318727,0.04445416156106729
3506.0,0.669273791863,0.039389433878,6.458377761,76.0,0.8699767099881364,-0.2007029181251364,6.389529652310903,0.06884810868909774,-0.9193658264893277,0.2696685065089778,-1.1890343329983055,1.1890343329983055,0.05885399123183207
6866.0,0.66928804625,0.0566782573421,6.590500544,53.0,1.000773054424837,-0.33148500817483695,6.806139303715041,-0.21563875971504043,-1.5184432361838804,-0.8446271565773834,-0.673816079606497,0.673816079606497,0.08468440107315003
7531.0,0.670400882429,0.0449114398022,6.351000622,64.0,0.9382182809985888,-0.26781739856958886,6.6068912095652355,-0.2558905875652355,-1.2267991232226854,-1.0022879915269054,-0.22451113169577996,0.22451113169577996,0.0669919162986132
8139.0,0.670653576849,0.0490993816134,6.12196147,85.0,0.8187955317302971,-0.1481419548812971,6.226508484370153,-0.10454701437015324,-0.67859825885676,-0.4094961758860384,-0.2691020829707215,0.2691020829707215,0.0732112424481334
4101.0,0.671064862317,0.0384169996992,6.61086011,67.0,0.9211578882459758,-0.25009302592897575,6.5525508202516525,0.05830928974834748,-1.1456085622982937,0.22838941230822907,-1.3739979746065227,1.3739979746065227,0.05724781888677169
2973.0,0.671194084001,0.0509177331374,6.723900264,62.0,0.9495918761669977,-0.2783977921659977,6.643118135774291,0.0807821282257093,-1.2752650468585338,0.316412408213232,-1.5916774550717658,1.5916774550717658,0.07586141527630649
2948.0,0.6714096867379999,0.0275360394035,6.669954626,67.0,0.9211578882459758,-0.24974820150797583,6.5525508202516525,0.11740380574834752,-1.1440290148170327,0.4598544470930465,-1.6038834619100792,1.6038834619100792,0.041012276032659056
7601.0,0.672024517127,0.0489851578643,6.085230627,66.0,0.9268446858301802,-0.25482016870318025,6.57066428335618,-0.4854336563561805,-1.1672623258017714,-1.9013764010556304,0.7341140752538591,0.7341140752538591,0.07289192077949551
4430.0,0.672452526927,0.0293069649064,6.410288235,65.0,0.9325314834143845,-0.26007895648738455,6.588777746460708,-0.17848951146070746,-1.1913514114150785,-0.6991186962082522,-0.4922327152068263,0.4922327152068263,0.04358220652441909
4130.0,0.673405201449,0.0271748170439,6.23290412,76.0,0.8699767099881364,-0.1965715085391364,6.389529652310903,-0.15662553231090293,-0.9004409557197326,-0.6134805179643686,-0.28696043775536395,0.28696043775536395,0.040354331961539015
1779.0,0.673880109592,0.0448093671646,7.038898334,52.0,1.0064598520090415,-0.3325797424170416,6.824252766819568,0.21464556718043148,-1.5234579178874275,0.8407369589730697,-2.364194876860497,2.364194876860497,0.06649456858391294
8016.0,0.673911626174,0.0260441904103,6.289131978,77.0,0.864289912403932,-0.19037828622993203,6.371416189206375,-0.08228421120637464,-0.8720714780852132,-0.3222958592151725,-0.5497756188700407,0.5497756188700407,0.03864629930508951
6721.0,0.674164949247,0.0744990038844,6.208699423,71.0,0.8984106979091583,-0.2242457486621583,6.480096967833541,-0.2713975448335413,-1.027209170556065,-1.063026595486621,0.03581742493055584,0.03581742493055584,0.11050560247549317
8489.0,0.674794784395,0.0370671694737,6.272141617,75.0,0.8756635075723407,-0.20086872317734072,6.40764311541543,-0.13550149841543035,-0.920125334623439,-0.5307406028018311,-0.38938473182160793,0.38938473182160793,0.05493102544788231
2020.0,0.676306159673,0.0406637084153,6.53582186,53.0,1.000773054424837,-0.324466894751837,6.806139303715041,-0.2703174437150402,-1.4862951552899628,-1.0587959889957415,-0.42749916629422136,0.42749916629422136,0.06012618373158284
392.0,0.676325271018,0.043334950276,6.557915729,77.0,0.864289912403932,-0.18796464138593205,6.371416189206375,0.18649953979362532,-0.8610152233601465,0.7304928678269216,-1.591508091187068,1.591508091187068,0.06407412547334293
9446.0,0.676743650528,0.0376166368416,5.906984076,85.0,0.8187955317302971,-0.14205188120229706,6.226508484370153,-0.31952440837015317,-0.6507012772205295,-1.2515328545544846,0.6008315773339551,0.6008315773339551,0.055584765091259064
9840.0,0.678282064271,0.0407542693168,6.508863679,74.0,0.8813503051565452,-0.2030682408855452,6.425756578519958,0.0831071004800421,-0.9302007308088623,0.3255190025327943,-1.2557197333416568,1.2557197333416568,0.06008454515246785
1045.0,0.678346679476,0.0307236735516,6.231946805,61.0,0.955278673751202,-0.276931994275202,6.661231598878818,-0.4292847938788187,-1.268550622863475,-1.6814490831561069,0.4128984602926318,0.4128984602926318,0.04529199372706151
1021.0,0.680188049413,0.070254394195,5.437674609,85.0,0.8187955317302971,-0.13860748231729703,6.226508484370153,-0.7888338753701527,-0.6349234168025132,-3.0897530390467134,2.4548296222442003,2.4548296222442003,0.10328672233455043
9234.0,0.680389070301,0.0228275196469,6.418502552,74.0,0.8813503051565452,-0.20096123485554518,6.425756578519958,-0.007254026519958323,-0.9205491056193312,-0.028413017220957362,-0.8921360883983739,0.8921360883983739,0.03355068539946011
8548.0,0.680578500804,0.0448555126298,6.623878918,81.0,0.8415427220671146,-0.1609642212631146,6.298962336788264,0.3249165812117356,-0.7373335958399324,1.2726532487775735,-2.0099868446175058,2.0099868446175058,0.06590791889078193
3514.0,0.682421690381,0.0293200654193,5.990828233,80.0,0.8472295196513189,-0.1648078292703189,6.317075799892791,-0.3262475668927909,-0.7549401253575608,-1.2778665353533287,0.5229264099957679,0.5229264099957679,0.042964732558442624
7716.0,0.682486887024,0.0483335184755,6.071830636,70.0,0.9040974954933627,-0.22161060846936276,6.4982104309380695,-0.4263797949380699,-1.0151383054989151,-1.670070604637554,0.6549322991386388,0.6549322991386388,0.07081970275833348
7231.0,0.682495389214,0.0257996894244,6.210393416,64.0,0.9382182809985888,-0.25572289178458885,6.6068912095652355,-0.39649779356523585,-1.1713974562701424,-1.55302694381456,0.3816294875444177,0.3816294875444177,0.03780199812648166
2927.0,0.682962584806,0.0318771858703,6.045374782,77.0,0.864289912403932,-0.18132732759793202,6.371416189206375,-0.3260414072063753,-0.8306114826802573,-1.2770590364140464,0.4464475537337891,0.4464475537337891,0.04667486415724358
7063.0,0.683916384803,0.0384021094789,6.246863897,85.0,0.8187955317302971,-0.13487914692729708,6.226508484370153,0.02035541262984708,-0.617844919991024,0.07972933211648377,-0.6975742521075078,0.6975742521075078,0.05615029897252953
6379.0,0.684897890653,0.0350744160458,6.49388387,71.0,0.8984106979091583,-0.2135128072561583,6.480096967833541,0.013786902166459392,-0.9780444666316487,0.0540013863474979,-1.0320458529791465,1.0320458529791465,0.051211160852545644
2605.0,0.685362138584,0.0220469106074,6.766683803,64.0,0.9382182809985888,-0.25285614241458887,6.6068912095652355,0.15979259343476482,-1.158265652166305,0.6258854577594646,-1.7841511099257696,1.7841511099257696,0.032168264580459995
2962.0,0.686148479071,0.0453229523969,6.866538526,73.0,0.8870371027407495,-0.20088862366974958,6.443870041624486,0.42266848437551463,-0.9202164934009094,1.6555339151677713,-2.5757504085686804,2.5757504085686804,0.06605414684918387
351.0,0.686166817867,0.0395899557216,6.369503208,70.0,0.9040974954933627,-0.21793067762636276,6.4982104309380695,-0.12870722293806924,-0.9982815368355474,-0.5041283667407891,-0.49415317009475834,0.49415317009475834,0.05769727519711357
5706.0,0.686563612587,0.0323416389453,7.088700466,53.0,1.000773054424837,-0.31420944183783694,6.806139303715041,0.2825611622849591,-1.439308535643131,1.1067529389212099,-2.5460614745643406,2.5460614745643406,0.04710654388372749
129.0,0.687417823828,0.0430640806727,6.963891051,63.0,0.9439050785827933,-0.2564872547547933,6.625004672669763,0.33888637833023694,-1.1748987964619262,1.327371009321898,-2.502269805783824,2.502269805783824,0.06264615082700435
9833.0,0.687487381716,0.0363688041588,6.695122941,60.0,0.9609654713354063,-0.27347808961940634,6.679345061983346,0.01577787901665406,-1.2527292190784485,0.06179976692626556,-1.314528986004714,1.314528986004714,0.052901049715300665
402.0,0.687785979887,0.0529352940235,6.355818668,85.0,0.8187955317302971,-0.1310095518432971,6.226508484370153,0.12931018362984759,-0.6001193506977934,0.5064900802625033,-1.1066094309602967,1.1066094309602967,0.07696477621163057
5322.0,0.688637381181,0.0323195681146,6.445881076,67.0,0.9211578882459758,-0.23252050706497573,6.5525508202516525,-0.10666974425165243,-1.0651136024849648,-0.41781061484108434,-0.6473029876438805,0.6473029876438805,0.04693263682429286
8408.0,0.688644414577,0.0337723242359,6.834680637,54.0,0.9950862568406327,-0.3064418422636327,6.788025840610513,0.046654796389487,-1.4037272612446994,0.18274037592881168,-1.5864676371735111,1.5864676371735111,0.04904174566876384
9424.0,0.68924594493,0.0392872703862,6.506808638,66.0,0.9268446858301802,-0.23759874090018018,6.57066428335618,-0.06385564535618027,-1.0883756192539382,-0.2501137190729377,-0.8382619001810006,0.8382619001810006,0.05700036492806646
6867.0,0.689294953354,0.0387940944567,6.09292822,85.0,0.8187955317302971,-0.12950057837629703,6.226508484370153,-0.1335802643701527,-0.5932071510566601,-0.5232153951307847,-0.06999175592587537,0.06999175592587537,0.056280833434125814
1171.0,0.689897878963,0.0424914174587,6.51801607,62.0,0.9495918761669977,-0.25969399720399766,6.643118135774291,-0.12510206577429095,-1.189588016975965,-0.49000746543213514,-0.6995805515438298,0.6995805515438298,0.06159087997569979
2416.0,0.690557011954,0.00754701512857,6.443573028,79.0,0.8529163172355232,-0.1623593052815232,6.33518926299732,0.10838376500268065,-0.7437240986965306,0.424524196736884,-1.1682482954334146,1.1682482954334146,0.010928880596281207
8769.0,0.692000113814,0.0491063023347,6.49970767,64.0,0.9382182809985888,-0.2462181671845889,6.6068912095652355,-0.10718353956523519,-1.1278588815993738,-0.4198230799255045,-0.7080358016738693,0.7080358016738693,0.07096285297418187
7312.0,0.692135990153,0.0505765902329,6.316021932,62.0,0.9495918761669977,-0.2574558860139977,6.643118135774291,-0.32709620377429083,-1.1793358344806093,-1.2811905284848752,0.10185469400426594,0.10185469400426594,0.07307319797330551
925.0,0.694505576638,0.0295372718607,6.355890863,73.0,0.8870371027407495,-0.19253152610274948,6.443870041624486,-0.08797917862448568,-0.8819348880136545,-0.34460225785851656,-0.537332630155138,0.537332630155138,0.042529927554629025
3035.0,0.696821903087,0.0259222918332,6.821381374,69.0,0.909784293077567,-0.21296238999056705,6.516323894042596,0.3050574799574042,-0.9755231538922954,1.1948678995815663,-2.1703910534738617,2.1703910534738617,0.037200741994993715
2732.0,0.697931998752,0.0625803310282,5.9047363,73.0,0.8870371027407495,-0.18910510398874958,6.443870041624486,-0.5391337416244859,-0.8662393743252349,-2.1117121977744997,1.2454728234492647,1.2454728234492647,0.0896653701794765
6270.0,0.698097529107,0.0327004756575,6.619265592,60.0,0.9609654713354063,-0.26286794222840637,6.679345061983346,-0.060079469983346456,-1.2041270013507603,-0.23532296312484688,-0.9688040382259134,0.9688040382259134,0.0468422738858998
508.0,0.698197569095,0.0430906551044,6.624885653,78.0,0.8586031148197276,-0.16040554572472765,6.353302726101847,0.27158292689815244,-0.734774454184761,1.0637527113589245,-1.7985271655436854,1.7985271655436854,0.061716993887924704
3664.0,0.698438993979,0.0378754902627,6.915957572,82.0,0.8358559244829101,-0.13741693050391013,6.280848873683736,0.6351086983162642,-0.6294698207007845,2.4876328109348442,-3.1171026316356287,3.1171026316356287,0.05422877386459153
1799.0,0.698988073827,0.0497012797816,6.506644591,66.0,0.9268446858301802,-0.2278566120031802,6.57066428335618,-0.06401969235618044,-1.0437495596588722,-0.25075626845199317,-0.792993291206879,0.792993291206879,0.07110461772184842
3597.0,0.700822671165,0.0475325152257,6.146582419,65.0,0.9325314834143845,-0.23170881224938455,6.588777746460708,-0.4421953274607082,-1.0613954479012442,-1.732017855131879,0.6706224072306348,0.6706224072306348,0.06782388353202841
7221.0,0.701616265735,0.0413730429645,6.695338766,61.0,0.955278673751202,-0.253662408016202,6.661231598878818,0.03410716712118145,-1.1619589369880772,0.13359304988834905,-1.2955519868764263,1.2955519868764263,0.058968192422332706
8815.0,0.701684432933,0.0350900163914,6.752851106,50.0,1.0178334471774502,-0.3161490142444502,6.860479693028624,-0.10762858702862399,-1.4481931926540972,-0.4215662692020557,-1.0266269234520415,1.0266269234520415,0.050008258334484884
8353.0,0.701990764602,0.0344660215821,6.72114038,70.0,0.9040974954933627,-0.20210673089136266,6.4982104309380695,0.2229299490619301,-0.9257963133806701,0.8731857354445072,-1.7989820488251773,1.7989820488251773,0.04909754275989773
8938.0,0.703803282247,0.0537871674327,6.341599505,82.0,0.8358559244829101,-0.13205264223591018,6.280848873683736,0.06075063131626379,-0.6048974658834924,0.23795180911234826,-0.8428492749958406,0.8428492749958406,0.07642358140328107
7244.0,0.704621643746,0.0502092849297,6.005643204,82.0,0.8358559244829101,-0.13123428073691012,6.280848873683736,-0.2752056696837357,-0.601148773024796,-1.0779424931126405,0.4767937200878445,0.4767937200878445,0.07125708580674722
2940.0,0.704850946728,0.0241773005674,6.655341206,65.0,0.9325314834143845,-0.22768053668638455,6.588777746460708,0.06656345953929232,-1.0429430062182827,0.2607198522052381,-1.3036628584235208,1.3036628584235208,0.03430129544357405
8268.0,0.705456724466,0.0589212902197,6.691742969,58.0,0.9723390665038152,-0.26688234203781513,6.715571988192401,-0.023829019192401546,-1.222515881956545,-0.09333496793944979,-1.1291809140170952,1.1291809140170952,0.08352218949263096
5789.0,0.705578294393,0.0488111411549,6.499707579,69.0,0.909784293077567,-0.204205998684567,6.516323894042596,-0.01661631504259642,-0.9354124917987557,-0.06508380471937639,-0.8703286870793794,0.8703286870793794,0.06917891542694295
9414.0,0.705778982392,0.0350349318653,6.901080066,53.0,1.000773054424837,-0.294994072032837,6.806139303715041,0.09494076228495896,-1.3512881196616489,0.371869816901201,-1.72315793656285,1.72315793656285,0.04964008951720396
7047.0,0.705818552738,0.0463532067741,5.909408912,85.0,0.8187955317302971,-0.11297697899229708,6.226508484370153,-0.31709957237015285,-0.5175170079029963,-1.242035107773928,0.7245180998709317,0.7245180998709317,0.06567297869160195
332.0,0.705844699381,0.0372991860854,6.325220515,71.0,0.8984106979091583,-0.19256599852815826,6.480096967833541,-0.15487645283354112,-0.8820927968780252,-0.6066296158930333,-0.2754631809849919,0.2754631809849919,0.05284333241874596
1283.0,0.707241068768,0.0603445303474,6.599464769,67.0,0.9211578882459758,-0.2139168194779758,6.5525508202516525,0.04691394874834742,-0.979895137432516,0.18375543982675774,-1.1636505772592738,1.1636505772592738,0.08532384926757575
9544.0,0.707642137516,0.0366715532092,5.9620256,77.0,0.864289912403932,-0.15664777488793202,6.371416189206375,-0.4093905892063754,-0.7175611215466472,-1.6035262387330582,0.885965117186411,0.885965117186411,0.05182217291062722
7991.0,0.707935991562,0.0345011643442,6.294757108,85.0,0.8187955317302971,-0.11085954016829702,6.226508484370153,0.06824862362984696,-0.5078175929036903,0.26732040655851097,-0.7751379994622013,0.7751379994622013,0.04873486410554737
6845.0,0.707941971777,0.0424760046661,6.571873223,59.0,0.9666522689196108,-0.25871029714261073,6.697458525087875,-0.12558530208787477,-1.1850819528469385,-0.49190023514587583,-0.6931817177010626,0.6931817177010626,0.0599992744595737
9113.0,0.708601540704,0.0288522178753,6.49079415,84.0,0.8244823293145014,-0.11588078861050133,6.2446219474746805,0.24617220252531968,-0.5308185749880522,0.9642224232884522,-1.4950409982765045,1.4950409982765045,0.04071712551829219
8230.0,0.708659962121,0.0619021520009,5.80313436,83.0,0.8301691268987057,-0.12150916477770568,6.262735410579208,-0.4596010505792085,-0.5566006450998997,-1.8001936619542678,1.243593016854368,1.243593016854368,0.08735099386118632
8496.0,0.710461388112,0.0364953012137,6.178696499,73.0,0.8870371027407495,-0.17657571462874955,6.443870041624486,-0.26517354262448567,-0.8088456278268359,-1.0386480408366456,0.22980241300980975,0.22980241300980975,0.051368451297098126
7267.0,0.710822307659,0.0824682963957,6.203216038,78.0,0.8586031148197276,-0.1477808071607276,6.353302726101847,-0.15008668810184744,-0.6769439387516626,-0.5878687708049278,-0.08907516794673476,0.08907516794673476,0.11601816024499641
917.0,0.711588108559,0.0812721032153,7.281104615,82.0,0.8358559244829101,-0.12426781592391012,6.280848873683736,1.0002557413162645,-0.5692372804548709,3.9178632067564845,-4.487100487211356,4.487100487211356,0.11421228409772037
7522.0,0.711895170767,0.0415382704682,6.227184005,67.0,0.9211578882459758,-0.20926271747897573,6.5525508202516525,-0.3253668152516527,-0.9585759539804422,-1.2744167531560628,0.3158407991756207,0.3158407991756207,0.05834885833464276
9715.0,0.713250342495,0.0533423750676,6.776616854,60.0,0.9609654713354063,-0.24771512884040636,6.679345061983346,0.09727179201665415,-1.13471605837976,0.3810001375206519,-1.515716195900412,1.515716195900412,0.0747877314450416
8721.0,0.714465608419,0.0469164644211,6.523371575,57.0,0.9780258640880195,-0.2635602556690195,6.73368545129693,-0.21031387629693032,-1.2072983021194026,-0.8237703257066822,-0.3835279764127204,0.3835279764127204,0.06566651196118278
8155.0,0.714539086398,0.0890530760723,6.421789047,77.0,0.864289912403932,-0.14975082600593204,6.371416189206375,0.05037285779362488,-0.6859680626694408,0.1973035075101053,-0.883271570179546,0.883271570179546,0.12463009759370562
1855.0,0.715433128363,0.0210057934463,6.696344285,69.0,0.909784293077567,-0.19435116471456704,6.516323894042596,0.18002039095740408,-0.8902701607236532,0.7051149391752687,-1.5953850998989219,1.5953850998989219,0.02936094599695693
7388.0,0.715937453712,0.0378989544552,6.555311514,71.0,0.8984106979091583,-0.18247324419715827,6.480096967833541,0.07521454616645862,-0.8358606169289114,0.29460496037811007,-1.1304655773070216,1.1304655773070216,0.052936124878927765
9316.0,0.716500479778,0.0502920329917,6.487302634,72.0,0.8927239003249539,-0.17622342054695384,6.461983504729013,0.02531912927098645,-0.8072318638482002,0.09917152274214691,-0.9064033865903471,0.9064033865903471,0.07019120630216807
8697.0,0.716516255272,0.059406115409,6.585962313,70.0,0.9040974954933627,-0.1875812402213627,6.4982104309380695,0.08775188206193008,-0.8592589662422428,0.34371196870277826,-1.202970934945021,1.202970934945021,0.08290965483602124
2620.0,0.717561228003,0.0550475751712,6.007962215,73.0,0.8870371027407495,-0.1694758747377495,6.443870041624486,-0.4359078266244856,-0.7763231800701899,-1.707390585153632,0.9310674050834421,0.9310674050834421,0.076714812650064
3849.0,0.717610435579,0.0191554612229,5.919877059,85.0,0.8187955317302971,-0.10118509615129712,6.226508484370153,-0.30663142537015275,-0.4635015794515675,-1.201032825777277,0.7375312463257095,0.7375312463257095,0.026693398358183743
9720.0,0.718784152964,0.0257358149743,6.754249428,54.0,0.9950862568406327,-0.2763021038766327,6.788025840610513,-0.03377641261051334,-1.2656652651801488,-0.132297530278424,-1.1333677349017248,1.1333677349017248,0.035804649933050166
5009.0,0.719390469854,0.0516535890452,6.65051658,57.0,0.9780258640880195,-0.2586353942340195,6.73368545129693,-0.08316887129693029,-1.1847388428657448,-0.3257609502674996,-0.8589778925982452,0.8589778925982452,0.07180188118933946
3333.0,0.719548575851,0.0519361704427,6.580551018,80.0,0.8472295196513189,-0.1276809438003189,6.317075799892791,0.2634752181072093,-0.5848718968337512,1.0319959389145776,-1.6168678357483288,1.6168678357483288,0.07217882459328867
5882.0,0.720273492149,0.0528021288474,6.15628696,85.0,0.8187955317302971,-0.09852203958129702,6.226508484370153,-0.07022152437015272,-0.45130283701505014,-0.2750479855183228,-0.17625485149672732,0.17625485149672732,0.07330844383827059
8939.0,0.720994583704,0.0427468823102,6.385940022,64.0,0.9382182809985888,-0.2172236972945888,6.6068912095652355,-0.22095118756523568,-0.9950430510023329,-0.8654352007136156,-0.12960785028871735,0.12960785028871735,0.059288770368557266
2265.0,0.721568003148,0.0437602964843,6.236515844,85.0,0.8187955317302971,-0.0972275285822971,6.226508484370153,0.010007359629847556,-0.4453730319797639,0.03919744168522915,-0.48457047366499306,0.48457047366499306,0.060646115533651755
389.0,0.722342070978,0.0576687956226,6.266510099,81.0,0.8415427220671146,-0.1192006510891146,6.298962336788264,-0.03245223778826478,-0.5460259677852919,-0.12711092089333417,-0.4189150468919577,0.4189150468919577,0.07983585331603424
3296.0,0.723566280363,0.0329724936582,6.600272018,74.0,0.8813503051565452,-0.15778402479354525,6.425756578519958,0.1745154394800421,-0.7227659752843552,0.6835528066552846,-1.4063187819396399,1.4063187819396399,0.04556941713986216
3362.0,0.723769251951,0.0430684432267,6.88021515,54.0,0.9950862568406327,-0.27131700488963273,6.788025840610513,0.09218930938948677,-1.2428298739804216,0.3610927569763976,-1.603922630956819,1.603922630956819,0.05950576528445254
4636.0,0.724787964476,0.0314968065856,6.254869698,85.0,0.8187955317302971,-0.09400756725429704,6.226508484370153,0.028361213629847448,-0.43062325935446144,0.11108694585758641,-0.5417102052120478,0.5417102052120478,0.04345658058542853
4781.0,0.724844464653,0.0407259747178,7.034099593,54.0,0.9950862568406327,-0.27024179218763267,6.788025840610513,0.2460737523894867,-1.2379046151767117,0.9638368077413995,-2.2017414229181114,2.2017414229181114,0.05618581185868126
5753.0,0.725065370147,0.0244443756106,6.7543411,61.0,0.955278673751202,-0.230213303604202,6.661231598878818,0.09310950112118199,-1.0545449269698894,0.36469702054605835,-1.419241947515948,1.419241947515948,0.03371334036494411
1967.0,0.725368649831,0.0544476582051,6.934840766,51.0,1.0121466495932459,-0.2867779997622458,6.842366229924096,0.09247453607590383,-1.3136525130441183,0.36220995040417836,-1.6758624634482966,1.6758624634482966,0.07506205047293606
9822.0,0.72617866584,0.0793787147562,6.404471602,71.0,0.8984106979091583,-0.17223203206915827,6.480096967833541,-0.07562536583354085,-0.7889483919335538,-0.29621408411696043,-0.4927343078165934,0.4927343078165934,0.10931017184920938
4941.0,0.726215838529,0.02281275951,6.585507751,73.0,0.8870371027407495,-0.16082126421174958,6.443870041624486,0.14163770937551412,-0.7366787482228253,0.5547752912883697,-1.291454039511195,1.291454039511195,0.031413194672549154
1210.0,0.726484511705,0.0376347198681,6.010729063,56.0,0.9837126616722238,-0.2572281499672239,6.751798914401458,-0.7410698514014573,-1.1782926371976823,-2.9026679723143465,1.7243753351166642,1.7243753351166642,0.051803884682653976
981.0,0.726538181534,0.0350561147916,6.355323085,79.0,0.8529163172355232,-0.12637813570152323,6.33518926299732,0.020133822002680546,-0.5789040850266529,0.07886139231941204,-0.6577654773460649,0.6577654773460649,0.04825089125747409
6122.0,0.726542945814,0.0469432070691,6.409497542,59.0,0.9666522689196108,-0.24010932310561073,6.697458525087875,-0.2879609830878742,-1.0998759178336825,-1.1279032891496223,0.028027371315939797,0.028027371315939797,0.06461174434293906
368.0,0.7270962923,0.0329123648535,6.365438215,72.0,0.8927239003249539,-0.1656276080249539,6.461983504729013,-0.0965452897290131,-0.7586953102812972,-0.3781545286780297,-0.38054078160326754,0.38054078160326754,0.045265482993166406
4563.0,0.72765616509,0.0642891772484,5.856013014,70.0,0.9040974954933627,-0.17644133040336274,6.4982104309380695,-0.6421974169380693,-0.8082300500086657,-2.5153983400133106,1.707168290004645,1.707168290004645,0.0883510376641259
5310.0,0.727677894662,0.012180039114,6.09474827,82.0,0.8358559244829101,-0.10817802982091018,6.280848873683736,-0.1861006036837356,-0.49553431870023357,-0.7289302903357624,0.23339597163552883,0.23339597163552883,0.016738228828096426
2014.0,0.728046377659,0.0378350272005,6.929600551,51.0,1.0121466495932459,-0.2841002719342458,6.842366229924096,0.08723432107590412,-1.3013865655397188,0.3416847540009308,-1.6430713195406494,1.6430713195406494,0.05196788056573649
7295.0,0.729995028952,0.0312485450598,6.593142715,68.0,0.9154710906617713,-0.18547606170977138,6.534437357147125,0.05870535785287512,-0.8496157124206418,0.2299407562195938,-1.0795564686402357,1.0795564686402357,0.04280651760692293
9931.0,0.730767849364,0.0445702819985,6.390579813,62.0,0.9495918761669977,-0.21882402680299773,6.643118135774291,-0.25253832277429034,-1.0023737279795173,-0.989157634617915,-0.013216093361602343,0.013216093361602343,0.06099102750249658
5964.0,0.731033783907,0.0144480126797,6.536742971,78.0,0.8586031148197276,-0.1275693309127276,6.353302726101847,0.18344024489815247,-0.5843606283599003,0.7185100334231735,-1.3028706617830739,1.3028706617830739,0.019763809823511568
151.0,0.731517972361,0.00449235553828,6.35738829,84.0,0.8244823293145014,-0.09296435695350136,6.2446219474746805,0.11276634252531981,-0.4258445949017841,0.44169014592115063,-0.8675347408229348,0.8675347408229348,0.0061411417190212906
6972.0,0.73178266784,0.0594671503403,6.694081981,63.0,0.9439050785827933,-0.21212241074279325,6.625004672669763,0.06907730833023695,-0.9716754359688223,0.2705662497599582,-1.2422416857287806,1.2422416857287806,0.08126340367670766
8365.0,0.731853528983,0.0546295210076,6.534989796,70.0,0.9040974954933627,-0.17224396651036267,6.4982104309380695,0.036779365061930136,-0.7890030603833406,0.14405967913203913,-0.9330627395153797,0.9330627395153797,0.07464542950761527
5401.0,0.732164506605,0.070952045858,6.646349588,54.0,0.9950862568406327,-0.2629217502356327,6.788025840610513,-0.1416762526105133,-1.2043734812898539,-0.554926259801756,-0.6494472214880979,0.6494472214880979,0.09690724586882817
2864.0,0.732304436204,0.0513589057271,6.877568666,71.0,0.8984106979091583,-0.1661062617051583,6.480096967833541,0.3974716981664592,-0.7608878934306309,1.556841593255115,-2.317729486685746,2.317729486685746,0.07013327133907027
5520.0,0.73295136921,0.0592094909559,6.640975061,69.0,0.909784293077567,-0.176832923867567,6.516323894042596,0.12465116695740353,-0.8100238338371674,0.48824135721432216,-1.2982651910514895,1.2982651910514895,0.08078229121765337
8189.0,0.733037416525,0.0917600597595,6.68897464,60.0,0.9609654713354063,-0.22792805481040634,6.679345061983346,0.00962957801665354,-1.0440768198508303,0.03771772342780206,-1.0817945432786324,1.0817945432786324,0.12517786635570813
1873.0,0.733239040506,0.0536108229445,6.594895245,55.0,0.9893994592564282,-0.2561604187504283,6.769912377505985,-0.17501713250598527,-1.1734016490557675,-0.6855178687551458,-0.48788378030062174,0.48788378030062174,0.07311506886963326
1659.0,0.733265718511,0.0483050363065,6.70965051,51.0,1.0121466495932459,-0.2788809310822459,6.842366229924096,-0.1327157199240956,-1.277478175662016,-0.5198290942720108,-0.7576490813900051,0.7576490813900051,0.06587657800856997
6682.0,0.733275750722,0.0684486136383,6.000976391,83.0,0.8301691268987057,-0.09689337617670568,6.262735410579208,-0.2617590195792081,-0.4438423701168984,-1.0252738269679893,0.5814314568510909,0.5814314568510909,0.09334634831562878
2762.0,0.734359613171,0.041267857285,6.652501121,51.0,1.0121466495932459,-0.2777870364222459,6.842366229924096,-0.1898651089240957,-1.2724673398576452,-0.7436753359912269,-0.5287920038664182,0.5287920038664182,0.05619570649698915
8050.0,0.734717878487,0.0224966301004,6.711161581,54.0,0.9950862568406327,-0.2603683783536327,6.788025840610513,-0.07686425961051313,-1.1926771747659701,-0.30106665945883454,-0.8916105153071356,0.8916105153071356,0.030619412919047476
2938.0,0.734720293164,0.0787827501485,6.502497464,80.0,0.8472295196513189,-0.11250922648731887,6.317075799892791,0.18542166410720906,-0.5153743600912508,0.7262709780453038,-1.2416453381365546,1.2416453381365546,0.10722822124489023
9199.0,0.735268337519,0.0471653197983,6.326248125,64.0,0.9382182809985888,-0.20294994347958883,6.6068912095652355,-0.28064308456523523,-0.9296588423629215,-1.0992400941402176,0.1695812517772961,0.1695812517772961,0.06414708398494204
728.0,0.735427325258,0.0402348809954,6.753531534,51.0,1.0121466495932459,-0.2767193243352458,6.842366229924096,-0.08883469592409554,-1.2675764393441535,-0.34795320063488533,-0.9196232387092682,0.9196232387092682,0.05470952684724482
876.0,0.735523756201,0.0594525561949,6.751877183,62.0,0.9495918761669977,-0.21406811996599773,6.643118135774291,0.10875904722570962,-0.9805882040780731,0.42599412522919156,-1.4065823293072648,1.4065823293072648,0.08083023246179574
3652.0,0.735734429227,0.0490716841933,6.497069824,66.0,0.9268446858301802,-0.19111025660318015,6.57066428335618,-0.0735944593561797,-0.8754244365446782,-0.2882593047186977,-0.5871651318259805,0.5871651318259805,0.06669755042571163
9532.0,0.737796902355,0.0490488978447,6.64614751,64.0,0.9382182809985888,-0.2004213786435889,6.6068912095652355,0.039256300434764135,-0.9180761702124771,0.15376149194040137,-1.0718376621528785,1.0718376621528785,0.06648021655843105
2977.0,0.738266430689,0.0548551293979,5.910818687,69.0,0.909784293077567,-0.17151786238856703,6.516323894042596,-0.6055052070425964,-0.7856769736363819,-2.3716800355975938,1.586003061961212,1.586003061961212,0.07430261910555176
9347.0,0.739013441027,0.0329256997718,6.442438091,83.0,0.8301691268987057,-0.09115568587170575,6.262735410579208,0.17970268042079152,-0.41755956148276024,0.7038705110051737,-1.121430072487934,1.121430072487934,0.044553587179745294
5333.0,0.739051355453,0.0473830417551,6.59210522,56.0,0.9837126616722238,-0.24466130621922377,6.751798914401458,-0.15969369440145798,-1.1207273222701792,-0.6254980839431776,-0.4952292383270016,0.4952292383270016,0.06411332772139584
690.0,0.739500204887,0.0583152354146,6.82076787,68.0,0.9154710906617713,-0.17597088577477138,6.534437357147125,0.28633051285287525,-0.8060750703062146,1.1215169630536503,-1.9275920333598648,1.9275920333598648,0.07885763253238168
221.0,0.739904038585,0.062454805053,6.172942751,85.0,0.8187955317302971,-0.07889149314529709,6.226508484370153,-0.05356573337015291,-0.36138060909149966,-0.20980955894108164,-0.15157105015041802,0.15157105015041802,0.08440933120521846
2045.0,0.73995916902,0.150581347788,6.881129395,51.0,1.0121466495932459,-0.2721874805732458,6.842366229924096,0.03876316507590438,-1.246817287834588,0.15182994903729854,-1.3986472368718865,1.3986472368718865,0.2034995363155369
8498.0,0.740556243218,0.0374686817747,6.629571944,50.0,1.0178334471774502,-0.2772772039594502,6.860479693028624,-0.23090774902862332,-1.2701319351315563,-0.9044336730161926,-0.3656982621153637,0.3656982621153637,0.050595322256530115
3085.0,0.740637814092,0.0467264076767,6.224727169,68.0,0.9154710906617713,-0.17483327656977132,6.534437357147125,-0.3097101881471245,-0.8008639899853762,-1.2130919131766216,0.41222792319124535,0.41222792319124535,0.06308941669955806
6025.0,0.740926646564,0.048765271217,6.943540317,50.0,1.0178334471774502,-0.2769068006134502,6.860479693028624,0.08306062397137648,-1.2684352175077627,0.3253369604851876,-1.5937721779929503,1.5937721779929503,0.0658165979630316
1861.0,0.742572567535,0.0305698189161,6.381102915,67.0,0.9211578882459758,-0.17858532071097577,6.5525508202516525,-0.17144790525165288,-0.8180510901786685,-0.6715376999256224,-0.1465133902530461,0.1465133902530461,0.041167449825917704
3890.0,0.742800565876,0.0378844111687,6.67991432,71.0,0.8984106979091583,-0.15561013203315832,6.480096967833541,0.19981735216645902,-0.7128079600595532,0.7826568944201104,-1.4954648544796636,1.4954648544796636,0.051002130193616824
1825.0,0.74305290763,0.0257409194679,6.332095989,75.0,0.8756635075723407,-0.1326105999423407,6.40764311541543,-0.07554712641543038,-0.6074533193444708,-0.295907631152112,-0.3115456881923588,0.3115456881923588,0.03464210852764415
7767.0,0.743100556383,0.0527497471809,6.584280589,72.0,0.8927239003249539,-0.14962334394195387,6.461983504729013,0.12229708427098629,-0.6853841017873236,0.47902074136397993,-1.1644048431513034,1.1644048431513034,0.0709860149178954
403.0,0.743512486957,0.0428973215009,6.656850906,71.0,0.8984106979091583,-0.15489821095215828,6.480096967833541,0.1767539381664589,-0.7095468419894079,0.6923206959856115,-1.4018675379750194,1.4018675379750194,0.05769549570911363
3141.0,0.74376638821,0.0515970211325,6.593986786,63.0,0.9439050785827933,-0.2001386903727933,6.625004672669763,-0.031017886669762795,-0.9167812516425499,-0.12149276621485768,-0.7952884854276921,0.7952884854276921,0.06937261746484268
2451.0,0.743900605194,0.064792352437,6.809182109,59.0,0.9666522689196108,-0.22275166372561073,6.697458525087875,0.11172358391212533,-1.0203651712491997,0.43760580485174877,-1.4579709761009485,1.4579709761009485,0.08709813110059637
4644.0,0.744341039134,0.0287885188268,6.787391929,64.0,0.9382182809985888,-0.19387724186458888,6.6068912095652355,0.18050071943476453,-0.8880992482290441,0.7069963192972478,-1.595095567526292,1.595095567526292,0.03867651696364057
3915.0,0.744413882157,0.0430022698786,6.733128607,59.0,0.9666522689196108,-0.22223838676261076,6.697458525087875,0.03567008191212562,-1.0180139881985766,0.13971477066615517,-1.1577287588647318,1.1577287588647318,0.0577666146606474
8777.0,0.744755118679,0.0312704585323,6.477892623,72.0,0.8927239003249539,-0.14796878164595384,6.461983504729013,0.01590911827098651,-0.6778049990669948,0.062313812909300506,-0.7401188119762953,0.7401188119762953,0.041987571146561
7554.0,0.744861852384,0.0373174397591,6.654496497,63.0,0.9439050785827933,-0.19904322619879322,6.625004672669763,0.029491824330237115,-0.9117632263187173,0.11551539138532,-1.0272786177040374,1.0272786177040374,0.050099813327346594
4863.0,0.745733416159,0.0261354770385,6.363254217,80.0,0.8472295196513189,-0.10149610349231886,6.317075799892791,0.0461784171072086,-0.46492622002876344,0.18087446425701906,-0.6458006842857825,0.6458006842857825,0.0350466754904377
7578.0,0.746525470946,0.0429582921832,6.474686003,71.0,0.8984106979091583,-0.15188522696315832,6.480096967833541,-0.0054109648335405325,-0.6957451766169145,-0.021193999852962372,-0.6745511767639522,0.6745511767639522,0.05754430874108433
4396.0,0.746839545049,0.0696627887629,6.670372834,60.0,0.9609654713354063,-0.21412592628640637,6.679345061983346,-0.00897222798334596,-0.9808529992092812,-0.03514297438805462,-0.9457100248212266,0.9457100248212266,0.09327678110340212
2897.0,0.746992350534,0.0481132810104,7.156186379,77.0,0.864289912403932,-0.11729756186993201,6.371416189206375,0.7847701897936252,-0.5373084303960954,3.0738361454499286,-3.611144575846024,3.611144575846024,0.06440933561904003
6051.0,0.74719399442,0.0412562584344,6.865037108,65.0,0.9325314834143845,-0.1853374889943845,6.588777746460708,0.2762593615392923,-0.8489809482617515,1.0820696581781584,-1.9310506064399098,1.9310506064399098,0.055214922419745426
7347.0,0.747922169835,0.0237408331304,6.256010703,85.0,0.8187955317302971,-0.07087336189529703,6.226508484370153,0.029502218629847476,-0.3246517167942781,0.11555610441731905,-0.4402078212115972,0.4402078212115972,0.031742384552710196
1782.0,0.748651214766,0.0556776122713,6.466939458,62.0,0.9495918761669977,-0.20094066140099764,6.643118135774291,-0.17617867777429108,-0.9204548641841765,-0.6900674807010756,-0.23038738348310095,0.23038738348310095,0.07437056291787719
2822.0,0.748825831476,0.0302131036802,6.57300589,56.0,0.9837126616722238,-0.2348868301962238,6.751798914401458,-0.1787930244014575,-1.0759530892329565,-0.7003075143616718,-0.3756455748712847,0.3756455748712847,0.04034730428656204
4853.0,0.748839043572,0.0318277423938,6.895706847,62.0,0.9495918761669977,-0.20075283259499765,6.643118135774291,0.2525887112257088,-0.9195944711860089,0.9893549992034939,-1.9089494703895027,1.9089494703895027,0.0425027816952226
9599.0,0.74961686534,0.0659553767445,6.504567573,66.0,0.9268446858301802,-0.17722782049018015,6.57066428335618,-0.06609671035618003,-0.8118327485416373,-0.2588916602981435,-0.5529410882434939,0.5529410882434939,0.08798544935963379
9087.0,0.749838306377,0.0462927205352,6.854902213,54.0,0.9950862568406327,-0.24524795046363268,6.788025840610513,0.06687637238948696,-1.1234145810088885,0.2619454885020971,-1.3853600695109856,1.3853600695109856,0.06173693733902836
164.0,0.750306565588,0.0604713002818,6.784999436,51.0,1.0121466495932459,-0.26184008400524583,6.842366229924096,-0.05736679392409627,-1.1994186606167174,-0.22469778669706658,-0.9747208739196509,0.9747208739196509,0.08059545665098888
5284.0,0.751068893704,0.0375866927169,6.54061115,70.0,0.9040974954933627,-0.15302860178936273,6.4982104309380695,0.04240071906193066,-0.7009826676902885,0.16607774421184945,-0.8670604119021379,0.8670604119021379,0.05004426761909422
1899.0,0.751311148941,0.0294554279582,6.246816018,75.0,0.8756635075723407,-0.12435235863134064,6.40764311541543,-0.16082709741543066,-0.5696245477493207,-0.6299374665764901,0.06031291882716938,0.06031291882716938,0.03920536518021659
6775.0,0.751493165535,0.0742979557717,6.098924741,78.0,0.8586031148197276,-0.10710994928472761,6.353302726101847,-0.25437798510184706,-0.49064173042061315,-0.9963633371680507,0.5057216067474375,0.5057216067474375,0.09886710775181314
2344.0,0.751619482394,0.0498086150516,6.545072727,60.0,0.9609654713354063,-0.20934598894140632,6.679345061983346,-0.13427233498334612,-0.9589573980451106,-0.5259261398732642,-0.4330312581718464,0.4330312581718464,0.06626839274170152
5612.0,0.751750223312,0.0489207905527,6.182676512,85.0,0.8187955317302971,-0.06704530841829703,6.226508484370153,-0.04383197237015324,-0.3071164383757893,-0.17168376519649758,-0.1354326731792917,0.1354326731792917,0.06507585769269048
5184.0,0.75386103553,0.0379214474664,6.524063633,61.0,0.955278673751202,-0.20141763822120207,6.661231598878818,-0.13716796587881852,-0.9226397660910342,-0.5372679250559115,-0.3853718410351227,0.3853718410351227,0.05030296789346518
8243.0,0.754702725923,0.0483757912429,7.046224735,66.0,0.9268446858301802,-0.17214195990718018,6.57066428335618,0.4755604516438199,-0.7885357957021973,1.862704425602203,-2.6512402213044,2.6512402213044,0.06409913411103225
9861.0,0.754982723947,0.0625084001045,6.855089806,60.0,0.9609654713354063,-0.20598274738840638,6.679345061983346,0.17574474401665352,-0.9435512974316199,0.688367822270742,-1.631919119702362,1.631919119702362,0.0827944774387819
999.0,0.755384803726,0.0342553082679,6.515002959,64.0,0.9382182809985888,-0.1828334772725888,6.6068912095652355,-0.0918882505652352,-0.8375107472918168,-0.3599135512574157,-0.47759719603440115,0.47759719603440115,0.04534815646135952
9187.0,0.755685055947,0.0458538058196,6.54692802,54.0,0.9950862568406327,-0.2394012008936327,6.788025840610513,-0.24109782061051277,-1.0966322013558547,-0.944346772112593,-0.15228542924326172,0.15228542924326172,0.06067846050248738
6557.0,0.756189032736,0.0393795409774,6.159364726,80.0,0.8472295196513189,-0.09104048691531885,6.317075799892791,-0.15771107389279138,-0.41703186619691834,-0.6177324339968508,0.2007005677999325,0.2007005677999325,0.05207631858256287
8299.0,0.756396412806,0.0355760443109,6.65239317,73.0,0.8870371027407495,-0.13064068993474953,6.443870041624486,0.20852312837551423,-0.5984296939823848,0.8167562141109224,-1.4151859080933071,1.4151859080933071,0.04703359734206529
7393.0,0.756445466269,0.0464512302962,6.601557481,56.0,0.9837126616722238,-0.22726719540322382,6.751798914401458,-0.15024143340145724,-1.0410496015086497,-0.5884748867118077,-0.45257471479684197,0.45257471479684197,0.061407242646730927
6256.0,0.756770656032,0.0550104670719,7.102742023,52.0,1.0064598520090415,-0.24968919597704153,6.824252766819568,0.27848925618043197,-1.143758726426502,1.0908038466547654,-2.2345625730812673,2.2345625730812673,0.07269106780690753
7634.0,0.756847093932,0.0381735749535,6.970305434,50.0,1.0178334471774502,-0.26098635324545016,6.860479693028624,0.10982574097137654,-1.1955079507331197,0.4301722168975545,-1.6256801676306742,1.6256801676306742,0.050437631669006264
6938.0,0.757131248813,0.0227093883833,6.334034295,53.0,1.000773054424837,-0.24364180561183701,6.806139303715041,-0.47210500871504024,-1.116057265515289,-1.8491699342171322,0.7331126687018432,0.7331126687018432,0.02999399168757447
1695.0,0.757382268091,0.0382766331595,6.189894221,78.0,0.8586031148197276,-0.10122084672872766,6.353302726101847,-0.163408505101847,-0.46366534318492,-0.6400484829680984,0.17638313978317838,0.17638313978317838,0.05053806350124511
8734.0,0.757533615807,0.0336773169965,6.325460733,77.0,0.864289912403932,-0.10675629659693209,6.371416189206375,-0.04595545620637509,-0.4890217430350656,-0.18000115728777197,-0.30902058574729363,0.30902058574729363,0.044456531424844535
1305.0,0.758654554633,0.0525343168959,6.299129462,64.0,0.9382182809985888,-0.17956372636558882,6.6068912095652355,-0.30776174756523567,-0.8225329020611162,-1.205460141269681,0.38292723920856486,0.38292723920856486,0.06924669017681379
5198.0,0.758670163962,0.0377018702965,6.780170451,50.0,1.0178334471774502,-0.2591632832154501,6.860479693028624,-0.08030924202862355,-1.187156959623793,-0.3145601784723588,-0.8725967811514341,0.8725967811514341,0.04969467904156093
4497.0,0.758858912206,0.034374808696,6.699654466,62.0,0.9495918761669977,-0.1907329639609977,6.643118135774291,0.056536330225709364,-0.8736961609169559,0.22144497540685054,-1.0951411363238064,1.0951411363238064,0.045298023312492386
5016.0,0.758999062255,0.0519622557184,6.33652416,54.0,0.9950862568406327,-0.23608719458563265,6.788025840610513,-0.4515016806105132,-1.081451634093521,-1.7684695515217674,0.6870179174282465,0.6870179174282465,0.0684615545690125
5700.0,0.759455043297,0.0582867903392,6.672462806,78.0,0.8586031148197276,-0.09914807152272764,6.353302726101847,0.3191600798981531,-0.45417052014900056,1.2501058303879005,-1.704276350536901,1.704276350536901,0.07674817733273752
9097.0,0.759741030192,0.0346086013465,6.744468406,56.0,0.9837126616722238,-0.2239716314802238,6.751798914401458,-0.007330508401457436,-1.0259535138278106,-0.028712586158311897,-0.9972409276694988,0.9972409276694988,0.04555315557691256
4998.0,0.759897678795,0.0312589329705,6.565094662,61.0,0.955278673751202,-0.19538099495620198,6.661231598878818,-0.09613693687881852,-0.8949875347413747,-0.3765550671192825,-0.5184324676220922,0.5184324676220922,0.04113571319242419
9463.0,0.760219141843,0.021441611045,6.396382138,73.0,0.8870371027407495,-0.12681796089774955,6.443870041624486,-0.04748790362448574,-0.5809188053845667,-0.18600354158581556,-0.3949152637987512,0.3949152637987512,0.028204513494647192
5452.0,0.760638231737,0.0565378445009,6.532169845,85.0,0.8187955317302971,-0.05815729999329711,6.226508484370153,0.3056613606298475,-0.266402873830607,1.197233216540131,-1.463636090370738,1.463636090370738,0.07432948035203239
4399.0,0.763259118911,0.0426018484539,6.146923928,75.0,0.8756635075723407,-0.11240438866134073,6.40764311541543,-0.26071918741543065,-0.5148941263436395,-1.0212009483956508,0.5063068220520113,0.5063068220520113,0.055815708451257426
4525.0,0.763663796003,0.0431162024361,6.074859705,67.0,0.9211578882459758,-0.15749409224297573,6.5525508202516525,-0.47769111525165275,-0.7214378726266035,-1.871049939864504,1.1496120672379004,1.1496120672379004,0.05645966544671789
2912.0,0.763694974703,0.0310916665671,5.920115754,71.0,0.8984106979091583,-0.13471572320615832,6.480096967833541,-0.5599812138335407,-0.6170963200909517,-2.193368859114181,1.5762725390232295,1.5762725390232295,0.04071215288432598
9550.0,0.763890234057,0.0432165107346,6.643210119,64.0,0.9382182809985888,-0.17432804694158888,6.6068912095652355,0.03631890943476446,-0.7985496696007007,0.14225613821195157,-0.9408058078126523,0.9408058078126523,0.056574241701033805
655.0,0.764266785944,0.035379687419,6.423983455,69.0,0.909784293077567,-0.14551750713356704,6.516323894042596,-0.09234043904259615,-0.6665763730007429,-0.3616847108966899,-0.304891662104053,0.304891662104053,0.04629232627883998
4316.0,0.765379303859,0.0228018443235,6.596702969,70.0,0.9040974954933627,-0.13871819163436272,6.4982104309380695,0.09849253806193037,-0.6354305462639827,0.38578163071087096,-1.0212121769748537,1.0212121769748537,0.02979156113646445
2702.0,0.765400361931,0.0349877926047,6.829697276,61.0,0.955278673751202,-0.18987831182020198,6.661231598878818,0.16846567712118166,-0.8697812304360067,0.659856725366904,-1.5296379558029107,1.5296379558029107,0.045711753410242195
3695.0,0.765694642886,0.0431388634468,5.660217294,75.0,0.8756635075723407,-0.1099688646863407,6.40764311541543,-0.7474258214154306,-0.5037376492324578,-2.927563426579097,2.4238257773466394,2.4238257773466394,0.05633951320882195
897.0,0.765744089182,0.0368437521519,6.732516755,54.0,0.9950862568406327,-0.2293421676586327,6.788025840610513,-0.055509085610513154,-1.0505544886341422,-0.2174214005189725,-0.8331330881151697,0.8331330881151697,0.04811496774497867
8125.0,0.765839598127,0.0516255909928,6.767601468,60.0,0.9609654713354063,-0.19512587320840635,6.679345061983346,0.08825640601665352,-0.8938188909632544,0.3456881191585978,-1.2395070101218522,1.2395070101218522,0.06741044876637324
5881.0,0.76694186222,0.0488611544546,6.360696072,80.0,0.8472295196513189,-0.08028765743131883,6.317075799892791,0.043620272107208535,-0.3677760603620834,0.17085456458630136,-0.5386306249483848,0.5386306249483848,0.06370907217551779
875.0,0.767742839086,0.0350196281086,6.564425524,74.0,0.8813503051565452,-0.11360746607054517,6.425756578519958,0.13866894548004183,-0.5204050988146739,0.5431470542733917,-1.0635521530880656,1.0635521530880656,0.04561374763233346
4096.0,0.770137772134,0.0341073147413,6.024095329,81.0,0.8415427220671146,-0.07140494993311453,6.298962336788264,-0.2748670077882647,-0.3270867779299374,-1.076616001371588,0.7495292234416506,0.7495292234416506,0.044287289853075146
7265.0,0.770368453236,0.0504978549613,6.462874989,77.0,0.864289912403932,-0.09392145916793204,6.371416189206375,0.09145879979362537,-0.43022882148216796,0.3582314520624746,-0.7884602735446425,0.7884602735446425,0.06555026331774017
2929.0,0.77096097892,0.0379027545893,6.553865579,61.0,0.955278673751202,-0.18431769483120197,6.661231598878818,-0.10736601987881844,-0.8443095468070964,-0.4205378300409144,-0.42377171676618197,0.42377171676618197,0.04916299997750345
334.0,0.771246184826,0.045740858886,6.590754939,58.0,0.9723390665038152,-0.20109288167781514,6.715571988192401,-0.12481704919240144,-0.9211521441336266,-0.4888910949546901,-0.4322610491789365,0.4322610491789365,0.059307727916112205
8610.0,0.771358951745,0.0223565473271,6.237899949,74.0,0.8813503051565452,-0.1099913534115452,6.425756578519958,-0.18785662951995796,-0.5038406640048759,-0.7358084003327078,0.23196773632783185,0.23196773632783185,0.02898332517762852
2617.0,0.771500683165,0.0523516621186,6.760622161,66.0,0.9268446858301802,-0.15534400266518023,6.57066428335618,0.18995787764381955,-0.7115888933482675,0.7440386982182366,-1.455627591566504,1.455627591566504,0.06785692256788788
2061.0,0.771724716232,0.0366418791441,6.403880992,73.0,0.8870371027407495,-0.11531238650874953,6.443870041624486,-0.03998904962448524,-0.5282148785747819,-0.15663156903329678,-0.3715833095414851,0.3715833095414851,0.047480504865784964
4255.0,0.771776720634,0.0500811081681,6.87221912,61.0,0.955278673751202,-0.18350195311720197,6.661231598878818,0.21098752112118113,-0.8405728544754689,0.8264088991857818,-1.6669817536612506,1.6669817536612506,0.0648906695798745
6673.0,0.772360519986,0.0470035408635,6.344840758,79.0,0.8529163172355232,-0.08055579724952322,6.33518926299732,0.009651495002680477,-0.36900433640251684,0.0378035692266424,-0.40680790562915925,0.40680790562915925,0.06085699572571627
7936.0,0.772447332959,0.0247678080852,6.234044621,82.0,0.8358559244829101,-0.0634085915239101,6.280848873683736,-0.046804252683736,-0.29045762113213003,-0.1833257755342024,-0.10713184559792763,0.10713184559792763,0.032064073534078245
4952.0,0.772486757947,0.0379696936644,6.211602135,74.0,0.8813503051565452,-0.10886354720954527,6.425756578519958,-0.21415444351995827,-0.49867448859144736,-0.8388132956139337,0.34013880702248633,0.34013880702248633,0.04915254957290166
6565.0,0.77290488449,0.0131896898107,6.2944023,76.0,0.8699767099881364,-0.09707182549813631,6.389529652310903,-0.09512735231090286,-0.4446597982311286,-0.37260066419074656,-0.07205913404038206,0.07205913404038206,0.017065087923985877
2037.0,0.773552598005,0.0483196077223,6.474802692,53.0,1.000773054424837,-0.227220456419837,6.806139303715041,-0.3313366117150407,-1.0408355028573093,-1.2977996191068795,0.25696411624957016,0.25696411624957016,0.06246454067495443
1442.0,0.773799075179,0.0493141938389,6.271474506,68.0,0.9154710906617713,-0.1416720154827713,6.534437357147125,-0.26296285114712514,-0.6489612150208907,-1.0299890684929893,0.38102785347209867,0.38102785347209867,0.06372997257394283
3089.0,0.774705041028,0.0397018156097,6.493305533,67.0,0.9211578882459758,-0.1464528472179758,6.5525508202516525,-0.059245287251652456,-0.6708609131448723,-0.23205558489624026,-0.43880532824863205,0.43880532824863205,0.0512476536321713
1945.0,0.774711740922,0.0374042206746,6.264864702,82.0,0.8358559244829101,-0.061144183560910115,6.280848873683736,-0.015984171683736115,-0.28008498022655787,-0.06260778673240122,-0.21747719349415665,0.21747719349415665,0.048281468704843025
1333.0,0.774862444319,0.056921136585,6.826747566,50.0,1.0178334471774502,-0.2429710028584502,6.860479693028624,-0.033732127028623715,-1.1129844993914089,-0.13212406978756308,-0.9808604296038458,0.9808604296038458,0.07345966629603017
8861.0,0.774923298946,0.0281411657437,6.797202885,61.0,0.955278673751202,-0.18035537480520203,6.661231598878818,0.13597128612118148,-0.8261592296141625,0.532580696181277,-1.3587399257954396,1.3587399257954396,0.03631477564550682
452.0,0.775953964122,0.0714776310298,6.12508396,81.0,0.8415427220671146,-0.06558875794511454,6.298962336788264,-0.1738783767882639,-0.300444374301634,-0.6810575203225807,0.3806131460209467,0.3806131460209467,0.09211581399764827
8040.0,0.776294161797,0.0264237486871,6.841305414,73.0,0.8870371027407495,-0.11074294094374959,6.443870041624486,0.3974353723755142,-0.5072834833678378,1.5566993101629805,-2.063982793530818,2.063982793530818,0.03403831947664419
7048.0,0.776479381306,0.0555029841431,6.01352341,80.0,0.8472295196513189,-0.07075013834531885,6.317075799892791,-0.30355238989279076,-0.32408726301390006,-1.1889726702482721,0.8648854072343721,0.8648854072343721,0.07148030646962798
3981.0,0.777377653613,0.0370432647799,6.413649482,82.0,0.8358559244829101,-0.05847827086991009,6.280848873683736,0.1328006083162645,-0.26787315467162753,0.5201615903473862,-0.7880347450190137,0.7880347450190137,0.04765156884525157
7567.0,0.778345040606,0.0274757830499,6.909042914,56.0,0.9837126616722238,-0.20536762106622386,6.751798914401458,0.15724399959854196,-0.9407335699921211,0.6159029686744589,-1.55663653866658,1.55663653866658,0.03530026095946862
9932.0,0.778407097631,0.0600085573744,6.801182313,52.0,1.0064598520090415,-0.2280527543780415,6.824252766819568,-0.023070453819568293,-1.0446480348691904,-0.09036377243275663,-0.9542842624364338,0.9542842624364338,0.07709148279483798
6027.0,0.778439303211,0.0374307800929,6.728494363,55.0,0.9893994592564282,-0.21096015604542828,6.769912377505985,-0.041418014505985035,-0.966351461308086,-0.162228626567411,-0.804122834740675,0.804122834740675,0.0480843913436809
8028.0,0.779091200482,0.0293122972422,6.445354446,84.0,0.8244823293145014,-0.045391128832501404,6.2446219474746805,0.20073249852531916,-0.20792449389478873,0.7862413959631429,-0.9941658898579316,0.9941658898579316,0.03762370467548007
3750.0,0.779371936892,0.0654379645799,6.645569739,62.0,0.9495918761669977,-0.17021993927499768,6.643118135774291,0.0024516032257091425,-0.7797315386264021,0.00960259029648939,-0.7893341289228915,0.7893341289228915,0.083962433701238
5519.0,0.780590059897,0.0412436801142,6.583210516,57.0,0.9780258640880195,-0.19743580419101947,6.73368545129693,-0.15047493529692968,-0.904400060518743,-0.5893894812971641,-0.31501057922157893,0.31501057922157893,0.052836542806658546
8869.0,0.781188201795,0.0369576258221,6.596250338,60.0,0.9609654713354063,-0.1797772695404063,6.679345061983346,-0.08309472398334616,-0.8235110856333392,-0.32547052550933847,-0.4980405601240007,0.4980405601240007,0.047309503314539876
94.0,0.781601419128,0.0412340079299,6.92237725,61.0,0.955278673751202,-0.17367725462320205,6.661231598878818,0.2611456511211818,-0.7955685658715882,1.022871347667322,-1.81843991353891,1.81843991353891,0.05275579972193891
6610.0,0.781635697086,0.0448815250421,6.250585433,77.0,0.864289912403932,-0.08265421531793204,6.371416189206375,-0.12083075620637462,-0.37861662246095856,-0.47327733741628886,0.0946607149553303,0.0946607149553303,0.05742000424164594
3408.0,0.782053891071,0.0662324569915,6.27333111,67.0,0.9211578882459758,-0.1391039971749758,6.5525508202516525,-0.2792197102516525,-0.6371978171787421,-1.09366493408636,0.4564671169076179,0.4564671169076179,0.08469040017280213
788.0,0.782094283571,0.0236794470328,6.362745405,80.0,0.8472295196513189,-0.0651352360803189,6.317075799892791,0.045669605107208966,-0.2983669132066296,0.1788815181217322,-0.4772484313283618,0.4772484313283618,0.030276972393508534
9040.0,0.782264201716,0.0325656285524,6.356686964,68.0,0.9154710906617713,-0.13320688894577137,6.534437357147125,-0.17775039314712515,-0.6101847581176915,-0.6962236721392941,0.08603891402160269,0.08603891402160269,0.041629961438811834
4037.0,0.782452141572,0.0664191639893,6.118700057,79.0,0.8529163172355232,-0.07046417566352314,6.33518926299732,-0.2164892059973198,-0.322777345252115,-0.8479582368811872,0.5251808916290722,0.5251808916290722,0.08488591245447849
1128.0,0.782668177613,0.0519960811295,7.027573731,59.0,0.9666522689196108,-0.18398409130661075,6.697458525087875,0.33011520591212573,-0.8427813992197537,1.2930155417373637,-2.1357969409571176,2.1357969409571176,0.06643438767125921
2769.0,0.782828899587,0.0272512463083,6.450229853,76.0,0.8699767099881364,-0.0871478104011364,6.389529652310903,0.060700200689097095,-0.3992005671099484,0.23775427933020468,-0.6369548464401531,0.6369548464401531,0.034811242051330814
7114.0,0.783746562217,0.0974233938796,6.24885488,77.0,0.864289912403932,-0.08054335018693204,6.371416189206375,-0.12256130920637531,-0.36894731977269696,-0.4800556738416541,0.11110835406895714,0.11110835406895714,0.12430471606027393
7421.0,0.783834713279,0.0419823700114,6.560630892,62.0,0.9495918761669977,-0.1657571628879977,6.643118135774291,-0.08248724377429095,-0.7592887660957448,-0.3230911096643885,-0.43619765643135633,0.43619765643135633,0.053560233171832866
9423.0,0.784253061105,0.0408563610411,6.483066079,60.0,0.9609654713354063,-0.1767124102304063,6.679345061983346,-0.19627898298334578,-0.8094717934350323,-0.7687975923818159,-0.0406742010532164,0.0406742010532164,0.05209588979293755
2307.0,0.784296502393,0.100629268832,6.530343509,80.0,0.8472295196513189,-0.0629330172583189,6.317075799892791,0.2132677091072086,-0.2882791439489049,0.835340079728859,-1.123619223677764,1.123619223677764,0.12830513527086482
4574.0,0.784564938648,0.0868892111803,6.451695555,85.0,0.8187955317302971,-0.034230593082297034,6.226508484370153,0.22518707062984689,-0.1568010958400931,0.8820265680224645,-1.0388276638625575,1.0388276638625575,0.11074827194041027
4868.0,0.784983602794,0.0512704114095,6.988675694,52.0,1.0064598520090415,-0.2214762492150415,6.824252766819568,0.16442292718043205,-1.0145228420664476,0.6440218337559476,-1.6585446758223952,1.6585446758223952,0.06531399028847572
1901.0,0.785203568393,0.0398580532224,6.675694878,73.0,0.8870371027407495,-0.10183353434774955,6.443870041624486,0.2318248363755142,-0.4664718995843174,0.9080257771405214,-1.3744976767248387,1.3744976767248387,0.050761426497301344
9925.0,0.786025949216,0.030681999773,6.398623917,77.0,0.864289912403932,-0.07826396318793205,6.371416189206375,0.027207727793625125,-0.35850606395140355,0.10656890159092393,-0.46507496554232747,0.46507496554232747,0.0390343344308199
8100.0,0.786149329037,0.0251199635654,6.497613453,65.0,0.9325314834143845,-0.14638215437738455,6.588777746460708,-0.0911642934607082,-0.6705370883473847,-0.35707791154455204,-0.31345917680283264,0.31345917680283264,0.03195317052063239
2643.0,0.787411260764,0.080497320903,6.735834275,62.0,0.9495918761669977,-0.16218061540299766,6.643118135774291,0.09271613922570943,-0.7429055686552609,0.3631562764807617,-1.1060618451360227,1.1060618451360227,0.10223033999398995
7946.0,0.787643836649,0.0274137625091,6.762752509,54.0,0.9950862568406327,-0.20744242019163273,6.788025840610513,-0.025273331610512706,-0.9502376640558733,-0.09899213964888968,-0.8512455244069836,0.8512455244069836,0.03480476991444609
2376.0,0.78920589158,0.0415719235151,6.548635428,61.0,0.955278673751202,-0.16607278217120203,6.661231598878818,-0.11259617087881857,-0.7607345327336679,-0.44102360714999295,-0.3197109255836749,0.3197109255836749,0.05267563757269031
5222.0,0.789746486683,0.0352576552353,6.443588881,71.0,0.8984106979091583,-0.10866421122615832,6.480096967833541,-0.03650808683354079,-0.49776138432356953,-0.1429971198825395,-0.35476426444103004,0.35476426444103004,0.04464426981294345
257.0,0.78984917441,0.0326270222542,6.280537132,75.0,0.8756635075723407,-0.08581433316234066,6.40764311541543,-0.12710598341543022,-0.39309226826107074,-0.49785653329677776,0.10476426503570702,0.10476426503570702,0.04130791461366237
7761.0,0.789854876969,0.0740570891327,6.510755724,69.0,0.909784293077567,-0.119929416108567,6.516323894042596,-0.005568170042596243,-0.5493642433852891,-0.021809750884452916,-0.5275544925008362,0.5275544925008362,0.0937603745853766
8535.0,0.789961293445,0.0876261968382,6.276966197,70.0,0.9040974954933627,-0.11413620204836272,6.4982104309380695,-0.22124423393806936,-0.5228270954342636,-0.8665830227700905,0.3437559273358268,0.3437559273358268,0.11092467132922995
4974.0,0.789964491177,0.100255289144,6.625907811,75.0,0.8756635075723407,-0.08569901639534072,6.40764311541543,0.21826469558456996,-0.3925640333166497,0.8549125836952458,-1.2474766170118956,1.2474766170118956,0.12691113368225654
7077.0,0.789987604035,0.0460207115193,6.435201708,64.0,0.9382182809985888,-0.14823067696358883,6.6068912095652355,-0.17168950156523533,-0.679004670737942,-0.6724839992256665,-0.006520671512275533,0.006520671512275533,0.0582549792987145
4038.0,0.790748099111,0.222774868208,6.965502402,67.0,0.9211578882459758,-0.1304097891349758,6.5525508202516525,0.4129515817483478,-0.5973719998212631,1.6174741533347468,-2.2148461531560097,2.2148461531560097,0.28172671987255493
59.0,0.791306662151,0.0322098279538,6.60339261,70.0,0.9040974954933627,-0.11279083334236273,6.4982104309380695,0.10518217906193073,-0.51666432498788,0.411984028015606,-0.9286483530034859,0.9286483530034859,0.0407046085853042
287.0,0.79166998298,0.0921876509086,6.790958234,71.0,0.8984106979091583,-0.10674071492915826,6.480096967833541,0.3108612661664587,-0.4889503676260542,1.2176005263580079,-1.7065508939840621,1.7065508939840621,0.1164470712424737
2342.0,0.791852451123,0.0382438642342,6.047946036,74.0,0.8813503051565452,-0.08949785403354527,6.425756578519958,-0.37781054251995805,-0.40996548187341225,-1.4798315695901931,1.069866087716781,1.069866087716781,0.048296704998466326
2068.0,0.792016096033,0.0365591298654,6.400086535,68.0,0.9154710906617713,-0.1234549946287713,6.534437357147125,-0.13435082214712502,-0.5655139657727819,-0.5262335632235839,-0.03928040254919796,0.03928040254919796,0.04615957939303891
1430.0,0.792487102335,0.0389803442912,6.746148036,54.0,0.9950862568406327,-0.2025991545056327,6.788025840610513,-0.041877804610512825,-0.9280519728765325,-0.16402956072749852,-0.764022412149034,0.764022412149034,0.04918735481794913
2429.0,0.792503618648,0.0424533460327,6.771143332,58.0,0.9723390665038152,-0.17983544785581518,6.715571988192401,0.05557134380759887,-0.823777584773109,0.21766525725441113,-1.0414428420275201,1.0414428420275201,0.053568646292271586
9256.0,0.79250813205,0.140334635803,7.012483313,53.0,1.000773054424837,-0.20826492237483696,6.806139303715041,0.2063440092849591,-0.9540053242698586,0.8082209064337158,-1.7622262307035745,1.7622262307035745,0.1770765877695072
8786.0,0.792815808163,0.0583185884651,6.339952558,76.0,0.8699767099881364,-0.07716090182513635,6.389529652310903,-0.0495770943109024,-0.3534532379588945,-0.19418661215878633,-0.15926662580010817,0.15926662580010817,0.07355881134639272
1196.0,0.792957026924,0.0519315961107,7.128928601,52.0,1.0064598520090415,-0.21350282508504148,6.824252766819568,0.30467583418043187,-0.9779987410035178,1.193373045929793,-2.171371786933311,2.171371786933311,0.06549105985244938
5306.0,0.79307953289,0.0284030334776,6.592972171,51.0,1.0121466495932459,-0.21906711670324586,6.842366229924096,-0.2493940589240955,-1.0034872571157178,-0.9768419885864289,-0.026645268529288946,0.026645268529288946,0.035813600401587334
6283.0,0.793968540826,0.0431933999729,6.422723044,79.0,0.8529163172355232,-0.0589477764095232,6.33518926299732,0.08753378100267994,-0.27002383266126495,0.34285769705994196,-0.6128815297212069,0.6128815297212069,0.05440190354137209
9117.0,0.794596251244,0.0321973967657,7.101433944,56.0,0.9837126616722238,-0.1891164104282238,6.751798914401458,0.3496350295985424,-0.8662911660688178,1.369471987688625,-2.2357631537574427,2.2357631537574427,0.040520448863548705
9369.0,0.794717353278,0.0232131883585,6.384736278,74.0,0.8813503051565452,-0.08663295187854525,6.425756578519958,-0.041020300519957864,-0.3968421393622663,-0.1606708359661615,-0.23617130339610481,0.23617130339610481,0.029209363886105802
5076.0,0.79529426746,0.0767699908997,7.133828449,55.0,0.9893994592564282,-0.19410519179642827,6.769912377505985,0.36391607149401484,-0.8891434252616522,1.425408850918014,-2.314552276179666,2.314552276179666,0.096530295817279
9802.0,0.795371212273,0.0446609656212,6.345560154,62.0,0.9495918761669977,-0.1542206638939977,6.643118135774291,-0.2975579817742906,-0.7064431820280572,-1.1654934038530107,0.4590502218249535,0.4590502218249535,0.05615109640889385
6661.0,0.796108516138,0.0215026655293,6.656857721,63.0,0.9439050785827933,-0.14779656244479322,6.625004672669763,0.03185304833023661,-0.6770161094499856,0.12476397877191656,-0.8017800882219022,0.8017800882219022,0.027009716757724844
9811.0,0.796641255021,0.0366121701383,7.070374861,63.0,0.9439050785827933,-0.14726382356179324,6.625004672669763,0.4453701883302372,-0.6745757766035697,1.7444533454505151,-2.4190291220540847,2.4190291220540847,0.04595816486723987
8113.0,0.796779469735,0.0444652109041,6.583613968,82.0,0.8358559244829101,-0.039076454747910105,6.280848873683736,0.3027650943162641,-0.17899867850045875,1.1858889425127461,-1.3648876210132048,1.3648876210132048,0.05580617045628527
3923.0,0.796904212187,0.0621368890468,6.400708381,78.0,0.8586031148197276,-0.06169890263272759,6.353302726101847,0.04740565489815296,-0.28262599837763874,0.18568138471593573,-0.46830738309357445,0.46830738309357445,0.07797284553970846
9154.0,0.797931941984,0.0290968373884,6.571776577,60.0,0.9609654713354063,-0.16303352935140636,6.679345061983346,-0.10756848498334648,-0.7468125369466444,-0.4213308578146302,-0.3254816791320142,0.3254816791320142,0.036465312212032544
6339.0,0.797969457092,0.0772036923606,6.718653159,62.0,0.9495918761669977,-0.15162241907499774,6.643118135774291,0.07553502322570882,-0.6945413247070185,0.2958602246342228,-0.9904015493412412,0.9904015493412412,0.09675018470249418
3080.0,0.798454791059,0.0164057353324,6.746571917,51.0,1.0121466495932459,-0.21369185853424588,6.842366229924096,-0.09579431292409613,-0.9788646521466412,-0.375213056540874,-0.6036515956057672,0.6036515956057672,0.02054685564681863
8285.0,0.798501392432,0.0601533509723,6.416271784,61.0,0.955278673751202,-0.156777281319202,6.661231598878818,-0.24495981487881835,-0.7181543555082279,-0.959473668788625,0.24131931328039702,0.24131931328039702,0.07533280660800179
1229.0,0.799232826301,0.0516719159716,6.12822985,85.0,0.8187955317302971,-0.019562705429297056,6.226508484370153,-0.0982786343701525,-0.08961146660637634,-0.3849437995751025,0.2953323329687262,0.2953323329687262,0.06465189400533929
4557.0,0.799495257614,0.100533423403,6.986124872,60.0,0.9609654713354063,-0.16147021372140635,6.679345061983346,0.30677981001665433,-0.7396514105431781,1.2016140278868608,-1.941265438430039,1.941265438430039,0.12574611599702323
3545.0,0.800063850652,0.0341763857629,6.17579805,66.0,0.9268446858301802,-0.12678083517818017,6.57066428335618,-0.3948662333561801,-0.5807487424967186,-1.5466363484411652,0.9658876059444466,0.9658876059444466,0.04271707281243674
6896.0,0.800907238164,0.0477328123215,6.654337248,57.0,0.9780258640880195,-0.1771186259240195,6.73368545129693,-0.07934820329692993,-0.8113325577446912,-0.31079592286087326,-0.5005366348838178,0.5005366348838178,0.059598427941446395
475.0,0.801232751974,0.0393893009772,6.406320523,85.0,0.8187955317302971,-0.017562779756297053,6.226508484370153,0.17981203862984696,-0.08045034759300712,0.7042988519643081,-0.7847491995573153,0.7847491995573153,0.04916087226858417
6160.0,0.802257248441,0.0735195952372,6.320513581,64.0,0.9382182809985888,-0.13596103255758885,6.6068912095652355,-0.2863776285652353,-0.6228007456758302,-1.1217015087736004,0.4989007630977702,0.4989007630977702,0.09164092363150125
2987.0,0.802684112658,0.0684217139713,6.31904975,69.0,0.909784293077567,-0.10710018041956704,6.516323894042596,-0.1972741440425967,-0.49059698188942036,-0.7726955004245183,0.28209851853509793,0.28209851853509793,0.08524114641403456
954.0,0.802775504508,0.0101871499289,6.545294455,55.0,0.9893994592564282,-0.1866239547484283,6.769912377505985,-0.22461792250598567,-0.8548739002041805,-0.8797972936463574,0.024923393442176867,0.024923393442176867,0.012689911278674897
9194.0,0.803453441286,0.0590344258667,6.674570126,81.0,0.8415427220671146,-0.03808928078111451,6.298962336788264,0.37560778921173554,-0.17447670134960377,1.4712036899556413,-1.6456803913052451,1.6456803913052451,0.07347585165882176
8470.0,0.803599374968,0.0315950891047,6.465182429,67.0,0.9211578882459758,-0.11755851327797573,6.5525508202516525,-0.08736839125165208,-0.5385037782723036,-0.3422098883110774,-0.19629388996122615,0.19629388996122615,0.03931696575293894
5878.0,0.803734449091,0.0435148617781,6.644245219,66.0,0.9268446858301802,-0.1231102367391802,6.57066428335618,0.07358093564381996,-0.5639347230539241,0.28820633421037223,-0.8521410572642963,0.8521410572642963,0.05414084443850084
9331.0,0.804231188264,0.0220845529398,6.740479157,73.0,0.8870371027407495,-0.08280591447674956,6.443870041624486,0.2966091153755146,-0.37931151530968654,1.1617768255837373,-1.541088340893424,1.541088340893424,0.02746045324040634
1400.0,0.804714657193,0.0612520013144,6.153393831,85.0,0.8187955317302971,-0.014080874537297117,6.226508484370153,-0.073114653370153,-0.06450068079530019,-0.28637997112290964,0.22187929032760945,0.22187929032760945,0.07611642309096096
6094.0,0.80477968093,0.0669573579969,6.712136176,63.0,0.9439050785827933,-0.1391253976527933,6.625004672669763,0.08713150333023645,-0.6372958469839874,0.3412820311310546,-0.978577878115042,0.978577878115042,0.08319961299162569
1000.0,0.805231799518,0.0784414713467,6.599092529,53.0,1.000773054424837,-0.19554125490683705,6.806139303715041,-0.20704677471504063,-0.8957216422638018,-0.8109735412927506,-0.08474810097105123,0.08474810097105123,0.0974147709934629
1721.0,0.805280220782,0.0630186854631,6.439942899,59.0,0.9666522689196108,-0.16137204813761075,6.697458525087875,-0.2575156260878746,-0.7392017405337825,-1.0086530423578373,0.26945130182405475,0.26945130182405475,0.07825684008717257
828.0,0.805322737859,0.0468262002013,6.628396091,65.0,0.9325314834143845,-0.12720874555538453,6.588777746460708,0.03961834453929214,-0.5827088842887606,0.15517956855597448,-0.737888452844735,0.737888452844735,0.05814588114796104
8541.0,0.805417883497,0.0687253218519,7.008492152,50.0,1.0178334471774502,-0.21241556368045011,6.860479693028624,0.14801245897137605,-0.9730182903494877,0.5797443025744707,-1.5527625929239584,1.5527625929239584,0.0853287756083901
7713.0,0.805417914411,0.103462286541,6.676115128,62.0,0.9495918761669977,-0.14417396175599773,6.643118135774291,0.0329969922257094,-0.6604219547291322,0.12924464857818907,-0.7896666033073213,0.7896666033073213,0.12845789085367154
4405.0,0.806561158743,0.037764394314,6.944693894,52.0,1.0064598520090415,-0.19989869326604148,6.824252766819568,0.12044112718043198,-0.9156818897575056,0.4717512144839513,-1.387433104241457,1.387433104241457,0.04682148886620651
6140.0,0.807170776063,0.0608070384864,6.465125473,82.0,0.8358559244829101,-0.0286851484199101,6.280848873683736,0.18427659931626383,-0.13139891253896416,0.7217859178467059,-0.8531848303856701,0.8531848303856701,0.07533354810364688
6904.0,0.807748927704,0.0402274142504,6.743944547,69.0,0.909784293077567,-0.10203536537356706,6.516323894042596,0.22762065295740364,-0.467396432967266,0.8915585729567234,-1.3589550059239894,1.3589550059239894,0.049801878864445065
800.0,0.807969181672,0.0787726946796,6.712615279,70.0,0.9040974954933627,-0.09612831382136267,6.4982104309380695,0.21440484806193094,-0.44033782623080875,0.8397940955246729,-1.2801319217554816,1.2801319217554816,0.09749467735463486
2458.0,0.808444075257,0.0560274855712,6.718647253,62.0,0.9495918761669977,-0.14114780090999768,6.643118135774291,0.07552911722570954,-0.6465599297358642,0.29583709165018635,-0.9423970213860505,0.9423970213860505,0.06930285877027322
1629.0,0.80852168039,0.0136987450612,6.602883785,73.0,0.8870371027407495,-0.07851542235074949,6.443870041624486,0.15901374337551477,-0.3596579304175793,0.6228348099454362,-0.9824927403630155,0.9824927403630155,0.01694295328554733
6222.0,0.809791086514,0.0210686879347,6.861467792,61.0,0.955278673751202,-0.145487587237202,6.661231598878818,0.20023619312118157,-0.6664393180415671,0.7842974364317272,-1.4507367544732943,1.4507367544732943,0.026017436207401077
3945.0,0.810029557698,0.0420596772205,6.933541126,61.0,0.955278673751202,-0.145249116053202,6.661231598878818,0.2723095271211813,-0.6653469459962571,1.066598703800897,-1.7319456497971542,1.7319456497971542,0.05192363268820486
8536.0,0.810278532476,0.0464933596402,6.768570559,65.0,0.9325314834143845,-0.12225295093838451,6.588777746460708,0.1797928125392918,-0.5600077284882811,0.704223546030351,-1.264231274518632,1.264231274518632,0.05737947850861655
3614.0,0.810659663432,0.0601796521108,6.843899372,62.0,0.9495918761669977,-0.13893221273499767,6.643118135774291,0.20078123622570931,-0.6364109190852126,0.7864322947855673,-1.42284321387078,1.42284321387078,0.07423540953798549
907.0,0.810967618686,0.0636071533352,7.07318583,77.0,0.864289912403932,-0.05332229371793207,6.371416189206375,0.7017696407936249,-0.24425501677921846,2.7487344903074447,-2.992989507086663,2.992989507086663,0.07843365366210531
6299.0,0.811049407549,0.122442575143,6.141300667,76.0,0.8699767099881364,-0.05892730243913635,6.389529652310903,-0.24822898531090232,-0.26993004693616407,-0.9722785566022388,0.7023485096660748,0.7023485096660748,0.1509680840690369
1892.0,0.812507165658,0.0130569330565,6.344452315,75.0,0.8756635075723407,-0.06315634191434072,6.40764311541543,-0.06319080041543046,-0.2893021338430077,-0.24750961351875797,-0.04179252032424971,0.04179252032424971,0.016069929729082433
9429.0,0.812950103457,0.0559803991467,6.452054668,75.0,0.8756635075723407,-0.06271340411534065,6.40764311541543,0.044411552584569414,-0.28727315549299104,0.1739539006264998,-0.46122705611949083,0.46122705611949083,0.06886080573536825
2505.0,0.81354524772,0.0940749136988,6.146180849,74.0,0.8813503051565452,-0.06780505743654519,6.425756578519958,-0.2795757295199577,-0.31059664330061587,-1.0950594122528676,0.7844627689522518,0.7844627689522518,0.1156357485492657
1715.0,0.813735918206,0.0454446015962,6.981475111,55.0,0.9893994592564282,-0.17566354105042825,6.769912377505985,0.21156273349401467,-0.8046672071861742,0.8286619263852357,-1.63332913357141,1.63332913357141,0.05584686699880384
7237.0,0.813899062513,0.058789013303,6.663496756,73.0,0.8870371027407495,-0.0731380402277495,6.443870041624486,0.21962671437551418,-0.3350255961892428,0.8602474226644571,-1.1952730188537,1.1952730188537,0.07223133188221481
6183.0,0.814964681452,0.0284248840643,6.540992084,62.0,0.9495918761669977,-0.13462719471499773,6.643118135774291,-0.1021260517742908,-0.6166907949984218,-0.40001360069303676,-0.21667719430538507,0.21667719430538507,0.034878669850644535
6148.0,0.815298031045,0.0818201289531,6.668929409,70.0,0.9040974954933627,-0.08879946444836273,6.4982104309380695,0.17071897806193093,-0.40676634792862054,0.6686825930773899,-1.0754489410060104,1.0754489410060104,0.10035609781643637
7087.0,0.815711169148,0.0611201863554,6.688604085,60.0,0.9609654713354063,-0.14525430218740631,6.679345061983346,0.0092590230166536,-0.665370702275456,0.0362663108133951,-0.7016370130888512,0.7016370130888512,0.07492871088088601
8227.0,0.817126357474,0.0530497057265,6.145544734,56.0,0.9837126616722238,-0.16658630419822384,6.751798914401458,-0.6062541804014581,-0.7630868383563446,-2.3746136605140213,1.6115268221576766,1.6115268221576766,0.06492227945074942
6104.0,0.817838341201,0.0648204941924,6.926924065,85.0,0.8187955317302971,-0.0009571905292971028,6.226508484370153,0.7004155806298469,-0.004384631126919196,2.743430824178601,-2.74781545530552,2.74781545530552,0.07925832151279526
7751.0,0.817855648612,0.0466674250758,6.186126395,62.0,0.9495918761669977,-0.1317362275549977,6.643118135774291,-0.45699174077429117,-0.6034480557436304,-1.7899733568288385,1.1865253010852082,1.1865253010852082,0.05706071133090572
3258.0,0.818306481053,0.0351658282131,6.660546681,72.0,0.8927239003249539,-0.07441741927195389,6.461983504729013,0.1985631762709863,-0.34088608582913305,0.7777444611365909,-1.1186305469657238,1.1186305469657238,0.04297390895382922
2212.0,0.818434785673,0.0614166121391,6.35454546,57.0,0.9780258640880195,-0.15959107841501952,6.73368545129693,-0.3791399912969302,-0.7310435995547775,-1.4850388363255107,0.7539952367707332,0.7539952367707332,0.07504154663782654
1691.0,0.818916398609,0.0577836848245,6.603387941,60.0,0.9609654713354063,-0.14204907272640632,6.679345061983346,-0.07595712098334584,-0.6506884123514853,-0.29751352309179957,-0.35317488925968576,0.35317488925968576,0.0705611524236791
458.0,0.819406304932,0.0456009164425,6.292837692,76.0,0.8699767099881364,-0.050570405056136414,6.389529652310903,-0.09669196031090266,-0.23164935853771274,-0.37872901703392,0.14707965849620724,0.14707965849620724,0.055651166177302334
887.0,0.819533839914,0.0606234423664,6.822414839,56.0,0.9837126616722238,-0.16417882175822385,6.751798914401458,0.07061592459854271,-0.7520588119385666,0.2765927965898515,-1.028651608528418,1.028651608528418,0.07397308007776919
8055.0,0.819975016989,0.0383859068835,6.030822672,81.0,0.8415427220671146,-0.021567705078114563,6.298962336788264,-0.2681396647882641,-0.0987958281316862,-1.0502659305544495,0.9514701024227633,0.9514701024227633,0.04681350783644052
7195.0,0.82036708243,0.046932634786,6.766994285,63.0,0.9439050785827933,-0.12353799615279326,6.625004672669763,0.14198961233023688,-0.5658941733225533,0.55615364642467,-1.1220478197472232,1.1220478197472232,0.05720931006517397
9908.0,0.82064986894,0.0342709685052,6.62434586,85.0,0.8187955317302971,0.001854337209702961,6.226508484370153,0.3978373756298472,0.008494217609360023,1.5582739012341351,-1.549779683624775,1.549779683624775,0.04176076765779103
9190.0,0.820787823861,0.0234716347054,6.626393606,63.0,0.9439050785827933,-0.12311725472179325,6.625004672669763,0.001388933330236597,-0.5639668705356129,0.0054402594920484,-0.5694071300276613,0.5694071300276613,0.028596470394734935
9793.0,0.82162193825,0.0401716457875,6.66646551,61.0,0.955278673751202,-0.13365673550120205,6.661231598878818,0.005233911121181656,-0.6122453836137743,0.020500504982982753,-0.6327458885967571,0.6327458885967571,0.04889310267574273
6184.0,0.822047612685,0.054455431746,6.696256307,73.0,0.8870371027407495,-0.0649894900557495,6.443870041624486,0.252386265375514,-0.29769929005701384,0.9885620468463348,-1.2862613369033487,1.2862613369033487,0.06624364684684846
330.0,0.823620013742,0.0408517401208,6.729534941,56.0,0.9837126616722238,-0.16009264793022382,6.751798914401458,-0.022263973401457804,-0.7333411539510726,-0.0872049003297815,-0.6461362536212911,0.6461362536212911,0.04960022757970141
2247.0,0.823904236592,0.0723300973666,6.558101232,54.0,0.9950862568406327,-0.17118202024863272,6.788025840610513,-0.22992460861051267,-0.7841385715571547,-0.9005828481600191,0.11644427660286438,0.11644427660286438,0.0877894470670359
551.0,0.823992565753,0.115939315328,6.899450912,53.0,1.000773054424837,-0.17678048867183704,6.806139303715041,0.09331160828495921,-0.8097836423765262,0.3654886463154268,-1.175272288691953,1.175272288691953,0.14070432203723787
273.0,0.824067302738,0.0456525267278,6.625914881,64.0,0.9382182809985888,-0.11415097826058884,6.6068912095652355,0.019023671434764466,-0.5228947812690913,0.07451308629691954,-0.5974078675660108,0.5974078675660108,0.05539902696796423
7927.0,0.824499393038,0.0413885736345,6.399621716,77.0,0.864289912403932,-0.03979051936593203,6.371416189206375,0.028205526793625424,-0.18226961553439466,0.110477142082196,-0.29274675761659064,0.29274675761659064,0.0501984282632364
3344.0,0.824517241746,0.073943345545,6.470466661,63.0,0.9439050785827933,-0.11938783683679322,6.625004672669763,-0.15453801166976344,-0.5468834151070806,-0.6053039887274531,0.05842057362037245,0.05842057362037245,0.0896807753691328
6788.0,0.825010962261,0.0544894861877,7.074256323,61.0,0.955278673751202,-0.130267711490202,6.661231598878818,0.41302472412118174,-0.5967211805280843,1.6177606418791703,-2.2144818224072544,2.2144818224072544,0.06604698444050702
4621.0,0.825018861002,0.0670291861898,6.318511356,69.0,0.909784293077567,-0.08476543207556708,6.516323894042596,-0.19781253804259613,-0.3882875358558055,-0.7748043151567992,0.38651677930099365,0.38651677930099365,0.08124564098860948
6287.0,0.825093064649,0.0386668000544,6.780059164,53.0,1.000773054424837,-0.175679989775837,6.806139303715041,-0.02608013971504075,-0.8047425543518825,-0.10215229525417896,-0.7025902590977036,0.7025902590977036,0.04686356207690233
8120.0,0.825401490874,0.0442328391659,6.655398046,61.0,0.955278673751202,-0.12987718287720196,6.661231598878818,-0.00583355287881826,-0.5949322744951653,-0.022849218699324648,-0.5720830557958406,0.5720830557958406,0.05358948300306895
5862.0,0.825784616089,0.16041987142,6.311436733,75.0,0.8756635075723407,-0.04987889148334068,6.40764311541543,-0.09620638241543045,-0.22848172174737197,-0.3768270756682235,0.14834535392085152,0.14834535392085152,0.19426357465917063
7939.0,0.825858380147,0.0192591847753,6.701935614,64.0,0.9382182809985888,-0.11235990085158887,6.6068912095652355,0.09504440443476447,-0.5146903397103245,0.37227576884790803,-0.8869661085582325,0.8869661085582325,0.023320202637977627
3489.0,0.825973712382,0.0318331491131,6.482627104,70.0,0.9040974954933627,-0.0781237831113627,6.4982104309380695,-0.015583326938069852,-0.3578639369053376,-0.06103773337924485,-0.29682620352609274,0.29682620352609274,0.038540147992479526
7060.0,0.8269986674,0.0277912027145,6.386351645,71.0,0.8984106979091583,-0.07141203050915823,6.480096967833541,-0.09374532283354053,-0.3271192121352158,-0.3671874461342468,0.04006823399903103,0.04006823399903103,0.0336048941915139
7953.0,0.827055423143,0.0294637720892,6.041275184,73.0,0.8870371027407495,-0.05998167959774958,6.443870041624486,-0.40259485762448577,-0.27475986374657807,-1.5769082993122436,1.3021484355656656,1.3021484355656656,0.035624906463016616
1931.0,0.827163183974,0.0327316262462,6.64714026,65.0,0.9325314834143845,-0.1053682994403845,6.588777746460708,0.05836251353929178,-0.4826637031773761,0.22859788252604596,-0.7112615857034221,0.7112615857034221,0.03957094184117948
3182.0,0.827264558634,0.0567394388311,6.779878898,69.0,0.909784293077567,-0.08251973444356708,6.516323894042596,0.2635550039574035,-0.37800060191993945,1.0323084490397225,-1.410309050959662,1.410309050959662,0.06858681208921798
3173.0,0.830445394696,0.0982991427211,6.386344957,65.0,0.9325314834143845,-0.10208608871838454,6.588777746460708,-0.20243278946070742,-0.4676287829015174,-0.7929012000726131,0.32527241717109573,0.32527241717109573,0.11836918278905531
1374.0,0.83065939963,0.0414534228668,6.419529113,75.0,0.8756635075723407,-0.045004107942340665,6.40764311541543,0.011885997584569985,-0.2061516557922086,0.04655580636898263,-0.2527074621611912,0.2527074621611912,0.04990423618304273
1332.0,0.831079668309,0.0391758716039,6.613089976,63.0,0.9439050785827933,-0.11282541027379323,6.625004672669763,-0.011914696669762748,-0.5168227125660926,-0.0466682167109581,-0.47015449585513447,0.47015449585513447,0.047138527264914624
1431.0,0.831560282173,0.118450057299,7.122441674,59.0,0.9666522689196108,-0.13509198674661071,6.697458525087875,0.4249831489121254,-0.6188198816817709,1.6646001355845996,-2.2834200172663706,2.2834200172663706,0.14244313952738466
9735.0,0.832431072784,0.0573354484657,6.356842537,65.0,0.9325314834143845,-0.10010041063038455,6.588777746460708,-0.23193520946070745,-0.45853292822451847,-0.9084580932289307,0.4499251650044122,0.4499251650044122,0.06887711228023495
3382.0,0.832608214078,0.0348220654042,6.497017898,74.0,0.8813503051565452,-0.04874209107854521,6.425756578519958,0.07126131948004222,-0.22327434632168655,0.2791207189557141,-0.5023950652774006,0.5023950652774006,0.041822870367380034
3075.0,0.832686776293,0.11427446508,6.223514996,85.0,0.8187955317302971,0.013891244562702965,6.226508484370153,-0.00299348837015323,0.06363203713058176,-0.011725079358048443,0.0753571164886302,0.0753571164886302,0.13723583505040543
561.0,0.832935117702,0.04524987662,6.424599688,77.0,0.864289912403932,-0.03135479470193203,6.371416189206375,0.05318349879362483,-0.14362784066533535,0.20831239904299512,-0.35194023970833044,0.35194023970833044,0.05432581200903224
8466.0,0.833170095635,0.0500096897372,6.291649628,85.0,0.8187955317302971,0.01437456390470293,6.226508484370153,0.06514114362984724,0.06584599241567149,0.25514883777380243,-0.18930284535813094,0.18930284535813094,0.06002338537977068
2816.0,0.833283369667,0.0356526474796,6.375839503,63.0,0.9439050785827933,-0.11062170891579326,6.625004672669763,-0.2491651696697632,-0.5067281522116184,-0.9759454610775836,0.46921730886596524,0.46921730886596524,0.042785742254579796
3350.0,0.833874548949,0.0409292630218,6.399123499,67.0,0.9211578882459758,-0.08728333929697574,6.5525508202516525,-0.1534273212516526,-0.399821388354106,-0.600953568186515,0.201132179832409,0.201132179832409,0.04908323808825498
3914.0,0.835083317283,0.0591169812843,6.572189117,58.0,0.9723390665038152,-0.13725574922081518,6.715571988192401,-0.14338287119240167,-0.6287314928033555,-0.5616108484262098,-0.06712064437714571,0.06712064437714571,0.07079171630040591
4964.0,0.835481314071,0.044374413112,5.929425216,70.0,0.9040974954933627,-0.0686161814223627,6.4982104309380695,-0.5687852149380692,-0.31431218306741426,-2.227852912116752,1.9135407290493376,1.9135407290493376,0.05311239445413739
9944.0,0.835554429824,0.05373812976,6.368135962,50.0,1.0178334471774502,-0.1822790173534502,6.860479693028624,-0.4923437310286234,-0.8349709162491199,-1.9284422065260174,1.0934712902768975,1.0934712902768975,0.06431433769230249
2934.0,0.835921897379,0.0505871222459,7.11456337,55.0,0.9893994592564282,-0.15347756187742823,6.769912377505985,0.34465099249401465,-0.7030392325189458,1.3499502046221836,-2.0529894371411297,2.0529894371411297,0.060516565488371483
4571.0,0.836219629989,0.0241777560861,6.858711451,61.0,0.955278673751202,-0.119059043762202,6.661231598878818,0.19747985212118113,-0.5453773028911285,0.7735012304784723,-1.3188785333696007,1.3188785333696007,0.028913164937802337
2168.0,0.836290346279,0.0507488426717,6.654153352,60.0,0.9609654713354063,-0.12467512505640632,6.679345061983346,-0.0251917099833463,-0.5711030535125429,-0.09867243903959345,-0.47243061447294943,0.47243061447294943,0.0606832817065299
6956.0,0.836331451035,0.0866057012854,6.626808885,70.0,0.9040974954933627,-0.06776604445836276,6.4982104309380695,0.1285984540619305,-0.31041793539110685,0.5037023341170688,-0.8141202695081756,0.8141202695081756,0.10355428003840024
7525.0,0.837285774643,0.0477690363984,6.244634584,74.0,0.8813503051565452,-0.0440645305135452,6.425756578519958,-0.18112199451995803,-0.20184770551861722,-0.7094297677614886,0.5075820622428714,0.5075820622428714,0.05705224887974199
6121.0,0.837457408975,0.0570530769144,7.617974745,83.0,0.8301691268987057,0.0072882820762942835,6.262735410579208,1.3552393344207916,0.03338565047959037,5.308284776940405,-5.274899126460815,5.274899126460815,0.06812654148493319
8864.0,0.838096217147,0.0692047354541,6.189147137,69.0,0.909784293077567,-0.07168807593056703,6.516323894042596,-0.3271767570425963,-0.3283837016073811,-1.2815060444804771,0.9531223428730959,0.9531223428730959,0.08257373561437
4502.0,0.838135936852,0.0585342163959,6.767602839,53.0,1.000773054424837,-0.16263711757283694,6.806139303715041,-0.03853646471504035,-0.7449966817222209,-0.15094199512101428,-0.5940546866012066,0.5940546866012066,0.06983857131308772
2396.0,0.838142631729,0.055281797448,6.541295131,72.0,0.8927239003249539,-0.0545812685959538,6.461983504729013,0.07931162627098676,-0.25002204044820214,0.3106526557160461,-0.5606746961642483,0.5606746961642483,0.0659575057457219
9091.0,0.838361155201,0.0665076802696,6.952464966,83.0,0.8301691268987057,0.008192028302294263,6.262735410579208,0.6897295554207918,0.03752546769682206,2.701575143412464,-2.664049675715642,2.664049675715642,0.07933058426789175
2162.0,0.838516966666,0.0455061880366,6.149801017,77.0,0.864289912403932,-0.025772945737932096,6.371416189206375,-0.22161517220637528,-0.11805889909704786,-0.8680359365933706,0.7499770374963228,0.7499770374963228,0.05426984765440784
5309.0,0.839239616669,0.0772936527145,6.907421409,55.0,0.9893994592564282,-0.1501598425874282,6.769912377505985,0.13750903149401505,-0.6878416570895309,0.5386038318342218,-1.2264454889237526,1.2264454889237526,0.09209962349166004
1696.0,0.840072408579,0.042945202001,6.980419019,51.0,1.0121466495932459,-0.17207424101424584,6.842366229924096,0.13805278907590424,-0.7882255937551949,0.5407336549739272,-1.328959248729122,1.328959248729122,0.05112083382626827
965.0,0.840158410946,0.0418807675459,5.774621875,77.0,0.864289912403932,-0.02413150145793208,6.371416189206375,-0.5967943142063747,-0.1105398864627747,-2.3375606747868063,2.2270207883240314,2.2270207883240314,0.049848655920427164
5605.0,0.841130358829,0.0234144146767,6.64862226,58.0,0.9723390665038152,-0.13120870767481518,6.715571988192401,-0.06694972819240164,-0.6010316297386474,-0.26223281302258755,-0.3387988167160599,0.3387988167160599,0.02783684411212662
1506.0,0.84116184797,0.0920467097647,6.214062843,85.0,0.8187955317302971,0.022366316239702977,6.226508484370153,-0.012445641370153027,0.10245405003237405,-0.04874785356837226,0.1512019036007463,0.1512019036007463,0.10942806070774484
5830.0,0.841197371639,0.0611319042465,6.805696463,70.0,0.9040974954933627,-0.06290012385436272,6.4982104309380695,0.3074860320619308,-0.2881284681550664,1.2043802018288847,-1.4925086699839512,1.4925086699839512,0.07267248603902529
3403.0,0.841206902952,0.0716990025104,7.22062999,62.0,0.9495918761669977,-0.10838497321499774,6.643118135774291,0.5775118542257092,-0.49648227046057214,2.2620339495969155,-2.7585162200574875,2.7585162200574875,0.08523349280514786
5320.0,0.841884075806,0.0460684924177,7.064895692,64.0,0.9382182809985888,-0.09633420519258884,6.6068912095652355,0.4580044824347649,-0.44128095895873626,1.793940125651678,-2.2352210846104144,2.2352210846104144,0.05472070768602567
6368.0,0.841897103822,0.0252614052859,7.023607978,71.0,0.8984106979091583,-0.05651359408715828,6.480096967833541,0.5435110101664593,-0.25887350129821307,2.128857352416774,-2.387730853714987,2.387730853714987,0.030005335772292845
8807.0,0.8422101957,0.0693380816151,6.229633344,75.0,0.8756635075723407,-0.033453311872340685,6.40764311541543,-0.1780097714154305,-0.15324058068325522,-0.6972396208932483,0.5439990402099931,0.5439990402099931,0.08232871315155464
5093.0,0.842914104938,0.0995906148312,6.792285711,53.0,1.000773054424837,-0.15785894948683699,6.806139303715041,-0.013853592715040719,-0.7231091850553744,-0.05426260398987939,-0.668846581065495,0.668846581065495,0.11815037172562835
1177.0,0.843503957936,0.0652068607803,6.428462881,82.0,0.8358559244829101,0.007648033453089842,6.280848873683736,0.14761400731626395,0.035033574311231455,0.5781836226255802,-0.5431500483143488,0.5431500483143488,0.07730474785187375
1316.0,0.843558238478,0.0710970856158,6.632586251,65.0,0.9325314834143845,-0.08897324493638448,6.588777746460708,0.043808504539292414,-0.40756238937879125,0.1715918449532296,-0.5791542343320208,0.5791542343320208,0.08428236768107174
5894.0,0.843644702869,0.0632919320115,6.855491932,64.0,0.9382182809985888,-0.09457357812958889,6.6068912095652355,0.24860072243476417,-0.43321600220556533,0.9737345994320927,-1.406950601637658,1.406950601637658,0.07502202265510804
9826.0,0.843950720785,0.0607680783861,6.563017142,75.0,0.8756635075723407,-0.031712786787340685,6.40764311541543,0.15537402658456934,-0.14526770565859445,0.608578543363558,-0.7538462490221525,0.7538462490221525,0.07200429703949614
7982.0,0.844982324258,0.0608510379578,6.369041597,72.0,0.8927239003249539,-0.04774157606695384,6.461983504729013,-0.09294190772901345,-0.21869125745013773,-0.3640405804400425,0.14534932298990477,0.14534932298990477,0.07201456907543577
505.0,0.845253523303,0.104174896002,7.161603749,60.0,0.9609654713354063,-0.11571194803240636,6.679345061983346,0.4822586870166541,-0.530045161930209,1.8889404858750372,-2.418985647805246,2.418985647805246,0.12324692311830351
2008.0,0.84604770104,0.0489988389402,6.334259063,55.0,0.9893994592564282,-0.1433517582164282,6.769912377505985,-0.4356533145059851,-0.6566556625209269,-1.7063936964345183,1.0497380339135916,1.0497380339135916,0.05791498384780008
6927.0,0.84622847342,0.0521282654554,6.349515023,79.0,0.8529163172355232,-0.006687843815523231,6.33518926299732,0.01432576000268071,-0.030635205079860745,0.056112017862020136,-0.08674722294188088,0.08674722294188088,0.06160069897521365
6419.0,0.846233841262,0.283015488028,6.323348806,69.0,0.909784293077567,-0.06355045181556707,6.516323894042596,-0.192975088042596,-0.2911074447894219,-0.7558566934769829,0.464749248687561,0.464749248687561,0.33444123152287925
2053.0,0.846689627288,0.0440882109388,6.794217307,74.0,0.8813503051565452,-0.03466067786854521,6.425756578519958,0.3684607284800423,-0.15877119801231468,1.4432096429129246,-1.6019808409252394,1.6019808409252394,0.05207127797232772
3757.0,0.846729586736,0.0583563256376,6.218578296,76.0,0.8699767099881364,-0.023247123252136404,6.389529652310903,-0.17095135631090308,-0.10648878891174879,-0.6695927864950256,0.5631039975832768,0.5631039975832768,0.06891967229178068
792.0,0.847011226438,0.0440875690746,6.612137508,82.0,0.8358559244829101,0.011155301955089847,6.280848873683736,0.3312886343162642,0.051099423453747655,1.2976116982805768,-1.2465122748268291,1.2465122748268291,0.052050749386173746
1730.0,0.847278357514,0.107177251358,6.555161478,60.0,0.9609654713354063,-0.11368711382140628,6.679345061983346,-0.1241835839833465,-0.5207699436359773,-0.4864098994635742,-0.03436004417240307,0.03436004417240307,0.126495915312258
3884.0,0.847791979511,0.0957236200305,6.757217291,57.0,0.9780258640880195,-0.13023388457701945,6.73368545129693,0.023531839703069934,-0.5965662285807676,0.09217095703807486,-0.6887371856188425,0.6887371856188425,0.11290932486258322
6376.0,0.847939869183,0.0589264834739,6.039996946,80.0,0.8472295196513189,0.0007103495316811426,6.317075799892791,-0.2770788538927915,0.0032539192274382216,-1.0852794962299428,1.088533415457381,1.088533415457381,0.06949370540941346
8095.0,0.848522081159,0.0461566548916,6.852344746,68.0,0.9154710906617713,-0.06694900950277138,6.534437357147125,0.3179073888528752,-0.3066753190692575,1.2451992130569474,-1.5518745321262049,1.5518745321262049,0.05439652769973225
6545.0,0.851264093612,0.0526610174781,6.84248844,51.0,1.0121466495932459,-0.1608825559812459,6.842366229924096,0.00012221007590440536,-0.7369595092543358,0.0004786799416424419,-0.7374381891959783,0.7374381891959783,0.06186213875726152
5874.0,0.851470719921,0.0589767723256,6.843977928,58.0,0.9723390665038152,-0.1208683465828152,6.715571988192401,0.12840593980759873,-0.5536652301349436,0.5029482824454133,-1.0566135125803569,1.0566135125803569,0.06926459236445841
1465.0,0.852096586444,0.0280841128814,6.338538229,64.0,0.9382182809985888,-0.08612169455458885,6.6068912095652355,-0.2683529805652354,-0.39450020773227956,-1.0511014589093446,0.656601251177065,0.656601251177065,0.032958837446587626
3816.0,0.852330415499,0.0497789004482,6.859816929,54.0,0.9950862568406327,-0.14275584134163266,6.788025840610513,0.071791088389487,-0.6539259283684131,0.28119575040283773,-0.9351216787712509,0.9351216787712509,0.05840329001876198
4053.0,0.852700226566,0.0211454063599,6.736149462,51.0,1.0121466495932459,-0.15944642302724588,6.842366229924096,-0.10621676792409573,-0.7303809723175705,-0.4160363693017079,-0.3143446030158626,0.3143446030158626,0.02479817138674505
5248.0,0.852823333818,0.0677101960672,6.268417529,67.0,0.9211578882459758,-0.06833455442797576,6.5525508202516525,-0.28413329125165276,-0.3130221259178973,-1.1129107503492952,0.7998886244313979,0.7998886244313979,0.07939533709058898
1571.0,0.853285109745,0.0679595907237,6.79630148,65.0,0.9325314834143845,-0.07924637366938447,6.588777746460708,0.20752373353929254,-0.36300622086326845,0.8128417229501889,-1.1758479438134573,1.1758479438134573,0.07964464625898533
3894.0,0.855524340151,0.0698906347188,6.838638277,61.0,0.955278673751202,-0.09975433360020203,6.661231598878818,0.17740667812118183,-0.45694764287911876,0.6948773879860228,-1.1518250308651417,1.1518250308651417,0.08169333289391195
5265.0,0.855871380621,0.0481170981059,6.30476022,81.0,0.8415427220671146,0.014328658553885432,6.298962336788264,0.005797883211736021,0.0656357124098357,0.022709505553489707,0.042926206856346,0.042926206856346,0.05622001061770213
3234.0,0.856358990085,0.0423221247375,6.813827162,62.0,0.9495918761669977,-0.09323288608199765,6.643118135774291,0.17070902622570916,-0.4270746542674507,0.6686436131132043,-1.0957182673806551,1.0957182673806551,0.049421008277497284
3462.0,0.856388817272,0.0605013140318,6.618198325,65.0,0.9325314834143845,-0.07614266614238452,6.588777746460708,0.02942057853929203,-0.3487889754819015,0.11523633148948506,-0.46402530697138655,0.46402530697138655,0.07064701548126825
8248.0,0.857675332496,0.0353237002671,6.75878149,67.0,0.9211578882459758,-0.06348255574997574,6.5525508202516525,0.20623066974834714,-0.2907964312623599,0.8077769711659427,-1.0985734024283027,1.0985734024283027,0.04118539840046611
5434.0,0.858612364848,0.0416130363745,6.51209639,54.0,0.9950862568406327,-0.1364738919926327,6.788025840610513,-0.275929450610513,-0.6251500161437263,-1.0807774427616585,0.4556274266179322,0.4556274266179322,0.04846545202253959
372.0,0.85950133086,0.0549842356709,6.19916922,70.0,0.9040974954933627,-0.04459616463336269,6.4982104309380695,-0.29904121093806957,-0.2042829777434645,-1.171303007065396,0.9670200293219315,0.9670200293219315,0.06397225192878278
2349.0,0.860449940959,0.0749455015122,6.606901748,64.0,0.9382182809985888,-0.07776834003958888,6.6068912095652355,1.0538434764839621e-05,-0.35623574825464993,4.127758943691375e-05,-0.3562770258440868,0.3562770258440868,0.08710036219965424
4263.0,0.861658145286,0.108183514042,6.212437835,74.0,0.8813503051565452,-0.01969215987054518,6.425756578519958,-0.21331874351995772,-0.09020446241571774,-0.8355399744555068,0.745335512039789,0.745335512039789,0.12555270861635262
9011.0,0.862215816813,0.0507711475172,6.743860887,56.0,0.9837126616722238,-0.12149684485922385,6.751798914401458,-0.007938027401457326,-0.5565442108828832,-0.03109215394201981,-0.5254520569408634,0.5254520569408634,0.05888450029235709
4728.0,0.86256972239,0.0538754641268,6.300410378,62.0,0.9495918761669977,-0.08702215377699773,6.643118135774291,-0.3427077577742912,-0.3986249680743974,-1.342338823356351,0.9437138552819535,0.9437138552819535,0.06245925718041943
8956.0,0.862960860762,0.0539939686611,6.424444089,71.0,0.8984106979091583,-0.035449837147158325,6.480096967833541,-0.05565287883354131,-0.1623861233915337,-0.21798461865870702,0.05559849526717334,0.05559849526717334,0.06256827060896247
7582.0,0.864146693481,0.0769771833596,6.455387692,62.0,0.9495918761669977,-0.08544518268599766,6.643118135774291,-0.18773044377429038,-0.3914012896945787,-0.7353141482432195,0.3439128585486408,0.3439128585486408,0.0890788380494943
6201.0,0.865126375307,0.049357636247,6.706537968,70.0,0.9040974954933627,-0.03897112018636273,6.4982104309380695,0.20832753706193063,-0.17851616934145134,0.8159901100243394,-0.9945062793657907,0.9945062793657907,0.0570525158587205
8017.0,0.865166571786,0.0501138126064,6.32280239,78.0,0.8586031148197276,0.006563456966272363,6.353302726101847,-0.030500336101847658,0.030065422539904713,-0.11946559231930738,0.1495310148592121,0.1495310148592121,0.05792388915691453
3785.0,0.866137157153,0.0344816381603,7.02281086,56.0,0.9837126616722238,-0.11757550451922383,6.751798914401458,0.27101194559854225,-0.538581610556453,1.0615162566872973,-1.6000978672437505,1.6000978672437505,0.039810828891859835
5608.0,0.866172441643,0.0358215717231,6.42594294,54.0,0.9950862568406327,-0.12891381519763268,6.788025840610513,-0.3620829006105133,-0.5905193475122695,-1.4182285744552,0.8277092269429304,0.8277092269429304,0.04135616651016028
9459.0,0.86652328871,0.0358106262805,6.632140805,61.0,0.955278673751202,-0.08875538504120206,6.661231598878818,-0.029090793878818744,-0.40656443207720194,-0.11394461064845222,-0.2926198214287497,0.2926198214287497,0.041326790343755866
9381.0,0.866736593459,0.0421156532551,6.718270022,51.0,1.0121466495932459,-0.14541005613424585,6.842366229924096,-0.12409620792409637,-0.6660841690122765,-0.4860676595407751,-0.18001650947150144,0.18001650947150144,0.04859106396676239
1805.0,0.867354137763,0.137199667453,6.348188258,71.0,0.8984106979091583,-0.03105656014615832,6.480096967833541,-0.13190870983354053,-0.14226170876542132,-0.5166681475154281,0.3744064387500068,0.3744064387500068,0.15818183309398023
889.0,0.868144198788,0.0553212826617,6.542760829,80.0,0.8472295196513189,0.020914679136681102,6.317075799892791,0.22568502910720856,0.09580449277905013,0.883977002412754,-0.7881725096337039,0.7881725096337039,0.06372361036211843
4988.0,0.869211316089,0.0664700323293,6.514808158,59.0,0.9666522689196108,-0.09744095283061072,6.697458525087875,-0.18265036708787452,-0.44635067078181345,-0.7154161914356744,0.2690655206538609,0.2690655206538609,0.07647166011181339
5984.0,0.869611190432,0.0500305752158,6.251607742,74.0,0.8813503051565452,-0.011739114724545252,6.425756578519958,-0.17414883651995794,-0.05377371197092178,-0.6821168736338838,0.6283431616629621,0.6283431616629621,0.057532119832710664
2825.0,0.870412824443,0.0853332990944,6.34226955,70.0,0.9040974954933627,-0.03368467105036266,6.4982104309380695,-0.15594088093806935,-0.15430037455125192,-0.6107988333588394,0.45649845880758755,0.45649845880758755,0.09803773186477005
4688.0,0.872177357587,0.0607314270822,6.886388001,60.0,0.9609654713354063,-0.08878811374840634,6.679345061983346,0.20704293901665416,-0.40671435343973056,0.8109585173934017,-1.2176728708331324,1.2176728708331324,0.06963196940840329
6605.0,0.873066812184,0.0969106845939,6.932834817,57.0,0.9780258640880195,-0.10495905190401955,6.73368545129693,0.19914936570306985,-0.48078905081544937,0.7800404839568423,-1.2608295347722918,1.2608295347722918,0.11100030746956849
3955.0,0.873222296705,0.0702497886447,6.63441305,64.0,0.9382182809985888,-0.06499598429358888,6.6068912095652355,0.027521840434764577,-0.2977290384054404,0.1077992373027469,-0.4055282757081873,0.4055282757081873,0.08044891765794253
8199.0,0.873517448613,0.0269125825147,6.397940885,69.0,0.909784293077567,-0.03626684446456707,6.516323894042596,-0.11838300904259658,-0.16612861311033789,-0.46368985078033226,0.29756123766999437,0.29756123766999437,0.030809438961331214
3628.0,0.874164620131,0.0680455373328,6.159757244,65.0,0.9325314834143845,-0.058366863283384474,6.588777746460708,-0.4290205024607081,-0.26736282662647454,-1.68041389027482,1.4130510636483455,1.4130510636483455,0.07784064438869978
4679.0,0.874214960017,0.107401596101,6.591879717,54.0,0.9950862568406327,-0.12087129682363262,6.788025840610513,-0.19614612361051265,-0.553678744390804,-0.7682772006189945,0.21459845622819052,0.21459845622819052,0.12285490527285356
7371.0,0.874548852259,0.0486220135748,6.969925143,60.0,0.9609654713354063,-0.0864166190764063,6.679345061983346,0.2905800810166541,-0.39585117726120095,1.1381619330005999,-1.5340131102618009,1.5340131102618009,0.05559668101925592
7521.0,0.875382565437,0.0912099110425,6.550031715,73.0,0.8870371027407495,-0.011654537303749546,6.443870041624486,0.10616167337551463,-0.053386285663927585,0.41582057158532115,-0.4692068572492487,0.4692068572492487,0.10419434272941805
9483.0,0.875403018746,0.0429282849371,6.701087314,51.0,1.0121466495932459,-0.13674363084724583,6.842366229924096,-0.14127891592409636,-0.6263856169377968,-0.553369947030825,-0.07301566990697184,0.07301566990697184,0.049038310375710194
3345.0,0.875546976368,0.0444171617835,6.483962199,81.0,0.8415427220671146,0.034004254300885495,6.298962336788264,0.18499986221173526,0.15576429905216965,0.7246188384388444,-0.5688545393866749,0.5688545393866749,0.05073075800884392
3254.0,0.876033271247,0.0683571337308,6.512278937,72.0,0.8927239003249539,-0.016690629077953822,6.461983504729013,0.05029543227098632,-0.07645526104066153,0.1970002424610986,-0.2734555035017601,0.2734555035017601,0.07803029402467354
2682.0,0.876186037994,0.0804109394516,6.598282995,52.0,1.0064598520090415,-0.13027381401504157,6.824252766819568,-0.22596977181956834,-0.5967491345451221,-0.8850923001811811,0.288343165636059,0.288343165636059,0.09177381967384264
5652.0,0.876284668012,0.0739335849412,6.134067244,73.0,0.8870371027407495,-0.010752434728749538,6.443870041624486,-0.3098027976244859,-0.04925399756771798,-1.2134546516733524,1.1642006541056344,1.1642006541056344,0.08437165186163857
4624.0,0.877690377824,0.0632428680261,6.706876871,65.0,0.9325314834143845,-0.054841105590384576,6.588777746460708,0.11809912453929261,-0.2512122834968279,0.4625779144979178,-0.7137901979947456,0.7137901979947456,0.07205601157767491
6910.0,0.878088740623,0.0774330839913,6.283594799,55.0,0.9893994592564282,-0.11131071863342823,6.769912377505985,-0.486317578505985,-0.5098843195181529,-1.9048386016962375,1.3949542821780847,1.3949542821780847,0.0881836657378861
1558.0,0.878383376562,0.058742781128,6.477462152,68.0,0.9154710906617713,-0.037087714099771296,6.534437357147125,-0.05697520514712462,-0.1698887950631433,-0.2231639876913672,0.05327519262822389,0.05327519262822389,0.0668760164359209
101.0,0.878470258292,0.0666123408497,6.585608682,52.0,1.0064598520090415,-0.12798959371704155,6.824252766819568,-0.23864408481956811,-0.5862857386873442,-0.934735828853429,0.34845009016608475,0.34845009016608475,0.07582765633888805
698.0,0.879899367272,0.0251436290047,6.879890948,52.0,1.0064598520090415,-0.1265604847370415,6.824252766819568,0.05563818118043162,-0.5797393766771921,0.21792704998705079,-0.7976664266642429,0.7976664266642429,0.028575573457512722
2441.0,0.879942947377,0.0517812963384,6.815499997,52.0,1.0064598520090415,-0.12651690463204157,6.824252766819568,-0.008752769819568407,-0.5795397479940317,-0.03428338715473869,-0.5452563608392931,0.5452563608392931,0.05884619735035502
4581.0,0.879995431489,0.1842562251,6.817084363,56.0,0.9837126616722238,-0.10371723018322387,6.751798914401458,0.06528544859854257,-0.47510060112395114,0.25571406035044025,-0.7308146614743913,0.7308146614743913,0.2093831609878116
4778.0,0.88135549588,0.0315242156355,6.19178164,75.0,0.8756635075723407,0.005691988307659268,6.40764311541543,-0.21586147541543,0.026073460135622013,-0.845499503130451,0.871572963266073,0.871572963266073,0.035767877755189206
4170.0,0.881390836032,0.0451309928943,6.964182698,65.0,0.9325314834143845,-0.05114064738238455,6.588777746460708,0.3754049515392923,-0.2342614845220666,1.470409202885001,-1.7046706874070676,1.7046706874070676,0.051204291046953274
6859.0,0.881543774651,0.0817119369003,6.711882345,52.0,1.0064598520090415,-0.12491607735804156,6.824252766819568,-0.11237042181956802,-0.5722067908871996,-0.44013937935037667,-0.13206741153682294,0.13206741153682294,0.0926918653956231
8511.0,0.881560129148,0.023775469938,6.58446691,73.0,0.8870371027407495,-0.005476973592749568,6.443870041624486,0.1405968683755141,-0.025088535835931094,0.5506984612442676,-0.5757869970801986,0.5757869970801986,0.026969765478139583
3273.0,0.882100209144,0.062039308106,6.951097026,56.0,0.9837126616722238,-0.10161245252822382,6.751798914401458,0.1992981115985426,-0.46545918351806015,0.7806231010286143,-1.2460822845466746,1.2460822845466746,0.0703313608396076
1279.0,0.882122600894,0.0579795499044,6.257674133,72.0,0.8927239003249539,-0.010601299430953892,6.461983504729013,-0.2043093717290132,-0.048561687613943555,-0.8002515129173781,0.7516898253034345,0.7516898253034345,0.06572731482635155
2831.0,0.882896815197,0.0979577901053,6.605750385,61.0,0.955278673751202,-0.07238185855420198,6.661231598878818,-0.0554812138788181,-0.3315617323063887,-0.21731223080606193,-0.11424950150032676,0.11424950150032676,0.1109504399825508
7635.0,0.883159595085,0.0724144977708,6.180901091,63.0,0.9439050785827933,-0.060745483497793296,6.625004672669763,-0.44410358166976316,-0.27825864298904845,-1.7394922225821035,1.4612335795930549,1.4612335795930549,0.08199480385403099
5482.0,0.884863194748,0.0656776795933,6.973525492,65.0,0.9325314834143845,-0.047668288666384506,6.588777746460708,0.3847477455392925,-0.21835554767458945,1.5070036330381718,-1.7253591807127613,1.7253591807127613,0.0742235409757373
2318.0,0.884973048288,0.0583765723413,6.441033162,80.0,0.8472295196513189,0.03774352863668118,6.317075799892791,0.12395736210720898,0.1728929042180184,0.4855238197056952,-0.3126309154876768,0.3126309154876768,0.06596423750331241
4011.0,0.885459798426,0.0672038265055,6.421580127,56.0,0.9837126616722238,-0.09825286324622384,6.751798914401458,-0.33021878740145727,-0.4500698129709671,-1.2934212560853953,0.8433514431144282,0.8433514431144282,0.07589709507417731
6093.0,0.885633155399,0.0596678336784,6.810015218,52.0,1.0064598520090415,-0.12082669661004153,6.824252766819568,-0.014237548819568069,-0.5534744428658794,-0.05576650687471334,-0.4977079359911661,0.4977079359911661,0.06737308028121208
6976.0,0.886614867394,0.0301645750521,6.982512095,65.0,0.9325314834143845,-0.04591661602038455,6.588777746460708,0.3937343485392919,-0.21033160868569833,1.5422029123755676,-1.752534521061266,1.752534521061266,0.03402218501113321
2432.0,0.887352859335,0.054327441809,6.918297214,60.0,0.9609654713354063,-0.07361261200040636,6.679345061983346,0.23895215201665376,-0.3371994812232669,0.9359424853981665,-1.2731419666214334,1.2731419666214334,0.06122416943549838
3535.0,0.887919755083,0.0423746022249,6.502725306,60.0,0.9609654713354063,-0.0730457162524063,6.679345061983346,-0.17661975598334578,-0.33460268500942997,-0.6917951229581282,0.3571924379486982,0.3571924379486982,0.04772345922288772
2645.0,0.887990215733,0.0374756720049,6.521886362,65.0,0.9325314834143845,-0.044541267681384555,6.588777746460708,-0.06689138446070775,-0.20403150964275826,-0.2620042887059487,0.057972779063190455,0.057972779063190455,0.04220279834273326
55.0,0.888251865194,0.0757073609,6.731024413,61.0,0.955278673751202,-0.067026808557202,6.661231598878818,0.06979281412118166,-0.3070316955118366,0.27336878684799787,-0.5804004823598345,0.5804004823598345,0.08523186256801726
4431.0,0.888312934994,0.100758511394,6.803931179,60.0,0.9609654713354063,-0.07265253634140634,6.679345061983346,0.12458611701665401,-0.3328016340969061,0.48798656560559933,-0.8207881997025055,0.8207881997025055,0.11342682001436864
8475.0,0.888798134069,0.0191693796516,6.215219311,64.0,0.9382182809985888,-0.04942014692958885,6.6068912095652355,-0.3916718985652352,-0.2263803369257294,-1.5341245814694142,1.3077442445436849,1.3077442445436849,0.021567754157899507
4995.0,0.889184362937,0.0520712144099,6.296360975,73.0,0.8870371027407495,0.0021472601962504445,6.443870041624486,-0.14750906662448582,0.009836018646139375,-0.5777725844698101,0.5876086031159494,0.5876086031159494,0.058560650164727786
118.0,0.890267053583,0.0359622595202,6.250100014,85.0,0.8187955317302971,0.07147152185270289,6.226508484370153,0.02359152962984723,0.3273917259020201,0.092404754214412,0.2349869716876081,0.2349869716876081,0.04039491226308446
2395.0,0.890895575738,0.0420457910412,6.683637209,65.0,0.9325314834143845,-0.041635907676384476,6.588777746460708,0.09485946253929178,-0.190722840654794,0.3715513770571578,-0.5622742177119517,0.5622742177119517,0.04719497120228722
6159.0,0.891112007862,0.0294886462212,6.797448118,51.0,1.0121466495932459,-0.1210346417312459,6.842366229924096,-0.04491811192409578,-0.5544269832674159,-0.1759380234026986,-0.3784889598647173,0.3784889598647173,0.033091963704933815
6395.0,0.891323416829,0.0484920934825,6.628396612,59.0,0.9666522689196108,-0.0753288520906108,6.697458525087875,-0.06906191308787424,-0.34506111324996785,-0.27050594872781153,-0.07455516452215633,0.07455516452215633,0.05440459946067274
5613.0,0.891681417346,0.0480569582725,6.587182365,63.0,0.9439050785827933,-0.05222366123679323,6.625004672669763,-0.0378223076697628,-0.23922247829664156,-0.14814474088295618,-0.09107773741368538,0.09107773741368538,0.05389476256613791
5164.0,0.891788216795,0.0887564927219,6.725559518,54.0,0.9950862568406327,-0.1032980400456327,6.788025840610513,-0.0624663226105131,-0.4731804043928683,-0.24467193429458048,-0.2285084700982878,0.2285084700982878,0.09952642460435528
5275.0,0.892172978159,0.0463117703788,6.383278209,60.0,0.9609654713354063,-0.06879249317640634,6.679345061983346,-0.2960668529833459,-0.31511981956313806,-1.1596528588950885,0.8445330393319505,0.8445330393319505,0.051908958814650935
1031.0,0.892360809556,0.0937867568568,6.857371564,65.0,0.9325314834143845,-0.040170673858384576,6.588777746460708,0.26859381753929235,-0.1840110005247681,1.0520447839816334,-1.2360557845064015,1.2360557845064015,0.10509959183826577
7975.0,0.892563308305,0.0477627583803,6.371381898,79.0,0.8529163172355232,0.03964699106947678,6.33518926299732,0.03619263500268044,0.18161215119791244,0.14176153875005296,0.03985061244785948,0.03985061244785948,0.053511899868484036
7947.0,0.893500351236,0.02106965865,6.532880548,63.0,0.9439050785827933,-0.05040472734679324,6.625004672669763,-0.0921241246697635,-0.23089043372683296,-0.36083743745710095,0.129947003730268,0.129947003730268,0.023581030069942163
8397.0,0.893503512181,0.0546861995793,6.604266062,67.0,0.9211578882459758,-0.027654376064975783,6.5525508202516525,0.051715241748347296,-0.12667722295483122,0.20256143954519304,-0.32923866250002426,0.32923866250002426,0.0612042357234988
4570.0,0.893617982763,0.0331112870755,6.323598277,70.0,0.9040974954933627,-0.010479512730362739,6.4982104309380695,-0.17461215393806917,-0.048003815652288354,-0.6839316237927568,0.6359278081404685,0.6359278081404685,0.03705306709822734
4194.0,0.893724774457,0.0328481413711,6.641634475,85.0,0.8187955317302971,0.07492924272670298,6.226508484370153,0.41512599062984723,0.3432306107512801,1.62599101177543,-1.2827604010241498,1.2827604010241498,0.03675420253517928
8036.0,0.894256181818,0.0765953811637,6.434402527,55.0,0.9893994592564282,-0.09514327743842821,6.769912377505985,-0.3355098505059857,-0.4358256407739239,-1.3141456174717943,0.8783199766978704,0.8783199766978704,0.08565261579515564
1343.0,0.894274957362,0.0411242846271,6.678515948,72.0,0.8927239003249539,0.0015510570370461663,6.461983504729013,0.21653244327098697,0.007104973102119749,0.8481275912939278,-0.841022618191808,0.841022618191808,0.045986174932608564
5777.0,0.894499759465,0.0786797905919,6.322489016,60.0,0.9609654713354063,-0.06646571187040629,6.679345061983346,-0.3568560459833465,-0.3044614632301379,-1.3977557087819734,1.0932942455518355,1.0932942455518355,0.08795954359893664
8996.0,0.895060198822,0.0483741092563,6.675207393,71.0,0.8984106979091583,-0.003350499087158232,6.480096967833541,0.19511042516645904,-0.015347730821215095,0.7642205132543083,-0.7795682440755234,0.7795682440755234,0.054045648907152584
7111.0,0.895346860805,0.066455928258,6.250233004,67.0,0.9211578882459758,-0.025811027440975742,6.5525508202516525,-0.30231781625165244,-0.11823334108683006,-1.1841370162801357,1.0659036751933055,1.0659036751933055,0.07422366813041589
2546.0,0.895455358554,0.0331832153714,6.383936212,67.0,0.9211578882459758,-0.02570252969197573,6.5525508202516525,-0.16861460825165242,-0.11773634222097681,-0.6604400679785086,0.5427037257575318,0.5427037257575318,0.03705736422749756
943.0,0.895941286816,0.0323632670713,6.220445544,78.0,0.8586031148197276,0.03733817199627243,6.353302726101847,-0.13285718210184694,0.1710360749989237,-0.5203831820302379,0.6914192570291616,0.6914192570291616,0.03612208472534257
5332.0,0.896679594444,0.0211230516291,6.704120983,70.0,0.9040974954933627,-0.007417901049362685,6.4982104309380695,0.20591055206193065,-0.03397939996473452,0.8065231145234477,-0.8405025144881823,0.8405025144881823,0.02355696701473136
2560.0,0.897128497163,0.0391076368216,6.922045672,54.0,0.9950862568406327,-0.09795775967763265,6.788025840610513,0.13401983138948736,-0.4487180232771639,0.5249371182669986,-0.9736551415441626,0.9736551415441626,0.04359201267741526
7342.0,0.897199368676,0.053658277425,6.561937807,75.0,0.8756635075723407,0.02153586110365935,6.40764311541543,0.15429469158456932,0.09864995949077551,0.6043509376527425,-0.505700978161967,0.505700978161967,0.059806414603460645
6957.0,0.897531675423,0.0452316213631,6.906525532,56.0,0.9837126616722238,-0.08618098624922377,6.751798914401458,0.15472661759854223,-0.3947718069613849,0.6060427320292072,-1.0008145389905923,1.0008145389905923,0.05039557109979731
2103.0,0.897928940302,0.0462555552257,6.700553276,62.0,0.9495918761669977,-0.051662935864997706,6.643118135774291,0.05743514022570917,-0.23665394690860808,0.22496548969475666,-0.46161943660336474,0.46161943660336474,0.051513603303779125
2195.0,0.899144164556,0.084764186052,6.561702791,52.0,1.0064598520090415,-0.10731568745304154,6.824252766819568,-0.2625499758195682,-0.4915841613674039,-1.0283718930167614,0.5367877316493574,0.5367877316493574,0.09427207492789191
3523.0,0.899659963933,0.0401908611705,6.625080391,61.0,0.955278673751202,-0.05561870981820205,6.661231598878818,-0.036151207878818425,-0.25477427831118965,-0.1415992744433996,-0.11317500386779006,0.11317500386779006,0.04467339081623634
7491.0,0.900678594009,0.0751731557199,6.58863596,54.0,0.9950862568406327,-0.09440766283163271,6.788025840610513,-0.19938988061051255,-0.4324559890654594,-0.780982547538808,0.3485265584733486,0.3485265584733486,0.08346279818342041
6237.0,0.90157485968,0.0513383660684,6.361102328,74.0,0.8813503051565452,0.02022455452345473,6.425756578519958,-0.06465425051995766,0.09264321843712002,-0.25324174489538576,0.3458849633325058,0.3458849633325058,0.056942987614607796
6309.0,0.901671172481,0.053680090296,6.322346927,80.0,0.8472295196513189,0.054441652829681164,6.317075799892791,0.005271127107208784,0.24938249835509635,0.02064627484596497,0.22873622350913136,0.22873622350913136,0.05953399857322282
5842.0,0.902453612846,0.0399154301715,6.643392624,60.0,0.9609654713354063,-0.05851185848940632,6.679345061983346,-0.035952437983346464,-0.2680270104792382,-0.14082072029178266,-0.12720629018745555,0.12720629018745555,0.04422989680945674
7557.0,0.902751608207,0.0282162915431,6.705008696,52.0,1.0064598520090415,-0.10370824380204158,6.824252766819568,-0.11924407081956812,-0.47505943694039077,-0.46706251050663566,-0.007996926433755103,0.007996926433755103,0.03125587513396048
8382.0,0.902983883898,0.0827919762091,6.758965443,59.0,0.9666522689196108,-0.06366838502161076,6.697458525087875,0.06150691791212548,-0.29164766493399047,0.24091407896524655,-0.532561743899237,0.532561743899237,0.09168710282148523
2696.0,0.903091382617,0.0484384692315,6.584196908,84.0,0.8244823293145014,0.07860905330249857,6.2446219474746805,0.33957496052531955,0.36008682850308754,1.3300680904137712,-0.9699812619106836,0.9699812619106836,0.05363628771557297
5761.0,0.903929607134,0.0271024037014,7.244895871,52.0,1.0064598520090415,-0.10253024487504159,6.824252766819568,0.4206431041804315,-0.4696633422186905,1.6476007814518203,-2.1172641236705108,2.1172641236705108,0.029982869780458797
5229.0,0.903936041637,0.0545851652401,6.693847579,64.0,0.9382182809985888,-0.03428223936158881,6.6068912095652355,0.08695636943476437,-0.15703767348774134,0.3405960559179325,-0.49763372940567385,0.49763372940567385,0.06038609229614074
2601.0,0.904167782632,0.0658340954908,6.687489344,55.0,0.9893994592564282,-0.08523167662442821,6.769912377505985,-0.08242303350598501,-0.39042327612811484,-0.3228396069363354,-0.06758366919177944,0.06758366919177944,0.07281181297917882
6738.0,0.904761241157,0.0524318909882,6.625741247,60.0,0.9609654713354063,-0.05620423017840637,6.679345061983346,-0.05360381498334643,-0.2574563888400956,-0.20995871934578825,-0.04749766949430734,0.04749766949430734,0.057951079912696754
6167.0,0.906514235156,0.029201700749,6.766400594,68.0,0.9154710906617713,-0.0089568555057713,6.534437357147125,0.23196323685287545,-0.04102893441576521,0.9085678726423554,-0.9495968070581206,0.9495968070581206,0.03221317395415721
9633.0,0.907352914078,0.0459543336566,6.563959295,85.0,0.8187955317302971,0.08855738234770294,6.226508484370153,0.3374508106298473,0.4056574352499688,1.32174808946066,-0.9160906542106911,0.9160906542106911,0.050646592900730536
1001.0,0.90750630099,0.0436657621318,6.777670576,53.0,1.000773054424837,-0.09326675343483704,6.806139303715041,-0.028468727715040387,-0.4272297914579064,-0.1115080636389562,-0.3157217278189502,0.3157217278189502,0.048116208211628896
7146.0,0.907628510273,0.0552303713767,6.960728568,52.0,1.0064598520090415,-0.09883134173604158,6.824252766819568,0.13647580118043212,-0.45271966659474944,0.5345568117947617,-0.9872764783895112,0.9872764783895112,0.06085129626446793
5018.0,0.90900664102,0.0386561521725,6.534097783,66.0,0.9268446858301802,-0.017838044810180254,6.57066428335618,-0.03656650035618014,-0.08171126241243776,-0.1432259175606459,0.06151465514820814,0.06151465514820814,0.042525709305185906
9210.0,0.909511401007,0.0419716891608,6.633753352,68.0,0.9154710906617713,-0.0059596896547713385,6.534437357147125,0.09931599485287546,-0.027299727658481567,0.38900699691506996,-0.4163067245735515,0.4163067245735515,0.04614751295512014
6404.0,0.91004767277,0.0613836721917,6.185232098,79.0,0.8529163172355232,0.05713135553447679,6.33518926299732,-0.14995716499731948,0.26170329953379784,-0.5873614467429963,0.8490647462767942,0.8490647462767942,0.06745105122335031
5191.0,0.910340627917,0.05344349948,6.647064391,61.0,0.955278673751202,-0.04493804583420202,6.661231598878818,-0.014167207878818644,-0.20584904312859678,-0.055490991151776164,-0.15035805197682062,0.15035805197682062,0.05870714526087557
1561.0,0.91048631421,0.114140932938,6.004318499,80.0,0.8472295196513189,0.06325679455868116,6.317075799892791,-0.3127573008927911,0.2897622802586642,-1.2250270317867644,1.5147893120454285,1.5147893120454285,0.12536260145440675
908.0,0.911025931171,0.0668675614507,6.617875237,68.0,0.9154710906617713,-0.0044451594907714,6.534437357147125,0.08343787985287499,-0.0203620742901301,0.3268146195243754,-0.3471766938145055,0.3471766938145055,0.07339808798279851
481.0,0.912252059295,0.0560721043666,6.582102342,63.0,0.9439050785827933,-0.031653019287793294,6.625004672669763,-0.042902330669763344,-0.14499392689577484,-0.16804248740824793,0.023048560512473087,0.023048560512473087,0.0614655826701375
7696.0,0.912889904911,0.0364799188971,6.786606373,56.0,0.9837126616722238,-0.07082275676122385,6.751798914401458,0.03480745859854206,-0.32441990835149914,0.13633599461720994,-0.46075590296870905,0.46075590296870905,0.03996091828910795
469.0,0.912939714614,0.0541895431141,6.678078532,66.0,0.9268446858301802,-0.013904971216180173,6.57066428335618,0.10741424864381965,-0.06369491522043164,0.4207267354339061,-0.48442165065433773,0.48442165065433773,0.059357197684199635
40.0,0.913508639842,0.0672791965875,6.491756299,68.0,0.9154710906617713,-0.001962450819771311,6.534437357147125,-0.04268105814712442,-0.00898945683858369,-0.16717579358255447,0.15818633674397078,0.15818633674397078,0.07364921759156715
7184.0,0.913900879895,0.0616912275265,6.318703198,85.0,0.8187955317302971,0.09510534816470295,6.226508484370153,0.09219471362984688,0.4356518970216541,0.3611139246374194,0.07453797238423465,0.07453797238423465,0.06750319305260745
1251.0,0.914117773337,0.0400368936082,6.419538562,71.0,0.8984106979091583,0.015707075427841666,6.480096967833541,-0.06055840583354133,0.07194986758211615,-0.23719888851909246,0.3091487561012086,0.3091487561012086,0.04379839751068919
3033.0,0.914590367342,0.0152905441386,5.620543472,84.0,0.8244823293145014,0.09010803802749867,6.2446219474746805,-0.6240784754746809,0.4127605698429941,-2.4444289557122825,2.8571895255552766,2.8571895255552766,0.016718461821370007
9912.0,0.914663813886,0.0295342104227,5.995987197,71.0,0.8984106979091583,0.01625311597684176,6.480096967833541,-0.4841097708335411,0.07445113176560529,-1.8961909248170428,1.9706420565826481,1.9706420565826481,0.03228968936381365
9152.0,0.91480408557,0.0523432836953,6.546344484,64.0,0.9382182809985888,-0.023414195428588802,6.6068912095652355,-0.06054672556523588,-0.10725410139959096,-0.23715313852581701,0.12989903712622605,0.12989903712622605,0.05721802571824516
6213.0,0.915841034154,0.031357224109,6.44611148,69.0,0.909784293077567,0.006056741076432948,6.516323894042596,-0.07021241404259637,0.02774429399225185,-0.2750123016270336,0.3027565956192855,0.3027565956192855,0.034238719318758146
7360.0,0.915894704322,0.0529488870412,6.399828683,68.0,0.9154710906617713,0.0004236136602286944,6.534437357147125,-0.13460867414712485,0.0019404596927958004,-0.5272435337959683,0.5291839934887641,0.5291839934887641,0.057811107315437454
1161.0,0.915917682382,0.0674767619947,6.847121218,57.0,0.9780258640880195,-0.062108181706019505,6.73368545129693,0.11343576670306987,-0.28450079520170485,0.44431218771245184,-0.7288129829141567,0.7288129829141567,0.07367120789634193
2884.0,0.916827116582,0.0617157054771,6.872145928,72.0,0.8927239003249539,0.024103216257046145,6.461983504729013,0.41016242327098684,0.1104103196018001,1.6065494058677785,-1.4961390862659785,1.4961390862659785,0.0673144416879605
7442.0,0.917238555092,0.0596496154189,6.249326051,71.0,0.8984106979091583,0.018827857182841745,6.480096967833541,-0.23077091683354123,0.08624532538751577,-0.9038977202588443,0.99014304564636,0.99014304564636,0.06503173584206465
4834.0,0.917241845217,0.0507339909762,6.589726936,50.0,1.0178334471774502,-0.10059160196045014,6.860479693028624,-0.27075275702862367,-0.46078294295947403,-1.0605010509556514,0.5997181079961773,0.5997181079961773,0.055311465826330036
4803.0,0.917535766968,0.0523248472595,6.488257524,50.0,1.0178334471774502,-0.10029768020945018,6.860479693028624,-0.3722221690286238,-0.4594365668526613,-1.4579426845951418,0.9985061177424804,0.9985061177424804,0.05702758316703842
8514.0,0.917763723954,0.0480576553133,6.687922028,78.0,0.8586031148197276,0.059160609134272346,6.353302726101847,0.3346193018981527,0.2709987618537293,1.3106574619128313,-1.039658700059102,1.039658700059102,0.05236386453176999
5321.0,0.917916851282,0.0245990151274,6.543516831,76.0,0.8699767099881364,0.04794014129386359,6.389529652310903,0.15398717868909717,0.2196008310908962,0.6031464522306563,-0.3835456211397601,0.3835456211397601,0.02679874009616886
7566.0,0.919048046964,0.135286866681,7.014350479,56.0,0.9837126616722238,-0.06466461470822382,6.751798914401458,0.26255156459854234,-0.2962111238899543,1.0283781160439627,-1.324589239933917,1.324589239933917,0.14720325790137861
7398.0,0.91954453498,0.0605911272335,6.52334068,78.0,0.8586031148197276,0.060941420160272375,6.353302726101847,0.17003795389815224,0.27915617588653885,0.6660151157473727,-0.38685893986083386,0.38685893986083386,0.06589254237133588
7992.0,0.920198861505,0.0403047105132,6.734450491,53.0,1.000773054424837,-0.08057419291983703,6.806139303715041,-0.07168881271504102,-0.369088601996659,-0.2807951507508619,-0.08829345124579707,0.08829345124579707,0.043800000412172864
6872.0,0.92048635139,0.0573436549681,6.278020702,82.0,0.8358559244829101,0.08463042690708988,6.280848873683736,-0.002828171683735725,0.3876691136651526,-0.011077556793143461,0.3987466704582961,0.3987466704582961,0.062297126819432995
6304.0,0.921182236907,0.0657711314331,6.466837787,71.0,0.8984106979091583,0.022771538997841678,6.480096967833541,-0.013259180833540718,0.10431026597297234,-0.05193437497404472,0.15624464094701707,0.15624464094701707,0.07139861017504626
5962.0,0.921857181951,0.0547226684604,6.506794719,81.0,0.8415427220671146,0.08031445988388541,6.298962336788264,0.20783238221173583,0.3678988351537307,0.8140506570533699,-0.4461518218996392,0.4461518218996392,0.05936133007564799
9828.0,0.922160347668,0.0568558076797,7.053615594,68.0,0.9154710906617713,0.006689257006228688,6.534437357147125,0.5191782368528752,0.030641678524557247,2.0335492493528653,-2.002907570828308,2.002907570828308,0.061655012410238075
855.0,0.922214653276,0.0404087061417,6.649787283,56.0,0.9837126616722238,-0.06149800839622377,6.751798914401458,-0.10201163140145741,-0.28170575617336185,-0.3995654319394764,0.11785967576611456,0.11785967576611456,0.043817028929387984
9741.0,0.922290046212,0.0154515322565,6.958734558,57.0,0.9780258640880195,-0.055735817876019556,6.73368545129693,0.22504910670306977,-0.2553107186747364,0.8814861824288078,-1.1367969011035441,1.1367969011035441,0.016753441414620093
3730.0,0.922547450969,0.0723728454886,6.298379013,72.0,0.8927239003249539,0.02982355064404618,6.461983504729013,-0.16360449172901337,0.13661362546614544,-0.6408161354432352,0.7774297609093807,0.7774297609093807,0.07844891383373614
7471.0,0.923431711506,0.0930123237086,6.461699566,67.0,0.9211578882459758,0.0022738232600242325,6.5525508202516525,-0.09085125425165241,0.010415769836686899,-0.3558517803175341,0.366267550154221,0.366267550154221,0.10072463675403642
2819.0,0.923585192413,0.0368703881486,6.600219395,68.0,0.9154710906617713,0.00811410175122862,6.534437357147125,0.06578203785287506,0.03716850722661475,0.25765913168375715,-0.2204906244571424,0.2204906244571424,0.03992093902271297
6999.0,0.924043704436,0.110243613197,6.653813283,54.0,0.9950862568406327,-0.07104255240463264,6.788025840610513,-0.1342125576105131,-0.32542673279256323,-0.5256920001828378,0.20026526739027456,0.20026526739027456,0.11930562663622969
1173.0,0.92415852628,0.0742833237111,6.47751337,68.0,0.9154710906617713,0.0086874356182286,6.534437357147125,-0.05692398714712521,0.039794794723641155,-0.22296337387888632,0.2627581686025275,0.2627581686025275,0.08037941716570146
5946.0,0.925172518891,0.082981004747,6.471784494,78.0,0.8586031148197276,0.06656940407127243,6.353302726101847,0.11848176789815312,0.30493644917872464,0.4640766755397855,-0.15914022636106084,0.15914022636106084,0.08969246605645934
443.0,0.925389678234,0.0468454800373,6.675018522,53.0,1.000773054424837,-0.07538337619083701,6.806139303715041,-0.13112078171504038,-0.34531087341756445,-0.513581942200597,0.1682710687830326,0.1682710687830326,0.05062243629807847
5891.0,0.926310177379,0.0757274783336,6.152402769,77.0,0.864289912403932,0.06202026497506796,6.371416189206375,-0.21901342020637493,0.2840980724173599,-0.8578452343430714,1.1419433067604312,1.1419433067604312,0.0817517503131309
4755.0,0.927041482933,0.0576399089606,6.91019553,63.0,0.9439050785827933,-0.016863595649793228,6.625004672669763,0.2851908573302371,-0.0772475741607678,1.1170530902098461,-1.194300664370614,1.194300664370614,0.062176191704212874
9452.0,0.927398484883,0.051029902431,5.577877219,79.0,0.8529163172355232,0.07448216764747684,6.33518926299732,-0.7573120439973193,0.3411826806386783,-2.966286391224536,3.3074690718632143,3.3074690718632143,0.055024785205938634
3450.0,0.927572441831,0.0270020363536,6.60491449,85.0,0.8187955317302971,0.1087769101007029,6.226508484370153,0.37840600562984683,0.49827762741015724,1.4821639161220352,-0.983886288711878,0.983886288711878,0.029110434005886157
1987.0,0.927637671311,0.035270104555,6.975949236,66.0,0.9268446858301802,0.0007929854808197412,6.57066428335618,0.4052849526438198,0.0036324521774682233,1.5874450289340687,-1.5838125767566005,1.5838125767566005,0.03802142328389264
2615.0,0.927815308436,0.016274038843,6.2959971,72.0,0.8927239003249539,0.03509140811104616,6.461983504729013,-0.16598640472901316,0.16074425684519092,-0.6501457587774776,0.8108900156226685,0.8108900156226685,0.01754017065145522
1822.0,0.927850068412,0.0411055757087,6.414483883,78.0,0.8586031148197276,0.0692469535922724,6.353302726101847,0.06118115689815262,0.3172015799069457,0.2396381181902947,0.07756346171665099,0.07756346171665099,0.04430195902130127
9286.0,0.928289218413,0.0337571423259,6.192162219,76.0,0.8699767099881364,0.058312508424863685,6.389529652310903,-0.19736743331090256,0.2671138417093917,-0.7730609015682296,1.0401747432776212,1.0401747432776212,0.03636489755166077
1638.0,0.929458578434,0.0380635660929,6.587491454,62.0,0.9495918761669977,-0.020133297732997657,6.643118135774291,-0.05562668177429053,-0.09222519574285595,-0.21788200840582433,0.12565681266296838,0.12565681266296838,0.040952407106760444
2678.0,0.9298869545,0.0547908769574,6.50586639,78.0,0.8586031148197276,0.07128383968027241,6.353302726101847,0.15256366389815312,0.32653200459260556,0.5975707419464301,-0.27103873735382455,0.27103873735382455,0.058922083692271005
7940.0,0.930179914441,0.0578541649251,6.926140813,52.0,1.0064598520090415,-0.07627993756804152,6.824252766819568,0.10188804618043168,-0.34941777878422237,0.3990813657448466,-0.748499144529069,0.748499144529069,0.06219674713129877
5654.0,0.930840072872,0.0286591911172,6.452000356,82.0,0.8358559244829101,0.09498414838908986,6.280848873683736,0.17115148231626431,0.4350967136047026,0.6703766523412623,-0.23527993873655972,0.23527993873655972,0.03078852313349098
2336.0,0.931105771355,0.114100312416,6.83701718,63.0,0.9439050785827933,-0.012799307227793322,6.625004672669763,0.21201250733023702,-0.05863016730346823,0.8304236282095896,-0.8890537955130579,0.8890537955130579,0.12254280440121695
83.0,0.935084216526,0.0568695599548,6.556599992,60.0,0.9609654713354063,-0.025881254809406284,6.679345061983346,-0.12274506998334633,-0.11855503368214679,-0.4807754393548141,0.36222040567266733,0.36222040567266733,0.06081758086568959
6512.0,0.935415658656,0.0133891350907,6.590926397,69.0,0.909784293077567,0.02563136557843293,6.516323894042596,0.07460250295740334,0.1174103586494631,0.29220767189411956,-0.17479731324465647,0.17479731324465647,0.014313567414444863
1650.0,0.936516880975,0.0714098374596,6.914069023,68.0,0.9154710906617713,0.02104579031322862,6.534437357147125,0.3796316658528749,0.09640507764505313,1.4869646574659114,-1.3905595798208583,1.3905595798208583,0.0762504541138178
7251.0,0.936746699334,0.0672458383003,6.567804921,70.0,0.9040974954933627,0.0326492038406373,6.4982104309380695,0.06959449006193008,0.1495571791061403,0.27259197897510945,-0.12303479986896915,0.12303479986896915,0.07178657618768217
3870.0,0.936884841972,0.0698838244102,6.324930456,62.0,0.9495918761669977,-0.012707034194997746,6.643118135774291,-0.3181876797742911,-0.05820748947769845,-1.246297073776805,1.1880895842991066,1.1880895842991066,0.07459169076009937
2500.0,0.937336475091,0.0813671860605,6.759697472,50.0,1.0178334471774502,-0.08049697208645012,6.860479693028624,-0.10078222102862355,-0.36873487422841256,-0.3947500017781937,0.026015127549781136,0.026015127549781136,0.08680680654468352
6161.0,0.937684204973,0.0521672621748,6.49463253,62.0,0.9495918761669977,-0.011907671193997715,6.643118135774291,-0.14848560577429115,-0.054545823603856125,-0.5815975530722846,0.5270517294684285,0.5270517294684285,0.05563414836053693
2140.0,0.938383970545,0.0986435971502,6.622584943,64.0,0.9382182809985888,0.00016568954641116296,6.6068912095652355,0.015693733434764212,0.0007589790332892158,0.06147018033587666,-0.06071120130258744,0.06071120130258744,0.10512071843353123
8881.0,0.939773049871,0.0979002666207,6.420593448,72.0,0.8927239003249539,0.04704914954604611,6.461983504729013,-0.0413900567290133,0.21551943869122686,-0.16211911982706864,0.37763855851829553,0.37763855851829553,0.10417437128478892
4033.0,0.940063062425,0.0959044370377,6.806534964,64.0,0.9382182809985888,0.0018447814264112017,6.6068912095652355,0.19964375443476445,0.008450445148621291,0.7819769361477514,-0.7735264909991302,0.7735264909991302,0.10201915261972272
3478.0,0.94075172578,0.0226453198114,7.127441251,51.0,1.0121466495932459,-0.07139492381324586,6.842366229924096,0.28507502107590366,-0.3270408509844518,1.1165993756445447,-1.4436402266289965,1.4436402266289965,0.024071515566579712
6670.0,0.941428910122,0.0754388910885,6.947708424,52.0,1.0064598520090415,-0.0650309418870415,6.824252766819568,0.12345565718043172,-0.29788916969349977,0.48355871099191516,-0.7814478806854149,0.7814478806854149,0.08013232892829249
9399.0,0.94191836091,0.026568197039,6.101884178,60.0,0.9609654713354063,-0.0190471104254063,6.679345061983346,-0.5774608839833464,-0.08724966523690025,-2.2618343062167834,2.1745846409798832,2.1745846409798832,0.028206475360913558
4049.0,0.94260235685,0.0666000597224,6.264609652,85.0,0.8187955317302971,0.12380682511970298,6.226508484370153,0.038101167629847055,0.5671256061669583,0.149236996725461,0.4178886094414973,0.4178886094414973,0.07065552004873496
9668.0,0.942641747191,0.0649507078444,6.113581754,69.0,0.909784293077567,0.03285745411343299,6.516323894042596,-0.4027421400425961,0.15051111732464728,-1.5774851841458735,1.7279963014705206,1.7279963014705206,0.06890285523418427
8618.0,0.94274595821,0.0827449311072,6.414970727,71.0,0.8984106979091583,0.04433526030084167,6.480096967833541,-0.0651262408335409,0.20308784550750328,-0.25509046558465653,0.4581783110921598,0.4581783110921598,0.08777012554294959
1534.0,0.943791074566,0.0652502517297,6.348225673,60.0,0.9609654713354063,-0.017174396769406353,6.679345061983346,-0.33111938898334614,-0.0786712700934237,-1.296948787751433,1.2182775176580092,1.2182775176580092,0.06913633058005467
6147.0,0.943804549065,0.0391266735467,6.307036956,70.0,0.9040974954933627,0.039707053571637285,6.4982104309380695,-0.19117347493806935,0.1818872812879761,-0.7488000244637696,0.9306873057517457,0.9306873057517457,0.04145633074714639
4614.0,0.944927227334,0.0182190163759,6.715859229,73.0,0.8870371027407495,0.05789012459325049,6.443870041624486,0.2719891873755147,0.26517901552911327,1.065343977383074,-0.8001649618539607,0.8001649618539607,0.019280867191543195
9099.0,0.945479992405,0.0816209809309,6.165554011,79.0,0.8529163172355232,0.09256367516947683,6.33518926299732,-0.16963525199731944,0.42400917993637116,-0.6644377881746386,1.0884469681110098,1.0884469681110098,0.08632756016685475
8910.0,0.945551120349,0.0686604589973,6.310220296,62.0,0.9495918761669977,-0.004040755817997677,6.643118135774291,-0.332897839774291,-0.01850961035822492,-1.3039147331902472,1.2854051228320222,1.2854051228320222,0.0726142220337676
1030.0,0.945696439465,0.0566564794252,6.972789164,69.0,0.909784293077567,0.03591214638743301,6.516323894042596,0.45646526995740366,0.16450383707875463,1.7879112435534874,-1.6234074064747328,1.6234074064747328,0.059909794581918634
4273.0,0.946524901895,0.0838307949489,6.908303398,51.0,1.0121466495932459,-0.0656217476982458,6.842366229924096,0.06593716807590422,-0.3005954914450045,0.2582667552823601,-0.5588622467273646,0.5588622467273646,0.08856691966694767
1295.0,0.946594849155,0.0220261983911,6.358699892,60.0,0.9609654713354063,-0.0143706221804063,6.679345061983346,-0.32064516998334636,-0.06582793644194865,-1.2559227225717344,1.1900947861297857,1.1900947861297857,0.02326887623650414
5936.0,0.947275466812,0.0266786800358,6.201412432,66.0,0.9268446858301802,0.02043078098181983,6.57066428335618,-0.36925185135618044,0.09358788610867119,-1.4463083616509609,1.539896247759632,1.539896247759632,0.028163592292309157
7848.0,0.947822593709,0.0460507141547,6.397331848,83.0,0.8301691268987057,0.11765346681029432,6.262735410579208,0.1345964374207922,0.5389387347419635,0.5271956042336677,0.011743130508295785,0.011743130508295785,0.04858579491600352
4669.0,0.948542194157,0.0656125554664,6.828835103,61.0,0.955278673751202,-0.006736479594201983,6.661231598878818,0.16760350412118186,-0.030857992437810688,0.6564797131338994,-0.6873377055717101,0.6873377055717101,0.06917199453073565
7085.0,0.94872949199,0.0734091856498,6.317546555,60.0,0.9609654713354063,-0.012235979345406323,6.679345061983346,-0.36179850698334626,-0.05604971451776285,-1.4171146440051257,1.361064929487363,1.361064929487363,0.07737630828342981
7758.0,0.949094361392,0.0584537807497,6.247432379,85.0,0.8187955317302971,0.13029882966170292,6.226508484370153,0.02092389462984734,0.596863724461815,0.08195599737768335,0.5149077270841317,0.5149077270841317,0.061589008561770506
7985.0,0.949846055758,0.0666980850028,6.248836499,81.0,0.8415427220671146,0.1083033336908854,6.298962336788264,-0.05012583778826407,0.4961083018642963,-0.19633596436052803,0.6924442662248242,0.6924442662248242,0.07021988942152665
8852.0,0.951176033753,0.0782105818016,6.601325991,67.0,0.9211578882459758,0.030018145507024196,6.5525508202516525,0.04877517074834792,0.1375050119427527,0.1910455886279152,-0.053540576685162516,0.053540576685162516,0.08222513922371345
8099.0,0.95145540545,0.0664869457646,6.333004558,68.0,0.9154710906617713,0.03598431478822861,6.534437357147125,-0.20143279914712497,0.16483442101875742,-0.7889843765095292,0.9538187975282867,0.9538187975282867,0.06987920335914678
6373.0,0.951605846307,0.0554599545802,7.128542385,51.0,1.0121466495932459,-0.06054080328624589,6.842366229924096,0.2861761550759043,-0.27732105825628456,1.1209123650192763,-1.3982334232755609,1.3982334232755609,0.05828038446319919
3886.0,0.951855387472,0.0660709991045,6.633225326,66.0,0.9268446858301802,0.025010701641819844,6.57066428335618,0.06256104264381968,0.114567264894839,0.24504293954664355,-0.13047567465180454,0.13047567465180454,0.06941285406806982
987.0,0.952190320431,0.0856174722766,6.773306244,66.0,0.9268446858301802,0.025345634600819844,6.57066428335618,0.20264196064381945,0.11610150226191884,0.7937204946273737,-0.6776189923654549,0.6776189923654549,0.08991634386479172
4842.0,0.952244186877,0.040950689676,7.11164094,53.0,1.000773054424837,-0.04852886754783703,6.806139303715041,0.3055016362849594,-0.22229762695274205,1.1966075984024767,-1.4189052253552188,1.4189052253552188,0.04300439975412477
2529.0,0.952522368632,0.0242378068187,6.886458485,52.0,1.0064598520090415,-0.05393748337704152,6.824252766819568,0.06220571818043208,-0.24707303434806221,0.2436511828347702,-0.49072421718283243,0.49072421718283243,0.025445918769876258
2326.0,0.953054003137,0.0461215525774,6.873517025,56.0,0.9837126616722238,-0.03065865853522387,6.751798914401458,0.12171811059854232,-0.14043902902157177,0.4767529816748789,-0.6171920106964507,0.6171920106964507,0.048393430409598835
5230.0,0.953474496203,0.0434456974562,6.724190607,55.0,0.9893994592564282,-0.035924963053428294,6.769912377505985,-0.04572177050598558,-0.16456254676188065,-0.1790858427640119,0.014523296002131258,0.014523296002131258,0.04556566287741604
8717.0,0.953853969527,0.0575499894344,6.712749403,63.0,0.9439050785827933,0.0099488909442067,6.625004672669763,0.087744730330237,0.045573180654353604,0.3436839563602267,-0.2981107757058731,0.2981107757058731,0.060334171972821024
8501.0,0.954104400644,0.0749861271254,6.990485114,54.0,0.9950862568406327,-0.04098185619663264,6.788025840610513,0.20245927338948722,-0.18772680758828073,0.7930049339537105,-0.9807317415419913,0.9807317415419913,0.07859320958459678
5341.0,0.954230857527,0.0672750744501,6.766641912,52.0,1.0064598520090415,-0.052228994482041546,6.824252766819568,-0.0576108548195684,-0.2392469084517753,-0.22565373942303646,-0.013593169028738833,0.013593169028738833,0.07050188528219593
9937.0,0.954421559496,0.0894437989662,7.058691647,51.0,1.0121466495932459,-0.0577250900972458,6.842366229924096,0.21632541707590391,-0.2644230371047039,0.8473166983602033,-1.1117397354649072,1.1117397354649072,0.09371519123418844
2139.0,0.954993409999,0.00991011855234,6.51084152,81.0,0.8415427220671146,0.1134506879318854,6.298962336788264,0.21187918321173527,0.5196869405319202,0.82990141610235,-0.3102144755704298,0.3102144755704298,0.010377159097202961
4461.0,0.955187372853,0.0588458468005,6.393200602,80.0,0.8472295196513189,0.10795785320168116,6.317075799892791,0.07612480210720918,0.4945257491118985,0.29817030683071344,0.19635544228118507,0.19635544228118507,0.06160660041467714
3711.0,0.955306676682,0.0585467020919,6.647049137,66.0,0.9268446858301802,0.028461990851819774,6.57066428335618,0.07638485364381964,0.13037668802951882,0.2991888926833734,-0.16881220465385458,0.16881220465385458,0.061285766676776696
4078.0,0.955911160466,0.0835773696892,6.593671587,62.0,0.9495918761669977,0.0063192842990023035,6.643118135774291,-0.049446548774290555,0.02894693354060238,-0.19367528337198545,0.22262221691258782,0.22262221691258782,0.08743215180002357
3547.0,0.956264136317,0.049067883092,6.581416701,69.0,0.909784293077567,0.046479843239432994,6.516323894042596,0.06509280695740394,0.21291160035985482,0.25495950972230486,-0.04204790936245004,0.04204790936245004,0.05131206036961954
9849.0,0.957016514821,0.0407515660593,6.497277513,60.0,0.9609654713354063,-0.003948956514406299,6.679345061983346,-0.18206754898334587,-0.018089102557910772,-0.7131333736385382,0.6950442710806275,0.6950442710806275,0.04258188383188158
5747.0,0.957455890453,0.0584193257625,6.814695157,52.0,1.0064598520090415,-0.049003961556041586,6.824252766819568,-0.009557609819568214,-0.22447390420667204,-0.037435833967166564,-0.18703807023950547,0.18703807023950547,0.06101516147637897
8314.0,0.957894825292,0.0543193054651,6.397613523,70.0,0.9040974954933627,0.05379732979863727,6.4982104309380695,-0.10059690793806908,0.24643102868292927,-0.3940241560677174,0.6404551847506467,0.6404551847506467,0.05670696200758947
6847.0,0.958904501608,0.0895798953329,6.577649548,85.0,0.8187955317302971,0.14010896987770294,6.226508484370153,0.3511410636298473,0.6418013255286601,1.3753709144087136,-0.7335695888800535,0.7335695888800535,0.09341899551277762
5438.0,0.959710483554,0.0358920863225,6.377011716,81.0,0.8415427220671146,0.11816776148688546,6.298962336788264,0.07804937921173583,0.5412945796635031,0.3057086088018358,0.23558597086166733,0.23558597086166733,0.037398868656289365
1505.0,0.959813054802,0.0703859224901,6.170594171,80.0,0.8472295196513189,0.11258353515068109,6.317075799892791,-0.14648162889279082,0.5157147479956495,-0.5737482531713523,1.089463001167002,1.089463001167002,0.07333294972177674
531.0,0.960026909825,0.0554543120225,6.608583529,69.0,0.909784293077567,0.05024261674743302,6.516323894042596,0.09225963495740341,0.2301478488827473,0.36136821248607787,-0.13122036360333056,0.13122036360333056,0.057763289190100486
8573.0,0.960090306587,0.0428746284045,6.334028883,67.0,0.9211578882459758,0.03893241834102423,6.5525508202516525,-0.21852193725165225,0.17833888664741446,-0.8559201636781212,1.0342590503255356,1.0342590503255356,0.04465687041140317
1058.0,0.961101298168,0.0375660993462,6.476500706,61.0,0.955278673751202,0.005822624416798039,6.661231598878818,-0.18473089287881805,0.026671868846216012,-0.7235653228131351,0.7502371916593511,0.7502371916593511,0.03908651399993579
9511.0,0.961244060716,0.0494400245173,6.813098137,52.0,1.0064598520090415,-0.04521579129304154,6.824252766819568,-0.011154629819568385,-0.2071213200127846,-0.04369114012539093,-0.16343017988739367,0.16343017988739367,0.051433373206460915
6518.0,0.961378650185,0.0626642082836,6.608257692,51.0,1.0121466495932459,-0.050767999408245834,6.842366229924096,-0.23410853792409636,-0.23255448486339694,-0.916970719821509,0.6844162349581121,0.6844162349581121,0.06518161004671927
1682.0,0.961386671657,0.0353737892432,7.032355075,52.0,1.0064598520090415,-0.04507318035204155,6.824252766819568,0.20810230818043163,-0.20646805783372088,0.8151079196889331,-1.021575977522654,1.021575977522654,0.03679454925480861
3215.0,0.961570671156,0.0478504587672,7.135575644,55.0,0.9893994592564282,-0.027828788100428214,6.769912377505985,0.3656632664940149,-0.12747615735310158,1.4322523717525173,-1.5597285291056189,1.5597285291056189,0.04976281016316169
340.0,0.962370137257,0.0524721363944,6.486560081,72.0,0.8927239003249539,0.06964623693204619,6.461983504729013,0.024576576270987083,0.3190305889771859,0.09626304548218553,0.22276754349500036,0.22276754349500036,0.054523861831331295
4830.0,0.963009367656,0.0473965623543,6.851562563,55.0,0.9893994592564282,-0.026390091600428267,6.769912377505985,0.0816501854940146,-0.12088587750492782,0.31981246831023835,-0.4406983458151662,0.4406983458151662,0.04921713531163769
6574.0,0.963096461662,0.0848705660029,6.457041082,50.0,1.0178334471774502,-0.05473698551545014,6.860479693028624,-0.40343861102862366,-0.2507353375727704,-1.5802131645393076,1.3294778269665373,1.3294778269665373,0.08812260181751704
9809.0,0.96326388394,0.0475624195501,6.121109422,80.0,0.8472295196513189,0.11603436428868108,6.317075799892791,-0.19596637789279114,0.5315220636648355,-0.767573161536843,1.2990952252016785,1.2990952252016785,0.04937631353472667
1394.0,0.963440235842,0.0504888009231,6.460438355,85.0,0.8187955317302971,0.14464470411170294,6.226508484370153,0.23392987062984716,0.6625782982390289,0.9162709047747406,-0.2536926065357117,0.2536926065357117,0.052404704562681294
9096.0,0.963555322799,0.0977449753078,6.864102627,54.0,0.9950862568406327,-0.03153093404163265,6.788025840610513,0.07607678638948734,-0.14443468737754994,0.29798223591440876,-0.4424169232919587,0.4424169232919587,0.10144199611067879
2709.0,0.964044998043,0.0623181996116,6.80713832,60.0,0.9609654713354063,0.003079526707593705,6.679345061983346,0.12779325801665387,0.01410647958271145,0.5005484927246027,-0.4864420131418912,0.4864420131418912,0.06464241787271881
6303.0,0.964866724008,0.0467498641615,6.770977062,73.0,0.8870371027407495,0.07782962126725046,6.443870041624486,0.3271070203755144,0.35651646099686446,1.281232895613806,-0.9247164346169414,0.9247164346169414,0.048452146807699825
956.0,0.965079852532,0.092222901549,6.790048938,56.0,0.9837126616722238,-0.018632809140223805,6.751798914401458,0.03825002359854235,-0.08535186301745315,0.14982004493880088,-0.23517190795625403,0.23517190795625403,0.09555986616759475
4199.0,0.96517598631,0.0387640953142,7.165605343,61.0,0.955278673751202,0.009897312558798,6.661231598878818,0.5043737441211817,0.0453369140102349,1.975562101694138,-1.9302251876839032,1.9302251876839032,0.0401627225128139
8485.0,0.965328082996,0.0144899973989,6.68204019,60.0,0.9609654713354063,0.004362611660593707,6.679345061983346,0.00269512801665428,0.019983944989245214,0.010556443175275666,0.009427501813969548,0.009427501813969548,0.015010438061564239
5924.0,0.966437103434,0.0567045660297,6.242021464,82.0,0.8358559244829101,0.1305811789510899,6.280848873683736,-0.038827409683736214,0.5981570902495216,-0.15208158626851864,0.7502386765180402,0.7502386765180402,0.05867382970729711
6173.0,0.968338418747,0.0825003583059,6.836831719,85.0,0.8187955317302971,0.14954288701670293,6.226508484370153,0.6103232346298473,0.6850155503568257,2.3905515823766086,-1.7055360320197828,1.7055360320197828,0.0851978571837033
2798.0,0.968346599783,0.0544422238371,6.457426444,64.0,0.9382182809985888,0.030128318784411134,6.6068912095652355,-0.14946476556523525,0.13800968595132254,-0.5854327863631498,0.7234424723144723,0.7234424723144723,0.056221836116634415
434.0,0.968392890308,0.0589814979587,6.388774893,58.0,0.9723390665038152,-0.003946176195815165,6.715571988192401,-0.3267970951924015,-0.01807636666984637,-1.2800189615951245,1.261942594925278,1.261942594925278,0.06090657887826993
9484.0,0.969018657635,0.0496816807278,6.731435111,52.0,1.0064598520090415,-0.037441194374041586,6.824252766819568,-0.09281765581956858,-0.1715079926689278,-0.36355390291920897,0.19204591025028117,0.19204591025028117,0.05127009716103277
2906.0,0.96940639694,0.0558636740012,6.816250598,66.0,0.9268446858301802,0.042561711109819766,6.57066428335618,0.24558631464381975,0.19496369597816407,0.9619275816000731,-0.766963885621909,0.766963885621909,0.0576266818307963
5623.0,0.970128530684,0.0643463619485,6.42501822,70.0,0.9040974954933627,0.06603103519063724,6.4982104309380695,-0.07319221093806938,0.3024703268346903,-0.28668375337498175,0.589154080209672,0.589154080209672,0.0663276668124912
807.0,0.970694828135,0.0382092680086,6.517384426,77.0,0.864289912403932,0.10640491573106792,6.371416189206375,0.14596823679362458,0.487412162251809,0.5717373674219578,-0.0843252051701488,0.0843252051701488,0.03936280167682734
7984.0,0.97091405677,0.0711082308485,6.482820681,76.0,0.8699767099881364,0.10093734678186361,6.389529652310903,0.09329102868909711,0.46236670654628453,0.36540803888863815,0.09695866765764638,0.09695866765764638,0.07323843995529343
1851.0,0.971560336614,0.0561064118104,6.543232774,66.0,0.9268446858301802,0.04471565078381978,6.57066428335618,-0.027431509356180328,0.20483031150669617,-0.10744542297847605,0.3122757344851722,0.3122757344851722,0.05774876731375977
8033.0,0.973647461936,0.0457055009939,5.877754246,67.0,0.9211578882459758,0.05248957369002427,6.5525508202516525,-0.6747965742516522,0.24044055138009388,-2.643084724339467,2.883525275719561,2.883525275719561,0.046942556500911746
1268.0,0.975254546468,0.0312511726573,6.595955084,67.0,0.9211578882459758,0.05409665822202425,6.5525508202516525,0.04340426374834738,0.24780217129475385,0.17000848976105687,0.07779368153369698,0.07779368153369698,0.03204411891283135
8780.0,0.975426901793,0.0596053997237,6.618681499,61.0,0.955278673751202,0.020148228041797944,6.661231598878818,-0.042550099878818415,0.09229358745244415,-0.16666284818286953,0.2589564356353137,0.2589564356353137,0.06110698773443215
3265.0,0.975608470212,0.0150001496683,6.642554801,68.0,0.9154710906617713,0.06013737955022869,6.534437357147125,0.10811744385287536,0.2754730831498258,0.4234810536776598,-0.148007970527834,0.148007970527834,0.015375173674989171
4119.0,0.976168957393,0.0662401416442,6.774497942,80.0,0.8472295196513189,0.12893943774168115,6.317075799892791,0.4574221421072089,0.5906367174618744,1.7916591792407732,-1.2010224617788987,1.2010224617788987,0.06785725067625983
7823.0,0.976674917374,0.0617497042051,6.81514087,67.0,0.9211578882459758,0.05551702912802425,6.5525508202516525,0.2625900497483471,0.2543085065494406,1.028528857045687,-0.7742203504962464,0.7742203504962464,0.06322441900230971
5127.0,0.976740040654,0.00876871926964,6.824205373,84.0,0.8244823293145014,0.1522577113394986,6.2446219474746805,0.5795834255253194,0.6974514268782831,2.2701480074719895,-1.5726965805937065,1.5726965805937065,0.008977536401362937
6247.0,0.976785906274,0.0515926704466,6.918923208,61.0,0.955278673751202,0.02150723252279796,6.661231598878818,0.2576916091211814,0.09851881969893433,1.0093423435262554,-0.910823523827321,0.910823523827321,0.05281881128220092
1865.0,0.978986632319,0.0615938773018,6.588075087,66.0,0.9268446858301802,0.05214194648881976,6.57066428335618,0.01741080364381986,0.2388481651201876,0.06819570653643035,0.17065245858375727,0.17065245858375727,0.06291595336281346
5144.0,0.97920933229,0.051697214156,6.966805015,54.0,0.9950862568406327,-0.01587692455063272,6.788025840610513,0.17877917438948732,-0.0727279005106455,0.7002532657829637,-0.7729811662936091,0.7729811662936091,0.052794854431278536
6493.0,0.979281460026,0.0725724449351,6.816576588,54.0,0.9950862568406327,-0.01580479681463265,6.788025840610513,0.028550747389487263,-0.07239750284508108,0.11182932334432184,-0.18422682618940292,0.18422682618940292,0.07410785141707185
858.0,0.979358742486,0.0385221029731,6.879999386,50.0,1.0178334471774502,-0.0384747046914502,6.860479693028624,0.019519692971376124,-0.17624222411920093,0.07645593395855088,-0.2526981580777518,0.2526981580777518,0.0393340063267477
5396.0,0.979598390936,0.0584719787345,6.72019418,65.0,0.9325314834143845,0.047066907521615464,6.588777746460708,0.13141643353929222,0.21560078317808637,0.5147399694494309,-0.2991391862713445,0.2991391862713445,0.05968974558913924
3583.0,0.981061736419,0.0465588717166,6.564086401,71.0,0.8984106979091583,0.08265103850984168,6.480096967833541,0.08398943316645902,0.37860207036165233,0.32897497746544746,0.04962709289620487,0.04962709289620487,0.04745763695416947
2105.0,0.981286787422,0.0312215936081,6.480811162,70.0,0.9040974954933627,0.07718929192863733,6.4982104309380695,-0.017399268938069312,0.35358328535039785,-0.06815052669152252,0.4217338120419204,0.4217338120419204,0.031816991738087295
7576.0,0.981779953955,0.0730777777529,6.77413834,75.0,0.8756635075723407,0.10611644638265927,6.40764311541543,0.36649522458457007,0.4860907621277151,1.4355110363698882,-0.9494202742421731,0.9494202742421731,0.07443396807860424
8743.0,0.981810381027,0.0526624146108,6.884407012,58.0,0.9723390665038152,0.009471314523184837,6.715571988192401,0.16883502380759818,0.04338553213819787,0.6613034051843519,-0.6179178730461541,0.6179178730461541,0.053638070678895956
4260.0,0.982172111345,0.0564983191474,6.473615639,61.0,0.955278673751202,0.02689343759379803,6.661231598878818,-0.1876159598788183,0.12319156946759255,-0.734865730680281,0.8580573001478736,0.8580573001478736,0.0575238479028186
7861.0,0.982765027617,0.0860275092853,6.584859044,77.0,0.864289912403932,0.11847511521306797,6.371416189206375,0.2134428547936249,0.5427024840185368,0.8360261011254766,-0.29332361710693977,0.29332361710693977,0.08753619315687163
1189.0,0.985086489524,0.0434053848257,6.894328662,51.0,1.0121466495932459,-0.02706016006924583,6.842366229924096,0.05196243207590445,-0.12395528006964193,0.20352964982322438,-0.3274849298928663,0.3274849298928663,0.044062511553349754
3893.0,0.987960373244,0.075141986141,6.75413773,51.0,1.0121466495932459,-0.02418627634924586,6.842366229924096,-0.08822849992409587,-0.1107907954365653,-0.3455788148589473,0.23478801942238203,0.23478801942238203,0.07605769236904598
6072.0,0.988037647852,0.0292737526403,6.151182475,83.0,0.8301691268987057,0.1578685209532943,6.262735410579208,-0.11155293557920842,0.723153029356456,-0.4369373989659203,1.1600904283223763,1.1600904283223763,0.029628175306822893
627.0,0.988184125347,0.0687453715602,6.90337553,61.0,0.955278673751202,0.03290545159579794,6.661231598878818,0.2421439311211815,0.15073098081968797,0.9484442421001752,-0.7977132612804873,0.7977132612804873,0.06956737089462971
2992.0,0.990519625766,0.0641081983094,6.955477382,53.0,1.000773054424837,-0.01025342865883705,6.806139303715041,0.14933807828495915,-0.046968185621514745,0.5849365698320609,-0.6319047554535756,0.6319047554535756,0.06472178505279298
1296.0,0.990547220308,0.0542901095342,6.60453573,79.0,0.8529163172355232,0.13763090307247683,6.33518926299732,0.2693464670026806,0.6304499712097258,1.0549928076903636,-0.42454283648063784,0.42454283648063784,0.05480819936814226
3960.0,0.990776605325,0.115868624397,6.434674234,62.0,0.9495918761669977,0.04118472915800231,6.643118135774291,-0.20844390177429073,0.1886561137964031,-0.8164458944865416,1.0051020082829447,1.0051020082829447,0.11694727527300883
2345.0,0.991391826718,0.0680384340884,6.694357107,51.0,1.0121466495932459,-0.020754822875245882,6.842366229924096,-0.14800912292409585,-0.09507223444774747,-0.5797312357393052,0.4846590012915577,0.4846590012915577,0.06862920618746783
7352.0,0.993074674227,0.0304550820935,7.277659957,51.0,1.0121466495932459,-0.01907197536624583,6.842366229924096,0.4352937270759041,-0.08736356481095274,1.7049852422725131,-1.792348807083466,1.792348807083466,0.030667464274230886
9344.0,0.993382318265,0.0650220835287,6.838866236,78.0,0.8586031148197276,0.1347792034452724,6.353302726101847,0.485563509898153,0.6173871059103311,1.9018850193952677,-1.2844979134849366,1.2844979134849366,0.0654552455113806
6735.0,0.993510222179,0.0387476064726,6.749604954,55.0,0.9893994592564282,0.004110762922571731,6.769912377505985,-0.02030742350598569,0.01883029398434301,-0.07954136536464727,0.09837165934899028,0.09837165934899028,0.039000712431138805
9740.0,0.994284348274,0.043778422151,6.769483858,51.0,1.0121466495932459,-0.01786230131924582,6.842366229924096,-0.07288237192409586,-0.08182237492496688,-0.28547015686888505,0.20364778194391817,0.20364778194391817,0.04403008276957786
6618.0,0.996520902304,0.0637279238021,6.724253229,67.0,0.9211578882459758,0.07536301405802426,6.5525508202516525,0.17170240874834786,0.3452175999901656,0.6725345548743179,-0.3273169548841523,0.3273169548841523,0.06395041353850005
232.0,0.996834029048,0.0732569186681,7.033737596,57.0,0.9780258640880195,0.0188081649599805,6.73368545129693,0.30005214470306996,0.08615512063655668,1.1752626946120537,-1.089107573975497,1.089107573975497,0.07348958455808544
6472.0,0.996893373378,0.0144272497932,6.737348611,67.0,0.9211578882459758,0.07573548513202422,6.5525508202516525,0.18479779074834735,0.34692378931710816,0.7238273525029566,-0.37690356318584844,0.37690356318584844,0.014472209544650574
6954.0,0.997159968257,0.0490899982347,6.671524816,54.0,0.9950862568406327,0.002073711416367363,6.788025840610513,-0.11650102461051315,0.009499111562594474,-0.45631837840823136,0.46581748997082584,0.46581748997082584,0.04922981246480197
3930.0,0.997500125578,0.0880140526872,6.457161929,70.0,0.9040974954933627,0.09340263008463734,6.4982104309380695,-0.04104850193806975,0.4278522056689762,-0.16078129701510635,0.5886335026840825,0.5886335026840825,0.08823462817731514
929.0,0.998720287837,0.0798649883371,6.451641169,71.0,0.8984106979091583,0.10030958992784167,6.480096967833541,-0.02845579883354077,0.4594911220539236,-0.1114574230007278,0.5709485450546514,0.5709485450546514,0.07996732349361733
7626.0,1.00150805766,0.0551705794324,6.863037938,65.0,0.9325314834143845,0.06897657424561543,6.588777746460708,0.27426019153929193,0.31596304519192003,1.0742391861663247,-0.7582761409744048,0.7582761409744048,0.05508750429957075
2225.0,1.00190857325,0.0642644958413,6.254584848,62.0,0.9495918761669977,0.05231669708300224,6.643118135774291,-0.3885332877742904,0.23964865036450234,-1.5218310776880812,1.7614797280525836,1.7614797280525836,0.06414207599086438
5498.0,1.00259427553,0.0880624957434,6.557053468,68.0,0.9154710906617713,0.08712318486822856,6.534437357147125,0.022616110852875515,0.3990877641989293,0.088584173957159,0.31050359024177027,0.31050359024177027,0.08783462851595443
8820.0,1.00300516948,0.0385763893131,6.921632758,61.0,0.955278673751202,0.047726495728797946,6.661231598878818,0.2604011591211819,0.21862217849661805,1.0199552756129031,-0.8013330971162851,0.8013330971162851,0.03846080806652235
9445.0,1.0031094672,0.0494605641657,6.188446512,69.0,0.909784293077567,0.09332517412243302,6.516323894042596,-0.32787738204259664,0.4274974008391625,-1.2842502955713262,1.7117476964104887,1.7117476964104887,0.0493072449049457
9494.0,1.003261504,0.0490229173765,6.510143623,61.0,0.955278673751202,0.0479828302487979,6.661231598878818,-0.15108797587881817,0.21979637765644577,-0.5917906763524095,0.8115870540088552,0.8115870540088552,0.04886354871690562
1273.0,1.00500617988,0.0402770205044,6.134703135,73.0,0.8870371027407495,0.11796907713925053,6.443870041624486,-0.309166906624486,0.5403844603628959,-1.2109639546950686,1.7513484150579646,1.7513484150579646,0.04007639088270001
7071.0,1.00619626196,0.0984018275704,7.053063464,69.0,0.909784293077567,0.09641196888243297,6.516323894042596,0.5367395699574038,0.4416371734057023,2.102334558939079,-1.6606973855333766,1.6606973855333766,0.09779585881060632
1684.0,1.00692721246,0.0480209412908,6.621271161,66.0,0.9268446858301802,0.08008252662981974,6.57066428335618,0.05060687764381999,0.3668364115985261,0.19822013085237533,0.16861628074615076,0.16861628074615076,0.04769057852104441
1978.0,1.0077176992,0.0743532626892,6.413446381,67.0,0.9211578882459758,0.08655981095402432,6.5525508202516525,-0.1391044392516525,0.39650710055390953,-0.5448528230624015,0.941359923616311,0.941359923616311,0.07378382135019268
5787.0,1.00800377444,0.0437998473781,6.46900118,80.0,0.8472295196513189,0.16077425478868124,6.317075799892791,0.15192538010720913,0.7364634107603921,0.5950706727374119,0.14139273802298025,0.14139273802298025,0.043452066836191315
1765.0,1.00860746952,0.0519476794737,6.802948183,52.0,1.0064598520090415,0.0021476175109584883,6.824252766819568,-0.021304583819568457,0.009837655408249992,-0.08344710420967774,0.09328475961792773,0.09328475961792773,0.05150435728819467
996.0,1.0101142124,0.0372322300485,6.55823787,62.0,0.9495918761669977,0.060522336233002294,6.643118135774291,-0.08488026577429064,0.2772364656762328,-0.3324642454130722,0.6097007110893049,0.6097007110893049,0.036859425985144176
9920.0,1.01054750925,0.0702755650557,6.987872564,58.0,0.9723390665038152,0.038208442746184845,6.715571988192401,0.2723005758075985,0.17502255010719223,1.0665636427453193,-0.8915410926381271,0.8915410926381271,0.06954206943506946
9267.0,1.01062823439,0.0591106335944,6.62112612,62.0,0.9495918761669977,0.06103635822300224,6.643118135774291,-0.021992015774291218,0.27959106149419366,-0.0861396799693658,0.36573074146355944,0.36573074146355944,0.058488998805854946
46.0,1.01107717832,0.0742581645893,6.187070091,85.0,0.8187955317302971,0.19228164658970304,6.226508484370153,-0.03943839337015298,0.8807902574961677,-0.1544747247490743,1.035264982245242,1.035264982245242,0.07344460559646587
6390.0,1.01168161666,0.0519999177003,6.647317992,58.0,0.9723390665038152,0.03934255015618482,6.715571988192401,-0.0682539961924018,0.18021758965152118,-0.2673414501419568,0.447559039793478,0.447559039793478,0.05139948857820931
2850.0,1.01479527253,0.0592687656265,7.196549642,56.0,0.9837126616722238,0.031082610857776194,6.751798914401458,0.4447507275985423,0.14238104003494612,1.7420270035576464,-1.5996459635227003,1.5996459635227003,0.05840465287026439
8376.0,1.01483664684,0.0347095850024,6.510499714,71.0,0.8984106979091583,0.1164259489308418,6.480096967833541,0.030402746166458883,0.5333158070819399,0.11908334605825989,0.41423246102368005,0.41423246102368005,0.03420213993107044
3098.0,1.01535309095,0.0967734950598,6.825482122,68.0,0.9154710906617713,0.09988200028822858,6.534437357147125,0.29104476485287556,0.45753244947410565,1.1399820352299663,-0.6824495857558607,0.6824495857558607,0.09531018905871978
1119.0,1.01573450973,0.0461686079843,6.732113123,84.0,0.8244823293145014,0.19125218041549852,6.2446219474746805,0.48749117552531995,0.876074551172953,1.9094354186818225,-1.0333608675088697,1.0333608675088697,0.045453420694126494
6922.0,1.01623358712,0.0396284444022,6.775239944,55.0,0.9893994592564282,0.026834127863571644,6.769912377505985,0.005327566494014668,0.12291988762231693,0.020867340107422697,0.10205254751489423,0.10205254751489423,0.038995409032392625
5002.0,1.01683162608,0.0512102210258,6.095804961,66.0,0.9268446858301802,0.0899869402498199,6.57066428335618,-0.47485932235618034,0.412205853651014,-1.8599581992865133,2.2721640529375273,2.2721640529375273,0.05036253762407169
302.0,1.0172642204,0.0552186864029,6.499090551,65.0,0.9325314834143845,0.08473273698561545,6.588777746460708,-0.08968719546070769,0.38813776848482595,-0.35129232325154186,0.7394300917363679,0.7394300917363679,0.05428155762834889
8399.0,1.01820416967,0.0423541960182,6.688374371,69.0,0.909784293077567,0.1084198765924329,6.516323894042596,0.17205047695740383,0.4966421533997078,0.6738978898429405,-0.17725573644323273,0.17725573644323273,0.04159695793813828
6613.0,1.01829755743,0.0681041435324,6.607312031,80.0,0.8472295196513189,0.17106803777868107,6.317075799892791,0.2902362311072091,0.7836164486669083,1.1368151205273331,-0.35319867186042486,0.35319867186042486,0.06688039565201612
130.0,1.01878378211,0.0298123864039,6.581006357,59.0,0.9666522689196108,0.052131513190389334,6.697458525087875,-0.11645216808787495,0.23880037299975357,-0.4561270141755179,0.6949273871752715,0.6949273871752715,0.029262721813411333
6294.0,1.01923605796,0.0296481698852,6.899004601,51.0,1.0121466495932459,0.007089408366754091,6.842366229924096,0.05663837107590375,0.03247466376327158,0.2218446552847552,-0.18936999152148362,0.18936999152148362,0.029088619514247547
7886.0,1.02012805275,0.0567929506986,6.708915318,68.0,0.9154710906617713,0.10465696208822872,6.534437357147125,0.17447796085287504,0.47940525901130937,0.6834060080633322,-0.2040007490520228,0.2040007490520228,0.05567237421370873
5961.0,1.02197201212,0.0736502221107,6.74114891,63.0,0.9439050785827933,0.07806693353720673,6.625004672669763,0.1161442373302366,0.3576035243701452,0.4549208920451991,-0.09731736767505389,0.09731736767505389,0.07206677016322438
8093.0,1.02297828132,0.0962055927857,6.403609256,60.0,0.9609654713354063,0.062012809984593575,6.679345061983346,-0.2757358059833459,0.28406392312076284,-1.08001896357616,1.3640828866969228,1.3640828866969228,0.09404460929665205
8518.0,1.02311543153,0.026712702327,6.71003967,67.0,0.9211578882459758,0.10195754328402418,6.5525508202516525,0.1574888497483471,0.467039951007063,0.6168620128003421,-0.14982206179327912,0.14982206179327912,0.026109177423952017
1686.0,1.0240622852,0.0878789175396,6.667405867,77.0,0.864289912403932,0.15977237279606804,6.371416189206375,0.2959896777936253,0.731874060118219,1.159350574365451,-0.4274765142472321,0.4274765142472321,0.08581403573752078
761.0,1.02413491293,0.0965055200627,6.634666299,67.0,0.9211578882459758,0.10297702468402414,6.5525508202516525,0.08211547874834757,0.4717099197781054,0.32163495754594545,0.15007496223215994,0.15007496223215994,0.09423125688255507
328.0,1.02556170113,0.0238868583495,6.744858126,66.0,0.9268446858301802,0.0987170152998198,6.57066428335618,0.17419384264381943,0.45219596808797896,0.6822931563878559,-0.23009718829987696,0.23009718829987696,0.02329148828703394
4385.0,1.02704308262,0.0666183782569,6.440593152,68.0,0.9154710906617713,0.11157199195822876,6.534437357147125,-0.09384420514712488,0.5110811420080238,-0.3675747544616964,0.8786558964697202,0.8786558964697202,0.0648642490117899
8854.0,1.02812316389,0.066474146372,6.489293713,78.0,0.8586031148197276,0.1695200490702723,6.353302726101847,0.13599098689815303,0.7765255307490381,0.5326578613961848,0.2438676693528533,0.2438676693528533,0.06465582014560285
2924.0,1.02815204586,0.0662667346089,6.782173455,57.0,0.9780258640880195,0.05012618177198047,6.73368545129693,0.048488003703069715,0.2296144917276089,0.18992079508320842,0.03969369664440048,0.03969369664440048,0.06445227131116686
5833.0,1.02907735666,0.0475753342257,6.094743565,69.0,0.909784293077567,0.11929306358243297,6.516323894042596,-0.42158032904259635,0.5464492844420265,-1.6512717614345007,2.197721045876527,2.197721045876527,0.046231057284276206
5338.0,1.02936991459,0.0869155265442,6.247808919,75.0,0.8756635075723407,0.15370640701765925,6.40764311541543,-0.15983419641543062,0.7040875102592595,-0.6260484108728629,1.3301359211321224,1.3301359211321224,0.0844356584666831
1342.0,1.02990683944,0.065086090043,6.238074847,78.0,0.8586031148197276,0.17130372462027232,6.353302726101847,-0.11522787910184729,0.784696066392133,-0.45133164377706053,1.2360277101691934,1.2360277101691934,0.06319609458889487
1798.0,1.03034558795,0.00430925986671,6.350806451,51.0,1.0121466495932459,0.018198938356754235,6.842366229924096,-0.4915597789240955,0.083364418215154,-1.9253715747072515,2.0087359929224053,2.0087359929224053,0.004182344173748349
1464.0,1.03065348651,0.0786639904159,6.613867613,61.0,0.955278673751202,0.0753748127587981,6.661231598878818,-0.047363985878818404,0.3452716466497247,-0.18551817293821812,0.5307898195879428,0.5307898195879428,0.07632438200182302
2392.0,1.03069603419,0.0805506624867,7.074135091,50.0,1.0178334471774502,0.012862587012549831,6.860479693028624,0.213655397971376,0.05892003489560987,0.8368586033162287,-0.7779385684206189,0.7779385684206189,0.07815171477787133
267.0,1.03123694714,0.0566394153059,6.845271035,54.0,0.9950862568406327,0.03615069029936735,6.788025840610513,0.05724519438948672,0.16559654227107665,0.22422149816111822,-0.058624955890041575,0.058624955890041575,0.05492376457513665
3559.0,1.03188451961,0.100545465646,6.554445795,60.0,0.9609654713354063,0.07091904827459361,6.679345061983346,-0.12489926698334575,0.3248609937507553,-0.4892131306549377,0.814074124405693,0.814074124405693,0.09743868013835608
3293.0,1.0319834431,0.0637254789629,7.081319352,60.0,0.9609654713354063,0.07101797176459357,6.679345061983346,0.4019742900166543,0.32531413552364324,1.5744776219388465,-1.2491634864152033,1.2491634864152033,0.06175048581348699
8638.0,1.03273311156,0.0029036455351,6.592378155,52.0,1.0064598520090415,0.026273259550958494,6.824252766819568,-0.2318746118195687,0.1203507014610287,-0.908220740661155,1.0285714421221837,1.0285714421221837,0.002811612702834602
9749.0,1.03298932413,0.0713213936563,6.456695469,71.0,0.8984106979091583,0.13457862622084182,6.480096967833541,-0.023401498833541368,0.6164683158526869,-0.09166042990389352,0.7081287457565805,0.7081287457565805,0.06904368902008547
5461.0,1.03310490746,0.0626041266895,6.496435592,79.0,0.8529163172355232,0.18018859022447686,6.33518926299732,0.16124632900268043,0.8253952345246219,0.6315795386416148,0.19381569588300718,0.19381569588300718,0.06059803436944172
1035.0,1.03324152389,0.029942175754,6.828631034,52.0,1.0064598520090415,0.02678167188095837,6.824252766819568,0.00437826718043155,0.12267960094258118,0.017149066170806995,0.10553053477177418,0.10553053477177418,0.028978873827362438
861.0,1.03453652158,0.0285805164012,6.537458353,72.0,0.8927239003249539,0.14181262125504612,6.461983504729013,0.0754748482709866,0.649605292063936,0.29562452767060016,0.35398076439333587,0.35398076439333587,0.0276263967535436
1555.0,1.03477191024,0.0496080519217,6.658110955,50.0,1.0178334471774502,0.016938463062549758,6.860479693028624,-0.20236873802862387,0.07759052154513572,-0.7926503194840449,0.8702408410291805,0.8702408410291805,0.04794105003313644
4075.0,1.03509993038,0.0862003272002,7.171212616,52.0,1.0064598520090415,0.02864007837095839,6.824252766819568,0.34695984918043177,0.13119245882522906,1.3589936764941708,-1.2278012176689417,1.2278012176689417,0.08327729977583385
7230.0,1.03519322324,0.0945250366173,6.393024772,66.0,0.9268446858301802,0.10834853740981987,6.57066428335618,-0.17763951135617972,0.496315367884097,-0.6957893635209076,1.1921047314050046,1.1921047314050046,0.09131149093253409
3566.0,1.03730729685,0.0171328940755,6.96858836,67.0,0.9211578882459758,0.11614940860402412,6.5525508202516525,0.41603753974834756,0.5320490505818484,1.6295614234261784,-1.0975123728443301,1.0975123728443301,0.016516700622397636
998.0,1.03777646315,0.0503053133494,6.573605547,59.0,0.9666522689196108,0.07112419423038918,6.697458525087875,-0.12385297808787499,0.3258007119320492,-0.48511496195879156,0.8109156738908407,0.8109156738908407,0.04847413208496412
804.0,1.0389846434,0.0920903215566,7.048374061,50.0,1.0178334471774502,0.021151196222549906,6.860479693028624,0.18789436797137604,0.09688791362893057,0.7359562166202667,-0.6390683029913361,0.6390683029913361,0.08863492077730935
8633.0,1.03939160543,0.097342836237,6.798303707,61.0,0.955278673751202,0.08411293167879808,6.661231598878818,0.1370721081211812,0.385298607881245,0.5368924634952158,-0.15159385561397082,0.15159385561397082,0.09365366790385893
8737.0,1.04009175494,0.0627878253412,6.54883091,65.0,0.9325314834143845,0.10756027152561543,6.588777746460708,-0.0399468364607074,0.49270453490321775,-0.15646622591715695,0.6491707608203747,0.6491707608203747,0.060367582997350136
9730.0,1.04066175889,0.0759803075996,6.445814828,80.0,0.8472295196513189,0.19343223923868114,6.317075799892791,0.1287390281072085,0.8860608114649982,0.5042529431834011,0.3818078682815971,0.3818078682815971,0.07301153035607151
8848.0,1.04163854378,0.0833932066756,7.278345209,57.0,0.9780258640880195,0.06361267969198048,6.73368545129693,0.5446597577030703,0.2913924938737298,2.133356837420097,-1.841964343546367,1.841964343546367,0.08005963985642713
3274.0,1.04187747828,0.107599253565,6.985648877,50.0,1.0178334471774502,0.024044031102549823,6.860479693028624,0.12516918397137644,0.11013920840427638,0.49027035811447955,-0.3801311497102032,0.3801311497102032,0.10327438284070785
5914.0,1.04281918114,0.0529377914157,6.826968711,63.0,0.9439050785827933,0.09891410255720678,6.625004672669763,0.20196403833023702,0.4530987715497858,0.7910651668149796,-0.33796639526519384,0.33796639526519384,0.050764113638405564
8169.0,1.04433667116,0.0545271848563,6.66517129,59.0,0.9666522689196108,0.0776844022403892,6.697458525087875,-0.03228723508787468,0.35585125188132466,-0.12646462816821252,0.4823158800495372,0.4823158800495372,0.052212266754679576
1990.0,1.04437124332,0.0224169090126,6.783945027,68.0,0.9154710906617713,0.12890015265822874,6.534437357147125,0.24950766985287487,0.5904567631116621,0.9772869868597348,-0.38683022374807274,0.38683022374807274,0.02146450235582689
4905.0,1.04613642856,0.100768283863,6.688349178,63.0,0.9439050785827933,0.10223134997720684,6.625004672669763,0.06334450533023706,0.46829418547025725,0.24811165438245344,0.2201825310878038,0.2201825310878038,0.09632422799931256
3455.0,1.04688047888,0.0668464439635,6.132290304,75.0,0.8756635075723407,0.17121697130765923,6.40764311541543,-0.27535281141543066,0.784298672912774,-1.078518826897066,1.86281749980984,1.86281749980984,0.06385298542868556
177.0,1.04805311783,0.0336232634538,6.543044406,55.0,0.9893994592564282,0.058653658573571854,6.769912377505985,-0.22686797150598537,0.2686765583422833,-0.8886104239553099,1.157286982297593,1.157286982297593,0.03208164059796621
7358.0,1.04810428722,0.0792657855657,6.501469271,73.0,0.8870371027407495,0.1610671844792504,6.443870041624486,0.05759922937551476,0.7378052425064829,0.22560820416876237,0.5121970383377206,0.5121970383377206,0.0756277657979486
9960.0,1.04958368401,0.0567239024645,6.31524243,85.0,0.8187955317302971,0.23078815227970284,6.226508484370153,0.08873394562984682,1.0571781533952702,0.3475585756858823,0.7096195777093879,0.7096195777093879,0.0540441923104052
7196.0,1.05288348691,0.0554142911651,6.645448397,69.0,0.909784293077567,0.14309919383243308,6.516323894042596,0.12912450295740374,0.6554987333352302,0.5057627947846751,0.14973593855055511,0.14973593855055511,0.05263098135172556
2528.0,1.05309562296,0.0544968429886,6.072370145,82.0,0.8358559244829101,0.2172396984770898,6.280848873683736,-0.20847872868373596,0.9951163480949325,-0.8165823066674314,1.811698654762364,1.811698654762364,0.05174918763352411
6198.0,1.05315442968,0.0590810620657,6.72164576,73.0,0.8870371027407495,0.1661173269392504,6.443870041624486,0.27777571837551474,0.7609385802775458,1.088009017895436,-0.32707043761789023,0.32707043761789023,0.05609914405777292
7577.0,1.05341735459,0.0316835403585,6.889799408,64.0,0.9382182809985888,0.11519907359141124,6.6068912095652355,0.28290819843476456,0.5276958227241056,1.108112231456685,-0.5804164087325793,0.5804164087325793,0.030076911321469096
7553.0,1.05366011234,0.0519890256543,6.762332081,69.0,0.909784293077567,0.14387581926243298,6.516323894042596,0.246008186957404,0.6590562445413171,0.9635799970245184,-0.3045237524832013,0.3045237524832013,0.04934136259447196
678.0,1.05378372255,0.062388186241,7.098295126,61.0,0.955278673751202,0.09850504879879796,6.661231598878818,0.43706352712118157,0.45122500683230604,1.7119173039386468,-1.2606922971063408,1.2606922971063408,0.05920397602083838
9879.0,1.05416124235,0.0941282383934,6.525441831,81.0,0.8415427220671146,0.21261852028288541,6.298962336788264,0.22647949421173585,0.9739479796947271,0.8870888121965034,0.08685916749822375,0.08685916749822375,0.08929206900413417
1817.0,1.05612860697,0.0452167407749,6.208007557,72.0,0.8927239003249539,0.16340470664504614,6.461983504729013,-0.2539759477290131,0.7485127998154106,-0.9947886124594533,1.7433014122748638,1.7433014122748638,0.04281366916537316
3246.0,1.05652526813,0.0514398372653,6.797060641,74.0,0.8813503051565452,0.1751749629734547,6.425756578519958,0.3713040624800419,0.8024291630573824,1.454346588398945,-0.6519174253415626,0.6519174253415626,0.0486877491878127
8209.0,1.05665122407,0.0673236043469,6.852659455,55.0,0.9893994592564282,0.06725176481357165,6.769912377505985,0.08274707749401511,0.30806215932618075,0.32410884235847165,-0.016046683032290898,0.016046683032290898,0.06371412138016888
393.0,1.05670337992,0.0911483545633,6.141818927,76.0,0.8699767099881364,0.1867266699318637,6.389529652310903,-0.24771072531090255,0.8553444106999633,-0.9702486039594669,1.8255930146594301,1.8255930146594301,0.0862572754997723
9104.0,1.05760712649,0.0667804634574,7.076857612,57.0,0.9780258640880195,0.07958126240198049,6.73368545129693,0.34317216070307044,0.3645402556411442,1.3441578253101711,-0.979617569669027,0.979617569669027,0.06314297794024125
2596.0,1.05940999338,0.0861304374006,6.222643483,73.0,0.8870371027407495,0.17237289063925054,6.443870041624486,-0.22122655862448593,0.7895936269750805,-0.8665137910147543,1.6561074179898347,1.6561074179898347,0.08130038223049482
972.0,1.06064950666,0.0565172472588,7.416139304,79.0,0.8529163172355232,0.20773318942447672,6.33518926299732,1.08095004100268,0.9515695993290048,4.233931602745253,-3.282362003416248,3.282362003416248,0.053285507515836786
3624.0,1.06120048994,0.041131053403,6.46530435,65.0,0.9325314834143845,0.12866900652561553,6.588777746460708,-0.12347339646070754,0.5893979451471058,-0.48362819329592627,1.073026138443032,1.073026138443032,0.038758984558446195
4764.0,1.06330737766,0.0754341389472,6.763161817,60.0,0.9609654713354063,0.10234190632459361,6.679345061983346,0.0838167550166542,0.46880061421896885,0.32829862106799174,0.1405019931509771,0.1405019931509771,0.07094292819937585
9862.0,1.06379250759,0.0694744447745,7.434446464,67.0,0.9211578882459758,0.14263461934402433,6.5525508202516525,0.8818956437483472,0.6533706431585071,3.4542630970493104,-2.8008924538908033,2.8008924538908033,0.06530826667682865
2331.0,1.06387212708,0.0395106389305,6.700174939,62.0,0.9495918761669977,0.11428025091300231,6.643118135774291,0.057056803225709274,0.5234869443529109,0.2234835960641301,0.3000033482887808,0.3000033482887808,0.037138522501707495
4298.0,1.06436800245,0.0810330150591,6.733568196,57.0,0.9780258640880195,0.08634213836198046,6.73368545129693,-0.00011725529692974135,0.3955100012373779,-0.00045927275861852666,0.3959692739959964,0.3959692739959964,0.07613251701721147
9878.0,1.06600496332,0.0351374831666,6.63980677,72.0,0.8927239003249539,0.1732810629950461,6.461983504729013,0.17782326527098657,0.7937537190967114,0.6965091021559209,0.09724461694079056,0.09724461694079056,0.032961838242447486
1891.0,1.06659132302,0.0826060338723,6.650294045,51.0,1.0121466495932459,0.054444673426754076,6.842366229924096,-0.19207218492409606,0.24939633489394875,-0.7523201470107946,1.0017164819047433,1.0017164819047433,0.07744862731341669
6236.0,1.06807662231,0.0736874695216,6.972110653,53.0,1.000773054424837,0.06730356788516301,6.806139303715041,0.16597134928495905,0.3082994551969791,0.6500867886882449,-0.3417873334912658,0.3417873334912658,0.06899080832069074
1384.0,1.06844781783,0.0568227731354,6.384784648,71.0,0.8984106979091583,0.1700371199208418,6.480096967833541,-0.09531231983354083,0.778894092573291,-0.3733251563595539,1.1522192489328449,1.1522192489328449,0.05318254404862384
3045.0,1.06949083621,0.056012113605,6.763560025,73.0,0.8870371027407495,0.18245373346925042,6.443870041624486,0.3196899833755147,0.8357712435572836,1.252181388918917,-0.41641014536163345,0.41641014536163345,0.052372691479519826
6850.0,1.06990055095,0.0266025333567,6.761566119,72.0,0.8927239003249539,0.17717665062504606,6.461983504729013,0.299582614270987,0.8115983532184909,1.1734236089379344,-0.36182525571944346,0.36182525571944346,0.02486449168857679
8698.0,1.07006595921,0.0700972915914,6.468321098,67.0,0.9211578882459758,0.14890807096402414,6.5525508202516525,-0.08422972225165282,0.6821076295832182,-0.3299161565329399,1.012023786116158,1.012023786116158,0.06550744931943345
5549.0,1.07218153408,0.0614626811436,6.833100944,51.0,1.0121466495932459,0.0600348844867542,6.842366229924096,-0.009265285924096034,0.27500358096409505,-0.036290841754455974,0.311294422718551,0.311294422718551,0.05732488313775977
2483.0,1.07225172379,0.0827015958796,6.93485879,50.0,1.0178334471774502,0.05441827661254983,6.860479693028624,0.07437909697137624,0.24927541822201257,0.291332621587812,-0.042057203365799406,0.042057203365799406,0.07712889990727315
6355.0,1.0723872322,0.0385805911863,6.70323956,61.0,0.955278673751202,0.11710855844879808,6.661231598878818,0.04200796112118166,0.5364426568034476,0.16453936575355935,0.3719032910498883,0.3719032910498883,0.03597636192213143
4106.0,1.07319512808,0.0335773081373,6.732297364,70.0,0.9040974954933627,0.16909763258663735,6.4982104309380695,0.2340869330619304,0.7745905549986724,0.9168860965686041,-0.14229554156993174,0.14229554156993174,0.0312872349666472
6232.0,1.07371137472,0.0842577347975,6.071367948,67.0,0.9211578882459758,0.15255348647402422,6.5525508202516525,-0.4811828722516527,0.6988062928341363,-1.8847266684371708,2.583532961271307,2.583532961271307,0.07847335585829342
5459.0,1.07457175904,0.111311370189,6.718128843,66.0,0.9268446858301802,0.1477270732098197,6.57066428335618,0.14746455964381955,0.6766977980445495,0.577598256790604,0.0990995412539456,0.0990995412539456,0.10358672583061672
131.0,1.07503172252,0.117387251991,6.739167,56.0,0.9837126616722238,0.09131906084777608,6.751798914401458,-0.0126319144014575,0.4183079380948478,-0.04947745923381782,0.4677853973286656,0.4677853973286656,0.10919422146523321
3989.0,1.07636005015,0.12286367014,6.84130442,53.0,1.000773054424837,0.07558699572516292,6.806139303715041,0.03516511628495955,0.34624359947463246,0.137736890240548,0.20850670923408446,0.20850670923408446,0.11414737115417643
9657.0,1.07722863341,0.254953275588,6.724192141,76.0,0.8699767099881364,0.20725192342186372,6.389529652310903,0.334662488689097,0.9493650498367167,1.3108266185917379,-0.3614615687550212,0.3614615687550212,0.23667517524198892
1644.0,1.07748643743,0.0354932628745,6.79779562,72.0,0.8927239003249539,0.1847625371050461,6.461983504729013,0.3358121152709863,0.8463472490416752,1.3153295466936716,-0.4689822976519964,0.4689822976519964,0.03294079780638154
1364.0,1.07750660866,0.0499398407428,7.304120319,53.0,1.000773054424837,0.07673355423516304,6.806139303715041,0.4979810152849593,0.3514956741430606,1.9505226682136079,-1.5990269940705473,1.5990269940705473,0.04634759577475425
5683.0,1.07793636852,0.0310920429637,6.544715649,76.0,0.8699767099881364,0.2079596585318637,6.389529652310903,0.15518599668909694,0.9526069931050003,0.6078420563044863,0.344764936800514,0.344764936800514,0.02884404299892876
4896.0,1.07838449534,0.0537161570251,6.430399748,85.0,0.8187955317302971,0.25958896360970285,6.226508484370153,0.20389126362984733,1.1891068864666028,0.7986138413994789,0.3904930450671239,0.3904930450671239,0.049811692635810784
920.0,1.0794510929,0.055972774443,6.646606581,56.0,0.9837126616722238,0.09573843122777626,6.751798914401458,-0.10519233340145728,0.43855187943823204,-0.41202380115719045,0.8505756805954225,0.8505756805954225,0.05185299714934403
6967.0,1.07958993095,0.06032649843,6.244672489,70.0,0.9040974954933627,0.1754924354566374,6.4982104309380695,-0.25353794193806944,0.8038834187035654,-0.9930730044386222,1.7969564231421877,1.7969564231421877,0.05587908584597011
9703.0,1.08231586126,0.0669218624643,6.74049433,55.0,0.9893994592564282,0.09291640200357165,6.769912377505985,-0.029418047505985534,0.4256249262363345,-0.11522641778256293,0.5408513440188975,0.5408513440188975,0.06183209990694543
7318.0,1.08350523566,0.0602758848974,6.516169045,68.0,0.9154710906617713,0.16803414499822855,6.534437357147125,-0.018268312147124988,0.7697190057715257,-0.07155444858189862,0.8412734543534244,0.8412734543534244,0.05563045097856303
6732.0,1.08459567001,0.0894404412997,6.637096337,64.0,0.9382182809985888,0.14637738901141106,6.6068912095652355,0.030205127434764556,0.6705152594937354,0.11830930085572774,0.5522059586380076,0.5522059586380076,0.08246431713937726
9339.0,1.08643363182,0.0641743274288,6.645054268,56.0,0.9837126616722238,0.10272097014777626,6.751798914401458,-0.10674464640145764,0.47053700314817826,-0.4181039961881812,0.8886409993363595,0.8886409993363595,0.05906879679460473
2015.0,1.08718552543,0.120902564037,6.939558176,61.0,0.955278673751202,0.131906851678798,6.661231598878818,0.2783265771211818,0.6042296387423334,1.0901666553101725,-0.48593701656783916,0.48593701656783916,0.111206929460527
5935.0,1.08731480713,0.0675819872044,6.760602674,62.0,0.9495918761669977,0.13772293096300237,6.643118135774291,0.11748453822570948,0.6308715261050081,0.4601706650257029,0.17070086107930516,0.17070086107930516,0.062154940557449655
8772.0,1.08814053454,0.105713133176,6.737438184,59.0,0.9666522689196108,0.12148826562038917,6.697458525087875,0.039979658912125515,0.556504911708384,0.1565947869135651,0.3999101247948189,0.3999101247948189,0.09715025754526195
3199.0,1.08882304499,0.0721906429057,6.013928677,85.0,0.8187955317302971,0.270027513259703,6.226508484370153,-0.2125798073701528,1.2369230613183242,-0.8326456638968357,2.0695687252151598,2.0695687252151598,0.06630153837932684
8062.0,1.08883961037,0.0596275233721,6.480310486,66.0,0.9268446858301802,0.16199492453981978,6.57066428335618,-0.09035379735618054,0.7420549689953666,-0.3539033105540396,1.0959582795494063,1.0959582795494063,0.054762448761244
7073.0,1.09088378463,0.0510625698546,6.429224858,81.0,0.8415427220671146,0.24934106256288535,6.298962336788264,0.1302625212117361,1.1421640213418718,0.5102202546752814,0.6319437666665904,0.6319437666665904,0.04680844153524486
4833.0,1.09113113131,0.103503845999,6.792503546,52.0,1.0064598520090415,0.08467127930095852,6.824252766819568,-0.031749220819568436,0.38785624744080455,-0.12435730079238239,0.5122135482331869,0.5122135482331869,0.09485921813516074
3095.0,1.09149661706,0.048556208739,6.477784699,64.0,0.9382182809985888,0.15327833606141117,6.6068912095652355,-0.1291065105652356,0.7021266328980159,-0.5056923210764369,1.2078189539744528,1.2078189539744528,0.04448589943392453
9940.0,1.09311137436,0.0565512008434,6.734269133,71.0,0.8984106979091583,0.19470067645084177,6.480096967833541,0.2541721651664588,0.8918711795294065,0.9955571689864879,-0.1036859894570814,0.1036859894570814,0.05173416192518339
8960.0,1.09322244587,0.0783468824864,6.645513342,55.0,0.9893994592564282,0.1038229866135717,6.769912377505985,-0.12439903550598519,0.4755850427499203,-0.4872537932384552,0.9628388359883755,0.9628388359883755,0.07166600245209069
8396.0,1.09372627837,0.0584907335519,6.855929329,58.0,0.9723390665038152,0.12138721186618473,6.715571988192401,0.14035734080759887,0.5560420117708949,0.5497602649344878,0.006281746836407032,0.006281746836407032,0.05347840196275598
789.0,1.09563064308,0.0454231431573,6.405780492,65.0,0.9325314834143845,0.1630991596656155,6.588777746460708,-0.18299725446070791,0.7471131716789606,-0.716774901232355,1.4638880729113155,1.4638880729113155,0.04145844536586526
3122.0,1.0957739298,0.0456451208646,6.453129576,78.0,0.8586031148197276,0.23717081498027237,6.353302726101847,0.09982684989815294,1.0864154062649722,0.3910079453757554,0.6954074608892169,0.6954074608892169,0.04165560032344547
9817.0,1.0973232314,0.0498778131044,6.799537659,54.0,0.9950862568406327,0.10223697455936742,6.788025840610513,0.011511818389487338,0.4683199501610501,0.04509019828437526,0.42322975187667483,0.42322975187667483,0.045454075587886986
1339.0,1.09736831496,0.0284823440028,6.659656702,66.0,0.9268446858301802,0.17052362912981978,6.57066428335618,0.08899241864382024,0.781122659776922,0.34857097868399284,0.43255168109292913,0.43255168109292913,0.02595513613297483
6341.0,1.09760586715,0.0505552150251,6.442757044,54.0,0.9950862568406327,0.10251961030936729,6.788025840610513,-0.3452687966105126,0.4696146281474063,-1.352370057782761,1.8219846859301674,1.8219846859301674,0.04605953424462797
7381.0,1.099928919,0.0679140826984,7.065443927,51.0,1.0121466495932459,0.08778226940675404,6.842366229924096,0.22307769707590364,0.40210685234746335,0.8737644439526498,-0.4716575916051865,0.4716575916051865,0.06174406502571464
9602.0,1.10129572568,0.0877529996546,6.7868581,62.0,0.9495918761669977,0.1517038495130023,6.643118135774291,0.14373996422570912,0.6949143355363417,0.5630095323815183,0.13190480315482345,0.13190480315482345,0.07968159469648038
4831.0,1.10260667602,0.0605519265215,6.634089204,58.0,0.9723390665038152,0.13026760951618477,6.715571988192401,-0.08148278419240107,0.5967207134126706,-0.3191567805963226,0.9158774940089932,0.9158774940089932,0.05491706865050912
7537.0,1.10269880737,0.0554868882603,6.529081425,71.0,0.8984106979091583,0.20428810946084164,6.480096967833541,0.04898445716645927,0.9357886190738277,0.19186533454220842,0.7439232845316193,0.7439232845316193,0.05031916955876593
3804.0,1.10271722988,0.0497756473638,6.65218832,65.0,0.9325314834143845,0.17018574646561557,6.588777746460708,0.0634105735392918,0.7795749106074812,0.2483704344071012,0.53120447620038,0.53120447620038,0.04513908553801838
7804.0,1.10309860193,0.0366714104394,6.806561961,71.0,0.8984106979091583,0.2046879040208417,6.480096967833541,0.32646499316645894,0.9376199699057635,1.2787181639544956,-0.3410981940487321,0.3410981940487321,0.03324400046853389
1046.0,1.10348678771,0.0908124230244,6.604511598,50.0,1.0178334471774502,0.08565334053254992,6.860479693028624,-0.2559680950286234,0.39235480453344335,-1.0025915775264787,1.394946382059922,1.394946382059922,0.08229588612733423
8177.0,1.10388503689,0.086113456097,6.898073456,55.0,0.9893994592564282,0.1144855776335717,6.769912377505985,0.12816107849401437,0.5244274905687807,0.501989194592553,0.022438295976227707,0.022438295976227707,0.07800944230534129
8829.0,1.10606609839,0.0603452309199,6.848886313,60.0,0.9609654713354063,0.1451006270545936,6.679345061983346,0.1695412510166543,0.6646667580238775,0.6640695993521857,0.0005971586716918553,0.0005971586716918553,0.054558431008543774
2427.0,1.10659238137,0.0355470691626,6.146300919,53.0,1.000773054424837,0.10581932694516305,6.806139303715041,-0.6598383847150409,0.4847297382832614,-2.5844955675823553,3.0692253058656167,3.0692253058656167,0.032123001893968835
6015.0,1.10721341545,0.051022721684,6.999337347,54.0,0.9950862568406327,0.11212715860936728,6.788025840610513,0.21131150638948704,0.5136242103990127,0.8276779046108907,-0.314053694211878,0.314053694211878,0.04608210212415378
7161.0,1.1088749513,0.0136060534316,6.690207219,72.0,0.8927239003249539,0.21615105097504617,6.461983504729013,0.2282237142709871,0.9901295481030767,0.8939206806001123,0.09620886750296442,0.09620886750296442,0.01227014228759412
6823.0,1.10943108756,0.0545388241656,6.861172711,60.0,0.9609654713354063,0.14846561622459364,6.679345061983346,0.18182764901665394,0.6800808639985394,0.7121937186943261,-0.03211285469578673,0.03211285469578673,0.04915927160969378
2598.0,1.11172536439,0.0818835340993,6.856619478,65.0,0.9325314834143845,0.1791938809756155,6.588777746460708,0.267841731539292,0.8208387402830892,1.0490989672809559,-0.22826022699786663,0.22826022699786663,0.07365446244381518
9332.0,1.112824132,0.05784498567,6.825809882,55.0,0.9893994592564282,0.12342467274357183,6.769912377505985,0.05589750449401443,0.5653750694113959,0.21894278349096777,0.3464322859204282,0.3464322859204282,0.05198034802322205
1663.0,1.11283595499,0.0341601261291,6.644965356,59.0,0.9666522689196108,0.14618368607038923,6.697458525087875,-0.05249316908787449,0.6696279586705609,-0.20560847319386058,0.8752364318644215,0.8752364318644215,0.03069646157272746
7548.0,1.11670628529,0.0394193678995,6.886217899,52.0,1.0064598520090415,0.11024643328095851,6.824252766819568,0.06196513218043176,0.5050091159494449,0.24270884079310234,0.2623002751563425,0.2623002751563425,0.03529967406717254
1436.0,1.11779419907,0.0606181467812,6.430757297,73.0,0.8870371027407495,0.23075709632925046,6.443870041624486,-0.013112744624485195,1.0570358944793472,-0.05136080462408545,1.1083966991034326,1.1083966991034326,0.05423014972848673
7136.0,1.1198043002,0.0477852854726,6.994194874,56.0,0.9837126616722238,0.13609163852777617,6.751798914401458,0.2423959595985421,0.623399016328033,0.9494314027409195,-0.32603238641288657,0.32603238641288657,0.0426728897755308
9380.0,1.12012908249,0.0781958218121,6.484022446,60.0,0.9609654713354063,0.15916361115459376,6.679345061983346,-0.1953226159833461,0.7290854875609428,-0.7650516352963567,1.4941371228572995,1.4941371228572995,0.06980965232888513
2110.0,1.12013531511,0.154230859181,6.598729023,67.0,0.9211578882459758,0.1989774268640242,6.5525508202516525,0.046178202748347275,0.9114618173488953,0.1808736246430472,0.7305881927058481,0.7305881927058481,0.13768948902914838
4337.0,1.12033040501,0.0797907983207,6.939633908,66.0,0.9268446858301802,0.19348571917981983,6.57066428335618,0.3689696246438201,0.8863057886220065,1.4452029187060742,-0.5588971300840677,0.5588971300840677,0.07122077376806335
8748.0,1.12190731856,0.0959555933813,6.855141329,51.0,1.0121466495932459,0.10976066896675407,6.842366229924096,0.01277509907590435,0.5027839609074581,0.05003829377304127,0.4527456671344169,0.4527456671344169,0.08552898425198058
6462.0,1.12233539637,0.0731058702614,6.642549024,59.0,0.9666522689196108,0.15568312745038926,6.697458525087875,-0.054909501087874624,0.7131423323383389,-0.2150729109841912,0.9282152433225301,0.9282152433225301,0.06513727580707898
1723.0,1.12238078658,0.0466348289746,6.475590989,68.0,0.9154710906617713,0.2069096959182286,6.534437357147125,-0.05884636814712518,0.9477973981320678,-0.23049307401273064,1.1782904721447984,1.1782904721447984,0.04154991740076086
6461.0,1.12249023139,0.0695190262331,6.496858179,66.0,0.9268446858301802,0.19564554555981983,6.57066428335618,-0.07380610435617996,0.8961993695597988,-0.28908828887159427,1.1852876584313932,1.1852876584313932,0.06193285633052977
9126.0,1.12254492402,0.0678266520018,7.058549465,58.0,0.9723390665038152,0.15020585751618487,6.715571988192401,0.34297747680759816,0.6880524390422917,1.3433952754546559,-0.6553428364123641,0.6553428364123641,0.06042221611844512
6360.0,1.1231768432,0.0653216153605,6.6777373,61.0,0.955278673751202,0.16789816944879798,6.661231598878818,0.016505701121181993,0.7690961385279781,0.06465054530884368,0.7044455932191345,0.7044455932191345,0.05815790786283903
4732.0,1.12397365378,0.0423494366862,6.732636373,70.0,0.9040974954933627,0.2198761582866373,6.4982104309380695,0.23442594206193057,1.007193257959787,0.9182139478700244,0.08897931008976268,0.08897931008976268,0.0376783179425745
6585.0,1.12445446706,0.107907314097,6.176358531,71.0,0.8984106979091583,0.2260437691508418,6.480096967833541,-0.30373843683354096,1.0354454164864435,-1.1897013903483293,2.225146806834773,2.225146806834773,0.09596414728924914
4336.0,1.12542222049,0.050217518224,6.787605054,67.0,0.9211578882459758,0.20426433224402418,6.5525508202516525,0.23505423374834766,0.935679702069555,0.9206748793894829,0.015004822680072083,0.015004822680072083,0.04462104738089825
6318.0,1.12613426845,0.0459543886217,6.682804706,63.0,0.9439050785827933,0.1822291898672067,6.625004672669763,0.057800033330236644,0.8347426700008836,0.226394725448751,0.6083479445521327,0.6083479445521327,0.04080720204434518
1992.0,1.1263318138,0.0611611518927,6.315320309,64.0,0.9382182809985888,0.1881135328014112,6.6068912095652355,-0.2915709005652358,0.8616972546954547,-1.1420428359472952,2.00374009064275,2.00374009064275,0.05430118473379128
8559.0,1.1280915446,0.0719872242961,6.722932515,60.0,0.9609654713354063,0.1671260732645936,6.679345061983346,0.04358745301665401,0.7655593745728185,0.17072601675393043,0.5948333578188881,0.5948333578188881,0.06381328238890871
2895.0,1.12822176484,0.054083240482,6.317755953,76.0,0.8699767099881364,0.25824505485186355,6.389529652310903,-0.07177369931090283,1.1829508036481815,-0.2811276397903511,1.4640784434385326,1.4640784434385326,0.04793671082003092
3681.0,1.12852433706,0.0436115178621,7.136363024,50.0,1.0178334471774502,0.11069088988254983,6.860479693028624,0.27588333097137685,0.5070450515236644,1.0805967985225737,-0.5735517469989093,0.5735517469989093,0.038644729608326836
9206.0,1.12852488744,0.0298453251917,6.36947544,70.0,0.9040974954933627,0.2244273919466373,6.4982104309380695,-0.12873499093806906,1.028041229351828,-0.5042371301510159,1.5322783595028437,1.5322783595028437,0.026446315472406254
6734.0,1.12857713432,0.0305698757924,6.718723432,71.0,0.8984106979091583,0.23016643641084167,6.480096967833541,0.23862646416645905,1.05433024102331,0.9346668111956007,0.11966342982770928,0.11966342982770928,0.027087094769839747
239.0,1.12977437876,0.0783059026891,6.687899967,69.0,0.909784293077567,0.21999008568243306,6.516323894042596,0.17157607295740362,1.0077151285702095,0.6720397150782618,0.33567541349194774,0.33567541349194774,0.06931109800440487
823.0,1.1304338544,0.0645493610594,7.134854252,52.0,1.0064598520090415,0.12397400239095857,6.824252766819568,0.31060148518043196,0.5678914000656913,1.216583000214514,-0.6486916001488227,0.6486916001488227,0.05710140474664113
862.0,1.13151467345,0.0358679194433,7.137896096,53.0,1.000773054424837,0.1307416190251629,6.806139303715041,0.3317567922849598,0.5988920228687383,1.2994454082056892,-0.7005533853369509,0.7005533853369509,0.03169903164749808
2146.0,1.1317994061,0.0391384352171,6.38181335,73.0,0.8870371027407495,0.24476230335925053,6.443870041624486,-0.062056691624485794,1.1211899628734208,-0.24306746645479396,1.3642574293282148,1.3642574293282148,0.03458071722441063
8388.0,1.13378649855,0.0694609390671,6.704244933,62.0,0.9495918761669977,0.18419462238300222,6.643118135774291,0.06112679722570924,0.8437457851831289,0.23942519888196162,0.6043205863011674,0.6043205863011674,0.061264567143755576
1328.0,1.13468552928,0.112255287159,6.81589008,54.0,0.9950862568406327,0.13959927243936732,6.788025840610513,0.02786423938948701,0.6394665393131315,0.1091403665873173,0.5303261727258142,0.5303261727258142,0.09893074712094914
6666.0,1.13594477995,0.0417862539753,6.568410897,72.0,0.8927239003249539,0.24322087962504613,6.461983504729013,0.10642739227098641,1.1141291173281482,0.41686135569773114,0.697267761630417,0.697267761630417,0.036785462385891046
6008.0,1.13704934409,0.0404732086082,6.587625939,58.0,0.9723390665038152,0.16471027758618484,6.715571988192401,-0.12794604919240182,0.7544932674566038,-0.5011469545989552,1.255640222055559,1.255640222055559,0.0355949447740031
3205.0,1.13816060809,0.0910499144226,6.532303264,69.0,0.909784293077567,0.22837631501243294,6.516323894042596,0.01597936995740401,1.046130178690693,0.06258897903538094,0.983541199655312,0.983541199655312,0.07999742195909862
990.0,1.13836798238,0.119661635616,6.506174712,60.0,0.9609654713354063,0.1774025110445936,6.679345061983346,-0.17317034998334613,0.8126329587599962,-0.6782842773869947,1.490917236146991,1.490917236146991,0.10511683169955462
7171.0,1.13923183669,0.0461851405759,6.415686944,66.0,0.9268446858301802,0.21238715085981985,6.57066428335618,-0.1549773393561802,0.9728881388969545,-0.6070247744297742,1.5799129133267287,1.5799129133267287,0.04054059857569411
9478.0,1.14015958341,0.0488968937959,6.754848822,64.0,0.9382182809985888,0.20194130241141117,6.6068912095652355,0.14795761243476413,0.9250385302222776,0.5795294762866184,0.3455090539356591,0.3455090539356591,0.04288600868455512
6063.0,1.14079699889,0.0694311326886,6.291641439,66.0,0.9268446858301802,0.21395231305981977,6.57066428335618,-0.27902284435617997,0.9800577239385412,-1.0928938376390436,2.0729515615775846,2.0729515615775846,0.0608619524386519
6894.0,1.14134319487,0.0428664545312,6.782884703,56.0,0.9837126616722238,0.1576305331977761,6.751798914401458,0.031085788598542052,0.722062871766371,0.12175872866570246,0.6003041431006685,0.6003041431006685,0.03755790083462365
3967.0,1.14177699682,0.0682969885623,6.877518622,53.0,1.000773054424837,0.141003942395163,6.806139303715041,0.07137931828495958,0.6459009527582298,0.27958290393214685,0.36631804882608293,0.36631804882608293,0.059816399132681906
5476.0,1.14277271293,0.0708252003809,6.941120029,56.0,0.9837126616722238,0.15906005125777622,6.751798914401458,0.18932111459854273,0.7286111076614465,0.7415445855593787,-0.0129334778979322,0.0129334778979322,0.06197662893026949
8185.0,1.14281823582,0.0375038615041,6.723850253,70.0,0.9040974954933627,0.23872074032663737,6.4982104309380695,0.22563982206193067,1.0935151953979292,0.8837999326774209,0.20971526272050833,0.20971526272050833,0.032816996026660404
6428.0,1.14360703946,0.0253517784393,5.998713529,53.0,1.000773054424837,0.14283398503516298,6.806139303715041,-0.8074257747150408,0.6542838835095668,-3.1625749338665363,3.816858817376103,3.816858817376103,0.02216826021923655
960.0,1.14592279786,0.0682806751755,6.315152112,63.0,0.9439050785827933,0.2020177192772067,6.625004672669763,-0.3098525606697633,0.925388575232266,-1.2136495666296931,2.1390381418619593,2.1390381418619593,0.05958575508141868
3552.0,1.14658272171,0.0323408377086,6.569828724,68.0,0.9154710906617713,0.23111163104822863,6.534437357147125,0.03539136685287492,1.058659922211367,0.13862308238014712,0.92003683983122,0.92003683983122,0.028206283852217184
1898.0,1.14812374978,0.0776474043178,6.048707156,81.0,0.8415427220671146,0.30658102771288553,6.298962336788264,-0.2502551807882645,1.4043648321718338,-0.9802148836659628,2.3845797158377966,2.3845797158377966,0.06762982155249253
6348.0,1.14924871112,0.050016190902,6.771037451,51.0,1.0121466495932459,0.1371020615267542,6.842366229924096,-0.07132877892409617,0.6280274910120934,-0.2793849482551725,0.907412439267266,0.907412439267266,0.04352077180339557
2210.0,1.15008926459,0.0845497355983,6.274296919,64.0,0.9382182809985888,0.2118709835914112,6.6068912095652355,-0.33259429056523526,0.9705237161383807,-1.3027257729788972,2.273249489117278,2.273249489117278,0.07351580281765474
2025.0,1.15073111749,0.050230761022,6.829179102,51.0,1.0121466495932459,0.13858446789675405,6.842366229924096,-0.013187127924095599,0.6348179939618225,-0.05165215370682828,0.6864701476686508,0.6864701476686508,0.043651171206323544
6553.0,1.15139079168,0.0364299795949,6.732901643,68.0,0.9154710906617713,0.23591970101822857,6.534437357147125,0.19846428585287512,1.080684391327613,0.7773571210648322,0.3033272702627807,0.3033272702627807,0.03163997824035473
7241.0,1.15146040194,0.0587916998487,7.145339721,52.0,1.0064598520090415,0.14500054993095857,6.824252766819568,0.32108695418043176,0.6642083317670853,1.2576531300861264,-0.5934447983190412,0.5934447983190412,0.05105837747407271
1929.0,1.15168124954,0.0600793201354,6.871977273,54.0,0.9950862568406327,0.15659499269936727,6.788025840610513,0.08395143238948677,0.7173193406056073,0.32882613368502406,0.38849320692058326,0.38849320692058326,0.05216662176222514
6107.0,1.15631457799,0.107833818869,6.58087436,84.0,0.8244823293145014,0.33183224867549854,6.2446219474746805,0.3362524125253197,1.5200338510731082,1.3170541300592402,0.20297972101386796,0.20297972101386796,0.09325647269486606
7377.0,1.15875575677,0.0873332319512,6.748368464,66.0,0.9268446858301802,0.23191107093981977,6.57066428335618,0.1777041806438202,1.062321940300227,0.6960426641641214,0.36627927613610567,0.36627927613610567,0.07536811052800203
2360.0,1.16021955375,0.081202987188,6.672070759,64.0,0.9382182809985888,0.22200127275141113,6.6068912095652355,0.0651795494347649,1.016927832995079,0.255299267992593,0.7616285650024861,0.7616285650024861,0.06998932824872674
3174.0,1.16084602885,0.0795152244231,6.417884258,71.0,0.8984106979091583,0.2624353309408417,6.480096967833541,-0.06221270983354099,1.2021453259588135,-0.2436785681716779,1.4458238941304915,1.4458238941304915,0.06849764951332288
3686.0,1.16254315342,0.0223572329028,7.054017963,61.0,0.955278673751202,0.2072644796687979,6.661231598878818,0.3927863641211813,0.949422566610504,1.5384897887024092,-0.5890672220919052,0.5890672220919052,0.019231314413601684
9050.0,1.16369680882,0.0562703597413,6.869555087,64.0,0.9382182809985888,0.2254785278214111,6.6068912095652355,0.2626638774347647,1.0328561987169542,1.0288180298685041,0.004038168848450097,0.004038168848450097,0.04835482860725441
3678.0,1.16497190011,0.0875638289482,6.655617895,69.0,0.909784293077567,0.25518760703243304,6.516323894042596,0.13929400095740352,1.1689454614851635,0.545595310010184,0.6233501514749795,0.6233501514749795,0.07516389789310109
1705.0,1.16626093448,0.0418218440268,6.351358573,80.0,0.8472295196513189,0.319031414828681,6.317075799892791,0.03428277310720862,1.4613966907404703,0.13428087421479248,1.3271158165256778,1.3271158165256778,0.03585976584686606
13.0,1.16708626535,0.0672617915565,6.265380168,70.0,0.9040974954933627,0.2629887698566373,6.4982104309380695,-0.2328302629380694,1.20468048006113,-0.9119638937379299,2.1166443737990597,2.1166443737990597,0.057632236410843814
5982.0,1.16715354207,0.0854090299907,6.56810411,59.0,0.9666522689196108,0.20050127315038935,6.697458525087875,-0.12935441508787449,0.9184421453560511,-0.5066633287576898,1.425105474113741,1.425105474113741,0.07317720155243944
9568.0,1.16842586117,0.0503176124729,6.688631521,64.0,0.9382182809985888,0.23020758017141119,6.6068912095652355,0.08174031143476412,1.0545187094710746,0.32016547913802146,0.7343532303330531,0.7343532303330531,0.04306444605951686
8931.0,1.16975674929,0.104053117738,6.480736356,66.0,0.9268446858301802,0.24291206345981986,6.57066428335618,-0.08992792735617972,1.1127145139350898,-0.3522352367455664,1.4649497506806561,1.4649497506806561,0.08895278253462223
234.0,1.17375820432,0.0460274108176,6.67429048,69.0,0.909784293077567,0.2639739112424331,6.516323894042596,0.15796658595740354,1.2091931465077446,0.6187332393663947,0.5904599071413499,0.5904599071413499,0.039213707429858025
8715.0,1.17404140373,0.0678952011911,6.726927464,68.0,0.9154710906617713,0.25857031306822864,6.534437357147125,0.19249010685287526,1.1844407236339214,0.7539570893250732,0.4304836343088482,0.4304836343088482,0.05783032947168036
3780.0,1.18288358839,0.077207272138,6.387283668,66.0,0.9268446858301802,0.25603890255981976,6.57066428335618,-0.1833806153561799,1.1728450162272355,-0.7182764727657533,1.8911214889929888,1.8911214889929888,0.06527038915391947
666.0,1.18357046341,0.0487757057075,6.620930632,67.0,0.9211578882459758,0.26241257516402416,6.5525508202516525,0.06837981174834784,1.2020410878951286,0.26783425224957574,0.9342068356455528,0.9342068356455528,0.041210647963427285
5347.0,1.18545032814,0.0609809351018,6.493007877,53.0,1.000773054424837,0.18467727371516296,6.806139303715041,-0.31313142671504046,0.8459566804956797,-1.226492430817376,2.0724491113130554,2.0724491113130554,0.051441155866463466
5503.0,1.18586849754,0.0612893025223,6.562907713,76.0,0.8699767099881364,0.31589178755186365,6.389529652310903,0.17337806068909778,1.4470149066927667,0.6790978514542056,0.767917055238561,0.767917055238561,0.051683051408685114
8992.0,1.187078082,0.0935593762787,6.986944549,60.0,0.9609654713354063,0.22611261066459365,6.679345061983346,0.3075994870166543,1.0357607608560147,1.2048245891734157,-0.16906382831740108,0.16906382831740108,0.07881484604708588
1352.0,1.18873986274,0.040113260973,7.000152728,67.0,0.9211578882459758,0.2675819744940243,6.5525508202516525,0.4476019077483473,1.2257207091576148,1.75319468132579,-0.5274739721681752,0.5274739721681752,0.03374435587660067
2398.0,1.18893489476,0.0738239793126,6.524036636,76.0,0.8699767099881364,0.31895818477186366,6.389529652310903,0.1345069836890973,1.461061243641152,0.526845226355653,0.9342160172854991,0.9342160172854991,0.06209253310502103
8003.0,1.18947422915,0.0785031516399,6.617082829,68.0,0.9154710906617713,0.27400313848822866,6.534437357147125,0.0826454718528753,1.2551343260481995,0.32371086713415875,0.9314234589140408,0.9314234589140408,0.06599819459392446
5000.0,1.18993927597,0.0672463188499,7.025827155,52.0,1.0064598520090415,0.1834794239609585,6.824252766819568,0.20157438818043172,0.8404696544993882,0.7895389611433977,0.05093069335599043,0.05093069335599043,0.0565123953868007
2915.0,1.19043634263,0.0752127536824,6.678609365,65.0,0.9325314834143845,0.25790485921561546,6.588777746460708,0.089831618539292,1.1813924593789056,0.35185800844825704,0.8295344509306486,0.8295344509306486,0.06318082789394218
5968.0,1.19582063583,0.0788136425692,7.026712329,68.0,0.9154710906617713,0.28034954516822874,6.534437357147125,0.4922749718528756,1.2842054998861294,1.9281728863575227,-0.6439673864713933,0.6439673864713933,0.06590757861817353
7.0,1.19664070476,0.0414762518813,7.346312787,59.0,0.9666522689196108,0.2299884358403893,6.697458525087875,0.6488542619121249,1.053514868516033,2.5414722798265568,-1.4879574113105238,1.4879574113105238,0.03466057248120983
6485.0,1.19696970005,0.151116407465,6.344668311,70.0,0.9040974954933627,0.2928722045566372,6.4982104309380695,-0.1535421199380691,1.341568418203492,-0.6014032187419853,1.9429716369454773,1.9429716369454773,0.12624915021548794
339.0,1.20027932639,0.0361396567489,6.832900811,50.0,1.0178334471774502,0.18244587921254984,6.860479693028624,-0.027578882028623575,0.835735265330009,-0.10802266132582808,0.943757926655837,0.943757926655837,0.030109372005593757
1552.0,1.20299145747,0.0641282221193,6.608877575,60.0,0.9609654713354063,0.2420259861345937,6.679345061983346,-0.07046748698334593,1.1086556331771524,-0.2760113870092248,1.3846670201863773,1.3846670201863773,0.053307296341212146
1916.0,1.20338778953,0.0450578265987,6.866679882,65.0,0.9325314834143845,0.2708563061156155,6.588777746460708,0.2779021355392919,1.2407195374038857,1.0885041764176089,0.15221536098627686,0.15221536098627686,0.0374424827896068
2936.0,1.20356418434,0.0844311225117,6.630362288,66.0,0.9268446858301802,0.2767194985098198,6.57066428335618,0.05969800464381958,1.2675772371908052,0.2338288162215574,1.0337484209692478,1.0337484209692478,0.07015090978135047
9842.0,1.20403330609,0.0534797712287,6.306929063,79.0,0.8529163172355232,0.35111698885447673,6.33518926299732,-0.028260199997319546,1.6083720339899301,-0.11069128944901524,1.7190633234389454,1.7190633234389454,0.04441718593513928
9535.0,1.20404816094,0.03500101414,6.893434769,60.0,0.9609654713354063,0.24308268960459367,6.679345061983346,0.21408970701665364,1.1134961061913264,0.8385597316962724,0.27493637449505404,0.27493637449505404,0.02906944695025714
1358.0,1.20621594867,0.0745799086537,6.452733071,75.0,0.8756635075723407,0.33055244109765924,6.40764311541543,0.04508995558456963,1.5141713984364509,0.17661111122101883,1.337560287215432,1.337560287215432,0.06182964894133048
6861.0,1.20967543456,0.0845964610382,6.963628166,51.0,1.0121466495932459,0.1975287849667542,6.842366229924096,0.12126193607590441,0.9048259803236443,0.47496620924830835,0.4298597710753359,0.4298597710753359,0.06993318920208592
8942.0,1.2113516872,0.0723764883538,6.526180049,61.0,0.955278673751202,0.25607301344879807,6.661231598878818,-0.13505154987881873,1.1730012689909262,-0.5289782167002479,1.701979485691174,1.701979485691174,0.059748534730731995
3093.0,1.21242556594,0.085600794731,6.619935562,75.0,0.8756635075723407,0.3367620583676594,6.40764311541543,0.21229244658456992,1.5426159769555168,0.8315201114981878,0.711095865457329,0.711095865457329,0.07060292782974537
410.0,1.21373713171,0.0986196014945,6.460535809,70.0,0.9040974954933627,0.30963963621663737,6.4982104309380695,-0.03767462193806992,1.4183754911160442,-0.14756627632588099,1.5659417674419251,1.5659417674419251,0.0812528503231648
5681.0,1.21383466059,0.138899818997,6.470798941,85.0,0.8187955317302971,0.3950391288597028,6.226508484370153,0.24429045662984716,1.8095674870720213,0.9568518852312197,0.8527156018408016,0.8527156018408016,0.11443059216111522
2834.0,1.21604907085,0.0466444945186,6.722587247,52.0,1.0064598520090415,0.2095892188409585,6.824252766819568,-0.1016655198195684,0.9600715684802872,-0.39820976080848064,1.3582813292887679,1.3582813292887679,0.03835741142090277
7843.0,1.21736649209,0.0822766326133,6.639380235,62.0,0.9495918761669977,0.26777461592300233,6.643118135774291,-0.0037379007742908144,1.2266031474809977,-0.014640839646498142,1.2412439871274958,1.2412439871274958,0.06758575428837849
9367.0,1.21814047984,0.0888454211403,7.123675209,53.0,1.000773054424837,0.21736742541516296,6.806139303715041,0.31753590528495934,0.9957014306791,1.2437441633706174,-0.24804273269151744,0.24804273269151744,0.07293528341818971
7062.0,1.21850234965,0.0501108937597,6.312616424,61.0,0.955278673751202,0.263223675898798,6.661231598878818,-0.34861517487881866,1.20575652115518,-1.3654773579978372,2.5712338791530174,2.5712338791530174,0.04112498738643692
9247.0,1.21973113568,0.150893943102,6.519837249,62.0,0.9495918761669977,0.2701392595130023,6.643118135774291,-0.12328088677429072,1.2374349407044405,-0.4828741595161609,1.7203091002206015,1.7203091002206015,0.12371082338393914
1793.0,1.22571648149,0.0893635024288,6.963725169,63.0,0.9439050785827933,0.28181140290720663,6.625004672669763,0.3387204963302368,1.2909018751105659,1.326721272501984,-0.03581939739141804,0.03581939739141804,0.07290715575609162
7258.0,1.2259770752,0.03157267927,6.571812556,51.0,1.0121466495932459,0.21383042560675425,6.842366229924096,-0.2705536739240957,0.97949939045703,-1.0597212700075405,2.0392206604645704,2.0392206604645704,0.025753074758636398
7581.0,1.22908182669,0.0881097899634,6.66088267,84.0,0.8244823293145014,0.4045994973754987,6.2446219474746805,0.41626072252531987,1.8533609514828728,1.630435599453532,0.22292535202934083,0.22292535202934083,0.07168748902641055
4727.0,1.23055757798,0.0803978378144,6.442961695,68.0,0.9154710906617713,0.31508648731822864,6.534437357147125,-0.09147566214712466,1.4433260439608042,-0.35829749956575335,1.8016235435265575,1.8016235435265575,0.06533447865672053
9903.0,1.23064048471,0.0995152615847,6.999354351,60.0,0.9609654713354063,0.26967501337459376,6.679345061983346,0.32000928901665393,1.2353083546103294,1.2534320648925266,-0.01812371028219717,0.01812371028219717,0.08086460897485485
1921.0,1.23172238373,0.0614405480585,6.891006271,66.0,0.9268446858301802,0.3048776978998198,6.57066428335618,0.32034198764382005,1.3965623386356076,1.2547351993375209,0.14182713929808677,0.14182713929808677,0.049881814985322286
7278.0,1.23265320403,0.0594788300032,6.518527752,62.0,0.9495918761669977,0.2830613278630023,6.643118135774291,-0.12459038377429099,1.29662744353164,-0.4880032779043321,1.7846307214359722,1.7846307214359722,0.04825268762433884
3769.0,1.2334794215,0.0780745395174,6.727335418,80.0,0.8472295196513189,0.38624990184868113,6.317075799892791,0.4102596181072089,1.7693064134878687,1.6069301045801097,0.162376308907759,0.162376308907759,0.06329618326542953
3797.0,1.23355733043,0.0712608509385,6.361390366,68.0,0.9154710906617713,0.3180862397682287,6.534437357147125,-0.17304699114712463,1.45706709922906,-0.6778010979102895,2.1348681971393493,2.1348681971393493,0.0577685764419717
4709.0,1.23488617594,0.0504485538817,6.82577448,50.0,1.0178334471774502,0.21705272876254988,6.860479693028624,-0.03470521302862384,0.9942598903625678,-0.13593551288049996,1.1301954032430677,1.1301954032430677,0.04085279669059245
1952.0,1.23700338231,0.0803452345633,6.625026654,70.0,0.9040974954933627,0.33290588681663724,6.4982104309380695,0.12681622306193052,1.524951897239049,0.49672158212293166,1.0282303151161174,1.0282303151161174,0.06495150758057106
9816.0,1.23754490378,0.0980498695059,6.784660615,50.0,1.0178334471774502,0.21971145660254976,6.860479693028624,-0.07581907802862364,1.0064388040568253,-0.2969728279566271,1.3034116320134523,1.3034116320134523,0.0792293428758933
3043.0,1.24048748493,0.0921819991829,6.627654919,53.0,1.000773054424837,0.23971443050516306,6.806139303715041,-0.17848438471504036,1.0980670215536656,-0.6990986154555108,1.7971656370091764,1.7971656370091764,0.0743111077723624
4982.0,1.24318786857,0.0837437069213,6.542915957,65.0,0.9325314834143845,0.31065638515561544,6.588777746460708,-0.04586178946070785,1.4230329432216131,-0.17963427761751546,1.6026672208391286,1.6026672208391286,0.06736206895071117
3013.0,1.24405948086,0.0761269050843,6.756453489,73.0,0.8870371027407495,0.3570223781192505,6.443870041624486,0.31258344737551447,1.6354230262369134,1.224346071637706,0.41107695459920746,0.41107695459920746,0.06119233545945455
1616.0,1.24450701766,0.0546342984978,6.839629499,62.0,0.9495918761669977,0.29491514149300224,6.643118135774291,0.19651136322570917,1.3509265601902256,0.769707793607289,0.5812187665829366,0.5812187665829366,0.04390035389316392
2978.0,1.24502046108,0.0834400965661,6.251336857,63.0,0.9439050785827933,0.3011153824972067,6.625004672669763,-0.37366781566976304,1.3793281885696864,-1.4636050822713973,2.8429332708410837,2.8429332708410837,0.067019056452871
6199.0,1.2466285807,0.0897364255643,6.677709664,54.0,0.9950862568406327,0.25154232385936726,6.788025840610513,-0.11031617661051296,1.1522474044339763,-0.43209318537240293,1.5843405898063794,1.5843405898063794,0.07198328913164473
1737.0,1.24864342349,0.0563023944734,6.637164967,64.0,0.9382182809985888,0.31042514249141107,6.6068912095652355,0.030273757434764903,1.421973683071926,0.1185781150607102,1.303395568011216,1.303395568011216,0.04509085093007012
4143.0,1.24894855716,0.0604362922974,6.752797789,52.0,1.0064598520090415,0.24248870515095855,6.824252766819568,-0.07145497781956855,1.1107752239378974,-0.2798792518506249,1.3906544757885224,1.3906544757885224,0.04838973707197905
1792.0,1.24971367557,0.0577463431023,6.668947266,50.0,1.0178334471774502,0.23188022839254985,6.860479693028624,-0.1915324270286236,1.062180658926609,-0.7502059900888408,1.8123866490154499,1.8123866490154499,0.04620765878709108
8730.0,1.25211795589,0.0899622406917,6.205421885,58.0,0.9723390665038152,0.2797788893861848,6.715571988192401,-0.5101501031924016,1.2815914799725145,-1.9981873001702455,3.27977878014276,3.27977878014276,0.07184805574308312
7449.0,1.25249533784,0.0613727785819,6.945160039,56.0,0.9837126616722238,0.26878267616777607,6.751798914401458,0.1933611245985425,1.2312207990266002,0.7573687452018902,0.47385205382470996,0.47385205382470996,0.04900040481407371
8405.0,1.2530341507,0.0754678134424,6.510834765,62.0,0.9495918761669977,0.3034422745330023,6.643118135774291,-0.13228337077429053,1.3899870521259545,-0.5181356425310945,1.9081226946570489,1.9081226946570489,0.060228057950567716
5672.0,1.25307068826,0.0897496221511,6.971661738,67.0,0.9211578882459758,0.33191280001402423,6.5525508202516525,0.4191109177483474,1.5204028349853018,1.641599419399897,-0.12119658441459524,0.12119658441459524,0.0716237503534021
9938.0,1.25314167042,0.0424701626402,6.439641011,55.0,0.9893994592564282,0.26374221116357177,6.769912377505985,-0.3302713665059853,1.2081317910651337,-1.2936272011558065,2.5017589922209402,2.5017589922209402,0.03389095075416797
2297.0,1.25368551249,0.0898552029713,7.127358906,53.0,1.000773054424837,0.25291245806516294,6.806139303715041,0.3212196022849598,1.1585236189418655,1.2581726943402567,-0.09964907539839118,0.09964907539839118,0.07167284145513864
5187.0,1.25401505911,0.0699800422624,6.083259491,60.0,0.9609654713354063,0.2930495877745938,6.679345061983346,-0.5960855709833464,1.3423809627858299,-2.3347846257407023,3.677165588526532,3.677165588526532,0.05580478619775607
191.0,1.25433045108,0.0670665704504,6.215077885,69.0,0.909784293077567,0.34454615800243293,6.516323894042596,-0.3012460090425959,1.5782728336721534,-1.1799388958838726,2.758211729556026,2.758211729556026,0.05346802383108418
2551.0,1.25577033983,0.0809107527309,6.528548112,72.0,0.8927239003249539,0.3630464395050461,6.461983504729013,0.0665646072709869,1.6630176233982825,0.2607243477113288,1.4022932756869537,1.4022932756869537,0.06443117038570388
2556.0,1.2558005616,0.0978437341107,6.219106625,52.0,1.0064598520090415,0.24934070959095855,6.824252766819568,-0.605146141819568,1.1421624044728684,-2.37027362684829,3.5124360313211582,3.5124360313211582,0.077913433950084
4869.0,1.25652992418,0.106684637253,6.896791744,63.0,0.9439050785827933,0.3126248455972068,6.625004672669763,0.2717870713302366,1.43204992851361,1.0645523168260966,0.36749761168751327,0.36749761168751327,0.0849041755393302
7562.0,1.25906994927,0.0802492939387,6.873624453,51.0,1.0121466495932459,0.24692329967675408,6.842366229924096,0.03125822307590376,1.1310889029787328,0.12243413063194632,1.0086547723467865,1.0086547723467865,0.06373696233892961
8620.0,1.26260071732,0.0042636628037,6.777787375,64.0,0.9382182809985888,0.32438243632141117,6.6068912095652355,0.1708961654347645,1.485908274045695,0.6693766114769373,0.8165316625687578,0.8165316625687578,0.0033768892613573543
8719.0,1.26316046556,0.0849040953486,6.571061913,74.0,0.8813503051565452,0.3818101604034547,6.425756578519958,0.14530533448004235,1.7489691578001134,0.5691408708693462,1.1798282869307672,1.1798282869307672,0.06721560535142244
1044.0,1.26357600104,0.114118763124,6.9014711,57.0,0.9780258640880195,0.2855501369519804,6.73368545129693,0.16778564870307022,1.3080280053492608,0.657193148234758,0.6508348571145027,0.6508348571145027,0.09031412675618508
5294.0,1.26576744622,0.054874579476,7.001358217,54.0,0.9950862568406327,0.27068118937936725,6.788025840610513,0.213332376389487,1.2399173749617203,0.8355933725173473,0.40432400244437294,0.40432400244437294,0.043352813062046774
5472.0,1.26699470774,0.0687657123064,6.482426924,61.0,0.955278673751202,0.3117160339887979,6.661231598878818,-0.17880467487881813,1.4278869081485197,-0.7003531476679424,2.128240055816462,2.128240055816462,0.05427466420050068
4373.0,1.26736915331,0.0503422627447,6.865064658,72.0,0.8927239003249539,0.37464525298504614,6.461983504729013,0.40308115327098637,1.7161486532853873,1.5788130520093122,0.13733560127607514,0.13733560127607514,0.03972186210562301
1589.0,1.27424541912,0.0744598368935,6.81001107,52.0,1.0064598520090415,0.26778556711095836,6.824252766819568,-0.014241696819568439,1.2266533119133851,-0.05578275401623106,1.2824360659296161,1.2824360659296161,0.05843445522835179
6905.0,1.27766088241,0.0799436000514,6.364584032,51.0,1.0121466495932459,0.2655142328167541,6.842366229924096,-0.47778219792409615,1.2162489433564583,-1.8714066980778281,3.0876556414342864,3.0876556414342864,0.06257028069968427
4966.0,1.27996839982,0.0304145143843,6.44019928,65.0,0.9325314834143845,0.34743691640561547,6.588777746460708,-0.14857846646070794,1.591514616668382,-0.5819612755200935,2.1734758921884754,2.1734758921884754,0.02376192598862374
7837.0,1.28009823051,0.0688949442961,6.487811743,62.0,0.9495918761669977,0.33050635434300224,6.643118135774291,-0.1553063927742908,1.513960287468652,-0.608313631095747,2.122273918564399,2.122273918564399,0.05382004494190402
4666.0,1.28204495928,0.0763317798367,6.671280277,67.0,0.9211578882459758,0.3608870710340243,6.5525508202516525,0.11872945674834767,1.653126140017766,0.46504683846194383,1.1880793015558222,1.1880793015558222,0.05953908190518384
731.0,1.28470058466,0.0420453264786,6.633939043,62.0,0.9495918761669977,0.3351087084930022,6.643118135774291,-0.009179092774290964,1.535042428009694,-0.03595323512412426,1.5709956631338182,1.5709956631338182,0.03272772425002626
517.0,1.28616586304,0.0531714981875,6.664151725,52.0,1.0064598520090415,0.2797060110309584,6.824252766819568,-0.1601010418195683,1.2812576439231347,-0.6270936073636997,1.9083512512868344,1.9083512512868344,0.04134108960241185
9232.0,1.29168272451,0.085532962843,6.477913554,66.0,0.9268446858301802,0.3648380386798198,6.57066428335618,-0.09275072935618045,1.6712244550250475,-0.3632917612312026,2.0345162162562502,2.0345162162562502,0.06621824479029627
5315.0,1.29371186409,0.112731552328,6.765741566,60.0,0.9609654713354063,0.3327463927545937,6.679345061983346,0.08639650401665389,1.5242212980452727,0.33840314061462823,1.1858181574306446,1.1858181574306446,0.08713806795556879
4277.0,1.29454863618,0.0554869918333,6.384296633,64.0,0.9382182809985888,0.3563303551814112,6.6068912095652355,-0.2225945765652355,1.6322530561829676,-0.8718721278228916,2.504125184005859,2.504125184005859,0.042862037224829945
1578.0,1.29473102018,0.045354757227,6.249201165,70.0,0.9040974954933627,0.39063352468663726,6.4982104309380695,-0.24900926593806982,1.7893866050021856,-0.9753348077526712,2.7647214127548567,2.7647214127548567,0.035030254562599845
7435.0,1.3048120495,0.0925534984014,6.707772626,53.0,1.000773054424837,0.30403899507516297,6.806139303715041,-0.09836667771504093,1.3927204676614706,-0.3852886531633301,1.7780091208248008,1.7780091208248008,0.07093243692596662
1386.0,1.31083363737,0.0370969199076,6.63035887,57.0,0.9780258640880195,0.3328077732819805,6.73368545129693,-0.10332658129692973,1.524502465652692,-0.40471590856400436,1.9292183742166964,1.9292183742166964,0.028300250199582655
2569.0,1.3110682351,0.148027302151,6.697631686,65.0,0.9325314834143845,0.3785367516856155,6.588777746460708,0.10885393953929245,1.7339745571265086,0.4263658052792365,1.307608751847272,1.307608751847272,0.1129058718593006
1469.0,1.31340488659,0.0962497530869,7.175216814,65.0,0.9325314834143845,0.3808734031756156,6.588777746460708,0.5864390675392919,1.744678126104923,2.297000607757884,-0.5523224816529613,0.5523224816529613,0.07328262142894391
9581.0,1.31613055099,0.0834625870405,6.722812175,60.0,0.9609654713354063,0.35516507965459376,6.679345061983346,0.043467113016653514,1.626915243918911,0.17025466164060452,1.4566605822783065,1.4566605822783065,0.06341512776047864
8392.0,1.31956655879,0.0258532986188,6.592554489,52.0,1.0064598520090415,0.31310670678095853,6.824252766819568,-0.23169827781956798,1.4342572043698425,-0.9075300648048046,2.341787269174647,2.341787269174647,0.01959226569253668
8539.0,1.32366635694,0.0897298277708,6.648955006,55.0,0.9893994592564282,0.33426689768357176,6.769912377505985,-0.12095737150598573,1.5311863201972646,-0.47377327200908215,2.0049595922063466,2.0049595922063466,0.06778885577951373
7229.0,1.32629816592,0.105290773304,6.599872882,60.0,0.9609654713354063,0.3653326945845936,6.679345061983346,-0.07947217998334644,1.6734903400404146,-0.31128152237122214,1.9847718624116368,1.9847718624116368,0.0793869553690923
3548.0,1.32862026228,0.0455129842909,6.698834242,64.0,0.9382182809985888,0.39040198128141124,6.6068912095652355,0.09194303243476476,1.7883259672391558,0.3601281242532625,1.4281978429858933,1.4281978429858933,0.03425582582399934
6948.0,1.32938266183,0.102091863424,7.051553348,54.0,0.9950862568406327,0.3342964049893673,6.788025840610513,0.2635275073894867,1.5313214851905472,1.0322007487913725,0.49912073639917476,0.49912073639917476,0.07679644571523335
6604.0,1.33001043357,0.0491149824067,6.965323349,59.0,0.9666522689196108,0.3633581646503893,6.697458525087875,0.2678648239121255,1.664445552043083,1.0491894169071305,0.6152561351359525,0.6152561351359525,0.036928268506034256
3756.0,1.33236314634,0.0383633381126,6.69523799,57.0,0.9780258640880195,0.3543372822519806,6.73368545129693,-0.03844746129693011,1.6231233277358852,-0.15059338105894368,1.773716708794829,1.773716708794829,0.028793454860999455
7134.0,1.33247991906,0.072459673761,6.559875772,72.0,0.8927239003249539,0.4397560187350462,6.461983504729013,0.09789226727098654,2.0144034745221133,0.38343045315818364,1.6309730213639297,1.6309730213639297,0.05437956154124768
5942.0,1.33389842949,0.0965483167916,6.688779375,65.0,0.9325314834143845,0.4013669460756155,6.588777746460708,0.1000016285392924,1.8385535075989063,0.39169252910685814,1.4468609784920483,1.4468609784920483,0.07238056111102409
4343.0,1.33401303945,0.0324605599837,6.210501719,60.0,0.9609654713354063,0.3730475681145937,6.679345061983346,-0.4688433429833463,1.708830090679949,-1.8363944412755708,3.54522453195552,3.54522453195552,0.02433301551316407
6249.0,1.33849461323,0.0550620344152,6.578747809,70.0,0.9040974954933627,0.43439711773663725,6.4982104309380695,0.08053737806193073,1.9898557973308684,0.31545375571876716,1.6744020416121013,1.6744020416121013,0.04113728502972946
5901.0,1.3412771315,0.0958281065217,6.934354434,54.0,0.9950862568406327,0.3461908746593674,6.788025840610513,0.14632859338948734,1.5858068361807791,0.5731488342998032,1.0126580018809759,1.0126580018809759,0.071445418900516
8968.0,1.34612060521,0.122527596326,6.715533361,65.0,0.9325314834143845,0.4135891217956156,6.588777746460708,0.12675561453929252,1.8945399914392147,0.49648418693383045,1.3980558045053844,1.3980558045053844,0.09102274777740677
4250.0,1.34700356294,0.0863611282595,6.376658506,73.0,0.8870371027407495,0.45996646019925036,6.443870041624486,-0.06721153562448556,2.106982044848965,-0.26325827647463157,2.3702403213235965,2.3702403213235965,0.0641135113785492
314.0,1.34710552591,0.0885782359477,6.735376412,52.0,1.0064598520090415,0.34064567390095846,6.824252766819568,-0.08887635481956835,1.5604057701378566,-0.3481163727588386,1.9085221428966952,1.9085221428966952,0.06575448934326315
2899.0,1.34799222641,0.103025150957,7.15463197,56.0,0.9837126616722238,0.3642795647377761,6.751798914401458,0.402833055598542,1.6686662368282419,1.5778412877870218,0.09082494904122007,0.09082494904122007,0.07642859427415147
9526.0,1.35106060642,0.0612395296552,6.337637899,72.0,0.8927239003249539,0.45833670609504606,6.461983504729013,-0.12434560572901354,2.0995165817506556,-0.4870445162018976,2.5865610979525533,2.5865610979525533,0.04532700410640399
1032.0,1.35379195391,0.189940759513,6.907551424,51.0,1.0121466495932459,0.3416453043167542,6.842366229924096,0.06518519407590428,1.5649848069151344,0.2553213772701726,1.3096634296449619,1.3096634296449619,0.14030276880019574
620.0,1.35893731763,0.0377491206949,6.957436097,62.0,0.9495918761669977,0.4093454414630022,6.643118135774291,0.31431796122570965,1.8751008387213801,1.231139922164719,0.6439609165566611,0.6439609165566611,0.027778412002648394
8418.0,1.36094586285,0.0946007885336,6.300120054,57.0,0.9780258640880195,0.38291999876198046,6.73368545129693,-0.4335653972969302,1.7540530273785286,-1.6982156138960016,3.4522686412745305,3.4522686412745305,0.06951105926836317
6934.0,1.36478606888,0.115946581894,7.215675089,51.0,1.0121466495932459,0.35263941928675413,6.842366229924096,0.3733088590759044,1.6153458763521549,1.4621990990075062,0.15314677734464865,0.15314677734464865,0.08495586563918445
3617.0,1.36542993724,1.05521430769,6.339294267,70.0,0.9040974954933627,0.46133244174663735,6.4982104309380695,-0.15891616393806984,2.11323923715097,-0.6224526048033808,2.735691841954351,2.735691841954351,0.7728073619236357
5274.0,1.37467976312,0.0986083358624,6.570950095,77.0,0.864289912403932,0.510389850716068,6.371416189206375,0.19953390579362473,2.33795796951382,0.7815466742340661,1.5564112952797542,1.5564112952797542,0.07173185967224585
5568.0,1.37477840392,0.109713567282,7.274240801,50.0,1.0178334471774502,0.3569449567425498,6.860479693028624,0.4137611079713768,1.6350683798339445,1.620644955433754,0.014423424400190399,0.014423424400190399,0.07980454665942248
6090.0,1.37566223175,0.0380029914691,6.600687463,55.0,0.9893994592564282,0.38626277249357177,6.769912377505985,-0.16922491450598542,1.769365370433726,-0.6628305530514143,2.43219592348514,2.43219592348514,0.027625234299524123
3646.0,1.37584474282,0.102367062634,6.954014356,50.0,1.0178334471774502,0.35801129564254985,6.860479693028624,0.09353466297137647,1.639952990148903,0.36636232062981644,1.2735906695190864,1.2735906695190864,0.07440306267710364
8001.0,1.37660351506,0.0706913857232,6.716260397,50.0,1.0178334471774502,0.35877006788254984,6.860479693028624,-0.1442192960286235,1.643428720716556,-0.5648870086677281,2.2083157293842843,2.2083157293842843,0.05135203052283276
7836.0,1.3919083707,0.0925084111948,6.434159012,71.0,0.8984106979091583,0.49349767279084167,6.480096967833541,-0.045937955833540656,2.260579467673864,-0.17993261075112094,2.4405120784249847,2.4405120784249847,0.0664615668258945
4318.0,1.39873184482,0.07628647661,6.525455846,58.0,0.9723390665038152,0.4263927783161847,6.715571988192401,-0.19011614219240158,1.9531900816774606,-0.744658598535937,2.6978486802133976,2.6978486802133976,0.054539743906250424
6347.0,1.39943931089,0.0492537671328,6.334495401,66.0,0.9268446858301802,0.47259462505981986,6.57066428335618,-0.23616888235618028,2.164828255220666,-0.9250408036113654,3.0898690588320314,3.0898690588320314,0.035195357704705416
6383.0,1.40285126307,0.077045113906,5.779398578,54.0,0.9950862568406327,0.4077650062293674,6.788025840610513,-1.0086272626105126,1.8678612920403617,-3.9506532962391527,5.818514588279514,5.818514588279514,0.05492037248296334
7979.0,1.40439647713,0.0354060311061,6.842236697,56.0,0.9837126616722238,0.4206838154577761,6.751798914401458,0.09043778259854207,1.9270388657123532,0.3542322691167025,1.5728065965956506,1.5728065965956506,0.025210851552729004
4828.0,1.4069245224,0.113824196542,7.036759449,67.0,0.9211578882459758,0.4857666341540242,6.5525508202516525,0.48420862874834736,2.2251656690487387,1.8965781375778576,0.32858753147088104,0.32858753147088104,0.08090284498548164
9260.0,1.41577474845,0.147704527428,6.88449555,62.0,0.9495918761669977,0.46618287228300237,6.643118135774291,0.2413774142257088,2.1354577485734794,0.9454419015805618,1.1900158469929174,1.1900158469929174,0.1043277029694928
968.0,1.44884096112,0.0633886210536,6.53944268,72.0,0.8927239003249539,0.5561170607950461,6.461983504729013,0.07745917527098634,2.5474219607702864,0.3033968617071356,2.2440250990631507,2.2440250990631507,0.04375126239155925
9401.0,1.46669370315,0.113494395134,5.81698655,67.0,0.9211578882459758,0.5455358149040243,6.5525508202516525,-0.7355642702516523,2.4989521330031548,-2.8811033734546103,5.380055506457765,5.380055506457765,0.07738111569596944
7284.0,1.48739275838,0.124999707527,6.84260378,53.0,1.000773054424837,0.48661970395516296,6.806139303715041,0.036464476284959524,2.229073351259358,0.14282630340365765,2.0862470478557005,2.0862470478557005,0.08403947566824511
8962.0,1.48781638245,0.117508167626,6.835799387,59.0,0.9666522689196108,0.5211641135303892,6.697458525087875,0.13834086191212513,2.3873119556423408,0.5418619963763076,1.8454499592660332,1.8454499592660332,0.07898028883947245
964.0,1.49435431565,0.111099671509,6.594415344,62.0,0.9495918761669977,0.5447624394830024,6.643118135774291,-0.04870279177429104,2.4954095092098574,-0.19076209021077337,2.6861715994206308,2.6861715994206308,0.07434627139325718
3690.0,1.49637180703,0.0887815270756,5.751155595,69.0,0.909784293077567,0.586587513952433,6.516323894042596,-0.7651682990425961,2.6869988718198767,-2.9970582541725865,5.684057125992464,5.684057125992464,0.05933119473282088
928.0,1.51295111326,0.0666547983052,7.423116931,52.0,1.0064598520090415,0.5064912612509584,6.824252766819568,0.5988641641804318,2.320099584796672,2.3456679904680864,-0.025568405671414496,0.025568405671414496,0.0440561480942877
8020.0,1.51952527524,0.0491680035008,6.863165098,65.0,0.9325314834143845,0.5869937918256154,6.588777746460708,0.27438735153929183,2.6888599209573374,1.074737254275102,1.6141226666822355,1.6141226666822355,0.03235747657638285
871.0,1.52445091702,0.0977238401279,6.732947053,68.0,0.9154710906617713,0.6089798263582287,6.534437357147125,0.19850969585287537,2.789572003263466,0.7775349857457043,2.0120370175177618,2.0120370175177618,0.06410428767292212
3252.0,1.53177218495,0.170562239233,6.475334273,63.0,0.9439050785827933,0.5878671063672066,6.625004672669763,-0.14967039966976348,2.6928603388526797,-0.5862382266709708,3.2790985655236504,3.2790985655236504,0.11134961250035201
3357.0,1.54560623782,0.0814136225793,6.430415081,58.0,0.9723390665038152,0.5732671713161848,6.715571988192401,-0.28515690719240183,2.625981982123933,-1.1169201122219228,3.742902094345856,3.742902094345856,0.05267423266493142
5408.0,1.57316895161,0.107719180837,7.060162652,50.0,1.0178334471774502,0.5553355044325499,6.860479693028624,0.19968295897137622,2.543841862295055,0.7821304948879663,1.7617113674070888,1.7617113674070888,0.06847273506558776
3689.0,1.59884117285,0.127959651255,6.867259395,62.0,0.9495918761669977,0.6492492966830024,6.643118135774291,0.22414125922570882,2.9740355637002898,0.8779302695937377,2.096105294106552,2.096105294106552,0.08003274710952475
8674.0,1.6054317904,0.057199965387,6.289042919,60.0,0.9609654713354063,0.6444663190645936,6.679345061983346,-0.3903021429833462,2.9521260358652905,-1.528759438561591,4.480885474426882,4.480885474426882,0.03562902250287967
3949.0,1.61300310486,0.0842165303163,6.847863984,52.0,1.0064598520090415,0.6065432528509584,6.824252766819568,0.023611217180431687,2.7784107185285984,0.09248186762339328,2.685928850905205,2.685928850905205,0.052211015628274036
4800.0,1.63009848511,0.0815901073141,7.005449411,67.0,0.9211578882459758,0.7089405968640242,6.5525508202516525,0.4528985907483474,3.2474652778160142,1.773941055064415,1.4735242227515992,1.4735242227515992,0.050052256387806075
5826.0,1.68777982646,0.112997140118,7.227492473,61.0,0.955278673751202,0.7325011527087979,6.661231598878818,0.5662608741211814,3.355389816727168,2.2179654187495217,1.1374243979776462,1.1374243979776462,0.06695016633479
3538.0,1.69446825806,0.075747236684,6.504179468,71.0,0.8984106979091583,0.7960575601508416,6.480096967833541,0.024082500166459297,3.6465245426319273,0.09432781780859106,3.5521967248233364,3.5521967248233364,0.0447026589749891
2019.0,1.85030450169,0.0972170683367,6.719295292,63.0,0.9439050785827933,0.9063994231072067,6.625004672669763,0.09429061933023686,4.151970796133837,0.36932329699011734,3.782647499143719,3.782647499143719,0.05254111863636797
1026.0,1.87769194834,0.0666342399477,6.740858184,62.0,0.9495918761669977,0.9281000721730024,6.643118135774291,0.09774004822570959,4.251375604743998,0.3828342322396479,3.8685413725043505,3.8685413725043505,0.03548731196648573
986.0,1.91098615291,0.0990874227117,7.183207118,60.0,0.9609654713354063,0.9500206815745937,6.679345061983346,0.5038620560166542,4.351787992206539,1.973557890255746,2.378230101950793,2.378230101950793,0.05185146033675453
8532.0,2.10905917907,0.105995715024,6.638565022,73.0,0.8870371027407495,1.2220220763292504,6.443870041624486,0.19469498037551425,5.597752871197233,0.7625932735458519,4.835159597651382,4.835159597651382,0.05025734511192774
19028.0,0.453354774471,0.0253292634334,5.837648809,85.0,0.8187955317302971,-0.3654407572592971,6.226508484370153,-0.38885967537015276,-1.6739853459484975,-1.5231094926975148,-0.15087585325098263,0.15087585325098263,0.05587073272351795
10168.0,0.470472406818,0.0180252975172,5.976311657,70.0,0.9040974954933627,-0.4336250886753627,6.4982104309380695,-0.5218987739380694,-1.98631934084771,-2.044205216330543,0.05788587548283308,0.05788587548283308,0.03831318746005225
17861.0,0.503449557018,0.0340649535348,5.386026097,68.0,0.9154710906617713,-0.41202153364377136,6.534437357147125,-1.1484112601471246,-1.8873592937678605,-4.498167854987256,2.610808561219395,2.610808561219395,0.06766309168404346
12264.0,0.5113265594,0.0299218506119,6.007756534,76.0,0.8699767099881364,-0.3586501505881363,6.389529652310903,-0.3817731183109023,-1.64287941199938,-1.495352430160206,-0.147526981839174,0.147526981839174,0.05851808411245222
20678.0,0.512325209032,0.0227525943796,5.808107975,65.0,0.9325314834143845,-0.42020627438238456,6.588777746460708,-0.7806697714607074,-1.9248513791049775,-3.057775374733723,1.1329239956287456,1.1329239956287456,0.044410452537733444
17615.0,0.51245049563,0.186313508048,6.384957927,75.0,0.8756635075723407,-0.3632130119423407,6.40764311541543,-0.02268518841542999,-1.663780646716101,-0.08885474120268008,-1.5749259055134208,1.5749259055134208,0.3635736712849669
14036.0,0.526572443099,0.0258631660209,5.768672168,83.0,0.8301691268987057,-0.3035966837997057,6.262735410579208,-0.494063242579208,-1.390694359246481,-1.9351772951232227,0.5444829358767416,0.5444829358767416,0.04911606438933515
20884.0,0.529124217451,0.029949173642,6.024858727,82.0,0.8358559244829101,-0.3067317070319101,6.280848873683736,-0.255990146683736,-1.4050550534100896,-1.0026779508054764,-0.40237710260461323,0.40237710260461323,0.05660140408291455
17315.0,0.542696416075,0.0226480818494,6.305545449,74.0,0.8813503051565452,-0.33865388908154526,6.425756578519958,-0.12021112951995772,-1.5512819421746429,-0.4708503455017584,-1.0804315966728844,1.0804315966728844,0.04173250675432885
13108.0,0.547999887009,0.016926798907,5.687969966,73.0,0.8870371027407495,-0.3390372157317495,6.443870041624486,-0.7559000756244858,-1.553037857962378,-2.9607559066609097,1.4077180486985317,1.4077180486985317,0.030888325542158375
13363.0,0.548359563075,0.0102684317179,5.938459337,66.0,0.9268446858301802,-0.3784851227551802,6.57066428335618,-0.6322049463561799,-1.7337380589492832,-2.4762592166668513,0.7425211577175681,0.7425211577175681,0.01872572744116723
11351.0,0.556123674302,0.0413253574815,6.495896377,50.0,1.0178334471774502,-0.4617097728754501,6.860479693028624,-0.36458331602862337,-2.1149676890755447,-1.428022355349003,-0.6869453337265417,0.6869453337265417,0.07430965339385728
13526.0,0.557725867845,0.0207699145078,6.485227394,81.0,0.8415427220671146,-0.28381685422211456,6.298962336788264,0.18626505721173547,-1.3000883055961698,0.72957443202869,-2.02966273762486,2.02966273762486,0.037240364317425306
19613.0,0.563025494674,0.0574429220431,5.769806153,85.0,0.8187955317302971,-0.2557700370562971,6.226508484370153,-0.4567023313701526,-1.1716134160184808,-1.7888397802750347,0.6172263642565539,0.6172263642565539,0.10202543683454388
19595.0,0.567212873456,0.0444513313811,6.213204093,73.0,0.8870371027407495,-0.3198242292847495,6.443870041624486,-0.23066594862448575,-1.4650283594997737,-0.9034865743217099,-0.5615417851780639,0.5615417851780639,0.07836798750751237
12276.0,0.567631941221,0.0192816557035,6.77225157,69.0,0.909784293077567,-0.342152351856567,6.516323894042596,0.2559276759574036,-1.5673074546616843,1.0024332616224132,-2.5697407162840973,2.5697407162840973,0.03396858827574846
15770.0,0.568391733416,0.0358947300465,5.779093746,82.0,0.8358559244829101,-0.2674641910669101,6.280848873683736,-0.5017551276837358,-1.2251811751098431,-1.9653053437780308,0.7401241686681876,0.7401241686681876,0.06315139354820458
15236.0,0.570386602353,0.0682472035574,6.020332513,72.0,0.8927239003249539,-0.3223372979719539,6.461983504729013,-0.4416509917290137,-1.4765400479805337,-1.7298857674594577,0.2533457194789239,0.2533457194789239,0.11965078295293351
18300.0,0.572364213661,0.0429999551223,6.618591009,59.0,0.9666522689196108,-0.39428805525861077,6.697458525087875,-0.07886751608787446,-1.8061270218885914,-0.3089131376365279,-1.4972138842520635,1.4972138842520635,0.07512691062087964
18884.0,0.57875622418,0.0650706291045,5.733404293,75.0,0.8756635075723407,-0.29690728339234074,6.40764311541543,-0.6742388224154299,-1.3600520238400737,-2.6409000876436948,1.280848063803621,1.280848063803621,0.11243184329757164
10415.0,0.578757888319,0.0353064927627,5.723628778,80.0,0.8472295196513189,-0.2684716313323189,6.317075799892791,-0.593447021892791,-1.2297959866975285,-2.324449794382969,1.0946538076854406,1.0946538076854406,0.06100390763614051
15479.0,0.582679412039,0.0710733836655,5.724311898,85.0,0.8187955317302971,-0.2361161196912971,6.226508484370153,-0.502196586370153,-1.0815841321853468,-1.9670344763122176,0.8854503441268708,0.8854503441268708,0.12197682327025983
10131.0,0.582722797723,0.0258051556526,6.18572054,81.0,0.8415427220671146,-0.2588199243441146,6.298962336788264,-0.11324179678826418,-1.185584125429469,-0.4435524344203239,-0.7420316910091451,0.7420316910091451,0.04428375850993667
17568.0,0.588449767837,0.0464252861362,5.991450706,78.0,0.8586031148197276,-0.27015334698272764,6.353302726101847,-0.36185202010184714,-1.2374994715960097,-1.4173242474789107,0.17982477588290102,0.17982477588290102,0.07889422117855226
15185.0,0.591484901437,0.0586100990966,6.442838371,58.0,0.9723390665038152,-0.38085416506681513,6.715571988192401,-0.27273361719240174,-1.7445900015277487,-1.0682598058748516,-0.6763301956528971,0.6763301956528971,0.0990897636680294
16186.0,0.592315000071,0.0851740140928,6.312827573,75.0,0.8756635075723407,-0.28334850750134066,6.40764311541543,-0.09481554241543044,-1.2979429358424555,-0.371379348014779,-0.9265635878276764,0.9265635878276764,0.14379850937860816
17297.0,0.59475238104,0.0686712416605,6.080161704,85.0,0.8187955317302971,-0.224043150690297,6.226508484370153,-0.1463467803701528,-1.0262811240005627,-0.5732200701842356,-0.4530610538163271,0.4530610538163271,0.11546190288539848
10577.0,0.596554277157,0.0243304324369,5.711677546,81.0,0.8415427220671146,-0.2449884449101145,6.298962336788264,-0.5872847907882646,-1.1222258562015088,-2.3003131885943495,1.1780873323928407,1.1780873323928407,0.04078494341345031
15568.0,0.601041042759,0.0516219852923,6.751050306,57.0,0.9780258640880195,-0.37698482132901945,6.73368545129693,0.01736485470306981,-1.7268655835835518,0.06801573089928263,-1.7948813144828344,1.7948813144828344,0.08588762101059863
11311.0,0.601549647218,0.0629151815005,7.514781261,68.0,0.9154710906617713,-0.3139214434437714,6.534437357147125,0.9803439038528756,-1.437989292833604,3.839871297133383,-5.277860589966987,5.277860589966987,0.10458851034401773
12061.0,0.601607706285,0.045438232542,6.413222904,60.0,0.9609654713354063,-0.3593577650504063,6.679345061983346,-0.2661221579833457,-1.646120802613018,-1.0423636358173365,-0.6037571667956816,0.6037571667956816,0.07552800947744927
10243.0,0.602088676184,0.018898752902,6.243088764,82.0,0.8358559244829101,-0.23376724829891016,6.280848873683736,-0.03776010968373544,-1.0708245871366169,-0.14790111998589414,-0.9229234671507227,0.9229234671507227,0.03138865361457901
16324.0,0.602149653053,0.0266810144523,5.871903815,81.0,0.8415427220671146,-0.2393930690141146,6.298962336788264,-0.42705852178826476,-1.0965949514134827,-1.6727290837084334,0.5761341322949507,0.5761341322949507,0.04430960695073521
19753.0,0.602811023388,0.037512286287,6.517149558,75.0,0.8756635075723407,-0.2728524841843407,6.40764311541543,0.10950644258456954,-1.2498634896548897,0.42892156933815967,-1.6787850589930493,1.6787850589930493,0.06222893217208998
18059.0,0.604973765639,0.0352575400295,6.65556746,69.0,0.909784293077567,-0.30481052743856707,6.516323894042596,0.13924356595740406,-1.3962546489059209,0.5453977631002601,-1.941652412006181,1.941652412006181,0.058279452816039766
10411.0,0.608780944829,0.0276432572814,6.541890635,85.0,0.8187955317302971,-0.21001458690129704,6.226508484370153,0.31538215062984687,-0.9620200646058467,1.2353082046741528,-2.1973282692799994,2.1973282692799994,0.04540756000364744
14990.0,0.613085429425,0.0306839425695,5.80783843,75.0,0.8756635075723407,-0.2625780781473407,6.40764311541543,-0.59980468541543,-1.2027992123333013,-2.349351881886619,1.1465526695533175,1.1465526695533175,0.05004839635200241
16098.0,0.617031746274,0.031669485364,6.642289164,64.0,0.9382182809985888,-0.3211865347245888,6.6068912095652355,0.03539795443476468,-1.4712687125465982,0.13864888502605188,-1.60991759757265,1.60991759757265,0.05132553641727342
15895.0,0.618399484273,0.0279995835026,6.61180007,60.0,0.9609654713354063,-0.3425659870624064,6.679345061983346,-0.06754499198334596,-1.5692022057516735,-0.2645643788497291,-1.3046378269019443,1.3046378269019443,0.04527750138006138
11507.0,0.620101872755,0.0577646623038,6.44498027,85.0,0.8187955317302971,-0.19869365897529712,6.226508484370153,0.21847178562984748,-0.9101619533409986,0.855723726721339,-1.7658856800623375,1.7658856800623375,0.09315350403178449
10929.0,0.62112748624,0.0412899702338,6.3418629,68.0,0.9154710906617713,-0.2943436044217713,6.534437357147125,-0.19257445714712507,-1.34830850332902,-0.7542874777454242,-0.5940210255835959,0.5940210255835959,0.06647583813066968
17954.0,0.626199717028,0.0414552987023,5.883141248,76.0,0.8699767099881364,-0.24377699296013633,6.389529652310903,-0.5063884043109024,-1.1166765222224715,-1.983453246633768,0.8667767244112965,0.8667767244112965,0.06620140120639237
20896.0,0.627187089154,0.0335802465175,6.369400796,71.0,0.8984106979091583,-0.2712236087551583,6.480096967833541,-0.11069617183354108,-1.2424020515293874,-0.43358157403297287,-0.8088204774964145,0.8088204774964145,0.053541035997401856
14255.0,0.627953962923,0.0214378238741,6.158347209,80.0,0.8472295196513189,-0.2192755567283189,6.317075799892791,-0.15872859089279068,-1.0044420645381253,-0.6217179071632438,-0.3827241573748815,0.3827241573748815,0.03413916487493959
13686.0,0.628934842903,0.0269587998522,6.7171447,51.0,1.0121466495932459,-0.3832118066902459,6.842366229924096,-0.12522152992409552,-1.7553897206346707,-0.4904753899615458,-1.264914330673125,1.264914330673125,0.04286421742475768
19096.0,0.629130316287,0.0271252288471,5.892583502,84.0,0.8244823293145014,-0.19535201302750138,6.2446219474746805,-0.35203844547468055,-0.8948547763585769,-1.3788858348106268,0.48403105845204986,0.48403105845204986,0.043115437525229464
16345.0,0.629716227094,0.0318022199908,6.46030858,60.0,0.9609654713354063,-0.33124924424140634,6.679345061983346,-0.2190364819833457,-1.5173632653217743,-0.857935564129489,-0.6594277011922853,0.6594277011922853,0.05050246225599132
16434.0,0.632552730712,0.027972431077,6.930860795,66.0,0.9268446858301802,-0.2942919551181802,6.57066428335618,0.36019651164381994,-1.3480719118278737,1.4108398501310448,-2.7589117619589185,2.7589117619589185,0.04422150078383867
19097.0,0.634968887918,0.0392520142467,6.502611912,67.0,0.9211578882459758,-0.2861890003279758,6.5525508202516525,-0.04993890825165259,-1.3109544658171626,-0.19560378725471864,-1.1153506785624439,1.1153506785624439,0.06181722442402409
15100.0,0.636544531227,0.0283354073596,6.001558283,81.0,0.8415427220671146,-0.2049981908401145,6.298962336788264,-0.29740405378826473,-0.9390413099675539,-1.164890489250244,0.22584917928269022,0.22584917928269022,0.04451441489094378
14916.0,0.636722236676,0.0458700699826,6.185826613,73.0,0.8870371027407495,-0.2503148660647495,6.443870041624486,-0.2580434286244859,-1.1466247520063424,-1.0107203717949083,-0.13590438021143414,0.13590438021143414,0.07204094240852038
17521.0,0.639751957212,0.027197504461,6.540412451,64.0,0.9382182809985888,-0.2984663237865889,6.6068912095652355,-0.06647875856523555,-1.3671935665439747,-0.26038809022065124,-1.1068054763233235,1.1068054763233235,0.042512577186203646
15876.0,0.640861077537,0.0331490732249,5.624959249,66.0,0.9268446858301802,-0.28598360829318026,6.57066428335618,-0.9457050343561804,-1.3100136204144746,-3.704195642679096,2.3941820222646215,2.3941820222646215,0.0517258332372138
12807.0,0.642788776146,0.047550948142,6.386716947,78.0,0.8586031148197276,-0.21581433867372757,6.353302726101847,0.03341422089815271,-0.9885871600497157,0.13087887550341365,-1.1194660355531294,1.1194660355531294,0.07397600877088042
18413.0,0.644084652831,0.0498848724065,6.175769182,71.0,0.8984106979091583,-0.25432604507815826,6.480096967833541,-0.30432778583354114,-1.1649988790160948,-1.1920097887585208,0.027010909742426037,0.027010909742426037,0.07745080120638921
14137.0,0.645243455803,0.00972776537915,6.012174338,85.0,0.8187955317302971,-0.17355207592729704,6.226508484370153,-0.21433414637015247,-0.7949951560961119,-0.8395171667899177,0.04452201069380579,0.04452201069380579,0.01507611629635806
15874.0,0.646826104817,0.071656952465,6.493897909,68.0,0.9154710906617713,-0.26864498584477137,6.534437357147125,-0.040539448147124624,-1.2305900768687397,-0.15878740381817322,-1.0718026730505665,1.0718026730505665,0.11078240647889928
10625.0,0.647637438094,0.0592712726214,6.53036851,73.0,0.8870371027407495,-0.23939966464674955,6.443870041624486,0.08649846837551411,-1.096625164224065,0.3388025208865708,-1.4354276851106358,1.4354276851106358,0.09151921914186374
20311.0,0.647882588953,0.0442616531913,6.359454008,50.0,1.0178334471774502,-0.3699508582244502,6.860479693028624,-0.5010256850286234,-1.6946448995818584,-1.9624482179232543,0.2678033183413959,0.2678033183413959,0.06831739877873291
13248.0,0.64825362438,0.0410338700132,6.775031466,54.0,0.9950862568406327,-0.3468326324606327,6.788025840610513,-0.012994374610513226,-1.5887465552286029,-0.05089716567319699,-1.537849389555406,1.537849389555406,0.06329909848548157
17181.0,0.649416387224,0.064071286543,6.592211814,51.0,1.0121466495932459,-0.3627302623692459,6.842366229924096,-0.25015441592409626,-1.6615693013883814,-0.979820201648603,-0.6817490997397785,0.6817490997397785,0.09865979332132284
20870.0,0.654259679742,0.0346977331798,5.949887701,85.0,0.8187955317302971,-0.164535851988297,6.226508484370153,-0.27662078337015306,-0.7536942709324823,-1.0834852974339597,0.3297910265014774,0.3297910265014774,0.05303358017336887
15114.0,0.654280917856,0.0413983318646,6.478540707,76.0,0.8699767099881364,-0.2156957921321364,6.389529652310903,0.08901105468909698,-0.9880441303807627,0.3486439734923137,-1.3366881038730765,1.3366881038730765,0.06327302345949101
19435.0,0.654648407552,0.0348638375927,6.373283459,70.0,0.9040974954933627,-0.24944908794136267,6.4982104309380695,-0.1249269719380699,-1.1426588564060223,-0.48932164712555126,-0.653337209280471,0.653337209280471,0.05325581975074261
12942.0,0.654994604146,0.044904695297,6.20353151,75.0,0.8756635075723407,-0.2206689034263407,6.40764311541543,-0.20411160541542994,-1.0108246091995554,-0.7994768896570266,-0.21134771954252884,0.21134771954252884,0.0685573514846706
12759.0,0.656719495833,0.0385957294738,6.656070672,78.0,0.8586031148197276,-0.20188361898672758,6.353302726101847,0.3027679458981529,-0.9247742980431723,1.1859001117640704,-2.1106744098072427,2.1106744098072427,0.05877049443285398
11625.0,0.656817466028,0.0603608209813,6.257001255,78.0,0.8586031148197276,-0.20178564879172767,6.353302726101847,-0.09630147110184772,-0.9243255230570446,-0.377199524883464,-0.5471259981735807,0.5471259981735807,0.09189892794161299
10437.0,0.657021477776,0.0316426971981,6.269543365,74.0,0.8813503051565452,-0.22432882738054527,6.425756578519958,-0.15621321351995832,-1.0275897317123603,-0.6118655223649728,-0.4157242093473875,0.4157242093473875,0.04816082619583408
18784.0,0.658623139943,0.0189431383727,6.131671707,85.0,0.8187955317302971,-0.16017239178729703,6.226508484370153,-0.09483677737015306,-0.7337064390089603,-0.3714625223914593,-0.36224391661750094,0.36224391661750094,0.028761726128145784
15741.0,0.66076838342,0.0567290669369,5.915916967,85.0,0.8187955317302971,-0.15802714831029707,6.226508484370153,-0.31059151737015256,-0.7238796584086741,-1.216543957682157,0.492664299273483,0.492664299273483,0.0858531799649404
19815.0,0.661127244245,0.0284667633599,6.515008773,82.0,0.8358559244829101,-0.1747286802379101,6.280848873683736,0.23415989931626413,-0.8003848624570491,0.9171718952812541,-1.7175567577383033,1.7175567577383033,0.04305791904311662
11628.0,0.661244581412,0.0232113292135,6.48990224,63.0,0.9439050785827933,-0.2826604971707932,6.625004672669763,-0.13510243266976296,-1.2947913464580771,-0.529177517545285,-0.7656138289127922,0.7656138289127922,0.03510248683465245
12413.0,0.663069311932,0.0524859168299,6.117932148,85.0,0.8187955317302971,-0.15572621979829704,6.226508484370153,-0.1085763363701524,-0.7133397267380801,-0.4252784721127989,-0.2880612546252812,0.2880612546252812,0.0791560035812404
14313.0,0.664832923124,0.0368322705796,6.532862145,69.0,0.909784293077567,-0.24495136995356703,6.516323894042596,0.01653825095740391,-1.1220560258453451,0.06477803850928458,-1.1868340643546298,1.1868340643546298,0.05540079213665883
19878.0,0.666341066141,0.0420914712309,6.202045365,73.0,0.8870371027407495,-0.22069603659974957,6.443870041624486,-0.2418246766244856,-1.0109488989340014,-0.9471937664522669,-0.06375513248173448,0.06375513248173448,0.06316805817577106
16875.0,0.666794804927,0.121632798044,6.872650099,53.0,1.000773054424837,-0.33397824949783694,6.806139303715041,0.06651079528495973,-1.5298641008677116,0.2605135736148354,-1.790377674482547,1.790377674482547,0.18241413572098275
11785.0,0.666851449269,0.0556334605939,6.4135871,79.0,0.8529163172355232,-0.18606486796652322,6.33518926299732,0.07839783700268033,-0.8523128747535942,0.3070734697087601,-1.1593863444623542,1.1593863444623542,0.0834270670850085
13673.0,0.667313674099,0.0682297054626,6.270482808,75.0,0.8756635075723407,-0.20834983347334068,6.40764311541543,-0.13716030741543062,-0.9543942790642544,-0.5372379279154919,-0.4171563511487626,0.4171563511487626,0.10224532796322965
13809.0,0.667749985367,0.0285397022132,6.456893221,59.0,0.9666522689196108,-0.2989022835526107,6.697458525087875,-0.24056530408787502,-1.369190580410783,-0.9422609786451275,-0.4269296017656554,0.4269296017656554,0.0427401015928355
18718.0,0.6724276122,0.0336374896483,6.573745912,76.0,0.8699767099881364,-0.19754909778813634,6.389529652310903,0.18421625968909705,-0.9049190278687063,0.7215495758839244,-1.6264686037526306,1.6264686037526306,0.050023956538975685
10680.0,0.673574561805,0.051194693927,6.326081187,62.0,0.9495918761669977,-0.2760173143619977,6.643118135774291,-0.317036948774291,-1.26436072138007,-1.2417898198220898,-0.02257090155798025,0.02257090155798025,0.07600449427575158
16295.0,0.674524857657,0.0412031765556,6.230497844,77.0,0.864289912403932,-0.18976505474693206,6.371416189206375,-0.1409183452063747,-0.8692624303919155,-0.5519576414673133,-0.31730478892460223,0.31730478892460223,0.06108474148561633
16643.0,0.675320412478,0.0467475046176,6.450698116,69.0,0.909784293077567,-0.23446388059956702,6.516323894042596,-0.0656257780425964,-1.0740156714359157,-0.25704708364834183,-0.8169685877875739,0.8169685877875739,0.06922270340691486
19207.0,0.676880811977,0.0467015743938,6.196170118,71.0,0.8984106979091583,-0.22152988593215828,6.480096967833541,-0.28392684983354055,-1.0147685373718418,-1.1121021479059758,0.09733361053413403,0.09733361053413403,0.06899527002013302
12236.0,0.677193458507,0.0291087146011,6.457586333,65.0,0.9325314834143845,-0.25533802490738455,6.588777746460708,-0.13119141346070773,-1.1696344851187779,-0.5138585969661222,-0.6557758881526556,0.6557758881526556,0.042984341085154046
16179.0,0.678192290193,0.0666711194529,6.185127608,85.0,0.8187955317302971,-0.14060324153729709,6.226508484370153,-0.04138087637015264,-0.6440654504207042,-0.16208316163285955,-0.48198228878784466,0.48198228878784466,0.0983071031873965
19429.0,0.678255860822,0.0899483616828,6.384362561,78.0,0.8586031148197276,-0.18034725399772766,6.353302726101847,0.03105983489815234,-0.8261220303898305,0.12165707161577419,-0.9477791020056047,0.9477791020056047,0.1326171536118961
11711.0,0.679939638627,0.0502482817349,6.271344807,74.0,0.8813503051565452,-0.2014106665295452,6.425756578519958,-0.15441177151995777,-0.9226078306557051,-0.6048095235444908,-0.31779830711121426,0.31779830711121426,0.07390109192099198
18364.0,0.681632402377,0.0520314233426,6.204897472,65.0,0.9325314834143845,-0.25089908103738456,6.588777746460708,-0.38388027446070794,-1.1493008829075841,-1.5036058689651164,0.35430498605753225,0.35430498605753225,0.07633355333630729
12071.0,0.681948167989,0.0266572768701,6.040823684,85.0,0.8187955317302971,-0.13684736374129702,6.226508484370153,-0.18568480037015256,-0.6268607892908666,-0.7273016463437862,0.10044085705291961,0.10044085705291961,0.039089887063865514
18551.0,0.682222602666,0.04551817001,6.694191893,68.0,0.9154710906617713,-0.23324848799577136,6.534437357147125,0.15975453585287536,-1.068448286386731,0.6257363914820477,-1.6941846778687788,1.6941846778687788,0.06672040743318002
15077.0,0.682266395994,0.0322466495837,6.728486374,64.0,0.9382182809985888,-0.2559518850045889,6.6068912095652355,0.12159516443476459,-1.172446412323858,0.47627141857898225,-1.6487178309028403,1.6487178309028403,0.04726401560012284
11828.0,0.682451685507,0.0292465659232,6.25615391,84.0,0.8244823293145014,-0.1420306438075014,6.2446219474746805,0.011531962525319628,-0.650603994454533,0.04516910007453682,-0.6957730945290698,0.6957730945290698,0.042855144978464585
15808.0,0.682583570235,0.0284418481793,6.127822995,73.0,0.8870371027407495,-0.2044535325057495,6.443870041624486,-0.3160470466244858,-0.9365463773357543,-1.2379125101993453,0.30136613286359104,0.30136613286359104,0.04166793550203389
16137.0,0.68335632799,0.0261441045019,6.498023688,63.0,0.9439050785827933,-0.26054875059279325,6.625004672669763,-0.12698098466976315,-1.1935034112466385,-0.4973669305218961,-0.6961364807247423,0.6961364807247423,0.038258377702887945
14824.0,0.68537836628,0.0356127462826,6.395898605,73.0,0.8870371027407495,-0.2016587364607495,6.443870041624486,-0.04797143662448544,-0.9237441719678259,-0.18789747337915724,-0.7358466985886687,0.7358466985886687,0.051960709638230684
20520.0,0.685471377441,0.0260635953548,6.725306542,71.0,0.8984106979091583,-0.21293932046815833,6.480096967833541,0.24520957416645928,-0.9754174786448494,0.9604519413275122,-1.9358694199723616,1.9358694199723616,0.03802287916397115
20479.0,0.685534319199,0.105300440394,6.427395936,58.0,0.9723390665038152,-0.2868047473048152,6.715571988192401,-0.2881760521924015,-1.3137750363079082,-1.1287456850457247,-0.18502935126218345,0.18502935126218345,0.15360345564761274
18728.0,0.686503859342,0.0458586382811,6.286791451,79.0,0.8529163172355232,-0.1664124578935232,6.33518926299732,-0.04839781199731963,-0.7622904954177553,-0.18956752666302631,-0.572722968754729,0.572722968754729,0.06680026289299316
17038.0,0.686641249502,0.0539285085748,6.97854714,63.0,0.9439050785827933,-0.25726382908079326,6.625004672669763,0.35354246733023675,-1.1784560735744005,1.3847768801169873,-2.563232953691388,2.563232953691388,0.07853957013784521
10393.0,0.686677206036,0.028205219835,5.964407282,84.0,0.8244823293145014,-0.13780512327850136,6.2446219474746805,-0.28021466547468066,-0.6312480268892303,-1.0975620358970857,0.46631400900785536,0.46631400900785536,0.041074932423956566
14921.0,0.686747986978,0.0417426698262,6.234930903,60.0,0.9609654713354063,-0.27421748435740634,6.679345061983346,-0.4444141589833457,-1.2561161865463526,-1.7407087109055168,0.4845925243591642,0.4845925243591642,0.060783097464743245
18533.0,0.687338439201,0.0502920332395,6.405669817,54.0,0.9950862568406327,-0.30774781763963266,6.788025840610513,-0.38235602361051324,-1.4097095814926905,-1.497635589488403,0.08792600799571249,0.08792600799571249,0.0731692429394204
18963.0,0.687412112972,0.0400367579478,6.695324714,58.0,0.9723390665038152,-0.2849269535318152,6.715571988192401,-0.020247274192401576,-1.3051733705213933,-0.07930576883381132,-1.225867601687582,1.225867601687582,0.05824272978650697
11496.0,0.687543378872,0.0498569489063,6.257814245,71.0,0.8984106979091583,-0.21086731903715827,6.480096967833541,-0.22228272283354134,-0.9659262000630864,-0.8706506399465146,-0.09527556011657179,0.09527556011657179,0.07251462298727462
19074.0,0.687946384662,0.0267932078594,6.28276768,66.0,0.9268446858301802,-0.23889830116818023,6.57066428335618,-0.28789660335618006,-1.0943285536259117,-1.127651122656948,0.03332256903103614,0.03332256903103614,0.03894665115881664
19120.0,0.688630703737,0.0703510260192,6.012682348,81.0,0.8415427220671146,-0.15291201833011459,6.298962336788264,-0.2862799887882641,-0.7004486303710113,-1.1213190672899775,0.4208704369189662,0.4208704369189662,0.10216074542919056
14681.0,0.689138068592,0.04072388239,6.469537083,53.0,1.000773054424837,-0.311634985832837,6.806139303715041,-0.336602220715041,-1.427515648449924,-1.3184242802911477,-0.1090913681587764,0.1090913681587764,0.05909393813231689
19126.0,0.690413714388,0.0908594587334,6.310796647,84.0,0.8244823293145014,-0.13406861492650135,6.2446219474746805,0.06617469952531962,-0.6141320919476221,0.25919713307243164,-0.8733292250200537,0.8733292250200537,0.13160146856865393
12028.0,0.690465118704,0.0342881733334,6.422739756,60.0,0.9609654713354063,-0.27050035263140637,6.679345061983346,-0.25660530598334574,-1.2390890106917747,-1.0050874445846008,-0.23400156610717393,0.23400156610717393,0.04965953008279224
12511.0,0.690509750004,0.0324300071273,6.546089507,69.0,0.909784293077567,-0.21927454307356709,6.516323894042596,0.02976561295740332,-1.004437421259655,0.11658778351914699,-1.1210252047788019,1.1210252047788019,0.04696531385271843
20047.0,0.691521403385,0.0323832655577,6.26425306,85.0,0.8187955317302971,-0.12727412834529706,6.226508484370153,0.0377445756298469,-0.5830083851791692,0.14784027524822574,-0.7308486604273949,0.7308486604273949,0.046829014111759645
15813.0,0.691861591117,0.0431344255162,6.629112566,61.0,0.955278673751202,-0.26341708263420205,6.661231598878818,-0.032119032878818565,-1.2066424651404708,-0.12580580341076708,-1.0808366617297036,1.0808366617297036,0.06234545474125848
18344.0,0.692949042697,0.0624690887521,6.5695935,62.0,0.9495918761669977,-0.2566428334699977,6.643118135774291,-0.07352463577429091,-1.1756114605099839,-0.2879858154187652,-0.8876256450912187,0.8876256450912187,0.0901496140451634
11295.0,0.693553481943,0.0303748664372,6.27779576,85.0,0.8187955317302971,-0.12524204978729703,6.226508484370153,0.05128727562984725,-0.5736999824891689,0.20088515553086359,-0.7745851380200325,0.7745851380200325,0.04379599732107807
11297.0,0.69359759161,0.077636389117,6.089471025,61.0,0.955278673751202,-0.261681082141202,6.661231598878818,-0.5717605738788185,-1.1986903160489577,-2.2395069810106887,1.040816664961731,1.040816664961731,0.11193289892600121
18946.0,0.693689873121,0.0377974896915,5.915995475,75.0,0.8756635075723407,-0.18197363445134074,6.40764311541543,-0.4916476404154304,-0.8335720397065352,-1.925715716000296,1.0921436762937609,1.0921436762937609,0.05448759042919891
18412.0,0.694030230201,0.0483155948186,6.276539372,63.0,0.9439050785827933,-0.2498748483817933,6.625004672669763,-0.3484653006697629,-1.1446091499187399,-1.3648903214780284,0.2202811715592885,0.2202811715592885,0.0696159802788521
18852.0,0.694545060402,0.0919011547054,6.313117768,83.0,0.8301691268987057,-0.13562406649670566,6.262735410579208,0.05038235742079156,-0.6212571952184843,0.1973407162340515,-0.8185979114525358,0.8185979114525358,0.13231849154928546
16672.0,0.695676721449,0.0531133607253,5.92379292,85.0,0.8187955317302971,-0.12311881028129712,6.226508484370153,-0.30271556437015246,-0.5639739961332988,-1.185694940573554,0.6217209444402552,0.6217209444402552,0.07634776195281064
20386.0,0.697692834775,0.037310461096,6.878372842,53.0,1.000773054424837,-0.303080219649837,6.806139303715041,0.07223353828495949,-1.388328576554173,0.28292876536561495,-1.671257341919788,1.671257341919788,0.053476915966941686
14411.0,0.699570479363,0.0542091373271,6.933111315,51.0,1.0121466495932459,-0.31257617023024586,6.842366229924096,0.09074508507590373,-1.4318269598124382,0.35543593036019216,-1.7872628901726304,1.7872628901726304,0.07748917217956452
11437.0,0.701081358062,0.045383503637,6.76237503,52.0,1.0064598520090415,-0.30537849394704153,6.824252766819568,-0.061877736819567986,-1.39885634998411,-0.2423665252685558,-1.1564898247155542,1.1564898247155542,0.06473357637472157
17939.0,0.701634739942,0.0295626242862,6.567082837,68.0,0.9154710906617713,-0.21383635071977136,6.534437357147125,0.03264547985287525,-0.9795265317984561,0.12786782329705215,-1.1073943550955083,1.1073943550955083,0.0421339232556298
11537.0,0.702157484732,0.056492771029,6.81635337,61.0,0.955278673751202,-0.253121189019202,6.661231598878818,0.15512177112118142,-1.1594797590312407,0.6075904936499814,-1.767070252681222,1.767070252681222,0.0804559835327572
13041.0,0.702916483449,0.0490978284164,5.98815389,66.0,0.9268446858301802,-0.22392820238118016,6.57066428335618,-0.5825103933561797,-1.0257545768621257,-2.2816125350904937,1.255857958228368,1.255857958228368,0.0698487367595816
14080.0,0.703211761711,0.0522917556808,6.566535256,62.0,0.9495918761669977,-0.24638011445599772,6.643118135774291,-0.0765828797742909,-1.1286007182822546,-0.29996453361049147,-0.8286361846717631,0.8286361846717631,0.07436132119515149
12703.0,0.704119748855,0.0257397791508,6.397947217,85.0,0.8187955317302971,-0.11467578287529712,6.226508484370153,0.17143873262984677,-0.5252987693767572,0.6715017720363845,-1.1968005414131417,1.1968005414131417,0.036555968203784345
13937.0,0.705335101948,0.031701108857,6.679363142,58.0,0.9723390665038152,-0.2670039645558152,6.715571988192401,-0.03620884619240172,-1.2230730018421219,-0.1418250357349972,-1.0812479661071246,1.0812479661071246,0.04494474863004497
15863.0,0.705648579048,0.0361953404233,6.17010487,81.0,0.8415427220671146,-0.1358941430191145,6.298962336788264,-0.12885746678826404,-0.6224943427774697,-0.5047168510937458,-0.11777749168372398,0.11777749168372398,0.051293719704121866
12974.0,0.706353992638,0.040301944079,6.357551589,68.0,0.9154710906617713,-0.20911709802377132,6.534437357147125,-0.17688576814712498,-0.957908910610881,-0.6928370557618817,-0.2650718548489993,0.2650718548489993,0.057056298257033254
16288.0,0.706468539866,0.0350659266824,6.097140613,85.0,0.8187955317302971,-0.11232699186429707,6.226508484370153,-0.12936787137015315,-0.5145395925334371,-0.5067160351517266,-0.007823557381710478,0.007823557381710478,0.04963551057638201
16255.0,0.70776238223,0.0462110328449,6.19118407,83.0,0.8301691268987057,-0.12240674466870571,6.262735410579208,-0.07155134057920787,-0.5607122160029941,-0.2802566914342214,-0.28045552456877276,0.28045552456877276,0.06529173350425808
15832.0,0.707810592382,0.0425471437764,6.356144855,61.0,0.955278673751202,-0.24746808136920206,6.661231598878818,-0.3050867438788183,-1.133584400680572,-1.1949825223087929,0.06139812162822089,0.06139812162822089,0.06011091700848358
11919.0,0.709034824979,0.0181478288118,6.305503488,78.0,0.8586031148197276,-0.14956828984072768,6.353302726101847,-0.04779923810184705,-0.6851319138283828,-0.1872229956148857,-0.4979089182134971,0.4979089182134971,0.02559511630805652
17457.0,0.70981178161,0.0759302390062,6.340901687,62.0,0.9495918761669977,-0.23978009455699767,6.643118135774291,-0.3022164487742911,-1.0983678108289263,-1.1837399739103582,0.08537216308143192,0.08537216308143192,0.1069723565787743
16808.0,0.709868064698,0.0484848327637,6.582878287,63.0,0.9439050785827933,-0.23403701388479325,6.625004672669763,-0.042126385669763344,-1.0720603103794109,-0.16500321830896122,-0.9070570920704496,0.9070570920704496,0.0683011888756074
18022.0,0.710501068901,0.0323117509331,6.369236229,82.0,0.8358559244829101,-0.12535485558191017,6.280848873683736,0.0883873553162644,-0.5742167153476948,0.3462010294291461,-0.9204177447768409,0.9204177447768409,0.04547741354292356
18614.0,0.710516003614,0.0300640019193,6.391734779,52.0,1.0064598520090415,-0.2959438483950415,6.824252766819568,-0.4325179878195682,-1.3556387884928502,-1.694113056035784,0.33847426754293375,0.33847426754293375,0.04231291310312665
15156.0,0.710871272372,0.034893436794,6.101737194,83.0,0.8301691268987057,-0.11929785452670572,6.262735410579208,-0.1609982165792081,-0.5464712304629519,-0.6306077166415908,0.08413648617863889,0.08413648617863889,0.04908545069991267
13548.0,0.711429228574,0.0502911180644,6.617726517,78.0,0.8586031148197276,-0.14717388624572758,6.353302726101847,0.26442379089815304,-0.6741637980648951,1.0357113671626357,-1.7098751652275308,1.7098751652275308,0.07069026130006538
20754.0,0.711710689373,0.027991098902,6.825760871,74.0,0.8813503051565452,-0.16963961578354525,6.425756578519958,0.400004292480042,-0.7770732335487565,1.5667614144258184,-2.3438346479745746,2.3438346479745746,0.03932932204047615
17725.0,0.712014998934,0.0517225396914,6.316945797,72.0,0.8927239003249539,-0.18070890139095386,6.461983504729013,-0.14503770772901348,-0.8277786393603279,-0.5680926139509506,-0.25968602540937735,0.25968602540937735,0.0726424861398101
12772.0,0.712494212751,0.123211239303,6.556408931,70.0,0.9040974954933627,-0.1916032827423627,6.4982104309380695,0.0581985000619305,-0.8776828560443279,0.22795546445052423,-1.1056383204948521,1.1056383204948521,0.17292945977381494
20472.0,0.713155840839,0.0662136008814,6.867834649,67.0,0.9211578882459758,-0.2080020474069758,6.5525508202516525,0.31528382874834726,-0.952801165085983,1.2349230914815612,-2.1877242565675443,2.1877242565675443,0.09284590700891167
18304.0,0.714500604918,0.0570399302528,5.690440055,75.0,0.8756635075723407,-0.16116290265434063,6.40764311541543,-0.7172030604154305,-0.7382437015980294,-2.80918505749053,2.0709413558925007,2.0709413558925007,0.07983188517992397
10586.0,0.714568518388,0.0327845420955,6.512098888,53.0,1.000773054424837,-0.28620453603683704,6.806139303715041,-0.2940404157150409,-1.3110256307008163,-1.1517155847697287,-0.15931004593108766,0.15931004593108766,0.045880193783877955
15929.0,0.714579909872,0.0652686691973,6.538937605,70.0,0.9040974954933627,-0.18951758562136267,6.4982104309380695,0.040727174061930604,-0.8681288412080361,0.15952270022707482,-1.027651541435111,1.027651541435111,0.0913385169322649
20045.0,0.714729830608,0.235097610607,6.588343692,69.0,0.909784293077567,-0.19505446246956704,6.516323894042596,0.07201979795740332,-0.8934917776679097,0.28209157410487756,-1.1755833517727872,1.1755833517727872,0.3289321370664063
13888.0,0.714988404233,0.0710806304623,6.591867339,59.0,0.9666522689196108,-0.2516638646866107,6.697458525087875,-0.10559118608787443,-1.152804150116275,-0.4135860518901614,-0.7392180982261135,0.7392180982261135,0.09941508147751202
15918.0,0.715102367784,0.0328484382865,6.32783617,81.0,0.8415427220671146,-0.1264403542831145,6.298962336788264,0.028873833211735977,-0.5791890915338925,0.11309480576379509,-0.6922838972976876,0.6922838972976876,0.04593529509389349
16105.0,0.715676286797,0.029267364218,6.92857514,54.0,0.9950862568406327,-0.27940997004363266,6.788025840610513,0.14054929938948746,-1.2799015601674528,0.5505121401141422,-1.830413700281595,1.830413700281595,0.04089469604894374
17242.0,0.716185865683,0.0372434958893,5.914144895,83.0,0.8301691268987057,-0.11398326121570568,6.262735410579208,-0.3485905155792084,-0.5221265148132482,-1.365380770936492,0.8432542561232438,0.8432542561232438,0.052002556422671445
17210.0,0.717000264373,0.0476133848626,6.545971321,64.0,0.9382182809985888,-0.22121801662558882,6.6068912095652355,-0.06091988856523578,-1.0133399483634242,-0.2386147663150248,-0.7747251820483995,0.7747251820483995,0.06640637002308053
13015.0,0.719284663945,0.0605971735157,6.65639384,53.0,1.000773054424837,-0.281488390479837,6.806139303715041,-0.14974546371504083,-1.289422242477273,-0.5865322421402102,-0.7028900003370628,0.7028900003370628,0.08424644171244773
18478.0,0.71934852494,0.0529391743044,7.004216292,53.0,1.000773054424837,-0.281424529484837,6.806139303715041,0.19807698828495912,-1.2891297125180823,0.7758401301306861,-2.064969842648768,2.064969842648768,0.07359322007203058
14960.0,0.720072304703,0.0240909167549,6.811398046,53.0,1.000773054424837,-0.280700749721837,6.806139303715041,0.005258742284959261,-1.2858142730305915,0.02059776521246887,-1.3064120382430604,1.3064120382430604,0.033456246820708524
15432.0,0.720746183065,0.096181750017,6.441782789,73.0,0.8870371027407495,-0.1662909196757495,6.443870041624486,-0.0020872526244852807,-0.7617337616887324,-0.008175479452800437,-0.753558282235932,0.753558282235932,0.13344746358278792
19584.0,0.72076471427,0.0578052363872,6.944213565,73.0,0.8870371027407495,-0.16627238847074954,6.443870041624486,0.5003435233755145,-0.7616488752468223,1.9597762852050689,-2.7214251604518913,2.7214251604518913,0.08019987000299522
10050.0,0.721940990636,0.0503855561783,6.290534393,72.0,0.8927239003249539,-0.17078290968895382,6.461983504729013,-0.17144911172901356,-0.7823103539458341,-0.6715424255303513,-0.11076792841548289,0.11076792841548289,0.06979179300224027
16300.0,0.722013399776,0.0512722716145,6.143903029,77.0,0.864289912403932,-0.14227651262793206,6.371416189206375,-0.22751316020637535,-0.6517302530730662,-0.8911375387383219,0.2394072856652557,0.2394072856652557,0.0710129086668016
16823.0,0.722953153898,0.0738037009815,5.941210387,73.0,0.8870371027407495,-0.16408394884274957,6.443870041624486,-0.5026596546244857,-0.7516242247528832,-1.9688482505310785,1.2172240257781954,1.2172240257781954,0.10208642231321233
15819.0,0.723721425285,0.0955881043638,5.913168363,77.0,0.864289912403932,-0.140568487118932,6.371416189206375,-0.4582478262063754,-0.6439062498228113,-1.794893269502801,1.1509870196799898,1.1509870196799898,0.13207858856210813
11608.0,0.724606778963,0.03362205086,6.219005442,78.0,0.8586031148197276,-0.13399633585672766,6.353302726101847,-0.13429728410184705,-0.6138010010629397,-0.5260238621150652,-0.08777713894787442,0.08777713894787442,0.04640040893368018
13365.0,0.725223136807,0.0454798983891,6.319886852,50.0,1.0178334471774502,-0.29261031037045016,6.860479693028624,-0.5405928410286238,-1.340368751715402,-2.1174272880602594,0.7770585363448574,0.7770585363448574,0.06271159327505478
14115.0,0.725633331859,0.040576606873,7.104081342,66.0,0.9268446858301802,-0.20121135397118017,6.57066428335618,0.5334170586438196,-0.9216948336915218,2.089320742280157,-3.011015575971679,3.011015575971679,0.05591888505045212
18950.0,0.725853098058,0.0619969463022,6.431645931,73.0,0.8870371027407495,-0.16118400468274952,6.443870041624486,-0.012224110624485363,-0.738340364287192,-0.04788014831883823,-0.6904602159683537,0.6904602159683537,0.08541252557586532
13867.0,0.7263053096,0.0338788389033,6.032483935,81.0,0.8415427220671146,-0.11523741246711461,6.298962336788264,-0.2664784017882642,-0.5278714427523392,-1.0437589934626605,0.5158875507103213,0.5158875507103213,0.0466454512386233
13282.0,0.72637291185,0.0624246373694,6.315591341,85.0,0.8187955317302971,-0.0924226198802971,6.226508484370153,0.08908285662984738,-0.42336304377786965,0.3489252117499112,-0.7722882555277808,0.7722882555277808,0.08594020557623855
17072.0,0.728559216228,0.0292432377426,6.316918643,80.0,0.8472295196513189,-0.11867030342331886,6.317075799892791,-0.00015715689279094391,-0.5435965884586447,-0.0006155617833730906,-0.5429810266752716,0.5429810266752716,0.040138450096070755
11826.0,0.729408512817,0.0468491610659,6.785394304,69.0,0.909784293077567,-0.180375780260567,6.516323894042596,0.26907040995740417,-0.8262527014904648,1.0539115304769668,-1.8801642319674317,1.8801642319674317,0.06422897490593711
20918.0,0.731787345625,0.0791486238436,6.458095041,63.0,0.9439050785827933,-0.21211773295779324,6.625004672669763,-0.16690963166976314,-0.9716540082999431,-0.6537619108406398,-0.31789209745930325,0.31789209745930325,0.10815795642927013
20499.0,0.731841788147,0.0588634694017,6.463294436,72.0,0.8927239003249539,-0.1608821121779539,6.461983504729013,0.0013109312709866927,-0.7369574763113963,0.005134736228983406,-0.7420922125403797,0.7420922125403797,0.08043195996055436
14109.0,0.732557929567,0.0800638953981,6.456817149,75.0,0.8756635075723407,-0.14310557800534063,6.40764311541543,0.04917403358456962,-0.6555279775059499,0.1926078791162649,-0.8481358566222148,0.8481358566222148,0.10929360282186026
17578.0,0.732858901511,0.0261477166858,6.501912916,64.0,0.9382182809985888,-0.20535937948758887,6.6068912095652355,-0.10497829356523525,-0.9406958175477416,-0.41118543676248975,-0.5295103807852518,0.5295103807852518,0.03567905995531874
11572.0,0.733308846226,0.0511171055915,6.308942882,85.0,0.8187955317302971,-0.08548668550429706,6.226508484370153,0.08243439762984739,-0.3915914028887659,0.3228841186356122,-0.7144755215243781,0.7144755215243781,0.06970747162614496
11904.0,0.733518119718,0.0317334608974,6.495238487,51.0,1.0121466495932459,-0.2786285298752459,6.842366229924096,-0.347127742924096,-1.2763219939460344,-1.3596512930353977,0.08332929908936326,0.08332929908936326,0.043262000002944556
14265.0,0.733908497232,0.0427400409219,5.887338131,54.0,0.9950862568406327,-0.26117775960863265,6.788025840610513,-0.900687709610513,-1.1963847315538791,-3.527869016394936,2.331484284841057,2.331484284841057,0.058236198494904745
12329.0,0.734449402993,0.034926401417,6.784657167,58.0,0.9723390665038152,-0.2378896635108152,6.715571988192401,0.06908517880759835,-1.0897082571092789,0.27059707732974875,-1.3603053344390277,1.3603053344390277,0.047554537146696926
16301.0,0.736220401084,0.0544986875218,6.214816135,77.0,0.864289912403932,-0.12806951131993205,6.371416189206375,-0.15660005420637457,-0.5866518196278648,-0.6133807237575609,0.026728904129696085,0.026728904129696085,0.07402496241826081
13505.0,0.73812083129,0.0332320566687,6.6654151,63.0,0.9439050785827933,-0.20578424729279332,6.625004672669763,0.04041042733023659,-0.9426420221397294,0.15828204714736208,-1.1009240692870914,1.1009240692870914,0.04502251563693299
11389.0,0.738233922151,0.018123521697,6.397827303,65.0,0.9325314834143845,-0.1942975612633845,6.588777746460708,-0.1909504434607081,-0.8900246178005133,-0.7479264410560379,-0.14209817674447545,0.14209817674447545,0.024549835970952543
12763.0,0.738289575715,0.0257220261047,6.328803937,81.0,0.8415427220671146,-0.10325314635211458,6.298962336788264,0.029841600211735653,-0.4729747585157131,0.1168854150703934,-0.5898601735861064,0.5898601735861064,0.03484002341464646
18894.0,0.738628622413,0.0527615270417,6.631174866,61.0,0.955278673751202,-0.21665005133820203,6.661231598878818,-0.03005673287881816,-0.9924153339081702,-0.11772805993222124,-0.8746872739759489,0.8746872739759489,0.07143173909147363
19896.0,0.739099195079,0.0369059703466,6.297155473,79.0,0.8529163172355232,-0.11381712215652318,6.33518926299732,-0.038033789997319545,-0.5213654766834377,-0.14897308787042107,-0.3723923888130166,0.3723923888130166,0.04993371741211981
13967.0,0.739178805578,0.04304182045,6.359842907,81.0,0.8415427220671146,-0.10236391648911458,6.298962336788264,0.06088057021173565,-0.4689014368342303,0.23846076176982148,-0.7073621986040518,0.7073621986040518,0.05822924051014084
14546.0,0.739800674153,0.057071345445,5.751207528,74.0,0.8813503051565452,-0.14154963100354523,6.425756578519958,-0.6745490505199578,-0.648400604796863,-2.6421152081636055,1.9937146033667426,1.9937146033667426,0.07714421929980146
20101.0,0.739885274054,0.0361616813642,6.108924143,81.0,0.8415427220671146,-0.1016574480131146,6.298962336788264,-0.19003819378826403,-0.4656652956739836,-0.744353285432516,0.2786879897585324,0.2786879897585324,0.048874714273014125
20042.0,0.740266111353,0.0292757882216,6.179304563,80.0,0.8472295196513189,-0.10696340829831885,6.317075799892791,-0.13777123689279147,-0.48997046576565556,-0.5396308540666833,0.04966038830102776,0.04966038830102776,0.039547654245703646
12153.0,0.743519577678,0.0134135523054,6.323396868,85.0,0.8187955317302971,-0.07527595405229703,6.226508484370153,0.09688838362984686,-0.344818801632537,0.37949837997027047,-0.7243171816028074,0.7243171816028074,0.01804061750100826
10304.0,0.743797186772,0.0653528996758,6.182337329,72.0,0.8927239003249539,-0.14892671355295384,6.461983504729013,-0.2796461757290132,-0.6821930262448082,-1.0953353402971804,0.41314231405237223,0.41314231405237223,0.08786387047176741
19257.0,0.743968132517,0.0430982569215,6.561616134,81.0,0.8415427220671146,-0.09757458955011455,6.298962336788264,0.262653797211736,-0.44696282447755276,1.028778547030977,-1.4757413715085297,1.4757413715085297,0.05793024598471654
18423.0,0.744125986975,0.0419022838373,5.956721286,75.0,0.8756635075723407,-0.1315375205973407,6.40764311541543,-0.4509218294154307,-0.6025378328726225,-1.766198354698025,1.1636605218254026,1.1636605218254026,0.05631073846465164
10101.0,0.744137175012,0.0196725214511,6.296195717,68.0,0.9154710906617713,-0.1713339156497713,6.534437357147125,-0.238241640147125,-0.7848343633389196,-0.9331595088086722,0.1483251454697525,0.1483251454697525,0.026436686825628296
15873.0,0.744155503328,0.0362506385456,6.316497133,81.0,0.8415427220671146,-0.0973872187391146,6.298962336788264,0.017534796211736037,-0.4461045294307037,0.06868136825241389,-0.5147858976831177,0.5147858976831177,0.04871379487685099
19015.0,0.74471868151,0.0453607235889,6.497954363,60.0,0.9609654713354063,-0.21624678982540635,6.679345061983346,-0.18139069898334625,-0.9905681019024473,-0.7104822459299365,-0.2800858559725108,0.2800858559725108,0.06090987740085435
10683.0,0.745097810007,0.028637930161,6.129107797,77.0,0.864289912403932,-0.11919210239693201,6.371416189206375,-0.24230839220637534,-0.5459868085367505,-0.949088413393585,0.40310160485683444,0.40310160485683444,0.03843512861852453
17489.0,0.746273638787,0.0625285022317,6.629820939,63.0,0.9439050785827933,-0.19763143979579323,6.625004672669763,0.004816266330236907,-0.9052962143522484,0.018864648179219033,-0.9241608625314675,0.9241608625314675,0.08378763362636579
19907.0,0.746736970486,0.0716226578951,6.567279001,54.0,0.9950862568406327,-0.24834928635463271,6.788025840610513,-0.22074683961051278,-1.1376209625666918,-0.8646347980764547,-0.27298616449023705,0.27298616449023705,0.09591417155693485
11346.0,0.746874283453,0.0394065311084,6.336759317,71.0,0.8984106979091583,-0.15153641445615829,6.480096967833541,-0.14333765083354066,-0.6941473607914966,-0.5614337265434154,-0.13271363424808125,0.13271363424808125,0.05276193327505272
14967.0,0.747828209041,0.0400573963509,6.409054178,82.0,0.8358559244829101,-0.08802771544191013,6.280848873683736,0.1282053043162641,-0.40323117430091454,0.5021624210131809,-0.9053935953140955,0.9053935953140955,0.05356497102759577
18225.0,0.748043299582,0.0339337107505,7.00814819,59.0,0.9666522689196108,-0.21860896933761076,6.697458525087875,0.31068966491212535,-1.0013886078514436,1.2169283880109674,-2.218316995862411,2.218316995862411,0.045363297511603756
10227.0,0.751042040474,0.0347949526735,6.238163997,72.0,0.8927239003249539,-0.14168185985095383,6.461983504729013,-0.22381950772901327,-0.6490063094110218,-0.8766700135426566,0.22766370413163484,0.22766370413163484,0.046328901444105716
11292.0,0.751263186509,0.0776014321291,5.854506044,74.0,0.8813503051565452,-0.13008711864754519,6.425756578519958,-0.5712505345199581,-0.5958939335224194,-2.237509227480729,1.6416152939583097,1.6416152939583097,0.10329460237457057
19702.0,0.751475500208,0.0425943684337,6.458762058,62.0,0.9495918761669977,-0.19811637595899767,6.643118135774291,-0.1843560777742912,-0.9075175758583179,-0.722097223959306,-0.18542035189901196,0.18542035189901196,0.05668098084622899
13382.0,0.75182215517,0.0611602466576,6.574548364,64.0,0.9382182809985888,-0.1863961258285889,6.6068912095652355,-0.03234284556523548,-0.8538302774948399,-0.12668244670617496,-0.727147830788665,0.727147830788665,0.08134935401547273
10381.0,0.753713556096,0.00632517936825,6.847390772,54.0,0.9950862568406327,-0.24137270074463268,6.788025840610513,0.05936493138948684,-1.1056631093609295,0.23252421441383603,-1.3381873237747655,1.3381873237747655,0.008392020174099624
16693.0,0.753814666414,0.0513925473532,6.719807981,51.0,1.0121466495932459,-0.2583319831792459,6.842366229924096,-0.12255824892409617,-1.1833489988228993,-0.4800436871398053,-0.7033053116830941,0.7033053116830941,0.06817663497803965
19551.0,0.754127536097,0.0926722502885,6.197760282,76.0,0.8699767099881364,-0.11584917389113636,6.389529652310903,-0.1917693703109027,-0.5306737565027521,-0.7511340641096984,0.22046030760694635,0.22046030760694635,0.12288670795410392
17116.0,0.75486745202,0.0928112042575,6.001264478,85.0,0.8187955317302971,-0.06392807971029701,6.226508484370153,-0.2252440063701524,-0.2928372561184598,-0.8822495774318371,0.5894123213133773,0.5894123213133773,0.12295033255062239
10434.0,0.755015552158,0.045493564724,6.326360642,51.0,1.0121466495932459,-0.25713109743524587,6.842366229924096,-0.5160055879240959,-1.1778480657778527,-2.0211224228997993,0.8432743571219465,0.8432743571219465,0.06025513592927909
14168.0,0.755791704292,0.036450262123,6.586820607,54.0,0.9950862568406327,-0.23929455254863263,6.788025840610513,-0.201205233610513,-1.0961436741099102,-0.7880930338196641,-0.3080506402902461,0.3080506402902461,0.048227920359545845
16771.0,0.756345960472,0.0486982394987,6.745317999,53.0,1.000773054424837,-0.24442709395283702,6.806139303715041,-0.06082130471504055,-1.1196544591754516,-0.2382286270273342,-0.8814258321481174,0.8814258321481174,0.06438619632252643
16864.0,0.756348671751,0.0419948021085,6.409651162,68.0,0.9154710906617713,-0.1591224189107714,6.534437357147125,-0.12478619514712452,-0.7288967970244998,-0.4887702439325195,-0.24012655309198033,0.24012655309198033,0.055523072462438657
14303.0,0.757712744734,0.0452208995981,5.955694564,72.0,0.8927239003249539,-0.1350111555909539,6.461983504729013,-0.5062889407290134,-0.6184496160029221,-1.9830636615588728,1.3646140455559506,1.3646140455559506,0.059680795806034775
15376.0,0.757967964136,0.0614541651709,6.740482372,81.0,0.8415427220671146,-0.08357475793111457,6.298962336788264,0.44152003521173544,-0.38283337938852613,1.7293728289183061,-2.1122062083068323,2.1122062083068323,0.08107752316544273
12166.0,0.757969029085,0.0365302363784,6.463480018,59.0,0.9666522689196108,-0.2086832398346108,6.697458525087875,-0.23397850708787438,-0.9559215234997079,-0.916461407044851,-0.03946011645485692,0.03946011645485692,0.04819489316403643
19837.0,0.75810128244,0.00680859708533,6.356427711,55.0,0.9893994592564282,-0.23129817681642828,6.769912377505985,-0.41348466650598503,-1.0595144379601218,-1.6195621725000067,0.5600477345398849,0.5600477345398849,0.008981118015545459
20567.0,0.758369471943,0.0657095299574,7.324445543,55.0,0.9893994592564282,-0.23102998731342828,6.769912377505985,0.5545331654940151,-1.0582859343270674,2.172029608304213,-3.2303155426312804,3.2303155426312804,0.0866458004817193
14910.0,0.759460028439,0.0290527592511,6.414616544,85.0,0.8187955317302971,-0.05933550329129711,6.226508484370153,0.18810805962984745,-0.2717999047206256,0.7367932172509396,-1.0085931219715651,1.0085931219715651,0.038254494197430336
14364.0,0.759462902862,0.0476044718109,5.733830362,81.0,0.8415427220671146,-0.08207981920511453,6.298962336788264,-0.5651319747882644,-0.3759854691029218,-2.21354367641116,1.8375582073082382,1.8375582073082382,0.06268176053300932
11326.0,0.759550749439,0.0209076850908,6.641220766,70.0,0.9040974954933627,-0.14454674605436268,6.4982104309380695,0.1430103350619305,-0.6621295788522397,0.5601516759981268,-1.2222812548503663,1.2222812548503663,0.027526383334151538
11939.0,0.759602855771,0.0363594050603,6.841122562,67.0,0.9211578882459758,-0.16155503247497582,6.5525508202516525,0.2885717417483473,-0.740039942330387,1.1302955462347222,-1.8703354885651091,1.8703354885651091,0.04786633539363811
17282.0,0.760059637228,0.0451116995526,6.284020676,78.0,0.8586031148197276,-0.09854347759172766,6.353302726101847,-0.0692820501018474,-0.4514010387470527,-0.27136819492332526,-0.18003284382372742,0.18003284382372742,0.05935284199161803
11918.0,0.760393039375,0.0492403514199,6.201820831,85.0,0.8187955317302971,-0.05840249235529704,6.226508484370153,-0.024687653370152773,-0.2675260337758869,-0.0966981190958214,-0.1708279146800655,0.1708279146800655,0.06475644682435912
10324.0,0.760509079714,0.0272952874551,6.762477696,57.0,0.9780258640880195,-0.21751678437401956,6.73368545129693,0.028792244703070402,-0.9963856037042633,0.11277523487507982,-1.1091608385793432,1.1091608385793432,0.03589081075187791
15591.0,0.761342973588,0.0280743065103,6.362919904,76.0,0.8699767099881364,-0.1086337364001364,6.389529652310903,-0.02660974831090268,-0.4976217873816093,-0.10422669877520145,-0.3933950886064078,0.3933950886064078,0.03687471676266153
11930.0,0.761461336362,0.0546622467259,6.290569473,74.0,0.8813503051565452,-0.11988896879454525,6.425756578519958,-0.13518710551995827,-0.54917896517094,-0.5295091693726015,-0.019669795798338496,0.019669795798338496,0.07178597798157078
12977.0,0.761627077498,0.0579350235687,6.422768148,61.0,0.955278673751202,-0.19365159625320205,6.661231598878818,-0.23846345087881815,-0.8870656266656696,-0.9340283107246908,0.046962684059021265,0.046962684059021265,0.07606744203346964
19800.0,0.761967529394,0.0426464018059,6.943536046,53.0,1.000773054424837,-0.23880552503083696,6.806139303715041,0.13739674228495957,-1.093903571214177,0.5381640105540207,-1.6320675817681978,1.6320675817681978,0.05596879153081114
20387.0,0.762231790855,0.0350239386361,6.61877546,63.0,0.9439050785827933,-0.18167328772779323,6.625004672669763,-0.006229212669762951,-0.8321962325368782,-0.024398963302935017,-0.8077972692339432,0.8077972692339432,0.04594919689299948
15266.0,0.762446356608,0.0377919561178,6.100732216,62.0,0.9495918761669977,-0.18714551955899772,6.643118135774291,-0.5423859197742908,-0.8572630476446673,-2.124450529171799,1.2671874815271318,1.2671874815271318,0.04956670825463745
18573.0,0.763610604288,0.102351893264,6.46259857,62.0,0.9495918761669977,-0.1859812718789977,6.643118135774291,-0.18051956577429085,-0.8519299436690982,-0.7070701377990192,-0.14485980587007907,0.14485980587007907,0.13403676257146033
12696.0,0.763658346791,0.0417763478072,6.219130771,66.0,0.9268446858301802,-0.16318633903918023,6.57066428335618,-0.35153351235618047,-0.7475125168283928,-1.3769080817169619,0.6293955648885691,0.6293955648885691,0.05470554729448071
10988.0,0.764494814571,0.0407560575187,6.694832955,68.0,0.9154710906617713,-0.15097627609077136,6.534437357147125,0.16039559785287505,-0.6915815183211781,0.6282473425511648,-1.319828860872343,1.319828860872343,0.05331109739648196
17580.0,0.765121165007,0.0627944402616,6.527859574,63.0,0.9439050785827933,-0.17878391357579326,6.625004672669763,-0.09714509866976329,-0.818960790421213,-0.38050389722747313,-0.4384568931937398,0.4384568931937398,0.08207123673153846
11972.0,0.765777754365,0.010694667073,6.550327022,85.0,0.8187955317302971,-0.053017777365297114,6.226508484370153,0.32381853762984747,-0.24286010966558497,1.2683523641425765,-1.5112124738081614,1.5112124738081614,0.013965758357486183
13370.0,0.766253487679,0.0422518103137,6.192285896,83.0,0.8301691268987057,-0.06391563921970567,6.262735410579208,-0.07044951457920856,-0.29278026959319503,-0.27594099159133484,-0.016839278001860192,0.016839278001860192,0.055140773899355074
19669.0,0.76663969273,0.0358760132438,6.371325982,67.0,0.9211578882459758,-0.1545181955159758,6.5525508202516525,-0.18122483825165236,-0.7078060939782266,-0.7098325924150323,0.0020264984368056904,0.0020264984368056904,0.04679644634110412
18674.0,0.766815734827,0.0335322477223,6.221573599,71.0,0.8984106979091583,-0.13159496308215823,6.480096967833541,-0.2585233688335409,-0.6028009613713171,-1.0126002311237086,0.40979926975239145,0.40979926975239145,0.043729211855394634
18663.0,0.767070248822,0.0341210693349,6.156296582,71.0,0.8984106979091583,-0.13134044908715825,6.480096967833541,-0.32380038583354054,-0.601635101544504,-1.2682812660704035,0.6666461645258995,0.6666461645258995,0.044482326602159554
11751.0,0.767157271318,0.0555914096124,6.278637261,72.0,0.8927239003249539,-0.1255666290069538,6.461983504729013,-0.1833462437290132,-0.5751867921744918,-0.7181418438624936,0.14295505168800182,0.14295505168800182,0.07246416307427059
17898.0,0.767508219321,0.0359470687722,6.393237179,85.0,0.8187955317302971,-0.05128731240929707,6.226508484370153,0.16672869462984696,-0.23493331737304907,0.6530532055144458,-0.8879865228874948,0.8879865228874948,0.04683607011271057
15614.0,0.768393882504,0.0280265446749,6.580100256,62.0,0.9495918761669977,-0.18119799366299771,6.643118135774291,-0.06301787977429107,-0.8300190388777718,-0.24683230731632894,-0.583186731561443,0.583186731561443,0.03647419027279164
15641.0,0.768429789111,0.100674489656,6.359384466,72.0,0.8927239003249539,-0.12429411121395384,6.461983504729013,-0.10259903872901344,-0.5693577320720653,-0.40186622508761916,-0.16749150698444615,0.16749150698444615,0.13101325727165103
9979.0,0.768693472171,0.0408527576819,6.595201461,60.0,0.9609654713354063,-0.1922719991644063,6.679345061983346,-0.08414360098334583,-0.880746065248171,-0.3295788314524808,-0.5511672337956902,0.5511672337956902,0.05314570652788382
19731.0,0.768994156938,0.0411953110642,6.523079524,67.0,0.9211578882459758,-0.15216373130797578,6.5525508202516525,-0.029471296251652568,-0.6970209297526728,-0.1154349857445726,-0.5815859440081003,0.5815859440081003,0.05357038241777091
12164.0,0.769002506319,0.0648326220172,6.129226346,84.0,0.8244823293145014,-0.05547982299550136,6.2446219474746805,-0.1153956014746802,-0.2541380753115846,-0.45198858908247536,0.19785051377089075,0.19785051377089075,0.08430742615851232
15923.0,0.769094180936,0.0351916857362,6.476779494,64.0,0.9382182809985888,-0.16912410006258882,6.6068912095652355,-0.13011171556523582,-0.7747117953529757,-0.5096295698440032,-0.26508222550897254,0.26508222550897254,0.04575731634501661
10656.0,0.769225171211,0.0539048428433,6.075175973,70.0,0.9040974954933627,-0.13487232428236273,6.4982104309380695,-0.42303445793806915,-0.6178136672984498,-1.6569673829262177,1.039153715627768,1.039153715627768,0.0700768056750366
15655.0,0.769807384003,0.0805985057665,6.580465366,68.0,0.9154710906617713,-0.14566370665877137,6.534437357147125,0.0460280088528755,-0.6672460735142055,0.18028533595582213,-0.8475314094700277,0.8475314094700277,0.10469957477854734
20338.0,0.770087507495,0.00489580220501,6.882572216,54.0,0.9950862568406327,-0.2249987493456327,6.788025840610513,0.09454637538948685,-1.0306584631830802,0.37032505805286514,-1.4009835212359454,1.4009835212359454,0.006357462181064906
20308.0,0.770911712916,0.0486445114816,6.516593738,71.0,0.8984106979091583,-0.12749898499315826,6.480096967833541,0.036496770166459136,-0.5840383927138562,0.14295279406490013,-0.7269911867787563,0.7269911867787563,0.06309997716547912
13982.0,0.771006175768,0.053183095726,6.432135799,62.0,0.9495918761669977,-0.17858570039899768,6.643118135774291,-0.21098233677429068,-0.8180528294268834,-0.826388592817026,0.008335763390142636,0.008335763390142636,0.06897881936292438
17819.0,0.771696041385,0.0328070141004,6.864501093,51.0,1.0121466495932459,-0.24045060820824582,6.842366229924096,0.0221348630759044,-1.101439252654041,0.08669919306592476,-1.1881384457199657,1.1881384457199657,0.04251287079498254
14359.0,0.771912829846,0.038309492648,6.674628705,61.0,0.955278673751202,-0.18336584390520205,6.661231598878818,0.013397106121181501,-0.8399493749598145,0.05247460922355578,-0.8924239841833702,0.8924239841833702,0.049629299017666176
19291.0,0.772951175818,0.142559498585,6.229003223,85.0,0.8187955317302971,-0.045844355912297075,6.226508484370153,0.002494738629847504,-0.2100006046593761,0.009771545700394261,-0.21977215035977035,0.21977215035977035,0.1844353214601581
14379.0,0.77318555358,0.038645636206,6.502767114,85.0,0.8187955317302971,-0.045609978150297104,6.226508484370153,0.27625862962984726,-0.20892698347397073,1.082066791390229,-1.2909937748641998,1.2909937748641998,0.04998235679270411
15702.0,0.77322033674,0.0524251972869,6.118214337,85.0,0.8187955317302971,-0.04557519499029705,6.226508484370153,-0.10829414737015242,-0.20876765121841567,-0.42417317688200473,0.21540552566358906,0.21540552566358906,0.06780111023454403
16551.0,0.773616451203,0.0645671948821,6.578073438,57.0,0.9780258640880195,-0.20440941288501946,6.73368545129693,-0.1556120132969303,-0.9363442772768426,-0.6095107043555349,-0.32683357292130766,0.32683357292130766,0.08346150703193528
13488.0,0.77374329938,0.0971132069394,6.522832938,70.0,0.9040974954933627,-0.13035419611336274,6.4982104309380695,0.024622507061930143,-0.5971173432136773,0.09644295002905295,-0.6935602932427303,0.6935602932427303,0.1255108858677248
13000.0,0.774364155955,0.0747171435541,6.420774323,76.0,0.8699767099881364,-0.0956125540331364,6.389529652310903,0.031244670689097198,-0.43797527002882586,0.12238104780978398,-0.5603563178386098,0.5603563178386098,0.09648838079540704
19445.0,0.774785146456,0.058922987348,6.193827906,80.0,0.8472295196513189,-0.07244437319531882,6.317075799892791,-0.123247893892791,-0.33184809498230267,-0.4827449309687271,0.15089683598642445,0.15089683598642445,0.07605074467098889
18012.0,0.774799418325,0.0305130325639,6.906678672,51.0,1.0121466495932459,-0.23734723126824586,6.842366229924096,0.06431244207590403,-1.0872235216023776,0.2519029285593214,-1.3391264501616988,1.3391264501616988,0.03938184753657223
16093.0,0.774968482372,0.0289293326655,6.34258483,82.0,0.8358559244829101,-0.06088744211091013,6.280848873683736,0.06173595631626405,-0.27890891703037585,0.24181119067322626,-0.5207201077036021,0.5207201077036021,0.03732968930162679
12246.0,0.77518582628,0.0482709896415,6.279323354,85.0,0.8187955317302971,-0.043609705450297076,6.226508484370153,0.05281486962984694,-0.199764274823701,0.20686852966234823,-0.4066328044860492,0.4066328044860492,0.06227021703059924
14515.0,0.775461781592,0.0670600764004,6.744456332,61.0,0.955278673751202,-0.17981689215920205,6.661231598878818,0.08322473312118195,-0.8236925861417379,0.3259797532964229,-1.149672339438161,1.149672339438161,0.08647760340003818
14129.0,0.776142223753,0.0970165459145,5.884293604,72.0,0.8927239003249539,-0.11658167657195384,6.461983504729013,-0.5776899007290135,-0.5340291533193321,-2.26273133309153,1.7287021797721978,1.7287021797721978,0.12499841259167804
16349.0,0.776299462844,0.0413528974586,6.351175979,74.0,0.8813503051565452,-0.10505084231254525,6.425756578519958,-0.07458059951995821,-0.48120951786987154,-0.29212187916319776,-0.18908763870667378,0.18908763870667378,0.05326925940036365
10154.0,0.776761578918,0.104084631099,6.48129954,72.0,0.8927239003249539,-0.11596232140695384,6.461983504729013,0.01931603527098691,-0.5311920546937624,0.07565823495201725,-0.6068502896457797,0.6068502896457797,0.13399817128440625
19716.0,0.776798255515,0.068238503182,6.771009796,57.0,0.9780258640880195,-0.20122760857301947,6.73368545129693,0.037324344703070444,-0.9217692916296217,0.14619428890858013,-1.067963580538202,1.067963580538202,0.08784585019022653
20835.0,0.776881389365,0.0575215078315,7.040818319,51.0,1.0121466495932459,-0.2352652602282459,6.842366229924096,0.1984520890759045,-1.0776865749361462,0.7773093479786499,-1.854995922914796,1.854995922914796,0.07404155720413948
11148.0,0.777203643685,0.0446851201936,6.382158562,52.0,1.0064598520090415,-0.2292562083240416,6.824252766819568,-0.4420942048195684,-1.0501607321535238,-1.7316217717516722,0.6814610395981484,0.6814610395981484,0.057494738421106584
19643.0,0.780049225966,0.0976829782737,6.708021971,59.0,0.9666522689196108,-0.18660304295361074,6.697458525087875,0.010563445912125324,-0.8547781089236879,0.04137555463687399,-0.8961536635605619,0.8961536635605619,0.12522668444767832
15303.0,0.780216899908,0.0681568266727,6.458929998,84.0,0.8244823293145014,-0.044265429406501355,6.2446219474746805,0.21430805052531987,-0.20276796905284383,0.8394149529798932,-1.042182922032737,1.042182922032737,0.08735625526790917
15956.0,0.781308966826,0.0600678722594,6.663211961,62.0,0.9495918761669977,-0.16828290934099766,6.643118135774291,0.02009382522570924,-0.770858527995355,0.07870473048343146,-0.8495632584787864,0.8495632584787864,0.07688107369792584
16833.0,0.781685064015,0.0158199753243,6.102166694,85.0,0.8187955317302971,-0.037110467715297024,6.226508484370153,-0.1243417903701527,-0.16999302322653448,-0.48702957196965374,0.31703654874311926,0.31703654874311926,0.02023829807242732
20242.0,0.782114359887,0.0407623180834,6.588032933,54.0,0.9950862568406327,-0.21297189695363272,6.788025840610513,-0.19999290761051292,-0.9755667027207724,-0.7833445207806444,-0.19222218194012797,0.19222218194012797,0.05211810468393567
16157.0,0.783433360511,0.0523182308832,6.674861644,67.0,0.9211578882459758,-0.1377245277349758,6.5525508202516525,0.12231082374834745,-0.6308788404858789,0.47907455699393325,-1.1099533974798121,1.1099533974798121,0.06678070340159507
17425.0,0.783556964383,0.0521794323361,6.0632399,77.0,0.864289912403932,-0.080732948020932,6.371416189206375,-0.30817628920637485,-0.36981581621003967,-1.207083843465432,0.8372680272553924,0.8372680272553924,0.06659302987267543
13510.0,0.784237087578,0.0282495964857,6.342813265,68.0,0.9154710906617713,-0.1312340030837713,6.534437357147125,-0.19162409214712461,-0.6011475011708048,-0.7505650296627057,0.14941752849190082,0.14941752849190082,0.03602175532522275
15712.0,0.784471834559,0.0672588602612,6.316161535,77.0,0.864289912403932,-0.079818077844932,6.371416189206375,-0.05525465420637499,-0.36562504318418726,-0.21642482794683754,-0.14920021523734972,0.14920021523734972,0.08573776303773907
11459.0,0.784560198288,0.0397564048408,6.399695718,60.0,0.9609654713354063,-0.17640527304740627,6.679345061983346,-0.27964934398334584,-0.8080648810057951,-1.095347749910609,0.2872828689048139,0.2872828689048139,0.050673491884437954
11231.0,0.784792357996,0.0461983054301,6.332260927,74.0,0.8813503051565452,-0.09655794716054522,6.425756578519958,-0.09349565151995787,-0.4423058604460296,-0.3662095181775616,-0.07609634226846801,0.07609634226846801,0.05886691550879687
11260.0,0.785731646373,0.070312407617,6.209486352,69.0,0.909784293077567,-0.12405264670456706,6.516323894042596,-0.3068375420425964,-0.5682516484121267,-1.2018401562367889,0.6335885078246621,0.6335885078246621,0.08948654154579072
12676.0,0.787142538893,0.0362375292508,6.373242374,85.0,0.8187955317302971,-0.031652992837297056,6.226508484370153,0.14673388962984735,-0.14499380573320003,0.5747363235411583,-0.7197301292743583,0.7197301292743583,0.046036807135036495
20899.0,0.787273011967,0.102077326895,6.438482506,64.0,0.9382182809985888,-0.1509452690315889,6.6068912095652355,-0.16840870356523574,-0.6914394833629494,-0.6596335678389053,-0.031805915524044104,0.031805915524044104,0.12965937526546226
18882.0,0.787513005562,0.0425944759544,6.733508212,50.0,1.0178334471774502,-0.23032044161545018,6.860479693028624,-0.12697148102862332,-1.0550356972445807,-0.49732970607577304,-0.5577059911688076,0.5577059911688076,0.05408733018193512
14636.0,0.787807298792,0.0786567200384,6.580429703,67.0,0.9211578882459758,-0.13335058945397582,6.5525508202516525,0.0278788827483476,-0.6108430113096552,0.1091977225959194,-0.7200407339055747,0.7200407339055747,0.0998425886114661
13313.0,0.787990310485,0.0570817599195,6.58613295,65.0,0.9325314834143845,-0.1445411729293845,6.588777746460708,-0.002644796460708143,-0.6621040498728927,-0.010359301441382005,-0.6517447484315108,0.6517447484315108,0.0724396723664873
15073.0,0.788569965176,0.0691158077427,6.793980831,70.0,0.9040974954933627,-0.11552753031736274,6.4982104309380695,0.29577040006193034,-0.52920039421784,1.1584916938596135,-1.6876920880774535,1.6876920880774535,0.08764702029613076
16515.0,0.788829922801,0.0477174960407,6.945780608,79.0,0.8529163172355232,-0.06408639443452324,6.33518926299732,0.6105913450026801,-0.2935624530844198,2.39160173357463,-2.68516418665905,2.68516418665905,0.060491488293526366
10260.0,0.788979046465,0.0374195906392,6.477716133,64.0,0.9382182809985888,-0.1492392345335889,6.6068912095652355,-0.12917507656523508,-0.6836246003960004,-0.5059608846022797,-0.17766371579372064,0.17766371579372064,0.04742786365095182
10999.0,0.790309699646,0.053915931416,6.40176363,71.0,0.8984106979091583,-0.10810099826315833,6.480096967833541,-0.07833333783354135,-0.4951814579525182,-0.3068208353961558,-0.18836062255636243,0.18836062255636243,0.06822127001623583
11801.0,0.790383589668,0.0398778078915,6.089795191,80.0,0.8472295196513189,-0.05684592998331883,6.317075799892791,-0.22728060889279078,-0.2603958422223008,-0.890226667450568,0.6298308252282672,0.6298308252282672,0.05045373969397649
13017.0,0.791061052691,0.0361881564475,6.378839895,70.0,0.9040974954933627,-0.11303644280236269,6.4982104309380695,-0.1193705359380699,-0.5177893955463742,-0.4675578568608233,-0.05023153868555086,0.05023153868555086,0.04574635083397997
13528.0,0.791832078496,0.0678380180576,6.326142038,59.0,0.9666522689196108,-0.17482019042361074,6.697458525087875,-0.37131648708787424,-0.8008040458864419,-1.4543952538670588,0.6535912079806169,0.6535912079806169,0.08567222760973643
13519.0,0.791932357448,0.0826135219308,6.415027762,63.0,0.9439050785827933,-0.15197272113479332,6.625004672669763,-0.20997691066976287,-0.6961459637712302,-0.8224504780136475,0.1263045142424173,0.1263045142424173,0.10431891203059548
17901.0,0.79238702383,0.0566682202764,6.81953972,69.0,0.909784293077567,-0.117397269247567,6.516323894042596,0.3032158259574036,-0.5377651629463881,1.1876543959263077,-1.7254195588726957,1.7254195588726957,0.07151583578753516
13643.0,0.792566974298,0.0506303502456,6.629119807,70.0,0.9040974954933627,-0.11153052119536266,6.4982104309380695,0.13090937606193087,-0.5108911756511133,0.5127538955363228,-1.023645071187436,1.023645071187436,0.06388147864783894
14358.0,0.792629650188,0.0443514718037,6.830067526,50.0,1.0178334471774502,-0.22520379698945014,6.860479693028624,-0.030412167028623927,-1.031597731023772,-0.11912024627060336,-0.9124774847531687,0.9124774847531687,0.05595484826132922
10162.0,0.793274684063,0.0922037634943,6.395971787,60.0,0.9609654713354063,-0.16769078727240638,6.679345061983346,-0.2833732749833464,-0.7681461768244888,-1.109933871885978,0.3417876950614891,0.3417876950614891,0.11623182404113806
19362.0,0.793348385002,0.0432331189936,6.339032354,63.0,0.9439050785827933,-0.15055669358079327,6.625004672669763,-0.2859723186697627,-0.6896595242382323,-1.1201139660470605,0.4304544418088282,0.4304544418088282,0.05449449423596043
11004.0,0.793524648158,0.055122067325,6.180466418,66.0,0.9268446858301802,-0.13332003767218026,6.57066428335618,-0.3901978653561802,-0.6107030618540938,-1.5283509975380745,0.9176479356839806,0.9176479356839806,0.0694648458027791
13787.0,0.794300993009,0.0702302117786,6.616415838,67.0,0.9211578882459758,-0.12685689523697574,6.5525508202516525,0.06386501774834752,-0.58109715307027,0.25015042943501276,-0.8312475825052827,0.8312475825052827,0.08841763059183817
18827.0,0.794468864114,0.0666313808527,6.392788764,67.0,0.9211578882459758,-0.1266890241319758,6.5525508202516525,-0.15976205625165285,-0.5803281809066679,-0.6257658478425099,0.04543766693584195,0.04543766693584195,0.08386909023427622
18848.0,0.794837321585,0.072413937902,6.815837735,69.0,0.909784293077567,-0.11494697149256705,6.516323894042596,0.2995138409574034,-0.5265410111417496,1.1731542333934948,-1.6996952445352442,1.6996952445352442,0.09110535695228554
18459.0,0.795222381811,0.130540930253,6.831800284,70.0,0.9040974954933627,-0.10887511368236269,6.4982104309380695,0.33358985306193034,-0.4987274714774995,1.3066252533964708,-1.8053527248739702,1.8053527248739702,0.16415650922162497
19847.0,0.795515780083,0.0512552648254,6.89635974,55.0,0.9893994592564282,-0.1938836791734283,6.769912377505985,0.126447362494015,-0.8881287358011074,0.49527680636432636,-1.3834055421654337,1.3834055421654337,0.06443023018355751
20058.0,0.796221087303,0.0709887979184,6.655050094,82.0,0.8358559244829101,-0.03963483717991012,6.280848873683736,0.3742012203162641,-0.18155647751448575,1.4656943543970333,-1.647250831911519,1.647250831911519,0.08915714372606837
12953.0,0.796231324851,0.0442069612676,6.498876597,50.0,1.0178334471774502,-0.22160212232645016,6.860479693028624,-0.36160309602862384,-1.0150994327716751,-1.416349246359223,0.40124981358754797,0.40124981358754797,0.055520248811954886
14596.0,0.796869793241,0.021932267566,6.214551269,78.0,0.8586031148197276,-0.061733321578727574,6.353302726101847,-0.1387514571018471,-0.28278366226729096,-0.5434702408684272,0.26068657860113625,0.26068657860113625,0.02752302540769913
12442.0,0.797239250058,0.0415903039765,6.499547582,74.0,0.8813503051565452,-0.08411105509854522,6.425756578519958,0.07379100348004197,-0.38529001177426625,0.2890291408311812,-0.6743191526054475,0.6743191526054475,0.05216790815739975
17145.0,0.797516926166,0.0491604046496,6.249532249,73.0,0.8870371027407495,-0.08952017657474953,6.443870041624486,-0.19433779262448603,-0.41006773540183783,-0.7611942185943492,0.3511264831925114,0.3511264831925114,0.06164183233819849
16215.0,0.797805570068,0.0402906964251,6.595300088,57.0,0.9780258640880195,-0.1802202940200195,6.73368545129693,-0.13838536329692985,-0.8255404610438185,-0.5420363021372989,-0.2835041589065196,0.2835041589065196,0.05050189913021774
15121.0,0.797906870899,0.0409894190038,5.592238868,70.0,0.9040974954933627,-0.10619062459436268,6.4982104309380695,-0.9059715629380696,-0.4864305524683204,-3.5485651380834655,3.062134585615145,3.062134585615145,0.05137118189948321
16506.0,0.798054829506,0.0785094963506,6.814485507,61.0,0.955278673751202,-0.15722384424520197,6.661231598878818,0.15325390812118123,-0.7201999395853139,0.6002743329715807,-1.3204742725568948,1.3204742725568948,0.09837606821977105
16995.0,0.799065104469,0.0552627301814,6.099917543,59.0,0.9666522689196108,-0.16758716445061073,6.697458525087875,-0.5975409820878745,-0.7676715086826738,-2.340485269467708,1.572813760785034,1.572813760785034,0.06915923354971627
17856.0,0.799277429816,0.0498389685672,6.731900075,56.0,0.9837126616722238,-0.1844352318562238,6.751798914401458,-0.019898839401457202,-0.8448479521534745,-0.07794099801470215,-0.7669069541387724,0.7669069541387724,0.062355030566387096
16306.0,0.799548094945,0.0518909257235,5.296395813,81.0,0.8415427220671146,-0.04199462712211455,6.298962336788264,-1.0025665237882642,-0.19236603748911105,-3.9269142216638837,3.7345481841747725,3.7345481841747725,0.06490031813166851
17464.0,0.799763406885,0.0208458664407,6.92478934,69.0,0.909784293077567,-0.110020886192567,6.516323894042596,0.40846544595740397,-0.5039759456932853,1.5999025807559946,-2.1038785264492796,2.1038785264492796,0.02606504156259487
12480.0,0.800271402792,0.0578559253326,6.747149802,66.0,0.9268446858301802,-0.12657328303818016,6.57066428335618,0.1764855186438199,-0.5797980022358732,0.6912693338906151,-1.2710673361264884,1.2710673361264884,0.07229538020570433
18782.0,0.801116437656,0.100580517126,6.481764555,85.0,0.8187955317302971,-0.01767909407429702,6.226508484370153,0.255256070629847,-0.08098315204896381,0.9998026765694015,-1.0807858286183654,1.0807858286183654,0.12555043486598555
15349.0,0.801617217389,0.0633777158008,6.31783963,70.0,0.9040974954933627,-0.10248027810436267,6.4982104309380695,-0.18037080093806956,-0.46943445794609817,-0.7064874465389585,0.23705298859286028,0.23705298859286028,0.07906231855552168
19478.0,0.802473319781,0.0542784467274,6.47845275,57.0,0.9780258640880195,-0.1755525443070195,6.73368545129693,-0.2552327012969302,-0.8041587611023062,-0.9997111421289385,0.1955523810266323,0.1955523810266323,0.0676389424912132
13269.0,0.802837437874,0.0358088965237,6.158616138,72.0,0.8927239003249539,-0.08988646245095389,6.461983504729013,-0.3033673667290131,-0.411745592009274,-1.1882479601408267,0.7765023681315526,0.7765023681315526,0.04460292312541604
17208.0,0.802843702501,0.051984243597,6.820737884,51.0,1.0121466495932459,-0.20930294709224584,6.842366229924096,-0.021628345924096237,-0.9587602349664832,-0.08471523553317531,-0.8740449994333079,0.8740449994333079,0.06475014182095455
10326.0,0.802908445782,0.0436460974532,6.341950329,72.0,0.8927239003249539,-0.08981545454295381,6.461983504729013,-0.12003317572901295,-0.4114203239731358,-0.47015332514861563,0.058733001175479804,0.058733001175479804,0.05435999295123927
16420.0,0.803476759528,0.036841906911,6.615929858,53.0,1.000773054424837,-0.19729629489683698,6.806139303715041,-0.19020944571504028,-0.9037610061455073,-0.7450240555118958,-0.15873695063361148,0.15873695063361148,0.04585310834957151
12157.0,0.803961078139,0.0428810440115,6.460898809,57.0,0.9780258640880195,-0.17406478594901953,6.73368545129693,-0.2727866422969303,-0.7973437421419629,-1.0684674978654953,0.2711237557235324,0.2711237557235324,0.05333721392428668
20531.0,0.804237684953,0.0318188510558,6.17415739,75.0,0.8756635075723407,-0.07142582261934072,6.40764311541543,-0.2334857254154299,-0.3271823900645424,-0.9145312494824525,0.58734885941791,0.58734885941791,0.03956398916777881
19220.0,0.804473305493,0.0588626011518,6.039232892,82.0,0.8358559244829101,-0.03138261898991013,6.280848873683736,-0.24161598168373555,-0.14375529620884422,-0.9463763372728804,0.8026210410640362,0.8026210410640362,0.0731691166753229
12834.0,0.804577743312,0.0377913341232,6.425718346,70.0,0.9040974954933627,-0.09951975218136266,6.4982104309380695,-0.07249208493806947,-0.45587308879677196,-0.2839414567980247,-0.17193163199874728,0.17193163199874728,0.04697039464158436
10070.0,0.804608229877,0.0849695542598,6.63855765,62.0,0.9495918761669977,-0.14498364628999771,6.643118135774291,-0.00456048577429069,-0.6641309007561771,-0.017862791166304823,-0.6462681095898722,0.6462681095898722,0.10560363553923535
10375.0,0.805032232949,0.045857465021,6.328322027,75.0,0.8756635075723407,-0.07063127462334073,6.40764311541543,-0.07932108841543073,-0.3235427804273147,-0.3106897176253587,-0.012853062801956028,0.012853062801956028,0.05696351418503406
18711.0,0.805854670701,0.0502596170824,7.008569505,71.0,0.8984106979091583,-0.09255602720815825,6.480096967833541,0.5284725371664587,-0.4239741466924886,2.0699537364525504,-2.493927883145039,2.493927883145039,0.06236809056238387
10426.0,0.805960053466,0.0491894144084,6.230606732,76.0,0.8699767099881364,-0.0640166565221364,6.389529652310903,-0.1589229203109026,-0.29324300255496016,-0.6224790685800323,0.32923606602507216,0.32923606602507216,0.06103207497302482
16193.0,0.80651763273,0.0656828123179,6.020574412,71.0,0.8984106979091583,-0.0918930651791583,6.480096967833541,-0.45952255583354074,-0.42093729680801123,-1.7998862089067393,1.3789489120987282,1.3789489120987282,0.08144002022072196
14173.0,0.80671099301,0.0604959378399,6.023211965,84.0,0.8244823293145014,-0.01777133630450134,6.2446219474746805,-0.2214099824746807,-0.08140568877638767,-0.8672322368323949,0.7858265480560073,0.7858265480560073,0.07499084351655796
13178.0,0.807197610928,0.0823979425594,6.276997076,69.0,0.909784293077567,-0.10258668214956701,6.516323894042596,-0.23932681804259648,-0.46992186612070236,-0.9374100003318283,0.46748813421112595,0.46748813421112595,0.10207902184530832
12810.0,0.807877177262,0.0617192300084,6.644587447,71.0,0.8984106979091583,-0.09053352064715825,6.480096967833541,0.1644904791664592,-0.41470959073384267,0.6442864255294982,-1.058996016263341,1.058996016263341,0.0763967986044295
11953.0,0.808016722723,0.0604591085769,6.788208883,62.0,0.9495918761669977,-0.14157515344399774,6.643118135774291,0.14509074722570947,-0.6485175161989484,0.5683003623137209,-1.2168178785126693,1.2168178785126693,0.07482408083480503
13109.0,0.808129280077,0.0644463619441,6.272561624,76.0,0.8699767099881364,-0.06184742991113634,6.389529652310903,-0.11696802831090292,-0.28330636169943824,-0.45814756722425204,0.1748412055248138,0.1748412055248138,0.0797475893188271
17786.0,0.809259712775,0.08353537312,6.776691694,55.0,0.9893994592564282,-0.18013974648142828,6.769912377505985,0.006779316494014864,-0.8251714945380977,0.02655364379504244,-0.8517251383331401,0.8517251383331401,0.10322443067572487
19943.0,0.809293105441,0.0714715434998,6.555816489,64.0,0.9382182809985888,-0.12892517555758887,6.6068912095652355,-0.051074720565235765,-0.5905713862510079,-0.20005260678092565,-0.3905187794700823,0.3905187794700823,0.08831354551186216
11786.0,0.809887837712,0.0993784639507,6.473341634,63.0,0.9439050785827933,-0.13401724087079325,6.625004672669763,-0.1516630386697635,-0.6138967612826401,-0.594043117660324,-0.01985364362231612,0.01985364362231612,0.12270645307065281
11476.0,0.809962751832,0.0323989310402,6.61655488,51.0,1.0121466495932459,-0.2021838977612459,6.842366229924096,-0.22581134992409613,-0.9261497939566903,-0.8844717835575041,-0.04167801039918617,0.04167801039918617,0.04000051973614719
11867.0,0.810130435491,0.0384516046951,6.249706656,82.0,0.8358559244829101,-0.025725488991910184,6.280848873683736,-0.03114221768373593,-0.11784151256905664,-0.1219797535771727,0.00413824100811605,0.00413824100811605,0.04746347379455684
19004.0,0.810146861858,0.043884400314,6.142277074,78.0,0.8586031148197276,-0.04845625296172762,6.353302726101847,-0.21102565210184743,-0.2219649991584016,-0.8265582529560419,0.6045932537976403,0.6045932537976403,0.05416845066011244
16355.0,0.810269574223,0.0593099927657,5.955435569,72.0,0.8927239003249539,-0.0824543261019538,6.461983504729013,-0.5065479357290137,-0.37770098398409513,-1.9840781091039572,1.6063771251198622,1.6063771251198622,0.07319785248332289
12451.0,0.811172465419,0.0314355899567,6.585552005,57.0,0.9780258640880195,-0.1668533986690195,6.73368545129693,-0.1481334462969297,-0.7643103259428113,-0.580218193172336,-0.18409213277047531,0.18409213277047531,0.038753275409147886
18599.0,0.811356561611,0.0653470406292,6.54968057,77.0,0.864289912403932,-0.052933350792932043,6.371416189206375,0.1782643807936246,-0.24247337435448363,0.6982368905651116,-0.9407102649195953,0.9407102649195953,0.08054047224249879
13724.0,0.812450062151,0.0403028680075,6.763973739,64.0,0.9382182809985888,-0.12576821884758882,6.6068912095652355,0.15708252943476442,-0.5761102207533015,0.6152705124060045,-1.191380733159306,1.191380733159306,0.04960657877334177
10975.0,0.812849145081,0.0493752523142,6.76549614,63.0,0.9439050785827933,-0.13105593350179323,6.625004672669763,0.14049146733023665,-0.6003318125403794,0.550285619947598,-1.1506174324879774,1.1506174324879774,0.06074343882010207
11251.0,0.812967476952,0.0478522060514,5.926194,67.0,0.9211578882459758,-0.10819041129397577,6.5525508202516525,-0.6263568202516527,-0.4955910348821627,-2.453352916660767,1.9577618817786044,1.9577618817786044,0.05886115669818527
12331.0,0.813488222748,0.0387701920706,6.146095987,64.0,0.9382182809985888,-0.1247300582505888,6.6068912095652355,-0.46079522256523564,-0.5713546876289924,-1.804871068234824,1.2335163806058316,1.2335163806058316,0.04765919282719611
11429.0,0.813632490656,0.124352200953,6.26762634,71.0,0.8984106979091583,-0.08477820725315832,6.480096967833541,-0.21247062783354131,-0.38834605549176515,-0.8322180227729187,0.4438719672811535,0.4438719672811535,0.15283583482849816
11817.0,0.813798307502,0.0464065033172,6.517939022,68.0,0.9154710906617713,-0.10167278315977135,6.534437357147125,-0.01649833514712462,-0.46573554183638183,-0.06462169380862302,-0.4011138480277588,0.4011138480277588,0.05702457585546889
14291.0,0.814092830379,0.0603822183334,5.890489129,85.0,0.8187955317302971,-0.004702701351297023,6.226508484370153,-0.33601935537015315,-0.021541803950613222,-1.3161412774600671,1.294599473509454,1.294599473509454,0.07417117075615214
16392.0,0.814689234765,0.0457552574372,6.635294273,60.0,0.9609654713354063,-0.14627623657040634,6.679345061983346,-0.04405078898334569,-0.6700519074986849,-0.17254083956502422,-0.49751106793366073,0.49751106793366073,0.056162835452708865
13692.0,0.815307775163,0.036736775265,6.484628328,65.0,0.9325314834143845,-0.1172237082513845,6.588777746460708,-0.10414941846070747,-0.5369701269290137,-0.4079388477744051,-0.1290312791546086,0.1290312791546086,0.04505878195219642
17197.0,0.815374268513,0.0964505818301,6.521181009,72.0,0.8927239003249539,-0.07734963181195387,6.461983504729013,0.05919750427098691,-0.35431775902283646,0.23186842557875179,-0.5861861846015882,0.5861861846015882,0.11828995046164156
19618.0,0.815816857789,0.05786887129,6.393972201,78.0,0.8586031148197276,-0.04278625703072758,6.353302726101847,0.04066947489815309,-0.19599228015665374,0.159296700593694,-0.35528898075034776,0.35528898075034776,0.07093365470141706
14472.0,0.815914237427,0.184331282755,6.098114628,82.0,0.8358559244829101,-0.01994168705591015,6.280848873683736,-0.18273424568373553,-0.09134747901531491,-0.715744732278765,0.6243972532634501,0.6243972532634501,0.22591992430024505
18962.0,0.816206052953,0.079590359084,6.749603692,65.0,0.9325314834143845,-0.11632543046138455,6.588777746460708,0.1608259455392922,-0.532855359139213,0.6299329548371866,-1.1627883139763995,1.1627883139763995,0.0975125812851367
10013.0,0.816573105478,0.0379636326214,6.484408464,58.0,0.9723390665038152,-0.1557659610258152,6.715571988192401,-0.23116352419240105,-0.7135217705609813,-0.9054355089087296,0.19191373834774828,0.19191373834774828,0.04649140703596539
13754.0,0.817005156163,0.0645053751824,6.38591723,54.0,0.9950862568406327,-0.17808110067763272,6.788025840610513,-0.4021086106105125,-0.8157413944751019,-1.575003737102049,0.7592623426269473,0.7592623426269473,0.07895344930911377
12585.0,0.817169027925,0.0649787214372,6.231496725,81.0,0.8415427220671146,-0.024373694142114544,6.298962336788264,-0.06746561178826394,-0.11164930569465775,-0.2642534576194768,0.15260415192481902,0.15260415192481902,0.0795168676451156
17104.0,0.817515956227,0.0320613332431,6.729043824,52.0,1.0064598520090415,-0.18894389578204152,6.824252766819568,-0.0952089428195686,-0.8655009230980105,-0.3729202429131855,-0.49258068018482504,0.49258068018482504,0.039217990791359576
12817.0,0.818444541294,0.0493065723739,6.012954165,69.0,0.909784293077567,-0.09133975178356701,6.516323894042596,-0.5033697290425962,-0.41840271767982823,-1.9716295136839532,1.553226796004125,1.553226796004125,0.060244243667315504
12665.0,0.818864995883,0.0258236723011,6.903600277,51.0,1.0121466495932459,-0.19328165371024586,6.842366229924096,0.06123404707590385,-0.8853710198560844,0.2398452816914386,-1.125216301547523,1.125216301547523,0.03153593379975141
10597.0,0.819535651442,0.0690754922369,6.108355454,75.0,0.8756635075723407,-0.05612785613034066,6.40764311541543,-0.2992876614154305,-0.2571065399665556,-1.1722683194526755,0.91516177948612,0.91516177948612,0.08428613461215433
14352.0,0.820066342966,0.0748185457445,6.64203013,68.0,0.9154710906617713,-0.09540474769577134,6.534437357147125,0.10759277285287538,-0.43702336535854985,0.42142599003578857,-0.8584493553943384,0.8584493553943384,0.09123474751310698
14901.0,0.820476779743,0.0808870333805,6.984437879,54.0,0.9950862568406327,-0.17460947709763264,6.788025840610513,0.19641203838948673,-0.7998388250869647,0.7693187519799539,-1.5691575770669186,1.5691575770669186,0.09858540226554181
16777.0,0.820602913706,0.0551005290925,6.51790144,66.0,0.9268446858301802,-0.10624177212418018,6.57066428335618,-0.05276284335617998,-0.4866648454794177,-0.20666474995385467,-0.28000009552556304,0.28000009552556304,0.06714639708462093
14738.0,0.820929343003,0.0357253319847,6.510754661,64.0,0.9382182809985888,-0.11728893799558882,6.6068912095652355,-0.09613654856523546,-0.5372689267583948,-0.37655354614875775,-0.16071538060963703,0.16071538060963703,0.043518156939079525
17369.0,0.82112664449,0.0896466271679,6.195550046,82.0,0.8358559244829101,-0.014729279992910183,6.280848873683736,-0.08529882768373565,-0.06747085095111337,-0.33410369444298366,0.2666328434918703,0.2666328434918703,0.10917515315019322
14866.0,0.821170873814,0.0455047333091,6.866809615,66.0,0.9268446858301802,-0.1056738120161802,6.57066428335618,0.29614533164382006,-0.48406317372007235,1.1599602489391412,-1.6440234226592136,1.6440234226592136,0.05541445119424327
11423.0,0.82189823883,0.0488125996564,6.131734012,64.0,0.9382182809985888,-0.11632004216858882,6.6068912095652355,-0.47515719756523556,-0.5328306768261416,-1.861124935225691,1.3282942583995494,1.3282942583995494,0.05939007695878068
17312.0,0.822226331141,0.0519291548929,6.700981491,51.0,1.0121466495932459,-0.18992031845224588,6.842366229924096,-0.14138473892409564,-0.8699736514647982,-0.5537844410657008,-0.3161892103990974,0.3161892103990974,0.06315676465972347
20157.0,0.822456113834,0.0702105079708,6.470868165,55.0,0.9893994592564282,-0.16694334542242828,6.769912377505985,-0.29904421250598556,-0.7647223477114045,-1.1713147637912162,0.4065924160798118,0.4065924160798118,0.08536687464514478
19479.0,0.822697774762,0.0253931809531,6.525718307,72.0,0.8927239003249539,-0.07002612556295384,6.461983504729013,0.06373480227098671,-0.32077075612767325,0.24964039344458616,-0.5704111495722595,0.5704111495722595,0.030865746489281615
20922.0,0.823440712312,0.0696275866616,6.348797225,55.0,0.9893994592564282,-0.16595874694442825,6.769912377505985,-0.4211151525059851,-0.7602121681786771,-1.6494497293659445,0.8892375611872674,0.8892375611872674,0.08455689112832965
14881.0,0.82389727995,0.0590162481354,6.222081548,72.0,0.8927239003249539,-0.0688266203749539,6.461983504729013,-0.23990195672901304,-0.31527614703655765,-0.9396627389117924,0.6243865918752347,0.6243865918752347,0.07163058984608073
19945.0,0.824274205776,0.0399046158682,6.498258853,56.0,0.9837126616722238,-0.15943845589622385,6.751798914401458,-0.25354006140145735,-0.7303444770435344,-0.9930813060831742,0.2627368290396398,0.2627368290396398,0.048411821683334647
16761.0,0.824325355077,0.0500730307682,6.510180286,74.0,0.8813503051565452,-0.05702495007954522,6.425756578519958,0.0844237074800418,-0.2612158849016143,0.3306759698062527,-0.591891854707867,0.591891854707867,0.060744256451413764
13735.0,0.824566910197,0.0898471775284,6.402802895,85.0,0.8187955317302971,0.005771378466702948,6.226508484370153,0.17629441062984696,0.02643712499842587,0.6905207902676856,-0.6640836652692598,0.6640836652692598,0.10896287058976732
14869.0,0.82457209331,0.0556948327668,6.570721607,53.0,1.000773054424837,-0.17620096111483696,6.806139303715041,-0.23541769671504031,-0.8071289832594998,-0.9220985134916474,0.11496953023214762,0.11496953023214762,0.06754392153053546
18742.0,0.824693154414,0.0709390874152,6.312621858,76.0,0.8699767099881364,-0.045283555574136325,6.389529652310903,-0.07690779431090267,-0.2074317298706837,-0.3012371788508541,0.0938054489801704,0.0938054489801704,0.08601876593192652
18709.0,0.82503374572,0.0712802059372,6.73255092,62.0,0.9495918761669977,-0.1245581304469977,6.643118135774291,0.08943278422570966,-0.5705671328254969,0.3502958296791355,-0.9208629625046323,0.9208629625046323,0.08639671565796907
12692.0,0.825842682277,0.0932686843494,6.64058358,77.0,0.864289912403932,-0.038447230126932075,6.371416189206375,0.2691673907936254,-0.17611637056434684,1.0542913909809333,-1.2304077615452802,1.2304077615452802,0.11293759253547068
15131.0,0.827382255399,0.0683784986832,6.90498622,52.0,1.0064598520090415,-0.17907759661004152,6.824252766819568,0.08073345318043135,-0.8203060730311011,0.31622175480220466,-1.1365278278333057,1.1365278278333057,0.08264438623985826
15309.0,0.82743007822,0.0490266002637,6.383488046,71.0,0.8984106979091583,-0.07098061968915825,6.480096967833541,-0.09660892183354086,-0.3251430357607476,-0.3784037668186373,0.0532607310578897,0.0532607310578897,0.05925165346801019
12758.0,0.8288659324,0.0366566491176,6.738098184,55.0,0.9893994592564282,-0.1605335268564283,6.769912377505985,-0.031814193505985244,-0.7353607011612382,-0.12461178980658345,-0.6107489113546547,0.6107489113546547,0.04422506425310526
10725.0,0.828868431445,0.0556061308437,6.208146319,67.0,0.9211578882459758,-0.09228945680097578,6.5525508202516525,-0.34440450125165256,-0.4227530596998017,-1.3489847325640405,0.9262316728642388,0.9262316728642388,0.06708680018945778
12572.0,0.829082348367,0.0273781323997,6.634191654,65.0,0.9325314834143845,-0.10344913504738451,6.588777746460708,0.04541390753929253,-0.4738725297613562,0.17787998616143708,-0.6517525159227933,0.6517525159227933,0.03302221118761637
14353.0,0.829279632012,0.0587101148522,6.375173251,70.0,0.9040974954933627,-0.07481786348136277,6.4982104309380695,-0.12303717993806984,-0.342720412529438,-0.4819195935912422,0.13919918106180418,0.13919918106180418,0.07079652337506155
12007.0,0.82958718691,0.0572673706961,6.514497786,70.0,0.9040974954933627,-0.07451030858336272,6.4982104309380695,0.016287355061930242,-0.3413115866606763,0.06379531403493267,-0.40510690069560895,0.40510690069560895,0.06903116586142839
15178.0,0.829721289343,0.0427821297836,6.64683404,52.0,1.0064598520090415,-0.1767385626660415,6.824252766819568,-0.17741872681956838,-0.8095915906747887,-0.6949245810688998,-0.11466700960588894,0.11466700960588894,0.05156204900741581
12418.0,0.829749705201,0.0317144418717,6.172932921,80.0,0.8472295196513189,-0.017479814450318876,6.317075799892791,-0.14414287889279098,-0.08007030594830612,-0.5645876933301827,0.48451738738187655,0.48451738738187655,0.03822169706467981
15179.0,0.829994090249,0.0301773389267,6.5557272,80.0,0.8472295196513189,-0.017235429402318925,6.317075799892791,0.23865140010720864,-0.07895084409027761,0.9347644818219748,-1.0137153259122524,1.0137153259122524,0.036358498549847185
11812.0,0.830081898281,0.0394851630848,6.335914236,71.0,0.8984106979091583,-0.0683287996281583,6.480096967833541,-0.14418273183354113,-0.31299576473521057,-0.5647437917796058,0.2517480270443952,0.2517480270443952,0.04756779200530578
18384.0,0.830275535477,0.0614852393254,6.70516489,63.0,0.9439050785827933,-0.11362954310579332,6.625004672669763,0.0801602173302367,-0.5205062277466642,0.3139764693681856,-0.8344826971148498,0.8344826971148498,0.07405401785092493
12124.0,0.830409143725,0.0367939319717,6.246708038,73.0,0.8870371027407495,-0.056627959015749574,6.443870041624486,-0.19716200362448522,-0.25939737612812547,-0.7722562619378378,0.5128588858097123,0.5128588858097123,0.04430819704929063
14310.0,0.8313319584,0.0696531075591,6.258692222,80.0,0.8472295196513189,-0.015897561251318915,6.317075799892791,-0.05838357789279147,-0.07282243165926859,-0.22868038868136373,0.15585795702209515,0.15585795702209515,0.08378495119224806
13571.0,0.831410403591,0.0766784004851,6.541965971,85.0,0.8187955317302971,0.01261487186070298,6.226508484370153,0.31545748662984696,0.05778531873184381,1.2356032853523762,-1.1778179666205324,1.1778179666205324,0.09222689559080956
20761.0,0.832046208008,0.0833040700525,6.205974796,75.0,0.8756635075723407,-0.043617299564340684,6.40764311541543,-0.20166831941543073,-0.1997990614077695,-0.7899068767817359,0.5901078153739664,0.5901078153739664,0.10011952371243671
17838.0,0.832172915251,0.0629338114876,6.76120943,67.0,0.9211578882459758,-0.08898497299497576,6.5525508202516525,0.2086586097483476,-0.4076161124456037,0.8172868758846066,-1.2249029883302103,1.2249029883302103,0.07562588295560893
14272.0,0.832433676687,0.022628227938,6.237427124,73.0,0.8870371027407495,-0.05460342605374957,6.443870041624486,-0.20644291762448574,-0.25012353777414836,-0.8086083167011768,0.5584847789270284,0.5584847789270284,0.02718322020326954
17155.0,0.832943436393,0.052237881291,7.161401352,50.0,1.0178334471774502,-0.18489001078445022,6.860479693028624,0.3009216589713768,-0.8469311715163248,1.1786684615762766,-2.025599633092601,2.025599633092601,0.06271480031970993
12708.0,0.833275638159,0.0511991974102,6.015404999,85.0,0.8187955317302971,0.014480106428702899,6.226508484370153,-0.21110348537015255,0.06632945419447085,-0.8268631150883532,0.8931925692828241,0.8931925692828241,0.06144329086989403
11275.0,0.833445784507,0.111142703208,6.626556303,62.0,0.9495918761669977,-0.11614609165999767,6.643118135774291,-0.016561832774290686,-0.5320338565576918,-0.06487040522002957,-0.4671634513376622,0.4671634513376622,0.13335324897436868
13838.0,0.83434175545,0.0741630133268,6.304478742,82.0,0.8358559244829101,-0.0015141690329101287,6.280848873683736,0.023629868316263902,-0.006935999124427382,0.09255492153932991,-0.0994909206637573,0.0994909206637573,0.0888880519791322
13167.0,0.834722294993,0.0354836254391,6.487619362,79.0,0.8529163172355232,-0.0181940222425232,6.33518926299732,0.15243009900268056,-0.08334189882447772,0.5970475867491427,-0.6803894855736204,0.6803894855736204,0.04250949765202757
18386.0,0.834724623725,0.0386243914815,6.398990258,62.0,0.9495918761669977,-0.11486725244199769,6.643118135774291,-0.24412787777429035,-0.5261758397157519,-0.9562150863706158,0.4300392466548639,0.4300392466548639,0.04627201640360954
11033.0,0.835007899045,0.0992430715094,6.52616363,69.0,0.909784293077567,-0.07477639403256708,6.516323894042596,0.009839735957403839,-0.34253045219192896,0.038540882975569124,-0.3810713351674981,0.3810713351674981,0.11885285351540324
11178.0,0.835381817049,0.0244367348557,6.510880634,68.0,0.9154710906617713,-0.0800892736127713,6.534437357147125,-0.023556723147124536,-0.3668673177040053,-0.09226842204216533,-0.27459889566184,0.27459889566184,0.02925217470260864
13951.0,0.835601500935,0.0564594297598,6.430522267,65.0,0.9325314834143845,-0.09692998247938456,6.588777746460708,-0.15825547946070806,-0.44401005369634744,-0.6198647952080821,0.1758547415117347,0.1758547415117347,0.06756741065762145
18401.0,0.835601910074,0.0440079281159,6.58953099,63.0,0.9439050785827933,-0.10830316850879329,6.625004672669763,-0.03547368266976303,-0.49610754520977396,-0.1389455020344404,-0.35716204317533357,0.35716204317533357,0.05266614111976205
14326.0,0.835735984178,0.0621731438397,6.995409235,54.0,0.9950862568406327,-0.15935027266263269,6.788025840610513,0.20738339438948739,-0.7299405334826218,0.8122920339368915,-1.5422325674195134,1.5422325674195134,0.07439328330567371
19328.0,0.835742637911,0.0986545590348,6.843872089,69.0,0.909784293077567,-0.07404165516656702,6.516323894042596,0.32754819495740417,-0.339164812015373,1.2829609153499062,-1.6221257273652792,1.6221257273652792,0.11804418556577932
14761.0,0.835872612026,0.0465588038163,6.945433534,73.0,0.8870371027407495,-0.05116449071474949,6.443870041624486,0.5015634923755146,-0.2343707043837942,1.9645547348165593,-2.1989254392003534,2.1989254392003534,0.055700836642380354
13511.0,0.836090751349,0.0558905502163,6.271110103,80.0,0.8472295196513189,-0.011138768302318858,6.317075799892791,-0.045965696892791286,-0.05102368725874519,-0.1800412686381644,0.1290175813794192,0.1290175813794192,0.06684746856262047
12046.0,0.836190913694,0.0507547034422,6.184550946,73.0,0.8870371027407495,-0.050846189046749535,6.443870041624486,-0.25931909562448574,-0.23291265046605666,-1.0157169827584163,0.7828043322923596,0.7828043322923596,0.0606975065275266
18746.0,0.836801970157,0.053236336283,6.653805565,62.0,0.9495918761669977,-0.11278990600999772,6.643118135774291,0.010687429225709089,-0.5166600771289342,0.04186118010491916,-0.5585212572338534,0.5585212572338534,0.06361879892922796
20407.0,0.836890785902,0.0528521138745,6.236196826,75.0,0.8756635075723407,-0.03877272167034074,6.40764311541543,-0.17144628941543072,-0.17760735935821487,-0.671531370918928,0.49392401156071314,0.49392401156071314,0.06315294034159553
11543.0,0.837106966487,0.0365241960272,6.507944996,75.0,0.8756635075723407,-0.03855654108534068,6.40764311541543,0.10030188058456968,-0.176617094522725,0.39286857478433385,-0.5694856693070589,0.5694856693070589,0.043631456300593584
20720.0,0.837243269355,0.0442505383378,7.014963402,52.0,1.0064598520090415,-0.1692165826540415,6.824252766819568,0.19071063518043196,-0.775135433110319,0.7469871452348181,-1.522122578345137,1.522122578345137,0.05285266535721448
18598.0,0.837331901384,0.0239666424041,6.773506822,52.0,1.0064598520090415,-0.1691279506250415,6.824252766819568,-0.0507459448195684,-0.7747294337389286,-0.19876483771945638,-0.5759645960194721,0.5759645960194721,0.028622631437410038
14011.0,0.837342515874,0.0441072378933,6.951114529,51.0,1.0121466495932459,-0.17480413371924586,6.842366229924096,0.10874829907590389,-0.800730494463189,0.4259520262149843,-1.2266825206781733,1.2266825206781733,0.05267526377454012
20443.0,0.838246269039,0.0484358249733,6.576692644,56.0,0.9837126616722238,-0.1454663926332238,6.751798914401458,-0.1751062704014572,-0.6663422312887408,-0.6858670095464174,0.019524778257676623,0.019524778257676623,0.05778233290418199
11293.0,0.838404954363,0.0550060608055,6.453270841,85.0,0.8187955317302971,0.019609422632702933,6.226508484370153,0.22676235662984734,0.08982546548951034,0.8881967451127742,-0.7983712796232639,0.7983712796232639,0.06560798635462775
14506.0,0.838647167512,0.0498559045084,6.562333663,60.0,0.9609654713354063,-0.12231830382340636,6.679345061983346,-0.11701139898334567,-0.5603070923924677,-0.45831744414152137,-0.10198964825094631,0.10198964825094631,0.059448009174473994
20295.0,0.838730742167,0.0333206988542,6.585562543,75.0,0.8756635075723407,-0.03693276540534063,6.40764311541543,0.1779194275845697,-0.1691790169699824,0.6968857566200763,-0.8660647735900587,0.8660647735900587,0.03972752777382458
15300.0,0.839741958242,0.0366136510325,6.171695286,85.0,0.8187955317302971,0.020946426511702976,6.226508484370153,-0.05481319837015253,0.09594991892406339,-0.2146957065764689,0.31064562550053226,0.31064562550053226,0.0436010737264465
13411.0,0.839796238117,0.0582400277391,6.514808485,79.0,0.8529163172355232,-0.013120079118523198,6.33518926299732,0.17961922200268,-0.060099536643935636,0.7035436159401347,-0.7636431525840703,0.7636431525840703,0.06935018888592119
11889.0,0.840199038519,0.0253315179011,6.793331856,52.0,1.0064598520090415,-0.16626081349004151,6.824252766819568,-0.03092091081956827,-0.7615958533884226,-0.12111292524046738,-0.6404829281479553,0.6404829281479553,0.03014942500499798
18224.0,0.840421162467,0.0525378654804,6.649190452,72.0,0.8927239003249539,-0.05230273785795381,6.461983504729013,0.18720694727098675,-0.23958470692713885,0.7332636849422441,-0.972848391869383,0.972848391869383,0.06251373457348292
16083.0,0.840442828355,0.0545064386209,6.597069784,58.0,0.9723390665038152,-0.13189623814881524,6.715571988192401,-0.1185022041924011,-0.604181021029867,-0.46415672167399835,-0.1400242993558687,0.1400242993558687,0.06485442766831093
20496.0,0.840823567393,0.0461541227588,6.245251614,77.0,0.864289912403932,-0.023466345010932033,6.371416189206375,-0.12616457520637514,-0.10749298454249656,-0.49416916772370756,0.386676183181211,0.386676183181211,0.0548915664934349
13684.0,0.841450540231,0.0322643266373,6.916703774,60.0,0.9609654713354063,-0.11951493110440636,6.679345061983346,0.23735871201665404,-0.5474655995988545,0.9297012016041262,-1.4771668012029808,1.4771668012029808,0.03834369947453193
19258.0,0.841957568455,0.0762320077085,6.559470782,58.0,0.9723390665038152,-0.13038149804881516,6.715571988192401,-0.15610120619240142,-0.5972424060014356,-0.611426805175562,0.014184399174126394,0.014184399174126394,0.09054138897805318
11961.0,0.842376642151,0.0656044962695,6.582596454,69.0,0.909784293077567,-0.06740765092656698,6.516323894042596,0.06627255995740367,-0.30877623148044214,0.2595804388315716,-0.5683566703120138,0.5683566703120138,0.0778802414344961
11430.0,0.842497691631,0.0688120930908,5.854891798,77.0,0.864289912403932,-0.02179222077293208,6.371416189206375,-0.5165243912063753,-0.09982427385262503,-2.0231545035040175,1.9233302296513926,1.9233302296513926,0.08167629867042835
15261.0,0.842881436129,0.0806983005449,6.635064065,64.0,0.9382182809985888,-0.09533684486958882,6.6068912095652355,0.028172855434764443,-0.4367123208630466,0.11034917289440835,-0.5470614937574549,0.5470614937574549,0.09574098691212533
13626.0,0.843365575244,0.045301398025,6.374998361,74.0,0.8813503051565452,-0.0379847299125452,6.425756578519958,-0.05075821751995768,-0.1739977820763301,-0.1988129081871544,0.024815126110824315,0.024815126110824315,0.05371501915037679
14819.0,0.843426727259,0.0829497879575,6.647697204,62.0,0.9495918761669977,-0.10616514890799766,6.643118135774291,0.004579068225709193,-0.4863138552340741,0.017935576054905502,-0.5042494312889796,0.5042494312889796,0.09834854087096974
20018.0,0.843862939919,0.085784472753,6.491997964,76.0,0.8699767099881364,-0.0261137700691364,6.389529652310903,0.10246831168909765,-0.11962012324800889,0.4013541853775143,-0.5209743086255232,0.5209743086255232,0.10165687897282728
14524.0,0.84406045654,0.0908269971561,6.843175632,52.0,1.0064598520090415,-0.16239939546904159,6.824252766819568,0.01892286518043207,-0.7439077410108839,0.07411824216001899,-0.8180259831709028,0.8180259831709028,0.10760721753086382
12735.0,0.844200279801,0.0285694864479,6.389218442,56.0,0.9837126616722238,-0.13951238187122383,6.751798914401458,-0.36258047240145785,-0.6390685171032823,-1.4201774942483483,0.781108977145066,0.781108977145066,0.03384207175888946
13582.0,0.84434803431,0.12805007438,6.655346946,64.0,0.9382182809985888,-0.09387024668858879,6.6068912095652355,0.04845573643476442,-0.4299942309548463,0.18979440866216224,-0.6197886396170085,0.6197886396170085,0.1516555604758911
13383.0,0.844452495252,0.0651016860505,6.739044029,51.0,1.0121466495932459,-0.1676941543412459,6.842366229924096,-0.1033222009240955,-0.7681616004568674,-0.4046987512502792,-0.3634628492065882,0.3634628492065882,0.07709336690523068
19142.0,0.844508908524,0.0470051111727,6.389103449,72.0,0.8927239003249539,-0.0482149918009539,6.461983504729013,-0.07288005572901302,-0.22085984698350292,-0.28546108465353065,0.06460123767002773,0.06460123767002773,0.055659698433322295
12426.0,0.844990609297,0.0555179657562,6.653342324,65.0,0.9325314834143845,-0.08754087411738454,6.588777746460708,0.06456457753929179,-0.40100108576571664,0.25289050824951687,-0.6538915940152334,0.6538915940152334,0.06570246479116358
16509.0,0.845012253685,0.0536579802572,6.334660363,68.0,0.9154710906617713,-0.07045883697677136,6.534437357147125,-0.19977699414712458,-0.32275289017092446,-0.7824988176478243,0.4597459274768998,0.4597459274768998,0.06349964751777716
19412.0,0.845769978938,0.0550516594388,6.660547994,63.0,0.9439050785827933,-0.09813509964479328,6.625004672669763,0.03554332133023674,-0.4495303697392944,0.13921826702280102,-0.5887486367620954,0.5887486367620954,0.06509058113877038
16447.0,0.845824895256,0.0997336682781,6.714694189,66.0,0.9268446858301802,-0.08101979057418018,6.57066428335618,0.14402990564382012,-0.37112976442515677,0.5641451927603701,-0.9352749571855269,0.9352749571855269,0.11791290234832151
12146.0,0.845968554674,0.0392459759698,7.087378458,60.0,0.9609654713354063,-0.11499691666140632,6.679345061983346,0.4080333960166538,-0.5267697964621525,1.5982103009755066,-2.124980097437659,2.124980097437659,0.046391766872379454
14580.0,0.846058203359,0.0505914024126,6.789513758,54.0,0.9950862568406327,-0.14902805348163273,6.788025840610513,0.001487917389487059,-0.682657237070224,0.005827966343180756,-0.6884852034134047,0.6884852034134047,0.05979659816752941
19298.0,0.846514551804,0.0922666376603,6.652427121,54.0,0.9950862568406327,-0.14857170503663264,6.788025840610513,-0.13559871961051329,-0.6805668281752071,-0.5311214047581698,-0.14944542341703726,0.14944542341703726,0.10899592625273995
18334.0,0.846782184079,0.0930025442875,6.818861928,57.0,0.9780258640880195,-0.13124368000901954,6.73368545129693,0.0851764767030696,-0.6011918285501067,0.3336244625969047,-0.9348162911470114,0.9348162911470114,0.1098305397020769
15545.0,0.847200185025,0.0747888166489,7.069499123,54.0,0.9950862568406327,-0.14788607181563262,6.788025840610513,0.281473282389487,-0.6774261276872342,1.1024918640382688,-1.779917991725503,1.779917991725503,0.08827762076880691
14230.0,0.847204328131,0.0400603583713,6.165600353,76.0,0.8699767099881364,-0.02277238185713637,6.389529652310903,-0.22392929931090233,-0.1043141268836124,-0.8771000519631597,0.7727859250795472,0.7727859250795472,0.04728535613088325
17949.0,0.848176836748,0.0764361392058,6.330772614,80.0,0.8472295196513189,0.0009473170966811661,6.317075799892791,0.013696814107208688,0.004339403600473479,0.0536485238962992,-0.04930912029582572,0.04930912029582572,0.09011816391834546
19394.0,0.84894858086,0.119090784592,6.146753734,85.0,0.8187955317302971,0.030153049129702958,6.226508484370153,-0.079754750370153,0.13812296897954643,-0.3123883114413169,0.4505112804208633,0.4505112804208633,0.14028032707394233
20219.0,0.848954647657,0.158268900684,6.552692637,74.0,0.8813503051565452,-0.032395657499545205,6.425756578519958,0.12693605848004186,-0.14839575184036363,0.49719096085888054,-0.6455867126992442,0.6455867126992442,0.18642798071817002
19195.0,0.849013971335,0.0513205127804,6.556684323,52.0,1.0064598520090415,-0.15744588067404153,6.824252766819568,-0.26756844381956846,-0.7212170284588475,-1.0480285371322078,0.3268115086733603,0.3268115086733603,0.06044719464357341
15272.0,0.849105980449,0.0508259331965,6.384947416,70.0,0.9040974954933627,-0.054991515044362727,6.4982104309380695,-0.11326301493806934,-0.251901268556239,-0.44363554297446994,0.19173427441823093,0.19173427441823093,0.05985817361647092
20885.0,0.849272278666,0.0335864179802,6.200910094,80.0,0.8472295196513189,0.0020427590146810948,6.317075799892791,-0.11616570589279096,0.009357326975584217,-0.45500498143140244,0.46436230840698667,0.46436230840698667,0.03954729104422917
19824.0,0.849892596629,0.0509488843654,6.481511224,66.0,0.9268446858301802,-0.07695208920118024,6.57066428335618,-0.08915305935618001,-0.3524967237617012,-0.34920018610612,-0.0032965376555811887,0.0032965376555811887,0.05994743873223843
18497.0,0.849911292477,0.00373861947708,6.867968983,57.0,0.9780258640880195,-0.12811457161101947,6.73368545129693,0.13428353170306995,-0.5868582286434607,0.5259699958737153,-1.112828224517176,1.112828224517176,0.004398834925682756
18079.0,0.850590208851,0.0672664913742,6.378612773,69.0,0.909784293077567,-0.05919408422656702,6.516323894042596,-0.13771112104259586,-0.2711521022046409,-0.5393953886073055,0.2682432864026646,0.2682432864026646,0.07908213693767457
11592.0,0.851163771179,0.0619513808467,7.135833677,55.0,0.9893994592564282,-0.13823568807742825,6.769912377505985,0.36592129949401464,-0.6332203278698061,1.4332630512768334,-2.0664833791466393,2.0664833791466393,0.07278432534891291
14604.0,0.851310763753,0.037536762102,7.003235899,50.0,1.0178334471774502,-0.1665226834244502,6.860479693028624,0.14275620597137628,-0.7627954087856702,0.5591562875464308,-1.321951696332101,1.321951696332101,0.04409290202853696
10962.0,0.851755701779,0.102458597575,6.554404389,66.0,0.9268446858301802,-0.07508898405118025,6.57066428335618,-0.016259894356180027,-0.34396234258744096,-0.06368775425372236,-0.2802745883337186,0.2802745883337186,0.12029106158139266
13545.0,0.851770273549,0.00544243631316,6.528096108,81.0,0.8415427220671146,0.010227551481885477,6.298962336788264,0.2291337712117354,0.046849649267397264,0.8974852475972678,-0.8506355983298706,0.8506355983298706,0.006389558877751692
15618.0,0.851777568357,0.0612833001968,6.41833856,69.0,0.909784293077567,-0.058006724720567004,6.516323894042596,-0.09798533404259668,-0.265713129200307,-0.38379498281315283,0.11808185361284584,0.11808185361284584,0.07194753944390647
19838.0,0.852916601632,0.0613446908231,5.780033298,82.0,0.8358559244829101,0.017060677149089876,6.280848873683736,-0.5008155756837356,0.07815035124631893,-1.96162524871875,2.039775599965069,2.039775599965069,0.07192343390399596
12284.0,0.854148146223,0.0875681183965,6.683642599,54.0,0.9950862568406327,-0.14093811061763273,6.788025840610513,-0.10438324161051327,-0.6455993951768864,-0.4088547006684925,-0.23674469450839386,0.23674469450839386,0.10252099566535595
15351.0,0.854690736003,0.0517603457155,6.173996979,80.0,0.8472295196513189,0.007461216351681177,6.317075799892791,-0.14307882089279111,0.03417781565837604,-0.5604199255125558,0.5945977411709319,0.5945977411709319,0.060560321453300876
18607.0,0.855364131613,0.0544382700334,6.122472544,81.0,0.8415427220671146,0.0138214095458854,6.298962336788264,-0.1764897927882645,0.06331214179196816,-0.6912860751224502,0.7545982169144184,0.7545982169144184,0.06364338650808658
12129.0,0.856109306297,0.0219526716282,6.296778992,68.0,0.9154710906617713,-0.05936178436477135,6.534437357147125,-0.23765836514712468,-0.2719202912155574,-0.9308749014152519,0.6589546101996945,0.6589546101996945,0.02564237004168743
20362.0,0.856526309294,0.0560963692413,6.677643882,55.0,0.9893994592564282,-0.13287314996242827,6.769912377505985,-0.09226849550598537,-0.6086559900304152,-0.36140291802771785,-0.2472530720026973,0.2472530720026973,0.06549287352018174
18752.0,0.856608302612,0.0589136341335,6.740687202,61.0,0.955278673751202,-0.09867037113920196,6.661231598878818,0.07945560312118172,-0.45198230379411664,0.3112165930979613,-0.763198896892078,0.763198896892078,0.06877546476476878
13834.0,0.856749660546,0.0882139124978,6.814746317,55.0,0.9893994592564282,-0.13264979871042826,6.769912377505985,0.04483393949401471,-0.607632878307324,0.17560833165166304,-0.783241209958987,0.783241209958987,0.10296346361150811
13751.0,0.857142615816,0.113329783228,6.206047724,71.0,0.8984106979091583,-0.04126808209315824,6.480096967833541,-0.2740492438335407,-0.18903793106560773,-1.0734129332184288,0.884375002152821,0.884375002152821,0.13221811765841324
13273.0,0.857187418162,0.0718818654994,6.70042193,66.0,0.9268446858301802,-0.06965726766818026,6.57066428335618,0.12975764664381995,-0.31908111779827836,0.5082427309161448,-0.8273238487144232,0.8273238487144232,0.0838578168278889
13833.0,0.857527613149,0.0673199105355,6.378733977,81.0,0.8415427220671146,0.01598489108188539,6.298962336788264,0.0797716402117361,0.07322246601156365,0.31245446661161297,-0.23923200060004932,0.23923200060004932,0.07850465629705945
14435.0,0.85809975854,0.0512374408609,6.135041071,79.0,0.8529163172355232,0.005183441304476788,6.33518926299732,-0.2001481919973198,0.023743943752616438,-0.7839527482174137,0.8076966919700301,0.8076966919700301,0.05971035459569074
12716.0,0.858220891065,0.0627570552235,6.26442123,61.0,0.955278673751202,-0.09705778268620202,6.661231598878818,-0.3968103688788185,-0.444595471904831,-1.5542512580272576,1.1096557861224265,1.1096557861224265,0.0731245951675941
15160.0,0.858416487572,0.0720155778668,6.707095587,71.0,0.8984106979091583,-0.03999421033715833,6.480096967833541,0.22699861916645947,-0.18320266882459704,0.8891221527471354,-1.0723248215717325,1.0723248215717325,0.08389351661976283
11549.0,0.859234517446,0.021570089831,6.06508074,82.0,0.8358559244829101,0.02337859296308986,6.280848873683736,-0.21576813368373582,0.10709101612696885,-0.8451338964949137,0.9522249126218825,0.9522249126218825,0.02510384463500747
14852.0,0.860747371926,0.0416075912712,6.516758405,67.0,0.9211578882459758,-0.06041051631997574,6.5525508202516525,-0.03579241525165244,-0.27672424887481323,-0.14019393341433506,-0.13653031546047817,0.13653031546047817,0.04833891177396134
19920.0,0.86080368577,0.0942102719915,6.21235155,83.0,0.8301691268987057,0.030634558871294293,6.262735410579208,-0.05038386057920796,0.14032863497422207,-0.19734660389738629,0.33767523887160833,0.33767523887160833,0.10944454995824943
13288.0,0.861068262385,0.0631087132773,6.581607718,77.0,0.864289912403932,-0.003221650018932043,6.371416189206375,0.2101915287936249,-0.014757508062080664,0.8232911074809431,-0.8380486155430238,0.8380486155430238,0.07329118495495412
16026.0,0.861342592496,0.0648853688917,6.504351278,68.0,0.9154710906617713,-0.054128498165771366,6.534437357147125,-0.030086079147125133,-0.24794802147208006,-0.11784300520082244,-0.13010501627125762,0.13010501627125762,0.07533050084482074
15640.0,0.862083519165,0.0745669690464,6.5128922,70.0,0.9040974954933627,-0.04201397632836268,6.4982104309380695,0.014681769061930083,-0.19245467097366825,0.05750645604106989,-0.24996112701473813,0.24996112701473813,0.08649622384455784
15778.0,0.862315790205,0.1690936593,7.180529511,63.0,0.9439050785827933,-0.08158928837779322,6.625004672669763,0.5555248383302365,-0.373738479952532,2.1759138534604157,-2.5496523334129475,2.5496523334129475,0.19609250024263272
18557.0,0.862702253731,0.0922052842261,6.259370412,74.0,0.8813503051565452,-0.018648051425545265,6.425756578519958,-0.16638616651995797,-0.08542168380717088,-0.6517115703469756,0.5662898865398047,0.5662898865398047,0.10687961440616639
14563.0,0.863404705341,0.0464957429558,6.447078753,67.0,0.9211578882459758,-0.057753182904975775,6.5525508202516525,-0.10547206725165204,-0.2645517226646267,-0.41311947990622727,0.1485677572416006,0.1485677572416006,0.053851620993235844
13049.0,0.864599094082,0.0825895843607,6.235785893,77.0,0.864289912403932,0.00030918167806792685,6.371416189206375,-0.1356302962063749,0.0014162777086033642,-0.5312450859109099,0.5326613636195133,0.5326613636195133,0.0955235610654793
16785.0,0.864618862884,0.0405702304082,6.157645385,79.0,0.8529163172355232,0.011702545648476836,6.33518926299732,-0.1775438779973193,0.05360619891651453,-0.6954147808991424,0.749020979815657,0.749020979815657,0.04692267558548862
19380.0,0.864856703839,0.0476620889348,6.423954586,85.0,0.8187955317302971,0.046061172108702975,6.226508484370153,0.197446101629847,0.21099378105893746,0.7733690344782433,-0.5623752534193058,0.5623752534193058,0.055109810357292066
17349.0,0.864987387301,0.0389177664112,6.416473844,65.0,0.9325314834143845,-0.06754409611338452,6.588777746460708,-0.17230390246070737,-0.30940125000593655,-0.67489052244082,0.3654892724348835,0.3654892724348835,0.04499229350919694
17955.0,0.865292355108,0.0779345379045,7.064308823,59.0,0.9666522689196108,-0.1013599138116108,6.697458525087875,0.36685029791212553,-0.4643023719077042,1.4369018094174886,-1.9012041813251928,1.9012041813251928,0.0900672904879331
12240.0,0.865370535499,0.0284250770919,6.468419799,83.0,0.8301691268987057,0.035201408600294304,6.262735410579208,0.20568438842079217,0.16124813935799423,0.8056372628639945,-0.6443891235060003,0.6443891235060003,0.03284729017900893
12443.0,0.865490773987,0.0775108349963,6.571014666,69.0,0.909784293077567,-0.044293519090567,6.516323894042596,0.05469077195740368,-0.20289664030410454,0.21421617927336867,-0.4171128195774732,0.4171128195774732,0.08955708983382443
17503.0,0.865744563269,0.0862976537132,6.737042742,54.0,0.9950862568406327,-0.12934169357163272,6.788025840610513,-0.05098309861051309,-0.5924793427062817,-0.19969373627360248,-0.3927856064326792,0.3927856064326792,0.09968027218946106
18842.0,0.866488922163,0.101993381461,6.300368243,84.0,0.8244823293145014,0.042006592848498614,6.2446219474746805,0.055746295525319844,0.19242084924785077,0.21835051890251309,-0.025929669654662313,0.025929669654662313,0.11770881179461111
19068.0,0.867147617329,0.0147657065762,6.137185139,85.0,0.8187955317302971,0.048352085598702965,6.226508484370153,-0.08932334537015318,0.22148783662038277,-0.3498671728388258,0.5713550094592086,0.5713550094592086,0.01702790422429059
17987.0,0.867299655147,0.019766870615,6.436995388,61.0,0.955278673751202,-0.08797901860420199,6.661231598878818,-0.22423621087881873,-0.40300810724805264,-0.8783021820684919,0.4752940748204392,0.4752940748204392,0.022791281534234764
15642.0,0.867450377863,0.048653009049,6.689238194,66.0,0.9268446858301802,-0.05939430796718015,6.57066428335618,0.1185739106438195,-0.27206927304844897,0.4644375859131074,-0.7365068589615564,0.7365068589615564,0.05608736855802485
17373.0,0.868854949179,0.0408691023839,6.074075216,64.0,0.9382182809985888,-0.06936333181958887,6.6068912095652355,-0.5328159935652357,-0.31773467711420933,-2.08696645361279,1.7692317764985805,1.7692317764985805,0.047037888686158845
11639.0,0.869495263504,0.0360980302904,6.874644419,52.0,1.0064598520090415,-0.13696458850504156,6.824252766819568,0.050391652180431734,-0.6273977642527245,0.19737712252026982,-0.8247748867729944,0.8247748867729944,0.04151607467639062
18885.0,0.869609153178,0.0359955554712,6.646030001,71.0,0.8984106979091583,-0.028801544731158257,6.480096967833541,0.1659330331664588,-0.1319320925838315,0.6499367097587301,-0.7818688023425616,0.7818688023425616,0.04139279737299647
14917.0,0.870165961908,0.0638582917009,6.653473648,61.0,0.955278673751202,-0.08511271184320202,6.661231598878818,-0.007757950878818143,-0.389878330616426,-0.03038681914282106,-0.359491511473605,0.359491511473605,0.07338633605120438
16226.0,0.870421682479,0.0797307461004,6.920814029,50.0,1.0178334471774502,-0.1474117646984502,6.860479693028624,0.06033433597137616,-0.6752534549684134,0.23632123790189663,-0.91157469287031,0.91157469287031,0.09160013784735148
14646.0,0.870664324788,0.0537636490038,5.999965596,85.0,0.8187955317302971,0.05186879305770298,6.226508484370153,-0.2265428883701528,0.23759692307396835,-0.8873371183351497,1.124934041409118,1.124934041409118,0.06175014580606714
18606.0,0.870746832002,0.0653537492459,6.74264665,61.0,0.955278673751202,-0.08453184174920203,6.661231598878818,0.08141505112118175,-0.38721752170023344,0.31889147953715385,-0.7061090012373873,0.7061090012373873,0.07505482287617429
11835.0,0.872582688333,0.0616241210368,6.557768295,66.0,0.9268446858301802,-0.05426199749718019,6.57066428335618,-0.012895988356180332,-0.24855954583008627,-0.050511800341132826,-0.19804774548895343,0.19804774548895343,0.0706226720524653
12372.0,0.873093033012,0.0605566542107,6.870560961,53.0,1.000773054424837,-0.12768002141283696,6.806139303715041,0.06442165728495919,-0.5848676716259784,0.25233070940725966,-0.8371983810332381,0.8371983810332381,0.0693587646688594
20807.0,0.873732342494,0.0535426497634,6.640868818,66.0,0.9268446858301802,-0.0531123433361802,6.57066428335618,0.07020453464382026,-0.24329329082105022,0.2749814391132972,-0.5182747299343474,0.5182747299343474,0.06128037976775214
11403.0,0.873992561771,0.0379314561061,6.475094629,64.0,0.9382182809985888,-0.0642257192275888,6.6068912095652355,-0.13179658056523547,-0.2942006623079016,-0.5162289527009951,0.22202829039309352,0.22202829039309352,0.043400204721694924
14402.0,0.87401575557,0.0330249013702,6.268792097,74.0,0.8813503051565452,-0.007334549586545225,6.425756578519958,-0.15696448151995757,-0.0335975894399145,-0.6148081350729362,0.5812105456330217,0.5812105456330217,0.037785247187749386
15723.0,0.874045812103,0.0468549373748,6.774795725,64.0,0.9382182809985888,-0.06417246889558881,6.6068912095652355,0.16790451543476426,-0.2939567369283041,0.6576587327601702,-0.9516154696884742,0.9516154696884742,0.05360695826922912
20682.0,0.874130292075,0.0942277092138,6.433511917,65.0,0.9325314834143845,-0.058401191339384484,6.588777746460708,-0.1552658294607081,-0.26752007417360063,-0.608154750214323,0.34063467604072234,0.34063467604072234,0.10779595452540992
17567.0,0.874178565313,0.0579252642087,6.684891595,54.0,0.9950862568406327,-0.1209076915276327,6.788025840610513,-0.1031342456105131,-0.5538454586938915,-0.4039625563181413,-0.14988290237575014,0.14988290237575014,0.06626250803571217
15989.0,0.875439368506,0.0627543051878,6.604376301,64.0,0.9382182809985888,-0.06277891249258882,6.6068912095652355,-0.0025149085652351744,-0.28757323166504345,-0.0098505485438411,-0.27772268312120235,0.27772268312120235,0.07168321124842113
19947.0,0.875510699558,0.0450136828627,6.714127496,66.0,0.9268446858301802,-0.05133398627218022,6.57066428335618,0.14346321264381956,-0.23514711772496155,0.561925534764399,-0.7970726524893605,0.7970726524893605,0.051414200746404445
19199.0,0.875870500791,0.070280552043,7.125663382,55.0,0.9893994592564282,-0.11352895846542821,6.769912377505985,0.35575100449401464,-0.5200454766928916,1.3934274143127052,-1.913472891005597,1.913472891005597,0.0802408026980353
14829.0,0.876127299044,0.0469675399783,6.245147626,85.0,0.8187955317302971,0.05733176731370293,6.226508484370153,0.01863914162984681,0.2626213317316733,0.07300693630711229,0.189614395424561,0.189614395424561,0.053608122962895195
20200.0,0.876469399199,0.0269286584757,6.279650634,70.0,0.9040974954933627,-0.027628096294362692,6.4982104309380695,-0.21855979693806926,-0.12655684242795423,-0.8560684548263803,0.729511612398426,0.729511612398426,0.030724014438279233
12217.0,0.876568873691,0.0362369362647,6.644397317,84.0,0.8244823293145014,0.05208654437649862,6.2446219474746805,0.39977536952531967,0.2385943830164734,1.5658647549172127,-1.3272703719007393,1.3272703719007393,0.04133951974830664
16430.0,0.876609852795,0.0422544900962,6.710299581,66.0,0.9268446858301802,-0.05023483303518017,6.57066428335618,0.13963529764382,-0.23011219380052256,0.5469321218624603,-0.7770443156629829,0.7770443156629829,0.04820216195548676
13935.0,0.876772352171,0.0579889625857,6.744815117,63.0,0.9439050785827933,-0.06713272641179324,6.625004672669763,0.1198104443302368,-0.30751687657863874,0.469280917107142,-0.7767977936857807,0.7767977936857807,0.06613913228686094
20113.0,0.877273790579,0.183372271309,7.093148893,62.0,0.9495918761669977,-0.07231808558799768,6.643118135774291,0.4500307572257096,-0.3312696055833206,1.7627081483413207,-2.093977753924641,2.093977753924641,0.20902513363356545
13306.0,0.877894971262,0.118537419117,6.531394955,62.0,0.9495918761669977,-0.0716969049049977,6.643118135774291,-0.11172318077429111,-0.3284241447531526,-0.4376042258166853,0.10918008106353266,0.10918008106353266,0.1350246020279612
16676.0,0.878147458856,0.0736102043985,6.42915149,82.0,0.8358559244829101,0.042291534373089856,6.280848873683736,0.14830261631626396,0.19372608936445748,0.5808808087086025,-0.387154719344145,0.387154719344145,0.0838244233996818
15649.0,0.878148813266,0.145316803113,6.366055786,74.0,0.8813503051565452,-0.003201491890545194,6.425756578519958,-0.059700792519957524,-0.014665169123823181,-0.23383973594627847,0.21917456682245529,0.21917456682245529,0.16548083982775033
15183.0,0.879115368866,0.060226786379,6.770017792,60.0,0.9609654713354063,-0.08185010246940638,6.679345061983346,0.09067273001665388,-0.37493319881928255,0.3551525256140373,-0.7300857244333199,0.7300857244333199,0.06850839891092853
10846.0,0.879456652959,0.061079032575,6.553916533,62.0,0.9495918761669977,-0.0701352232079977,6.643118135774291,-0.08920160277429101,-0.321270502955177,-0.3493903239517644,0.028119820996587386,0.028119820996587386,0.06945087329716008
19916.0,0.879584580002,0.052545058441,6.138206791,63.0,0.9439050785827933,-0.06432049858079325,6.625004672669763,-0.4867978816697631,-0.2946348209101129,-1.9067198826684204,1.6120850617583076,1.6120850617583076,0.05973849432521944
10886.0,0.879626408285,0.0473319404309,6.579789658,68.0,0.9154710906617713,-0.0358446823767713,6.534437357147125,0.04535230085287534,-0.16419480267855913,0.17763868130305507,-0.3418334839816142,0.3418334839816142,0.053809139863345706
20924.0,0.879815974346,0.0635560508197,6.805385423,72.0,0.8927239003249539,-0.01290792597895385,6.461983504729013,0.34340191827098643,-0.05912772044751706,1.3450577538830653,-1.4041854743305824,1.4041854743305824,0.07223789141467178
18489.0,0.880011383051,0.107492854041,6.113440307,71.0,0.8984106979091583,-0.018399314858158267,6.480096967833541,-0.36665666083354065,-0.08428228881486047,-1.4361433597987407,1.3518610709838803,1.3518610709838803,0.12214939046393036
10537.0,0.880019450834,0.0645849609088,6.728482683,75.0,0.8756635075723407,0.004355943261659334,6.40764311541543,0.3208395675845699,0.019953398855910777,1.256684151052328,-1.236730752196417,1.236730752196417,0.07339037886900389
11078.0,0.880445528185,0.0573889517223,6.191603951,85.0,0.8187955317302971,0.06164999645470293,6.226508484370153,-0.034904533370152535,0.28240197239336257,-0.13671622305308623,0.4191181954464488,0.4191181954464488,0.06518171753408165
19376.0,0.880860374708,0.0648604344908,6.626857878,61.0,0.955278673751202,-0.07441829904320196,6.661231598878818,-0.0343737208788184,-0.3408901158234558,-0.1346371040402345,-0.2062530117832213,0.2062530117832213,0.07363304827090315
11359.0,0.880997513546,0.0618483872434,6.695070938,64.0,0.9382182809985888,-0.05722076745258886,6.6068912095652355,0.08817972843476429,-0.2621128713664398,0.345387783689919,-0.6075006550563589,0.6075006550563589,0.07020268081627301
12945.0,0.881139445261,0.0444533763042,6.655156626,62.0,0.9495918761669977,-0.06845243090599773,6.643118135774291,0.012038490225709353,-0.31356208620672954,0.04715309892461931,-0.36071518513134887,0.36071518513134887,0.050449876626545286
20013.0,0.881223686391,0.0797815011256,6.811704156,61.0,0.955278673751202,-0.074054987360202,6.661231598878818,0.1504725571211818,-0.33922588319129127,0.5893801663121288,-0.9286060495034201,0.9286060495034201,0.0905349031780347
13539.0,0.881550788113,0.0801714285304,6.569232035,62.0,0.9495918761669977,-0.06804108805399767,6.643118135774291,-0.07388610077429103,-0.3116778357701528,-0.2894016237621066,-0.022276212008046192,0.022276212008046192,0.09094362980720672
17488.0,0.881638419755,0.0347169151604,6.364141677,82.0,0.8358559244829101,0.045782495272089885,6.280848873683736,0.08329280331626432,0.2097172377848806,0.32624637482307267,-0.11652913703819207,0.11652913703819207,0.03937772490682466
10146.0,0.88177550958,0.0350973572559,6.262967482,70.0,0.9040974954933627,-0.022321985913362763,6.4982104309380695,-0.23524294893806985,-0.10225098478800675,-0.9214140506512201,0.8191630658632133,0.8191630658632133,0.039803052902452785
18561.0,0.88190354695,0.0350365721854,6.760403437,50.0,1.0178334471774502,-0.13592990022745022,6.860479693028624,-0.10007625602862369,-0.6226581368852067,-0.39198483464691825,-0.2306733022382884,0.2306733022382884,0.039728349326376415
12981.0,0.88202985726,0.109227544092,6.609414325,56.0,0.9837126616722238,-0.10168280441222377,6.751798914401458,-0.14238458940145726,-0.4657814464855491,-0.5577007169096746,0.09191927042412551,0.09191927042412551,0.12383656085216001
16476.0,0.882202164758,0.0846249258821,6.649731015,65.0,0.9325314834143845,-0.05032931865638457,6.588777746460708,0.060953268539292615,-0.23054500689582483,0.23874551105039382,-0.4692905179462187,0.4692905179462187,0.09592464093002284
12376.0,0.882438327027,0.0412949393391,6.559912775,61.0,0.955278673751202,-0.07284034672420203,6.661231598878818,-0.10131882387881852,-0.3336619427033539,-0.3968518008247585,0.0631898581214046,0.0631898581214046,0.046796402733577665
16845.0,0.882515290707,0.0630414528631,6.812713354,60.0,0.9609654713354063,-0.07845018062840636,6.679345061983346,0.13336829201665434,-0.3593590757195815,0.5223851287795735,-0.881744204499155,0.881744204499155,0.07143383636174314
14347.0,0.882527927734,0.0440605876627,6.678106909,62.0,0.9495918761669977,-0.06706394843299768,6.643118135774291,0.03498877322570948,-0.30720182324553164,0.13704617890037257,-0.4442480021459042,0.4442480021459042,0.04992543156773636
13556.0,0.88268752489,0.051165201248,6.601731901,72.0,0.8927239003249539,-0.010036375434953837,6.461983504729013,0.13974839627098667,-0.04597392346313823,0.5473751135213014,-0.5933490369844396,0.5933490369844396,0.05796524795609429
13146.0,0.882778369865,0.0400067561656,6.50241446,65.0,0.9325314834143845,-0.0497531135493845,6.588777746460708,-0.08636328646070801,-0.22790556702433176,-0.3382730320485055,0.11036746502417374,0.11036746502417374,0.045319139583945726
14850.0,0.882951431906,0.0459872572343,6.557337171,50.0,1.0178334471774502,-0.13488201527145016,6.860479693028624,-0.30314252202862324,-0.6178580591003981,-1.187367274589617,0.569509215489219,0.569509215489219,0.05208356379810011
10489.0,0.883213414233,0.0302164602407,6.569262264,82.0,0.8358559244829101,0.04735748975008991,6.280848873683736,0.288413390316264,0.21693186183474025,1.1296753056063804,-0.9127434437716402,0.9127434437716402,0.03421195800897178
19398.0,0.883360401205,0.0451727299123,6.838777888,69.0,0.909784293077567,-0.026423891872566996,6.516323894042596,0.3224539939574038,-0.12104070741682284,1.2630076355622193,-1.3840483429790422,1.3840483429790422,0.05113737252731667
11586.0,0.883445002683,0.127096512546,6.537490908,68.0,0.9154710906617713,-0.03202608797877138,6.534437357147125,0.0030535508528748423,-0.14670285374458383,0.011960335784421754,-0.1586631895290056,0.1586631895290056,0.14386465729050604
19320.0,0.883714833756,0.0295588548268,6.39509411,75.0,0.8756635075723407,0.008051326183659335,6.40764311541543,-0.012549005415430692,0.03688094931713937,-0.04915271621816017,0.08603366553529954,0.08603366553529954,0.03344840857900707
14770.0,0.883936297084,0.0659611579259,6.915548794,57.0,0.9780258640880195,-0.09408956700401949,6.73368545129693,0.18186334270307025,-0.4309988780469037,0.7123335259205661,-1.1433324039674697,1.1433324039674697,0.07462207191117501
19560.0,0.883996244404,0.0410987298241,6.715691905,60.0,0.9609654713354063,-0.07696922693140629,6.679345061983346,0.03634684301665381,-0.3525752270722689,0.14236555018350716,-0.49494077725577607,0.49494077725577607,0.04649197333616413
11232.0,0.884099801874,0.0595222332279,6.564423853,57.0,0.9780258640880195,-0.09392606221401956,6.73368545129693,-0.16926159829692988,-0.43024990679228775,-0.6629742383799648,0.23272433158767708,0.23272433158767708,0.06732524212960177
20698.0,0.884118314415,0.00729785208988,6.633267049,76.0,0.8699767099881364,0.01414160442686363,6.389529652310903,0.243737396689097,0.06477886800670442,0.9546856260402006,-0.8899067580334962,0.8899067580334962,0.008254384024053178
19417.0,0.884514847466,0.0569005591013,6.465435294,68.0,0.9154710906617713,-0.030956243195771393,6.534437357147125,-0.06900206314712509,-0.14180218392709357,-0.27027152479890804,0.12846934087181447,0.12846934087181447,0.06432968227080803
15407.0,0.884633453467,0.0690747324996,6.703505581,50.0,1.0178334471774502,-0.13319999371045022,6.860479693028624,-0.15697411202862366,-0.6101531729081734,-0.614845856441589,0.004692683533415565,0.004692683533415565,0.07808288532260073
17599.0,0.884718768387,0.0505137825952,6.172498675,82.0,0.8358559244829101,0.0488628439040899,6.280848873683736,-0.10835019868373585,0.22382748238116626,-0.42439272211439694,0.6482202044955632,0.6482202044955632,0.057095864132390484
10915.0,0.885113040791,0.0479232784255,6.412525658,81.0,0.8415427220671146,0.04357031872388539,6.298962336788264,0.11356332121173551,0.19958385487456198,0.4448118010570345,-0.2452279461824725,0.2452279461824725,0.05414368133438906
13044.0,0.885828433979,0.0683692385208,6.572762526,85.0,0.8187955317302971,0.06703290224870295,6.226508484370153,0.3462540416298472,0.3070596090657375,1.3562291260704489,-1.0491695170047115,1.0491695170047115,0.07718112887130557
12983.0,0.886008709105,0.0368220021397,6.841277533,51.0,1.0121466495932459,-0.1261379404882459,6.842366229924096,-0.0010886969240955224,-0.577803815669155,-0.004264275070903258,-0.5735395405982517,0.5735395405982517,0.04155941331197035
10917.0,0.886183050546,0.0474517530255,6.292272787,73.0,0.8870371027407495,-0.0008540521947495439,6.443870041624486,-0.1515972546244857,-0.003912182290251416,-0.5937854506658349,0.5898732683755835,0.5898732683755835,0.05354622049729315
12764.0,0.88659479899,0.0552213657973,6.458411294,85.0,0.8187955317302971,0.06779926725970298,6.226508484370153,0.23190280962984744,0.3105701200653396,0.9083311875787171,-0.5977610675133775,0.5977610675133775,0.062284784278238074
17695.0,0.886859723932,0.0628995004235,6.366837748,64.0,0.9382182809985888,-0.05135855706658887,6.6068912095652355,-0.24005346156523544,-0.23525966989370942,-0.9402561623723769,0.7049964924786675,0.7049964924786675,0.07092384367690918
17559.0,0.887178747659,0.104531115112,6.110049584,85.0,0.8187955317302971,0.06838321592870289,6.226508484370153,-0.11645890037015239,0.3132450311015993,-0.4561533835928006,0.7693984146944,0.7693984146944,0.11782418750204109
13366.0,0.887297472001,0.035334785208,6.613985456,70.0,0.9040974954933627,-0.01680002349236276,6.4982104309380695,0.11577502506193049,-0.07695636728842262,0.45347473872487315,-0.5304311060132958,0.5304311060132958,0.039822930102927395
16918.0,0.887540107402,0.0537355741494,6.789096584,65.0,0.9325314834143845,-0.044991376012384565,6.588777746460708,0.20031883753929236,-0.20609333426197754,0.7846211431714996,-0.9907144774334771,0.9907144774334771,0.060544389714053966
12993.0,0.887564472478,0.0645368520189,6.5587667,68.0,0.9154710906617713,-0.02790661818377138,6.534437357147125,0.024329342852874802,-0.12783267593074335,0.09529466642441765,-0.22312734235516102,0.22312734235516102,0.07271229755143187
20118.0,0.887756272267,0.0460198599188,6.683735209,53.0,1.000773054424837,-0.11301678215783695,6.806139303715041,-0.12240409471504066,-0.5176993354472357,-0.4794398864527625,-0.0382594489944732,0.0382594489944732,0.05183839456440263
13169.0,0.888039720685,0.0644401806054,6.605396677,68.0,0.9154710906617713,-0.027431369976771314,6.534437357147125,0.07095931985287507,-0.12565569233380447,0.27793782824200985,-0.4035935205758143,0.4035935205758143,0.07256452510445512
18569.0,0.888194866651,0.0298760219665,7.133684667,52.0,1.0064598520090415,-0.11826498535804153,6.824252766819568,0.30943190018043154,-0.5417399359418018,1.2120018977530114,-1.7537418336948132,1.7537418336948132,0.03363678747564665
20286.0,0.888579213099,0.0652777030455,6.659981104,57.0,0.9780258640880195,-0.0894466509890195,6.73368545129693,-0.0737043472969301,-0.4097309345644396,-0.2886897205635152,-0.12104121400092438,0.12104121400092438,0.0734630093560687
17275.0,0.888788500863,0.0389290770208,6.926099323,59.0,0.9666522689196108,-0.07786376805661077,6.697458525087875,0.22864079791212522,-0.3566728782105027,0.8955543394578008,-1.2522272176683036,1.2522272176683036,0.04380015828625197
20513.0,0.889447902598,0.0567848451462,6.562078997,53.0,1.000773054424837,-0.111325151826837,6.806139303715041,-0.2440603067150402,-0.5099504340764818,-0.9559504198898923,0.4459999858134105,0.4459999858134105,0.06384280066357613
10442.0,0.890141079012,0.0891295284312,6.407580365,80.0,0.8472295196513189,0.04291155936068114,6.317075799892791,0.09050456510720917,0.19656625626629337,0.3544938469540038,-0.15792759068771045,0.15792759068771045,0.10012966543475121
11893.0,0.890153164013,0.0458330633834,6.455067247,70.0,0.9040974954933627,-0.01394433148036267,6.4982104309380695,-0.04314318393806982,-0.06387521395325035,-0.16898587630285528,0.10511066234960492,0.10511066234960492,0.051488963064260526
11662.0,0.890628564011,0.012053533411,6.910784721,51.0,1.0121466495932459,-0.12151808558224586,6.842366229924096,0.06841849107590381,-0.5566415088945852,0.2679857538186587,-0.8246272627132438,0.8246272627132438,0.013533737742158389
15882.0,0.891202467219,0.0588686084967,6.150292842,68.0,0.9154710906617713,-0.024268623442771364,6.534437357147125,-0.384144515147125,-0.11116800521709706,-1.504640863137386,1.3934728579202889,1.3934728579202889,0.06605525754478629
17733.0,0.891260110866,0.118087289871,6.400992497,63.0,0.9439050785827933,-0.05264496771679328,6.625004672669763,-0.22401217566976328,-0.24115236942034238,-0.8774246671827274,0.636272297762385,0.636272297762385,0.13249475482108086
16790.0,0.892204403791,0.0752425511512,6.397290242,70.0,0.9040974954933627,-0.011893091702362746,6.4982104309380695,-0.10092018893806909,-0.05447903889289133,-0.395290402971411,0.34081136407851964,0.34081136407851964,0.08433331065335749
19502.0,0.892440131562,0.0667288230565,6.564724533,63.0,0.9439050785827933,-0.051464947020793295,6.625004672669763,-0.06028013966976342,-0.23574701352125113,-0.23610895849448085,0.00036194497322972197,0.00036194497322972197,0.0747712039122528
16969.0,0.89251387709,0.156248729948,6.367480512,65.0,0.9325314834143845,-0.04001760632438456,6.588777746460708,-0.2212972344607076,-0.1833098395191425,-0.8667906184768744,0.683480778957732,0.683480778957732,0.17506588296132908
13929.0,0.894713663152,0.0598879121703,6.329551988,78.0,0.8586031148197276,0.03611054833227234,6.353302726101847,-0.023750738101846913,0.1654126627684767,-0.09302835174940906,0.25844101451788576,0.25844101451788576,0.06693528291422307
15904.0,0.89479980428,0.0619440479181,6.716227898,78.0,0.8586031148197276,0.036196689460272435,6.353302726101847,0.3629251718981523,0.16580725199557078,1.421527634437206,-1.2557203824416354,1.2557203824416354,0.069226711518945
14105.0,0.895429645525,0.0435692156788,7.064151134,52.0,1.0064598520090415,-0.1110302064840415,6.824252766819568,0.239898367180432,-0.5085993691722869,0.9396486791471406,-1.4482480483194276,1.4482480483194276,0.04865732991591416
11278.0,0.896180557907,0.0679186603876,6.61383996,51.0,1.0121466495932459,-0.11596609168624583,6.842366229924096,-0.22852626992409597,-0.5312093253242532,-0.8951057491904226,0.3638964238661694,0.3638964238661694,0.07578680410811608
12205.0,0.896604824675,0.0437168892723,6.751050595,52.0,1.0064598520090415,-0.10985502733404151,6.824252766819568,-0.07320217181956856,-0.5032161910869581,-0.28672276876826625,-0.2164934223186919,0.2164934223186919,0.04875825789599831
18110.0,0.89800463364,0.0744318689472,6.345860741,65.0,0.9325314834143845,-0.03452684977438447,6.588777746460708,-0.2429170054607077,-0.15815816768099253,-0.9514722672199627,0.7933140995389701,0.7933140995389701,0.08288584062812185
14837.0,0.899373063628,0.0686178818844,6.361351799,85.0,0.8187955317302971,0.08057753189770289,6.226508484370153,0.13484331462984755,0.3691038969518791,0.5281625880698935,-0.15905869111801435,0.15905869111801435,0.07629523793785961
12265.0,0.899974143816,0.0609636833453,6.173982769,84.0,0.8244823293145014,0.07549181450149867,6.2446219474746805,-0.07063917847468026,0.3458076000124533,-0.27668387880210044,0.6224914788145537,0.6224914788145537,0.06773937202996361
19890.0,0.901128318362,0.0182853298744,6.574518217,77.0,0.864289912403932,0.03683840595806798,6.371416189206375,0.20310202779362463,0.168746781843362,0.7955225139354429,-0.6267757320920809,0.6267757320920809,0.020291593884917112
14633.0,0.901854402021,0.0455932511912,6.859542206,56.0,0.9837126616722238,-0.08185825965122384,6.751798914401458,0.10774329159854279,-0.3749705646646499,0.4220155511162393,-0.7969861157808892,0.7969861157808892,0.050555002103475175
16587.0,0.902117501102,0.0483560131582,6.839562625,61.0,0.955278673751202,-0.05316117264920206,6.661231598878818,0.17833102612118168,-0.24351696470752188,0.6984979310830041,-0.9420148957905259,0.9420148957905259,0.05360278799505577
14844.0,0.90297982145,0.0584973954497,6.678497287,51.0,1.0121466495932459,-0.10916682814324585,6.842366229924096,-0.16386894292409604,-0.5000637365848235,-0.6418519541487933,0.14178821756396975,0.14178821756396975,0.06478261646618548
14572.0,0.9032705646,0.0668177791258,6.403318151,85.0,0.8187955317302971,0.08447503286970293,6.226508484370153,0.17680966662984687,0.3869572955762661,0.6925389766585017,-0.3055816810822356,0.3055816810822356,0.07397316124807994
13075.0,0.903604251515,0.112053204461,6.583641746,65.0,0.9325314834143845,-0.02892723189938451,6.588777746460708,-0.005136000460708168,-0.132507831533593,-0.020117002486197768,-0.11239082904739522,0.11239082904739522,0.12400694692740707
15215.0,0.903738084088,0.0588189092781,6.413972268,56.0,0.9837126616722238,-0.07997457758422377,6.751798914401458,-0.33782664640145743,-0.36634192619467565,-1.3232201861260953,0.9568782599314196,0.9568782599314196,0.06508402192373759
14166.0,0.903743504319,0.109039706032,6.520853336,77.0,0.864289912403932,0.03945359191506792,6.371416189206375,0.14943714679362508,0.18072624193911144,0.5853246074598576,-0.40459836552074613,0.40459836552074613,0.12065337732542261
13225.0,0.904063496694,0.0868239939687,6.787974458,68.0,0.9154710906617713,-0.011407593967771357,6.534437357147125,0.25353710085287506,-0.05225510498006694,0.9930697100244033,-1.0453248150044703,1.0453248150044703,0.09603749547039556
10207.0,0.904521995177,0.0615025709568,6.546727313,66.0,0.9268446858301802,-0.022322690653180155,6.57066428335618,-0.023936970356180254,-0.10225421301064909,-0.09375779769710615,-0.008496415313542935,0.008496415313542935,0.06799455544999208
11052.0,0.905669831022,0.0421513115581,6.710335977,56.0,0.9837126616722238,-0.07804283065022377,6.751798914401458,-0.0414629374014579,-0.35749311555885904,-0.1624045833273117,-0.19508853223154735,0.19508853223154735,0.046541587358093287
13141.0,0.906231367168,0.0561560781727,6.922417642,54.0,0.9950862568406327,-0.08885488967263266,6.788025840610513,0.13439180138948714,-0.407020235901926,0.5263940732404323,-0.9334143091423583,0.9334143091423583,0.06196660169487337
10106.0,0.906583635528,0.0712034604798,6.492267526,70.0,0.9040974954933627,0.0024861400346373186,6.4982104309380695,-0.005942904938069482,0.011388335601017265,-0.023277535570527648,0.03466587117154491,0.03466587117154491,0.07854042108131662
11552.0,0.908112512216,0.0483769637727,6.983742799,61.0,0.955278673751202,-0.047166161535202034,6.661231598878818,0.3225112001211814,-0.21605543899019822,1.2632317041828793,-1.4792871431730776,1.4792871431730776,0.05327199341703735
20226.0,0.908762359576,0.0538587693105,6.58923015,64.0,0.9382182809985888,-0.029455921422588793,6.6068912095652355,-0.01766105956523578,-0.13492961535715406,-0.06917592432103227,-0.06575369103612179,0.06575369103612179,0.05926606526224173
18631.0,0.910052510037,0.057345867506,7.007258727,77.0,0.864289912403932,0.045762597633068,6.371416189206375,0.635842537793625,0.20962609207800487,2.4905071585334233,-2.2808810664554184,2.2808810664554184,0.06301380071317916
15146.0,0.91035442053,0.0477582295471,6.615252277,64.0,0.9382182809985888,-0.027863860468588797,6.6068912095652355,0.00836106743476428,-0.1276368143930794,0.03274914316289378,-0.16038595755597318,0.16038595755597318,0.05246113872803034
11838.0,0.910745798371,0.0113094411578,6.645802615,65.0,0.9325314834143845,-0.021785685043384517,6.588777746460708,0.05702486853929223,-0.0997943354418967,0.22335851232027873,-0.32315284776217545,0.32315284776217545,0.012417780217079852
10518.0,0.911095767292,0.0494077723886,6.585738322,63.0,0.9439050785827933,-0.03280931129079323,6.625004672669763,-0.03926635066976303,-0.15029058806508694,-0.15380085731896903,0.0035102692538820923,0.0035102692538820923,0.05422895612329757
10901.0,0.911245911702,0.04996748335,6.500684959,72.0,0.8927239003249539,0.01852201137704612,6.461983504729013,0.0387014542709867,0.08484432840824778,0.15158823636117016,-0.06674390795292238,0.06674390795292238,0.054834246945121665
19359.0,0.911636139005,0.0578048881459,6.64273813,68.0,0.9154710906617713,-0.0038349516567713904,6.534437357147125,0.10830077285287487,-0.017566877115737747,0.424199127980222,-0.44176600509595976,0.44176600509595976,0.0634078506464112
15060.0,0.912065798102,0.0509622717708,6.542114536,74.0,0.8813503051565452,0.030715492945454725,6.425756578519958,0.11635795748004174,0.14069937209492134,0.45575800427248025,-0.3150586321775589,0.3150586321775589,0.0558756526961673
20437.0,0.912129194953,0.0371315374517,6.547777151,76.0,0.8699767099881364,0.04215248496486368,6.389529652310903,0.15824749868909738,0.1930891416045001,0.6198335356309924,-0.42674439402649234,0.42674439402649234,0.04070863826874142
10436.0,0.912321398121,0.0461318660721,6.662182313,52.0,1.0064598520090415,-0.09413845388804154,6.824252766819568,-0.16207045381956853,-0.4312228156505682,-0.6348075214109132,0.20358470576034504,0.20358470576034504,0.05056536673053194
20171.0,0.913240839675,0.0426070645283,6.653347824,78.0,0.8586031148197276,0.05463772485527241,6.353302726101847,0.3000450978981526,0.25028065131442073,1.1752350932531506,-0.9249544419387299,0.9249544419387299,0.04665479540256085
17629.0,0.913534011757,0.0518325948241,6.326538477,74.0,0.8813503051565452,0.032183706600454776,6.425756578519958,-0.09921810151995825,0.14742486205292202,-0.3886235622879231,0.5360484243408451,0.5360484243408451,0.056738549585483265
12115.0,0.913692440686,0.0974578859873,6.189586424,82.0,0.8358559244829101,0.07783651620308984,6.280848873683736,-0.09126244968373598,0.3565480448345375,-0.3574623758758526,0.7140104207103901,0.7140104207103901,0.1066637761762904
20821.0,0.913825101342,0.0777373074642,6.584753375,56.0,0.9837126616722238,-0.06988756033022381,6.751798914401458,-0.1670455394014576,-0.3201360262448117,-0.6542942426029338,0.3341582163581221,0.3341582163581221,0.08506803692527017
16182.0,0.915566000753,0.0411245874697,6.620296062,74.0,0.8813503051565452,0.034215695596454765,6.425756578519958,0.19453948348004246,0.15673285448360497,0.7619842137420741,-0.6052513592584692,0.6052513592584692,0.04491711950408535
18877.0,0.91558616317,0.0555591172635,6.351660833,69.0,0.909784293077567,0.005801870092432937,6.516323894042596,-0.16466306104259587,0.026576798895308507,-0.6449624048363294,0.6715392037316379,0.6715392037316379,0.060681473244571245
19106.0,0.915648667774,0.0424560316135,7.258373137,52.0,1.0064598520090415,-0.09081118423504153,6.824252766819568,0.43412037018043215,-0.4159814925893062,1.7003893658188434,-2.1163708584081498,2.1163708584081498,0.046367163637897606
17061.0,0.915747200262,0.0532703936743,6.283404558,64.0,0.9382182809985888,-0.022471080736588878,6.6068912095652355,-0.3234866515652355,-0.10293394787923144,-1.2670524123925697,1.1641184645133382,1.1641184645133382,0.05817150591239489
17102.0,0.916776087289,0.0975507771643,6.719224937,66.0,0.9268446858301802,-0.010068598541180251,6.57066428335618,0.14856065364381976,-0.046121528804229636,0.5818915051833564,-0.628013033987586,0.628013033987586,0.10640632812835199
14867.0,0.916823510269,0.0787733422778,6.548335521,63.0,0.9439050785827933,-0.02708156831379327,6.625004672669763,-0.07666915166976285,-0.12405334545217797,-0.3003024486766943,0.17624910322451634,0.17624910322451634,0.08591985414366998
13431.0,0.916907814666,0.0290972710272,6.75326513,51.0,1.0121466495932459,-0.09523883492724583,6.842366229924096,-0.08910109992409598,-0.4362633638050822,-0.3489966682068495,-0.08726669559823269,0.08726669559823269,0.03173412916957109
13800.0,0.917430597164,0.0461715279643,6.272937368,83.0,0.8301691268987057,0.0872614702652943,6.262735410579208,0.010201957420791885,0.39972121223024026,0.03995965428123345,0.3597615579490068,0.3597615579490068,0.050326998147900634
11975.0,0.917589097509,0.0763369220415,6.515173051,66.0,0.9268446858301802,-0.00925558832118023,6.57066428335618,-0.055491232356180475,-0.042397348708409804,-0.2173514717943657,0.1749541230859559,0.1749541230859559,0.08319292616786052
13247.0,0.917809264788,0.033722274855,5.635397515,80.0,0.8472295196513189,0.07057974513668108,6.317075799892791,-0.6816782848927909,0.3233067377751502,-2.6700394318275564,2.993346169602707,2.993346169602707,0.03674213820753851
11386.0,0.917944629702,0.0603743607942,6.425601348,68.0,0.9154710906617713,0.002473539040228623,6.534437357147125,-0.10883600914712499,0.011330613851142582,-0.4262955744164142,0.4376261882675568,0.4376261882675568,0.0657712446270314
20583.0,0.918042170647,0.058351098197,6.495379885,65.0,0.9325314834143845,-0.014489312767384521,6.588777746460708,-0.09339786146070761,-0.06637162594389052,-0.36582648805906515,0.29945486211517464,0.29945486211517464,0.0635603679903685
20727.0,0.918655973247,0.052546075598,7.282899149,50.0,1.0178334471774502,-0.09917747393045018,6.860479693028624,0.42241945597137676,-0.45430520463256024,1.6545585053983405,-2.1088637100309007,2.1088637100309007,0.057198861301990235
11409.0,0.91906443837,0.0624795687333,6.650496404,62.0,0.9495918761669977,-0.030527437796997736,6.643118135774291,0.007378268225709306,-0.13983794228312887,0.028899654775335102,-0.16873759705846397,0.16873759705846397,0.0679817063144236
15776.0,0.919407242754,0.0535743060673,6.378236359,67.0,0.9211578882459758,-0.0017506454919757886,6.5525508202516525,-0.17431446125165273,-0.008019233873902314,-0.6827656027694767,0.6747463688955744,0.6747463688955744,0.05827048512998776
12753.0,0.919440692537,0.0575270457029,6.60217562,54.0,0.9950862568406327,-0.07564556430363267,6.788025840610513,-0.18585022061051326,-0.3465118863040127,-0.7279495745151449,0.38143768821113216,0.38143768821113216,0.06256743493064944
14256.0,0.919623932262,0.0628445750707,6.67406317,70.0,0.9040974954933627,0.015526436768637297,6.4982104309380695,0.17585273906193066,0.0711224107032291,0.6887908239061503,-0.6176684132029212,0.6176684132029212,0.0683372548995339
14480.0,0.919672915128,0.0507492074304,6.292910808,81.0,0.8415427220671146,0.07813019306088542,6.298962336788264,-0.006051528788264093,0.3578932991517651,-0.02370300014771035,0.38159629929947547,0.38159629929947547,0.055181800611510595
17633.0,0.919726783651,0.052306309833,6.663617642,68.0,0.9154710906617713,0.0042556929892286766,6.534437357147125,0.12918028485287536,0.019494179451280465,0.5059812847436368,-0.48648710529235634,0.48648710529235634,0.056871573996531755
19645.0,0.920162070878,0.12081160177,6.393500401,74.0,0.8813503051565452,0.03881176572145473,6.425756578519958,-0.03225617751995813,0.17778620960442565,-0.12634297997604974,0.3041291895804754,0.3041291895804754,0.13129382919981045
10913.0,0.920780334981,0.0240943998383,6.79596916,64.0,0.9382182809985888,-0.017437946017588857,6.6068912095652355,0.18907795043476483,-0.07987851797322224,0.7405921452072609,-0.8204706631804831,0.8204706631804831,0.02616737013480765
13958.0,0.921135563952,0.0254545090987,6.512725317,85.0,0.8187955317302971,0.10234003222170296,6.226508484370153,0.2862168326298473,0.46879202946011683,1.1210716933643696,-0.6522796639042527,0.6522796639042527,0.02763383598988522
10133.0,0.921176520567,0.0306938616585,6.354237338,84.0,0.8244823293145014,0.09669419125249856,6.2446219474746805,0.10961539052531943,0.4429299578102985,0.429348303333162,0.013581654477136496,0.013581654477136496,0.03332028224037604
17906.0,0.921246067272,0.0598018653845,6.731315802,68.0,0.9154710906617713,0.005774976610228633,6.534437357147125,0.1968784448528753,0.02645360712149224,0.7711456015013561,-0.7446919943798639,0.7446919943798639,0.06491410656610527
11434.0,0.921908837242,0.0345579995329,6.406391812,75.0,0.8756635075723407,0.04624532966965933,6.40764311541543,-0.0012513034154304492,0.21183735707574122,-0.004901182177022477,0.2167385392527637,0.2167385392527637,0.03748526767167605
19302.0,0.921930767921,0.0294681169257,7.068344568,55.0,0.9893994592564282,-0.06746869133542821,6.769912377505985,0.29843219049401437,-0.30905584109681533,1.1689175583332683,-1.4779733994300837,1.4779733994300837,0.03196348137089738
19872.0,0.922050564071,0.0519353093701,6.605598953,50.0,1.0178334471774502,-0.09578288310645022,6.860479693028624,-0.25488074002862326,-0.43875550148098985,-0.9983325585864051,0.5595770571054153,0.5595770571054153,0.05632587993959609
20140.0,0.922463628899,0.0333976641849,7.131364674,52.0,1.0064598520090415,-0.08399622311004151,6.824252766819568,0.307111907180432,-0.3847639974691215,1.202914806483063,-1.5876788039521845,1.5876788039521845,0.036204857447617256
14940.0,0.923695373174,0.0513862719722,6.872557995,69.0,0.909784293077567,0.013911080096432937,6.516323894042596,0.35623410095740393,0.06372289834989966,1.3953196362526028,-1.3315967379027032,1.3315967379027032,0.05563118909606162
11769.0,0.924198044908,0.0281477819719,6.294647837,81.0,0.8415427220671146,0.08265532284088539,6.298962336788264,-0.004314499788264037,0.3786216957242916,-0.016899298127251303,0.39552099385154293,0.39552099385154293,0.03045643964189731
14685.0,0.924269521792,0.0358854697661,6.857358612,62.0,0.9495918761669977,-0.025322354374997746,6.643118135774291,0.21424047622570885,-0.11599486183908031,0.8391502738071249,-0.9551451356462053,0.9551451356462053,0.038825763394777134
16445.0,0.924447953555,0.055222002443,6.491474762,72.0,0.8927239003249539,0.03172405323004612,6.461983504729013,0.029491257270986893,0.14531931418778896,0.11551317029277264,0.029806143895016318,0.029806143895016318,0.0597351124318483
12754.0,0.924889773064,0.0903281224658,6.336256747,64.0,0.9382182809985888,-0.01332850793458884,6.6068912095652355,-0.27063446256523527,-0.0610542927209096,-1.0600377079259353,0.9989834152050258,0.9989834152050258,0.0976636623049237
19701.0,0.92663746726,0.0601238311746,6.800510022,50.0,1.0178334471774502,-0.09119597991745021,6.860479693028624,-0.059969671028623495,-0.41774413761655294,-0.23489289582597456,-0.18285124179057838,0.18285124179057838,0.06488387670356328
17095.0,0.927140118136,0.0644150700736,6.401193474,80.0,0.8472295196513189,0.07991059848468107,6.317075799892791,0.08411767410720916,0.3660488552304934,0.3294772794694366,0.036571575761056796,0.036571575761056796,0.06947716835196976
19823.0,0.92724224537,0.0173704028388,6.604350039,66.0,0.9268446858301802,0.00039755953981979175,6.57066428335618,0.033685755643819704,0.0018211128085205623,0.13194243949556306,-0.1301213266870425,0.1301213266870425,0.018733403191599236
11024.0,0.92760632289,0.0491226047355,6.521734329,73.0,0.8870371027407495,0.04056922014925046,6.443870041624486,0.07786428737551443,0.1858366333731541,0.3049836297139392,-0.11914699634078513,0.11914699634078513,0.05295630648835626
16686.0,0.927814066055,0.0675591271257,6.933456759,63.0,0.9439050785827933,-0.016091012527793214,6.625004672669763,0.30845208633023713,-0.07370857967516499,1.2081641026026477,-1.2818726822778128,1.2818726822778128,0.07281537281813008
15949.0,0.929142362966,0.0755889573357,6.639802531,66.0,0.9268446858301802,0.0022976771358197423,6.57066428335618,0.06913824764381982,0.010525037995020498,0.270804940611377,-0.2602799026163565,0.2602799026163565,0.08135347213575066
16362.0,0.929425231699,0.0739706541793,6.639468498,61.0,0.955278673751202,-0.02585344205220197,6.661231598878818,-0.021763100878818165,-0.11842763095799631,-0.08524305202772342,-0.03318457893027289,0.03318457893027289,0.07958752533980683
20143.0,0.929522312835,0.0670785043225,6.637224211,61.0,0.955278673751202,-0.025756360916202037,6.661231598878818,-0.024007387878818065,-0.11798292851087269,-0.09403361338069381,-0.02394931513017888,0.02394931513017888,0.07216449072418032
10720.0,0.929651224774,0.0549287562762,6.407354618,67.0,0.9211578882459758,0.008493336528024198,6.5525508202516525,-0.1451962022516522,0.03890567924812357,-0.5687134150451802,0.6076190942933039,0.6076190942933039,0.059085337395810233
15881.0,0.930622585118,0.0543124304044,6.671583017,72.0,0.8927239003249539,0.037898684793046145,6.461983504729013,0.2095995122709864,0.17360363263823222,0.82097226075402,-0.6473686281157878,0.6473686281157878,0.05836139297813555
14601.0,0.930763131239,0.151392129787,6.731406409,61.0,0.955278673751202,-0.024515542512202004,6.661231598878818,0.07017481012118143,-0.1122990747424616,0.27486501227486504,-0.38716408701732663,0.38716408701732663,0.1626537673290432
19050.0,0.931270740299,0.0595558681523,6.628458886,53.0,1.000773054424837,-0.06950231412583696,6.806139303715041,-0.17768041771504084,-0.31837131749813985,-0.6959495880631765,0.3775782705650367,0.3775782705650367,0.06395118581002404
20602.0,0.931484452866,0.0845202029513,6.119024352,84.0,0.8244823293145014,0.10700212355149863,6.2446219474746805,-0.1255975954746802,0.4901478098773898,-0.4919483866394009,0.9820961965167907,0.9820961965167907,0.09073710537116046
18999.0,0.931677610254,0.048229136064,6.796654217,53.0,1.000773054424837,-0.06909544417083702,6.806139303715041,-0.009485086715040225,-0.3165075561938873,-0.03715177101093093,-0.2793557851829564,0.2793557851829564,0.051765906503700845
12118.0,0.931920189509,0.0422386347607,6.796283052,51.0,1.0121466495932459,-0.08022646008424583,6.842366229924096,-0.04608317792409622,-0.3674957318541758,-0.1805014255670671,-0.18699430628710867,0.18699430628710867,0.045324304845197345
16110.0,0.932078403878,0.0434834226729,6.425004521,56.0,0.9837126616722238,-0.051634257794223815,6.751798914401458,-0.32679439340145766,-0.23652258041685273,-1.280008379054186,1.0434857986373334,1.0434857986373334,0.046652108333358144
10732.0,0.932363803646,0.0361455288979,6.754404154,65.0,0.9325314834143845,-0.00016767976838449883,6.588777746460708,0.16562640753929259,-0.0007680957022769199,0.6487356996437146,-0.6495037953459915,0.6495037953459915,0.038767623492625136
18204.0,0.932518819405,0.0473258630093,6.407018944,72.0,0.8927239003249539,0.039794919080046176,6.461983504729013,-0.054964560729013456,0.1822897694356964,-0.2152885719729611,0.39757834140865755,0.39757834140865755,0.05075057148926666
18556.0,0.933344233414,0.0823347203007,6.572849536,61.0,0.955278673751202,-0.021934440337202044,6.661231598878818,-0.08838206287881878,-0.10047574324066096,-0.34618029968465597,0.24570455644399503,0.24570455644399503,0.08821474152096583
15844.0,0.933599376243,0.0535882111458,6.346083508,82.0,0.8358559244829101,0.09774345176008992,6.280848873683736,0.06523463431626464,0.44773633662519385,0.2555150278443609,0.19222130878083293,0.19222130878083293,0.05739957899441859
19554.0,0.933772655288,0.0948465610337,6.317149256,85.0,0.8187955317302971,0.11497712355770295,6.226508484370153,0.09064077162984763,0.5266791296033194,0.35502734903904387,0.17165178056427555,0.17165178056427555,0.10157350453194287
10037.0,0.934324019672,0.0702289671293,5.981666737,85.0,0.8187955317302971,0.1155284879417029,6.226508484370153,-0.24484174737015252,0.5292047808361372,-0.9590112147091246,1.4882159955452618,1.4882159955452618,0.07516553749089562
12651.0,0.934858180056,0.058488868118,7.066340419,60.0,0.9609654713354063,-0.026107291279406364,6.679345061983346,0.3869953570166542,-0.11959044566319624,1.5158072159085398,-1.635397661571736,1.635397661571736,0.06256442887893049
14409.0,0.935295890463,0.0771398831601,7.030208544,52.0,1.0064598520090415,-0.07116396154604154,6.824252766819568,0.20595577718043145,-0.3259828752576427,0.8067002550490919,-1.1326831303067346,1.1326831303067346,0.08247644830548052
14973.0,0.93593714756,0.0141388665645,6.787348795,56.0,0.9837126616722238,-0.047775514112223805,6.751798914401458,0.03554988059854214,-0.21884671846351275,0.13924395876831713,-0.35809067723182986,0.35809067723182986,0.01510664108306867
14399.0,0.936403755838,0.0554116049821,6.65204039,60.0,0.9609654713354063,-0.024561715497406378,6.679345061983346,-0.027304671983346296,-0.11251058070909349,-0.10694861855562497,-0.005561962153468519,0.005561962153468519,0.05917490680343484
20526.0,0.936605048084,0.0612489150551,6.3552697,85.0,0.8187955317302971,0.11780951635370296,6.226508484370153,0.12876121562984721,0.5396535555267801,0.5043398486366814,0.03531370689009872,0.03531370689009872,0.0653946027521377
15797.0,0.93707140598,0.0697899037434,6.663353162,61.0,0.955278673751202,-0.018207267771201963,6.661231598878818,0.0021215631211815023,-0.08340257301165344,0.008309868916473772,-0.0917124419281272,0.0917124419281272,0.07447661223897117
14331.0,0.937215305387,0.0557913200691,6.895977085,52.0,1.0064598520090415,-0.06924454662204149,6.824252766819568,0.0717243181804319,-0.31719055422681935,0.28093422074141317,-0.5981247749682326,0.5981247749682326,0.05952881877666557
10773.0,0.937585829769,0.0401011176069,6.486324188,76.0,0.8699767099881364,0.06760911978086359,6.389529652310903,0.09679453568909757,0.3096991058535331,0.3791307905839724,-0.06943168473043931,0.06943168473043931,0.04277060972303732
14268.0,0.938210018746,0.0632331989869,6.323675516,68.0,0.9154710906617713,0.022738928084228616,6.534437357147125,-0.21076184114712504,0.10416088419105052,-0.8255249419833041,0.9296858261743546,0.9296858261743546,0.06739770171226345
15029.0,0.938308185412,0.0589933778988,6.70511897,68.0,0.9154710906617713,0.02283709475022866,6.534437357147125,0.1706816128528752,0.10461055915773217,0.6685362387284715,-0.5639256795707392,0.5639256795707392,0.06287206998295204
10388.0,0.938719819221,0.0345858802055,6.960357275,59.0,0.9666522689196108,-0.02793244969861075,6.697458525087875,0.26289874991212514,-0.12795100311906535,1.0297379928332948,-1.1576889959523602,1.1576889959523602,0.036843666765447876
14533.0,0.938840723009,0.0324582628382,6.777793457,67.0,0.9211578882459758,0.017682834763024236,6.5525508202516525,0.2252426367483471,0.0810002871330745,0.8822442128129137,-0.8012439256798392,0.8012439256798392,0.03457270444572401
17096.0,0.938854692762,0.0524878268821,6.133694305,71.0,0.8984106979091583,0.04044399485284167,6.480096967833541,-0.34640266283354126,0.18526301013336413,-1.356811254741793,1.542074264875157,1.542074264875157,0.05590623052400898
14821.0,0.939498521176,0.108194988203,6.478528297,54.0,0.9950862568406327,-0.05558773566463271,6.788025840610513,-0.3094975436105125,-0.25463239408468163,-1.2122590139772493,0.9576266198925677,0.9576266198925677,0.1151624890985128
20995.0,0.93961176497,0.0626585596304,6.476897629,81.0,0.8415427220671146,0.09806904290288543,6.298962336788264,0.17793529221173543,0.4492277816569356,0.6969478961674882,-0.2477201145105526,0.2477201145105526,0.06668558437260581
17978.0,0.940072024587,0.0575296678846,6.285324457,73.0,0.8870371027407495,0.05303492184625047,6.443870041624486,-0.15854558462448587,0.24293864389941006,-0.6210010969560326,0.8639397408554426,0.8639397408554426,0.061197085308303256
17583.0,0.940091952934,0.0623307254829,6.730637114,52.0,1.0064598520090415,-0.06636789907504148,6.824252766819568,-0.09361565281956796,-0.3040134092492001,-0.3666795466483671,0.06266613739916699,0.06266613739916699,0.06630279653853817
13844.0,0.940134574327,0.0732725860557,6.938563573,52.0,1.0064598520090415,-0.06632527768204155,6.824252766819568,0.11431080618043143,-0.30381817216661283,0.44773959615531955,-0.7515577683219323,0.7515577683219323,0.07793840164654357
15931.0,0.940954844387,0.0784296451286,6.448453441,76.0,0.8699767099881364,0.07097813439886358,6.389529652310903,0.0589237886890972,0.3251316513175757,0.2307963195531563,0.09433533176441941,0.09433533176441941,0.08335112529198385
19932.0,0.941208984771,0.0627177494268,6.544975852,59.0,0.9666522689196108,-0.025443284148610745,6.697458525087875,-0.15248267308787433,-0.11654880844983942,-0.5972535121595167,0.48070470370967733,0.48070470370967733,0.06663530676139846
16247.0,0.941318302509,0.063826556042,5.905914995,84.0,0.8244823293145014,0.11683597319449857,6.2446219474746805,-0.33870695247468063,0.5351940174216743,-1.3266682230955478,1.861862240517222,1.861862240517222,0.06780549774914182
20657.0,0.941612400402,0.0476812006455,6.280587842,72.0,0.8927239003249539,0.04888850007704615,6.461983504729013,-0.1813956627290132,0.2239450063757091,-0.7105016882342522,0.9344466946099613,0.9344466946099613,0.05063782149124586
14768.0,0.942530410918,0.0539353936533,6.366310826,50.0,1.0178334471774502,-0.07530303625945012,6.860479693028624,-0.4941688670286233,-0.34494285790433926,-1.9355910114629595,1.5906481535586203,1.5906481535586203,0.05722403545660488
18588.0,0.9428246048,0.0581224579243,6.44692314,82.0,0.8358559244829101,0.10696868031708984,6.280848873683736,0.1660742663162642,0.48999461545884354,0.6504899004462124,-0.1604952849873688,0.1604952849873688,0.06164715857901209
18772.0,0.943139750092,0.0318863525903,7.106519267,53.0,1.000773054424837,-0.057633304332836977,6.806139303715041,0.30037996328495975,-0.26400259132372594,1.1765467145955701,-1.440549305919296,1.440549305919296,0.03380872515148428
19894.0,0.945069264622,0.0772485862053,6.761245686,56.0,0.9837126616722238,-0.03864339705022379,6.751798914401458,0.009446771598542014,-0.17701495822439028,0.03700169600611927,-0.21401665423050956,0.21401665423050956,0.08173854456709811
11979.0,0.945594972479,0.0503802143441,6.429375851,63.0,0.9439050785827933,0.0016898938962067733,6.625004672669763,-0.19562882166976348,0.007740947232250684,-0.7662510005616193,0.77399194779387,0.77399194779387,0.053278851739261814
14218.0,0.945712306367,0.0166416276332,6.512910309,65.0,0.9325314834143845,0.013180822952615467,6.588777746460708,-0.07586743746070823,0.06037778773144375,-0.29716224515448747,0.3575400328859312,0.3575400328859312,0.017596924055191396
17236.0,0.946316886364,0.0981999838438,6.681351019,67.0,0.9211578882459758,0.025158998118024245,6.5525508202516525,0.12880019874834758,0.11524657097411636,0.5044925401128195,-0.38924596913870313,0.38924596913870313,0.10377071915213343
10321.0,0.946637179324,0.0479449229862,6.618433287,52.0,1.0064598520090415,-0.05982267268504149,6.824252766819568,-0.20581947981956805,-0.27403149605225163,-0.8061663971633056,0.532134901111054,0.532134901111054,0.050647623010579186
20354.0,0.946644124168,0.0613093441185,6.569452412,68.0,0.9154710906617713,0.031173033506228687,6.534437357147125,0.03501505485287559,0.14279524175012023,0.13714912039406726,0.005646121356052969,0.005646121356052969,0.06476493388936885
13715.0,0.946743631609,0.0567973539941,6.719564809,60.0,0.9609654713354063,-0.014221839726406338,6.679345061983346,0.04021974701665432,-0.06514640422972888,0.15753517876762782,-0.2226815829973567,0.2226815829973567,0.05999232748740263
11443.0,0.946863555199,0.0522792154613,6.804424999,60.0,0.9609654713354063,-0.014101916136406323,6.679345061983346,0.12507993701665399,-0.06459706667417232,0.4899207901532279,-0.5545178568274003,0.5545178568274003,0.055213040119927954
11756.0,0.947606351985,0.0325397651847,6.90416237,63.0,0.9439050785827933,0.0037012734022067173,6.625004672669763,0.27915769733023676,0.0169545331591099,1.093422038061751,-1.076467504902641,1.076467504902641,0.034338905724446936
14578.0,0.947780733459,0.046714182249,6.498609486,72.0,0.8927239003249539,0.05505683313404619,6.461983504729013,0.03662598127098704,0.25220047307238413,0.14345889606604245,0.10874157700634168,0.10874157700634168,0.049287963555149444
10797.0,0.948145885934,0.0440242012445,6.830165464,65.0,0.9325314834143845,0.015614402519615433,6.588777746460708,0.24138771753929245,0.07152535803506782,0.9454822582328956,-0.8739569001978278,0.8739569001978278,0.04643188553324009
10936.0,0.948210915115,0.0470563920936,6.193984908,77.0,0.864289912403932,0.08392100271106795,6.371416189206375,-0.17743128120637497,0.3844194331502905,-0.6949737548632817,1.0793931880135723,1.0793931880135723,0.049626503284760176
12213.0,0.948598267778,0.0389071799086,6.668451653,59.0,0.9666522689196108,-0.01805400114161071,6.697458525087875,-0.02900687208787467,-0.08270050000293146,-0.11361590061620365,0.030915400613272193,0.030915400613272193,0.0410154448202149
13406.0,0.948620063706,0.0895121253146,5.876181031,85.0,0.8187955317302971,0.12982453197570298,6.226508484370153,-0.35032745337015303,0.5946910949446924,-1.3721841157037131,1.9668752106484055,1.9668752106484055,0.09436035430760395
11285.0,0.949041441945,0.0260656314215,6.777004911,77.0,0.864289912403932,0.0847515295410679,6.371416189206375,0.4055887217936247,0.38822385210252713,1.5886348506228722,-1.200410998520345,1.200410998520345,0.027465219398723147
18985.0,0.949584075395,0.0734365756821,6.734670869,66.0,0.9268446858301802,0.0227393895648198,6.57066428335618,0.1640065856438202,0.1041629981089202,0.6423910816189096,-0.5382280835099894,0.5382280835099894,0.07733551729113873
19292.0,0.949919527421,0.0791955643285,6.533987914,61.0,0.955278673751202,-0.005359146330201958,6.661231598878818,-0.12724368487881854,-0.024548800989886065,-0.4983958908576908,0.47384708986780477,0.47384708986780477,0.08337081409781451
18453.0,0.949937156359,0.0707303480068,6.718068934,71.0,0.8984106979091583,0.05152645844984172,6.480096967833541,0.23797196616645877,0.23602878075380518,0.9321032331753211,-0.6960744524215159,0.6960744524215159,0.07445792338295441
17268.0,0.950262123452,0.0459708271528,6.546040725,61.0,0.955278673751202,-0.005016550299202005,6.661231598878818,-0.11519087387881832,-0.022979461160976086,-0.45118669944355216,0.42820723828257606,0.42820723828257606,0.04837699621847771
16963.0,0.950594452415,0.111164753416,5.78685686,76.0,0.8699767099881364,0.08061774242686359,6.389529652310903,-0.6026727923109023,0.36928809051877265,-2.360585859373245,2.7298739498920175,2.7298739498920175,0.11694235447470183
15389.0,0.951206206934,0.0483961671092,6.44290287,72.0,0.8927239003249539,0.058482306609046186,6.461983504729013,-0.019080634729013113,0.2678916413019218,-0.07473620363127119,0.342627844933193,0.342627844933193,0.05087873350321608
13056.0,0.951642910117,0.0578363883413,6.574615117,70.0,0.9040974954933627,0.04754541462363726,6.4982104309380695,0.07640468606193007,0.2177926948923794,0.29926657351839026,-0.08147387862601085,0.08147387862601085,0.06077530523942987
12023.0,0.953017661226,0.0380014085875,6.620881855,65.0,0.9325314834143845,0.020486177811615436,6.588777746460708,0.032104108539292575,0.09384164401456359,0.12574734683981345,-0.03190570282524986,0.03190570282524986,0.03987482093313305
19959.0,0.953582243873,0.075322136423,6.495254058,68.0,0.9154710906617713,0.0381111532112286,6.534437357147125,-0.03918329914712437,0.1745768930407711,-0.15347555600714363,0.32805244904791475,0.32805244904791475,0.07898861048112338
17635.0,0.953775068987,0.0634088599307,6.477607467,85.0,0.8187955317302971,0.13497953725670297,6.226508484370153,0.25109898262984753,0.6183047809588065,0.9835199386157912,-0.36521515765698476,0.36521515765698476,0.06648198510582401
18094.0,0.955409947637,0.0359325106487,6.007867959,85.0,0.8187955317302971,0.13661441590670298,6.226508484370153,-0.21864052537015244,0.6257937182164595,-0.8563846569142399,1.4821783751306994,1.4821783751306994,0.03760952116687846
20500.0,0.956000622133,0.0486557026792,6.679715012,82.0,0.8358559244829101,0.12014469765008984,6.280848873683736,0.39886613831626416,0.5503503899455829,1.5623034221967371,-1.0119530322511543,1.0119530322511543,0.05089505336371105
19798.0,0.95602940651,0.0777709644822,6.473173575,58.0,0.9723390665038152,-0.016309659993815173,6.715571988192401,-0.24239841319240174,-0.07471014462592343,-0.9494410131282535,0.8747308685023301,0.8747308685023301,0.0813478790010279
13740.0,0.956646503173,0.0657052857354,6.556847825,61.0,0.955278673751202,0.001367829421798028,6.661231598878818,-0.10438377387881825,0.006265656915280631,-0.4088567854897258,0.41512244240500645,0.41512244240500645,0.06868293096506291
11097.0,0.957009477712,0.0636996964272,6.952839595,62.0,0.9495918761669977,0.007417601545002261,6.643118135774291,0.3097214592257096,0.033978028016202685,1.213136060430434,-1.1791580324142312,1.1791580324142312,0.06656119705260602
14745.0,0.95768158667,0.0750111029542,6.792789609,67.0,0.9211578882459758,0.036523698424024253,6.5525508202516525,0.24023878874834725,0.1673051916819368,0.9409820632814485,-0.7736768715995117,0.7736768715995117,0.07832572328661415
14424.0,0.957909986317,0.0575372866326,6.450772171,84.0,0.8244823293145014,0.1334276570024986,6.2446219474746805,0.2061502235253192,0.6111960369213654,0.8074618744518673,-0.19626583753050197,0.19626583753050197,0.06006544190422424
14570.0,0.957916799026,0.0329670859207,6.632070136,62.0,0.9495918761669977,0.008324922859002326,6.643118135774291,-0.011047999774290496,0.038134221745368894,-0.04327348500593191,0.0814077067513008,0.0814077067513008,0.03441539594484677
17527.0,0.958620498318,0.0667735900142,6.618874822,57.0,0.9780258640880195,-0.0194053657700195,6.73368545129693,-0.11481062929692953,-0.08889073614942768,-0.44969733407886037,0.3608065979294327,0.3608065979294327,0.06965591715528852
14656.0,0.958779223885,0.0911773044271,7.010327169,58.0,0.9723390665038152,-0.013559842618815154,6.715571988192401,0.29475518080759855,-0.06211397438944801,1.1545152206447704,-1.2166291950342185,1.2166291950342185,0.09509728846401888
19404.0,0.958913108561,0.0946733466811,6.339545692,66.0,0.9268446858301802,0.03206842273081978,6.57066428335618,-0.2311185913561804,0.14689677780243898,-0.9052595132122966,1.0521562910147355,1.0521562910147355,0.09872984928026718
16376.0,0.959368668936,0.0321984767803,6.97655238,53.0,1.000773054424837,-0.04140438548883696,6.806139303715041,0.1704130762849596,-0.1896623000842153,0.667484418183337,-0.8571467182675523,0.8571467182675523,0.03356215167627908
16058.0,0.959427485005,0.0531591332178,6.625852034,62.0,0.9495918761669977,0.009835608838002274,6.643118135774291,-0.017266101774290554,0.04505426594115472,-0.06762892935419522,0.11268319529534994,0.11268319529534994,0.055407140246271934
18616.0,0.959717308193,0.0682352069131,6.743493974,60.0,0.9609654713354063,-0.0012481631424062778,6.679345061983346,0.06414891201665363,-0.005717498030080444,0.2512624039655882,-0.2569799019956686,0.2569799019956686,0.0710992771835869
19707.0,0.960353022315,0.146467205454,6.745777933,61.0,0.955278673751202,0.005074348563797959,6.661231598878818,0.08454633412118184,0.023244219390683427,0.33115628137623027,-0.3079120619855468,0.3079120619855468,0.15251392149621215
12131.0,0.96045524886,0.0256601216374,6.871453215,60.0,0.9609654713354063,-0.00051022247540633,6.679345061983346,0.19210815301665374,-0.002337191268454321,0.7524610290478859,-0.7547982203163403,0.7547982203163403,0.026716623880037045
10871.0,0.96105513619,0.0647915968813,6.720564196,52.0,1.0064598520090415,-0.045404715819041486,6.824252766819568,-0.1036885708195685,-0.20798673220814565,-0.4061337713898768,0.19814703918173113,0.19814703918173113,0.06741714855003983
11426.0,0.961126564278,0.0517944472475,6.209690852,75.0,0.8756635075723407,0.08546305670565935,6.40764311541543,-0.1979522634154307,0.39148316574806347,-0.7753516000907087,1.166834765838772,1.166834765838772,0.05388930987086813
10782.0,0.961657133918,0.0241274558385,6.641960558,53.0,1.000773054424837,-0.03911592050683699,6.806139303715041,-0.16417874571504054,-0.17917946047619077,-0.6430654087743021,0.4638859482981113,0.4638859482981113,0.025089457549386136
10382.0,0.962244409233,0.0974279437158,6.929766132,52.0,1.0064598520090415,-0.0442154427760415,6.824252766819568,0.10551336518043186,-0.2025389938079623,0.4132812381736368,-0.6158202319815991,0.6158202319815991,0.10125072464017672
20746.0,0.963030285367,0.0324293111372,7.012637869,59.0,0.9666522689196108,-0.0036219835526107858,6.697458525087875,0.3151793439121251,-0.016591327786776806,1.2345138388488692,-1.251105166635646,1.251105166635646,0.033674238110633824
11188.0,0.963393623147,0.0490355452224,6.889525589,52.0,1.0064598520090415,-0.04306622886204159,6.824252766819568,0.06527282218043151,-0.19727475545145362,0.25566460441941474,-0.45293935987086836,0.45293935987086836,0.05089876457996638
13658.0,0.963475100448,0.0297956290172,6.664440353,65.0,0.9325314834143845,0.030943617033615478,6.588777746460708,0.07566260653929202,0.14174434689057064,0.29635995080367816,-0.15461560391310752,0.15461560391310752,0.030925167659595482
18131.0,0.96352810983,0.0601921303656,6.463272342,62.0,0.9495918761669977,0.01393623366300234,6.643118135774291,-0.179845793774291,0.06383812004041747,-0.7044310661901241,0.7682691862305415,0.7682691862305415,0.062470549381501685
15369.0,0.965207854755,0.0449333081423,6.763815774,63.0,0.9439050785827933,0.021302776172206772,6.625004672669763,0.1388111013302371,0.0975822604127108,0.5437038590505103,-0.44612159863779954,0.44612159863779954,0.04655298640695944
13486.0,0.965273812044,0.0804216722304,6.148421307,75.0,0.8756635075723407,0.0896103044716593,6.40764311541543,-0.25922180841543074,0.41048058693985345,-1.0153359222344915,1.425816509174345,1.425816509174345,0.08331488042766269
13922.0,0.965347789229,0.0434418301056,6.746061945,53.0,1.000773054424837,-0.035425265195837,6.806139303715041,-0.060077358715040496,-0.16227356592328152,-0.23531469357929582,0.07304112765601431,0.07304112765601431,0.04500122193297396
11079.0,0.965465615421,0.0981145048913,6.494045004,63.0,0.9439050785827933,0.02156053683820669,6.625004672669763,-0.13095966866976294,0.09876299236193788,-0.5129508847158478,0.6117138770777857,0.6117138770777857,0.10162402816232485
10142.0,0.965630242149,0.0546051458027,6.731088667,84.0,0.8244823293145014,0.14114791283449857,6.2446219474746805,0.4864667195253194,0.6465604424317544,1.9054227664134522,-1.2588623239816978,1.2588623239816978,0.05654871131746746
11591.0,0.965636347472,0.0399536420683,6.810382109,58.0,0.9723390665038152,-0.006702719031815185,6.715571988192401,0.09481012080759843,-0.03070334442555742,0.37135811232777505,-0.4020614567533325,0.4020614567533325,0.041375453785368735
13892.0,0.96590073813,0.0288208032681,7.092276223,56.0,0.9837126616722238,-0.01781192354222383,6.751798914401458,0.3404773085985422,-0.08159160794339444,1.3336024628444803,-1.4151940707878747,1.4151940707878747,0.029838266118211648
20005.0,0.966301720849,0.0887646891514,6.89486276,51.0,1.0121466495932459,-0.04584492874424584,6.842366229924096,0.05249653007590371,-0.2100032286477213,0.20562163771848577,-0.4156248663662071,0.4156248663662071,0.09186022050484467
19348.0,0.967492086114,0.0931127468247,6.86957792,66.0,0.9268446858301802,0.040647400283819746,6.57066428335618,0.2989136366438201,0.18619475544085876,1.1708033162234217,-0.984608560782563,0.984608560782563,0.09624135242148998
10330.0,0.967959707701,0.0511417712284,6.709596235,71.0,0.8984106979091583,0.06954900979184175,6.480096967833541,0.2294992671664593,0.31858521772426013,0.8989168446319888,-0.5803316269077288,0.5803316269077288,0.052834607496077254
12515.0,0.967990229702,0.0150498593441,6.959362236,50.0,1.0178334471774502,-0.049843217475450174,6.860479693028624,0.098882542971376,-0.22831830875838893,0.3873092259268311,-0.61562753468522,0.61562753468522,0.015547532281119372
16897.0,0.968157535274,0.0549668668343,6.287947767,71.0,0.8984106979091583,0.06974683736484166,6.480096967833541,-0.1921492008335406,0.319491412371814,-0.7526218076616503,1.0721132200334642,1.0721132200334642,0.056774713651062715
13817.0,0.968290427487,0.0556048573066,6.379336221,75.0,0.8756635075723407,0.09262691991465932,6.40764311541543,-0.028306894415430328,0.4242988870216939,-0.1108741850177389,0.5351730720394328,0.5351730720394328,0.05742580503549028
12979.0,0.968296108938,0.0503981416476,6.754602595,62.0,0.9495918761669977,0.018704232771002305,6.643118135774291,0.11148445922570893,0.08567903536728716,0.4366691865730022,-0.35099015120571503,0.35099015120571503,0.05204827447140655
19789.0,0.968298156607,0.0690659212263,6.618126365,80.0,0.8472295196513189,0.12106863695568115,6.317075799892791,0.30105056510720907,0.554582706203094,1.1791733690572752,-0.6245906628541812,0.6245906628541812,0.07132712249325447
18932.0,0.970191242684,0.0491327205576,6.4739517,71.0,0.8984106979091583,0.07178054477484175,6.480096967833541,-0.00614526783354119,0.32880727639261736,-0.024070163005525426,0.3528774393981428,0.3528774393981428,0.0506423047291955
15594.0,0.970541851375,0.0685612618116,6.842820858,54.0,0.9950862568406327,-0.024544405465632635,6.788025840610513,0.05479501738948667,-0.11243128813170156,0.21462449419320398,-0.3270557823249055,0.3270557823249055,0.07064225176324637
12484.0,0.97061944693,0.062237760527,6.566131474,62.0,0.9495918761669977,0.021027570763002323,6.643118135774291,-0.07698666177429114,0.09632161880943411,-0.30154609178207437,0.3978677105915085,0.3978677105915085,0.06412169128060806
11982.0,0.970828967888,0.168442153954,6.19621566,68.0,0.9154710906617713,0.05535787722622865,6.534437357147125,-0.3382216971471248,0.25357947469928865,-1.324767545183705,1.5783470198829939,1.5783470198829939,0.1735034280244431
14521.0,0.970914501702,0.069382453555,7.077641375,58.0,0.9723390665038152,-0.0014245648018151869,6.715571988192401,0.36206938680759837,-0.006525546357984895,1.4181756427607974,-1.4247011891187824,1.4247011891187824,0.07146093032226164
9968.0,0.971858824095,0.0545646500367,6.691145795,84.0,0.8244823293145014,0.14737649478049863,6.2446219474746805,0.44652384752531926,0.6750918930062324,1.7489720687398214,-1.073880175733589,1.073880175733589,0.05614462582825328
17427.0,0.972309074985,0.102871639497,6.384459116,76.0,0.8699767099881364,0.1023323649968636,6.389529652310903,-0.005070536310902263,0.4687569079752517,-0.01986058847796759,0.4886174964532193,0.4886174964532193,0.10580137750805937
10167.0,0.972571729116,0.0977024230545,6.760277105,60.0,0.9609654713354063,0.011606257780593654,6.679345061983346,0.08093204301665402,0.053165130216247185,0.3169996036866797,-0.2638344734704325,0.2638344734704325,0.10045780699723268
13490.0,0.972683806733,0.0313629221,6.731429714,71.0,0.8984106979091583,0.07427310882384175,6.480096967833541,0.25133274616645895,0.34022503866729287,0.9844355580132524,-0.6442105193459595,0.6442105193459595,0.03224369716335688
11747.0,0.972974509804,0.0966922709765,6.342979299,77.0,0.864289912403932,0.10868459740006797,6.371416189206375,-0.02843689020637541,0.49785476787673594,-0.11138336052690091,0.6092381284036369,0.6092381284036369,0.09937801042288157
12963.0,0.973723277809,0.0350324587377,6.746292386,60.0,0.9609654713354063,0.012757806473593702,6.679345061983346,0.06694732401665426,0.05844006356436427,0.26222339619915513,-0.20378333263479087,0.20378333263479087,0.03597783840243343
14556.0,0.97382588138,0.0488817170346,6.308285179,81.0,0.8415427220671146,0.13228315931288548,6.298962336788264,0.00932284221173596,0.6059534023141783,0.036516281761793716,0.5694371205523846,0.5694371205523846,0.050195541081050496
12962.0,0.973855930343,0.0421978059015,6.725834934,67.0,0.9211578882459758,0.05269804209702422,6.5525508202516525,0.1732841137483474,0.24139548881243816,0.6787298742986145,-0.43733438548617637,0.43733438548617637,0.043330645310788
20549.0,0.974223253687,0.0462133094415,6.464173042,79.0,0.8529163172355232,0.12130693645147683,6.33518926299732,0.12898377900268,0.5556742917911401,0.5052115985438058,0.05046269324733432,0.05046269324733432,0.04743605663958775
19303.0,0.974223843304,0.0686680945574,6.990354375,52.0,1.0064598520090415,-0.03223600870504151,6.824252766819568,0.16610160818043163,-0.14766444385900482,0.6505969947414021,-0.7982614386004069,0.7982614386004069,0.0704849250296706
20917.0,0.974430514138,0.0474780542779,7.153231307,66.0,0.9268446858301802,0.047585828307819766,6.57066428335618,0.5825670236438203,0.21797781905752364,2.281834348084082,-2.0638565290265585,2.0638565290265585,0.04872389933303762
17944.0,0.975052912348,0.0638170040989,6.047970002,70.0,0.9040974954933627,0.07095541685463724,6.4982104309380695,-0.4502404289380699,0.32502758838705853,-1.763529403399825,2.0885569917868834,2.0885569917868834,0.0654497856380162
17542.0,0.975351952003,0.0591602274179,6.269280395,68.0,0.9154710906617713,0.05988086134122861,6.534437357147125,-0.2651569621471248,0.27429804256033186,-1.0385830974031622,1.312881139963494,1.312881139963494,0.06065526120741084
19384.0,0.975529295589,0.0852692289798,6.825682164,75.0,0.8756635075723407,0.09986578801665935,6.40764311541543,0.41803904858456953,0.4574581854395328,1.6374010563355712,-1.1799428708960384,1.1799428708960384,0.08740816843262157
10433.0,0.975575248291,0.0432238548486,6.322306068,81.0,0.8415427220671146,0.1340325262238854,6.298962336788264,0.023343731211735275,0.613966779354176,0.09143416212989595,0.52253261722428,0.52253261722428,0.044306018345913335
12947.0,0.97576409619,0.0810406606681,6.433589513,72.0,0.8927239003249539,0.08304019586504618,6.461983504729013,-0.028393991729013024,0.38038469503320255,-0.111215333132364,0.4916000281655665,0.4916000281655665,0.08305353823176523
14799.0,0.975884712761,0.0781020504555,6.785084569,51.0,1.0121466495932459,-0.03626193683224588,6.842366229924096,-0.05728166092409559,-0.16610613257299828,-0.22436433252669158,0.0582581999536933,0.0582581999536933,0.08003204623887542
15218.0,0.976015705111,0.0825112705423,6.33653543,59.0,0.9666522689196108,0.00936343619138924,6.697458525087875,-0.360923095087875,0.042891370655156,-1.413685776852101,1.4565771475072569,1.4565771475072569,0.08453887587076908
18138.0,0.976307962602,0.064165840537,5.772412044,85.0,0.8187955317302971,0.15751243087170297,6.226508484370153,-0.4540964403701526,0.7215218769286535,-1.7786328661349742,2.5001547430636277,2.5001547430636277,0.06572295115363894
19056.0,0.977728094448,0.0474362097906,6.887287522,63.0,0.9439050785827933,0.03382301586520675,6.625004672669763,0.26228284933023716,0.1549340947593475,1.0273255955541516,-0.8723915007948041,0.8723915007948041,0.04851677072589518
16926.0,0.977771847308,0.0604709161468,7.076983091,51.0,1.0121466495932459,-0.03437480228524581,6.842366229924096,0.23461686107590385,-0.15746167922520216,0.9189617512061311,-1.0764234304313334,1.0764234304313334,0.061845630259542074
11579.0,0.978158935495,0.0502609770262,6.705847943,55.0,0.9893994592564282,-0.011240523761428256,6.769912377505985,-0.06406443450598509,-0.05148980151676303,-0.25093151725614415,0.19944171573938113,0.19944171573938113,0.051383241723151354
14284.0,0.979064094652,0.0540676803346,6.943919574,59.0,0.9666522689196108,0.012411825732389192,6.697458525087875,0.24646104891212506,0.05685521929275008,0.9653537945813379,-0.9084985752885878,0.9084985752885878,0.05522384145219614
12570.0,0.979571395474,0.0534425097276,6.729899648,55.0,0.9893994592564282,-0.009828063782428287,6.769912377505985,-0.040012729505985334,-0.045019704080677125,-0.15672431984955051,0.11170461576887339,0.11170461576887339,0.05455703379511196
20889.0,0.979960634728,0.0640565718014,6.105412749,61.0,0.955278673751202,0.02468196097679798,6.661231598878818,-0.5558188498788184,0.11306139275295993,-2.177065455976623,2.290126848729583,2.290126848729583,0.06536647445963957
16945.0,0.980755763931,0.0583931501294,6.664135221,74.0,0.8813503051565452,0.09940545877445472,6.425756578519958,0.23837864248004248,0.4553495415883617,0.933696127972358,-0.4783465863839963,0.4783465863839963,0.05953893138017611
14849.0,0.981163105435,0.0642802990758,6.593078791,63.0,0.9439050785827933,0.037258026852206694,6.625004672669763,-0.03192588166976318,0.17066895175377406,-0.12504925687567514,0.2957182086294492,0.2957182086294492,0.06551438666999332
18458.0,0.981761530796,0.0561617547632,6.686233712,83.0,0.8301691268987057,0.15159240389729434,6.262735410579208,0.4234983014207918,0.694403833289782,1.6587841936073158,-0.9643803603175338,0.9643803603175338,0.05720508799898153
11142.0,0.982402448674,0.0515962942195,6.677069031,50.0,1.0178334471774502,-0.03543099850345022,6.860479693028624,-0.18341066202862333,-0.16229982865598908,-0.7183941614203536,0.5560943327643646,0.5560943327643646,0.05252052688706367
13507.0,0.982618444084,0.0442216291346,6.645405253,57.0,0.9780258640880195,0.004592579995980506,6.73368545129693,-0.08828019829693012,0.021037367783015643,-0.3457813102252923,0.3668186780083079,0.3668186780083079,0.04500386635406945
17778.0,0.982917983515,0.0531900607814,6.797786411,50.0,1.0178334471774502,-0.03491546366245013,6.860479693028624,-0.0626932820286239,-0.15993830287645566,-0.2455609029022218,0.08562260002576613,0.08562260002576613,0.0541144446164142
12313.0,0.983752405122,0.094284353504,6.449494381,60.0,0.9609654713354063,0.02278693378659369,6.679345061983346,-0.22985068098334605,0.10438078533969025,-0.9002932838831295,1.0046740692228198,1.0046740692228198,0.09584154815083509
15660.0,0.983759536781,0.134663721076,6.455784967,68.0,0.9154710906617713,0.06828844611922869,6.534437357147125,-0.07865239014712522,0.312810916216637,-0.3080705191208159,0.6208814353374529,0.6208814353374529,0.13688682654771378
18206.0,0.983867090476,0.0374272973014,6.463256425,78.0,0.8586031148197276,0.12526397565627234,6.353302726101847,0.10995369889815265,0.5738004189693172,0.43067341037500384,0.14312700859431338,0.14312700859431338,0.0380410094653054
19977.0,0.984038026566,0.0607100323664,6.605689799,62.0,0.9495918761669977,0.03444615039900234,6.643118135774291,-0.03742833677429047,0.15778850565196756,-0.14660161144900485,0.3043901171009724,0.3043901171009724,0.061694803175706484
11657.0,0.985710785294,0.0580872053375,7.334107618,52.0,1.0064598520090415,-0.02074906671504151,6.824252766819568,0.5098548511804317,-0.09504586703349593,1.9970308389307474,-2.092076705964243,2.092076705964243,0.05892925815981084
14522.0,0.986090135021,0.0388391150208,6.864069137,55.0,0.9893994592564282,-0.0033093242354282904,6.769912377505985,0.09415675949401514,-0.015159119953247192,0.3687989865507637,-0.3839581065040109,0.3839581065040109,0.039386982631129226
11382.0,0.986181125453,0.0731397290418,6.689817835,57.0,0.9780258640880195,0.00815526136498046,6.73368545129693,-0.04386761629692959,0.03735704829352315,-0.1718233775211193,0.20918042581464247,0.20918042581464247,0.07416460034986315
13749.0,0.986717504889,0.0687491533109,6.814445022,75.0,0.8756635075723407,0.11105399731665933,6.40764311541543,0.40680190658456983,0.5087083485468614,1.5933867274270839,-1.0846783788802226,1.0846783788802226,0.06967460592343892
16418.0,0.986865047011,0.0474635431097,6.793462795,53.0,1.000773054424837,-0.01390800741383702,6.806139303715041,-0.012676508715040669,-0.06370882322134287,-0.04965212898396406,-0.014056694237378813,0.014056694237378813,0.04809527224969288
20775.0,0.987071064777,0.0346589303554,6.647058986,60.0,0.9609654713354063,0.02610559344159369,6.679345061983346,-0.032286075983345874,0.11958266832702955,-0.12646008811630519,0.24604275644333473,0.24604275644333473,0.035112902801208316
20826.0,0.987500934291,0.0560801343609,6.185568589,64.0,0.9382182809985888,0.049282653292411216,6.6068912095652355,-0.4213226205652356,0.22575051573248683,-1.6502623530204164,1.8760128687529032,1.8760128687529032,0.05678995574942324
15340.0,0.987824170099,0.0890384714375,6.490136459,59.0,0.9666522689196108,0.021171901179389274,6.697458525087875,-0.2073220660878743,0.09698275744054463,-0.8120518194732319,0.9090345769137765,0.9090345769137765,0.09013595145032394
20893.0,0.98887514952,0.0951301342215,6.43020983,53.0,1.000773054424837,-0.011897904904836998,6.806139303715041,-0.3759294737150407,-0.05450108687262246,-1.4724636836028906,1.417962596730268,1.417962596730268,0.09620034871710162
19725.0,0.98930293464,0.0671539695851,6.744859146,72.0,0.8927239003249539,0.09657903431504611,6.461983504729013,0.2828756412709863,0.44240245500183933,1.1079847095552207,-0.6655822545533814,0.6655822545533814,0.06788008731575919
10357.0,0.989331557945,0.0501333734455,7.015094938,52.0,1.0064598520090415,-0.017128294064041483,6.824252766819568,0.19084217118043156,-0.07846008605974293,0.7475023535295331,-0.8259624395892761,0.8259624395892761,0.050673985928069494
16956.0,0.989554950546,0.0582188410283,6.492147882,60.0,0.9609654713354063,0.028589479210593627,6.679345061983346,-0.18719717998334584,0.13096067774639386,-0.7332254278292905,0.8641861055756843,0.8641861055756843,0.05883335836597754
17286.0,0.989935387545,0.0357379687662,6.837341518,53.0,1.000773054424837,-0.010837666879837005,6.806139303715041,0.031202214284959062,-0.04964442301723304,0.12221475195484083,-0.17185917497207387,0.17185917497207387,0.03610131450581712
17942.0,0.990781303774,0.0879441380847,6.690699688,62.0,0.9495918761669977,0.04118942760700228,6.643118135774291,0.04758155222570881,0.1886776361214815,0.1863703501867972,0.0023072859346842944,0.0023072859346842944,0.08876241179532826
19261.0,0.991204329385,0.0995867165012,7.049338453,53.0,1.000773054424837,-0.009568725039836967,6.806139303715041,0.24319914928495923,-0.04383174338907166,0.9525773855036068,-0.9964091288926785,0.9964091288926785,0.10047042123291502
20850.0,0.991758559643,0.0975946489361,6.643624343,61.0,0.955278673751202,0.03647988589179796,6.661231598878818,-0.017607255878818506,0.16710449831246768,-0.06896518273296129,0.23606968104542897,0.23606968104542897,0.09840565325821923
18209.0,0.9924392137,0.0599652711146,7.112874682,65.0,0.9325314834143845,0.05990773028561547,6.588777746460708,0.5240969355392924,0.27442112193303797,2.0528151108847132,-1.7783939889516753,1.7783939889516753,0.06042210977439937
10903.0,0.993604840357,0.0488428324962,6.354576285,66.0,0.9268446858301802,0.06676015452681983,6.57066428335618,-0.21608799835617987,0.30581022546387165,-0.8463867621167201,1.1521969875805917,1.1521969875805917,0.04915720064190798
17768.0,0.994361802987,0.0397755469421,6.736735578,68.0,0.9154710906617713,0.0788907123252287,6.534437357147125,0.2022982208528754,0.36137703236578883,0.7923741134730244,-0.4309970811072356,0.4309970811072356,0.04000108091704324
11402.0,0.99455921646,0.0300329328936,6.353492095,77.0,0.864289912403932,0.13026930405606796,6.371416189206375,-0.017924094206374974,0.5967284756419137,-0.07020619458098151,0.6669346702228952,0.6669346702228952,0.030197229482723204
17325.0,0.995008282381,0.037890397711,6.747287529,55.0,0.9893994592564282,0.005608823124571782,6.769912377505985,-0.022624848505985007,0.02569250290790153,-0.08861839813425397,0.1143109010421555,0.1143109010421555,0.03808048473760476
14776.0,0.99572352447,0.0448540461187,6.809583872,62.0,0.9495918761669977,0.046131648303002315,6.643118135774291,0.16646573622570937,0.21131661345831212,0.6520232338642733,-0.4407066204059612,0.4407066204059612,0.04504668717410764
13633.0,0.995809775875,0.0587260398291,7.063452502,56.0,0.9837126616722238,0.012097114202776149,6.751798914401458,0.311653587598542,0.055413610828701644,1.2207039396736852,-1.1652903288449836,1.1652903288449836,0.058973150547250344
14044.0,0.99611173317,0.103938271764,7.010831159,55.0,0.9893994592564282,0.006712273913571765,6.769912377505985,0.24091878149401502,0.030747112756607138,0.943645500689573,-0.9128983879329658,0.9128983879329658,0.10434398903547652
10752.0,0.996335619933,0.0480546365384,6.672643289,53.0,1.000773054424837,-0.004437434491836978,6.806139303715041,-0.1334960147150408,-0.02032668815774938,-0.5228854008999989,0.5025587127422495,0.5025587127422495,0.0482313746261842
10107.0,0.996980445905,0.0389949262697,6.722162362,53.0,1.000773054424837,-0.003792608519836982,6.806139303715041,-0.08397694171504089,-0.017372914648985865,-0.32892605018026566,0.3115531355312798,0.3115531355312798,0.03911303018014832
17135.0,0.997389936378,0.0317125760222,6.649709287,61.0,0.955278673751202,0.042111262626797985,6.661231598878818,-0.011522311878818137,0.19290031321446166,-0.04513129982877182,0.23803161304323348,0.23803161304323348,0.03179556446835982
15840.0,0.998734139652,0.082195364808,6.304668296,71.0,0.8984106979091583,0.10032344174284169,6.480096967833541,-0.17542867183354094,0.4595545734748837,-0.6871298113044001,1.1466843847792838,1.1466843847792838,0.08229954453808923
13898.0,0.998861212033,0.0503234706313,6.72400932,55.0,0.9893994592564282,0.009461752776571797,6.769912377505985,-0.04590305750598489,0.04334173236109598,-0.17979591883538332,0.2231376511964793,0.2231376511964793,0.05038084372990692
18380.0,1.00009317031,0.0388912830842,6.876562673,57.0,0.9780258640880195,0.0220673062219805,6.73368545129693,0.1428772217030696,0.10108436595084706,0.5596302894072109,-0.45854592345636386,0.45854592345636386,0.038887659908871115
10700.0,1.00033866961,0.045820119118,6.736134322,61.0,0.955278673751202,0.04505999585879805,6.661231598878818,0.0749027231211814,0.2064076632333788,0.2933835926961783,-0.0869759294627995,0.0869759294627995,0.0458046064897839
19465.0,1.00128725072,0.0319179620104,6.576863335,70.0,0.9040974954933627,0.0971897552266372,6.4982104309380695,0.07865290406193015,0.44520000244601343,0.30807253205393137,0.13712747039208206,0.13712747039208206,0.031876928411351105
10364.0,1.00179178705,0.0559590642068,6.401395782,79.0,0.8529163172355232,0.14887546981447675,6.33518926299732,0.06620651900268015,0.6819582925278423,0.25932176555836467,0.4226365269694777,0.4226365269694777,0.05585897681551571
15504.0,1.00187051126,0.0842453406616,7.134491809,50.0,1.0178334471774502,-0.01596293591745024,6.860479693028624,0.2740121159713764,-0.07312189533683114,1.0732675085244126,-1.1463894038612437,1.1463894038612437,0.0840880530116103
16815.0,1.00239658558,0.0181859603756,6.352790715,62.0,0.9495918761669977,0.052804709413002415,6.643118135774291,-0.2903274207742905,0.24188410295930646,-1.137172297823836,1.3790564007831425,1.3790564007831425,0.018142480368762787
10104.0,1.00256271097,0.0761750918668,6.911652656,51.0,1.0121466495932459,-0.009583938623245913,6.842366229924096,0.0692864260759043,-0.043901432703085067,0.2713853350076488,-0.31528676771073383,0.31528676771073383,0.07598037612340383
12553.0,1.00345693178,0.0409538387937,6.681123729,64.0,0.9382182809985888,0.06523865078141111,6.6068912095652355,0.07423251943476483,0.29884062800374833,0.2907584976773897,0.008082130326358627,0.008082130326358627,0.04081275189464614
13096.0,1.0035142759,0.034397258461,6.865253214,50.0,1.0178334471774502,-0.014319171277450193,6.860479693028624,0.004773520971376399,-0.06559225376049221,0.018697220528647585,-0.0842894742891398,0.0842894742891398,0.034276800327679324
16664.0,1.00357298042,0.0738054331112,6.802823593,65.0,0.9325314834143845,0.07104149700561546,6.588777746460708,0.21404584653929248,0.3254218982948949,0.838387936280974,-0.5129660379860791,0.5129660379860791,0.0735426666033915
13804.0,1.00420878224,0.0812702153972,5.931742066,84.0,0.8244823293145014,0.17972645292549871,6.2446219474746805,-0.3128798814746805,0.8232783084540121,-1.2255071629490364,2.0487854714030487,2.0487854714030487,0.08092960033262972
19674.0,1.00513982482,0.0539495148553,6.789031976,63.0,0.9439050785827933,0.061234746237206816,6.625004672669763,0.1640273033302373,0.28049982337144275,0.642472229927277,-0.3619724065558343,0.3619724065558343,0.05367364173930851
19413.0,1.00581680457,0.0425152092851,6.475241743,64.0,0.9382182809985888,0.06759852357141116,6.6068912095652355,-0.13164946656523568,0.3096505674817352,-0.5156527275377789,0.825303295019514,0.825303295019514,0.04226933681355206
18994.0,1.00585356921,0.104506480206,6.462695533,62.0,0.9495918761669977,0.056261693043002214,6.643118135774291,-0.180422602774291,0.2577196106930467,-0.7066903471570618,0.9644099578501085,0.9644099578501085,0.10389830429103081
15530.0,1.00587618575,0.0620209176786,6.37827211,51.0,1.0121466495932459,-0.00627046384324581,6.842366229924096,-0.46409411992409577,-0.028723300226869645,-1.817792392303543,1.7890690920766734,1.7890690920766734,0.06165860029020972
18322.0,1.00616406031,0.0664223373346,6.967981943,50.0,1.0178334471774502,-0.011669386867450227,6.860479693028624,0.10750224997137625,-0.05345430750203644,0.42107142444606416,-0.4745257319481006,0.4745257319481006,0.0660154143392234
17036.0,1.00668508056,0.12462107523,6.216447275,85.0,0.8187955317302971,0.187889548829703,6.226508484370153,-0.010061209370152646,0.8606712446543775,-0.039408363660000396,0.9000796083143779,0.9000796083143779,0.12379350567177934
10739.0,1.00689763885,0.0746336055369,6.512155606,54.0,0.9950862568406327,0.011811382009367266,6.788025840610513,-0.27587023461051263,0.054104748871925415,-1.0805455018908694,1.134650250762795,1.134650250762795,0.07412233642949118
18582.0,1.00883726317,0.0869356510998,6.534289475,61.0,0.955278673751202,0.053558589418797986,6.661231598878818,-0.12694212387881887,0.2453374235242316,-0.4972147181858532,0.7425521417100849,0.7425521417100849,0.08617410783046225
19883.0,1.00884411365,0.104179528234,6.47088349,65.0,0.9325314834143845,0.07631263023561541,6.588777746460708,-0.1178942564607075,0.34956753505894417,-0.461775474607624,0.8113430096665681,0.8113430096665681,0.10326622996002649
20694.0,1.00891266159,0.0563129480801,6.975799124,62.0,0.9495918761669977,0.05932078542300223,6.643118135774291,0.33268098822570913,0.27173248614357903,1.3030653557076457,-1.0313328695640667,1.0313328695640667,0.05581548356361529
19410.0,1.00965620393,0.107044035598,6.70305661,70.0,0.9040974954933627,0.1055587084366374,6.4982104309380695,0.20484617906193048,0.4835359153297769,0.8023541128944461,-0.3188181975646692,0.3188181975646692,0.10602028213300754
17621.0,1.00971176778,0.0826632658967,6.675058539,62.0,0.9495918761669977,0.06011989161300235,6.643118135774291,0.031940403225709346,0.27539297563563586,0.12510613579913074,0.15028683983650512,0.15028683983650512,0.08186818113296566
20673.0,1.00995693279,0.0879813166719,7.31338116,70.0,0.9040974954933627,0.10585943729663727,6.4982104309380695,0.8151707290619301,0.4849134729632469,3.192910847393767,-2.70799737443052,2.70799737443052,0.0871139291344356
10529.0,1.01143122176,0.0784798366838,6.748921088,61.0,0.955278673751202,0.0561525480087981,6.661231598878818,0.08768948912118191,0.2572196467886071,0.34346758419507534,-0.08624793740646824,0.08624793740646824,0.07759285554507261
10323.0,1.01199554009,0.0483255515842,6.436694286,74.0,0.8813503051565452,0.1306452349334548,6.425756578519958,0.010937707480041858,0.5984505133931343,0.04284148536446335,0.555609028028671,0.555609028028671,0.04775273177577666
17515.0,1.01204593619,0.0375633568224,6.416929486,71.0,0.8984106979091583,0.11363523828084177,6.480096967833541,-0.06316748183354104,0.5205323158043982,-0.24741827786304046,0.7679505936674387,0.7679505936674387,0.037116256761835276
16899.0,1.0129831944,0.0385109132322,6.493732793,78.0,0.8586031148197276,0.15438007958027244,6.353302726101847,0.14043006689815307,0.7071734222036185,0.5500451229588752,0.15712829924474325,0.15712829924474325,0.03801732688666212
17596.0,1.01339717542,0.0600518501215,6.483516121,61.0,0.955278673751202,0.05811850166879795,6.661231598878818,-0.17771547787881836,0.26622514919160933,-0.696086913868981,0.9623120630605904,0.9623120630605904,0.059257960825292076
16604.0,1.0135148308,0.0611711528359,6.573686695,65.0,0.9325314834143845,0.08098334738561541,6.588777746460708,-0.01509105146070766,0.37096282802738173,-0.059109558512877344,0.4300723865402591,0.4300723865402591,0.060355459019396526
11160.0,1.01358730043,0.102268511409,6.54531148,61.0,0.955278673751202,0.05830862667879799,6.661231598878818,-0.11592011887881881,0.2670960604797352,-0.45404305111063015,0.7211391115903654,0.7211391115903654,0.10089758560078056
16736.0,1.0138225712,0.0383541998011,6.406171343,85.0,0.8187955317302971,0.1950270394697029,6.226508484370153,0.17966285862984677,0.8933661603167997,0.7037145345652241,0.18965162575157557,0.18965162575157557,0.037831274318249265
11019.0,1.01488110248,0.0875588921601,6.702981142,50.0,1.0178334471774502,-0.0029523446974502043,6.860479693028624,-0.15749855102862398,-0.01352389316611909,-0.6169000113715928,0.6033761182054737,0.6033761182054737,0.08627502467642559
16077.0,1.01513033377,0.0431817153408,6.88996588,50.0,1.0178334471774502,-0.0027031134074502194,6.860479693028624,0.029486186971376505,-0.01238223198322102,0.1154933106314178,-0.12787554261463882,0.12787554261463882,0.04253809969448097
14823.0,1.01614590754,0.0979285708045,6.864254157,64.0,0.9382182809985888,0.07792762654141105,6.6068912095652355,0.25736294743476495,0.3569653966711469,1.008055021219075,-0.6510896245479282,0.6510896245479282,0.09637254854627765
10453.0,1.01661877342,0.0776024958185,6.725183667,70.0,0.9040974954933627,0.11252127792663735,6.4982104309380695,0.2269732360619301,0.5154295644777785,0.8890227306421664,-0.37359316616438787,0.37359316616438787,0.07633391970270034
13783.0,1.0166698197,0.0858098604321,6.566514495,68.0,0.9154710906617713,0.10119872903822857,6.534437357147125,0.032077137852875026,0.4635640280222124,0.12564170639646322,0.3379223216257492,0.3379223216257492,0.08440287964623644
16352.0,1.01670545783,0.0499224053466,6.266441253,60.0,0.9609654713354063,0.055739986494593774,6.679345061983346,-0.4129038089833461,0.25532981398982507,-1.6172870340305987,1.8726168480204237,1.8726168480204237,0.049102131755200396
11420.0,1.01704497796,0.0577530583916,7.305608959,50.0,1.0178334471774502,-0.0007884692174502383,6.860479693028624,0.44512926597137614,-0.0036117643955259713,1.7435096859377741,-1.7471214503333001,1.7471214503333001,0.05678515664807836
19178.0,1.01812789427,0.0764263652183,6.397520927,69.0,0.909784293077567,0.10834360119243303,6.516323894042596,-0.11880296704259585,0.496292756406297,-0.4653347681035911,0.9616275245098881,0.9616275245098881,0.07506558424381239
20840.0,1.01962750157,0.0477382202785,6.247738141,80.0,0.8472295196513189,0.17239798191868116,6.317075799892791,-0.06933765889279098,0.789708563345049,-0.271586006855825,1.061294570200874,1.061294570200874,0.046819274887146274
12326.0,1.02012239104,0.0801604205638,6.44249371,70.0,0.9040974954933627,0.1160248955466372,6.4982104309380695,-0.055716720938069564,0.5314786899165297,-0.21823467934023236,0.749713369256762,0.749713369256762,0.07857921879557768
16867.0,1.02024622493,0.0571885265661,6.269083574,80.0,0.8472295196513189,0.17301670527868107,6.317075799892791,-0.047992225892791396,0.7925427678426633,-0.1879789020638695,0.9805216699065328,0.9805216699065328,0.056053651725125234
19526.0,1.02050783833,0.0664621126812,6.63994177,55.0,0.9893994592564282,0.031108379073571668,6.769912377505985,-0.12997060750598521,0.1424990772674551,-0.5090768691188994,0.6515759463863544,0.6515759463863544,0.06512650876838073
11906.0,1.02054512056,0.115776476936,6.697422687,70.0,0.9040974954933627,0.1164476250666373,6.4982104309380695,0.19921225606193094,0.5334150996018837,0.7802868167824029,-0.24687171718051915,0.24687171718051915,0.11344572092262849
17372.0,1.02131785134,0.105957759313,6.560164834,81.0,0.8415427220671146,0.17977512927288553,6.298962336788264,0.2612024972117357,0.8235012816462496,1.0230940059310334,-0.1995927242847838,0.1995927242847838,0.10374611505515173
9988.0,1.02149338003,0.0809772213179,6.85628251,54.0,0.9950862568406327,0.02640712318936722,6.788025840610513,0.06825666938948682,0.12096389461094481,0.26735192068471025,-0.14638802607376544,0.14638802607376544,0.07927336867863187
14835.0,1.02255356396,0.0655025699016,7.027422447,58.0,0.9723390665038152,0.05021449745618489,6.715571988192401,0.31185045880759876,0.23001904200898518,1.2214750569335753,-0.9914560149245901,0.9914560149245901,0.06405783736935106
20902.0,1.02271638867,0.0637211458829,7.110322996,52.0,1.0064598520090415,0.016256536660958387,6.824252766819568,0.28607022918043157,0.07446680099507848,1.1204974679570816,-1.0460306669620032,1.0460306669620032,0.062305783488780006
19165.0,1.02320853944,0.0368160824463,6.898189306,51.0,1.0121466495932459,0.011061889846754047,6.842366229924096,0.05582307607590398,0.05067152783077167,0.21865125768530902,-0.16797972985453735,0.16797972985453735,0.03598101562605153
12181.0,1.02428432846,0.0853722826004,6.944513178,60.0,0.9609654713354063,0.06331885712459373,6.679345061983346,0.26516811601665413,0.29004657210024415,1.038626785565336,-0.7485802134650918,0.7485802134650918,0.08334822688223324
13216.0,1.02429862738,0.10247720846,6.591694331,66.0,0.9268446858301802,0.0974539415498199,6.57066428335618,0.021030047643820104,0.4464101685942137,0.08237178403158739,0.36403838456262627,0.36403838456262627,0.10004622257682907
10051.0,1.02509826586,0.0571833904275,6.496445674,74.0,0.8813503051565452,0.14374796070345486,6.425756578519958,0.07068909548004232,0.6584705590373555,0.27687939679877005,0.38159116223858547,0.38159116223858547,0.05578332568880734
12624.0,1.02525419013,0.0318486826423,6.442415761,70.0,0.9040974954933627,0.12115669463663736,6.4982104309380695,-0.05579466993806914,0.5549860746413176,-0.21853999477756234,0.7735260694188799,0.7735260694188799,0.031064181886700366
14184.0,1.02560797667,0.0740042455732,6.929518882,56.0,0.9837126616722238,0.0418953149977761,6.751798914401458,0.17771996759854236,0.19191111548734974,0.6961044994793292,-0.5041933839919794,0.5041933839919794,0.07215646451335239
11797.0,1.02600724496,0.0639837381666,6.890143393,64.0,0.9382182809985888,0.08778896396141112,6.6068912095652355,0.2832521834347643,0.4021375182930947,1.109459573060945,-0.7073220547678503,0.7073220547678503,0.06236187754121997
11696.0,1.02611154525,0.177843058888,6.80898557,75.0,0.8756635075723407,0.15044803767765935,6.40764311541543,0.40134245458456963,0.689161800911034,1.572002810058405,-0.882841009147371,0.882841009147371,0.17331747187843075
17365.0,1.02612440054,0.0392918213814,6.430753442,74.0,0.8813503051565452,0.14477409538345487,6.425756578519958,0.004996863480042357,0.6631710046859802,0.019572022202922982,0.6435989824830572,0.6435989824830572,0.03829147943536144
12067.0,1.02688980394,0.0836682609495,6.61572655,62.0,0.9495918761669977,0.07729792777300237,6.643118135774291,-0.027391585774291016,0.35408091679379705,-0.10728904783749438,0.46136996463129143,0.46136996463129143,0.08147735095672314
16061.0,1.0278716941,0.0602942787136,6.818834545,56.0,0.9837126616722238,0.04415903242777608,6.751798914401458,0.067035630598542,0.2022805932478705,0.2625692808502516,-0.0602886876023811,0.0602886876023811,0.05865934343721121
16560.0,1.02969966782,0.103413988729,6.528747697,76.0,0.8699767099881364,0.15972295783186374,6.389529652310903,0.13921804468909738,0.7316477035219572,0.5452977998269107,0.18634990369504645,0.18634990369504645,0.10043121500460424
18355.0,1.03032797332,0.0825759535745,6.758546942,56.0,0.9837126616722238,0.0466153116477761,6.751798914401458,0.0067480275985420946,0.21353214452713945,0.02643108952487999,0.18710105500225946,0.18710105500225946,0.08014530878785867
15440.0,1.03054342187,0.0475230662614,6.877594513,51.0,1.0121466495932459,0.01839677227675418,6.842366229924096,0.03522828307590409,0.08427064193659971,0.13798430581229448,-0.053713663875694775,0.053713663875694775,0.046114569510487737
14718.0,1.03096998881,0.110463564203,6.765111467,55.0,0.9893994592564282,0.041570529553571656,6.769912377505985,-0.004800910505985634,0.1904233611431077,-0.01880450154235563,0.20922786268546334,0.20922786268546334,0.10714527619810048
14150.0,1.0309880972,0.0709805422345,6.716877125,62.0,0.9495918761669977,0.08139622103300237,6.643118135774291,0.07375898922570912,0.3728540906239171,0.2889037454308235,0.08395034519309363,0.08395034519309363,0.06884710155943786
12381.0,1.03159791213,0.0321710104014,6.387650303,62.0,0.9495918761669977,0.08200603596300238,6.643118135774291,-0.25546783277429075,0.3756474880112706,-1.000632119560859,1.3762796075721295,1.3762796075721295,0.031185610229643303
11641.0,1.03174138808,0.075599074825,6.509556338,73.0,0.8870371027407495,0.1447042853392504,6.443870041624486,0.06568629637551471,0.6628512237401581,0.2572841255768019,0.40556709816335623,0.40556709816335623,0.07327327923297204
13855.0,1.03231103492,0.0738848228484,6.988915353,51.0,1.0121466495932459,0.02016438532675413,6.842366229924096,0.1465491230759044,0.09236759960820318,0.574012618538896,-0.4816450189306928,0.4816450189306928,0.0715722493987733
20025.0,1.03294120189,0.0850748906525,6.698437991,65.0,0.9325314834143845,0.10040971847561542,6.588777746460708,0.1096602445392918,0.45994978387079766,0.4295239902937651,0.030425793577032567,0.030425793577032567,0.08236179416295547
18673.0,1.03306819859,0.0707983517156,6.431659586,72.0,0.8927239003249539,0.14034429826504624,6.461983504729013,-0.030323918729012966,0.6428793012718497,-0.11877458990311315,0.7616538911749628,0.7616538911749628,0.06853211802689337
15356.0,1.03348309689,0.0396030121196,6.600307235,63.0,0.9439050785827933,0.08957801830720669,6.625004672669763,-0.02469743766976329,0.4103326927460698,-0.09673644284230395,0.5070691355883737,0.5070691355883737,0.03831994179563751
17089.0,1.03377386336,0.0566458787762,6.698876293,85.0,0.8187955317302971,0.21497833162970292,6.226508484370153,0.47236780862984684,0.9847576377181002,1.8501992850865454,-0.8654416473684452,0.8654416473684452,0.05479523209465561
18254.0,1.034473142,0.0512572695758,6.941874075,55.0,0.9893994592564282,0.04507368274357171,6.769912377505985,0.17196169749401502,0.2064703591535455,0.6735501529804968,-0.4670797938269513,0.4670797938269513,0.04954915453551717
12002.0,1.03465948862,0.0944935381539,6.825928468,67.0,0.9211578882459758,0.11350160037402424,6.5525508202516525,0.2733776477483474,0.5199201566698958,1.070782384366474,-0.5508622276965783,0.5508622276965783,0.09132815113881848
10422.0,1.03561026925,0.0683758519223,6.760819643,63.0,0.9439050785827933,0.09170519066720673,6.625004672669763,0.13581497033023648,0.42007669444323176,0.5319684288773449,-0.1118917344341131,0.1118917344341131,0.0660246947645841
18289.0,1.0356787508,0.0876115895766,7.024934191,60.0,0.9609654713354063,0.07471327946459372,6.679345061983346,0.34558912901665373,0.3422413414132198,1.3536247554526797,-1.01138341403946,1.01138341403946,0.08459340264432892
16326.0,1.03614662605,0.0432702258995,6.36788171,80.0,0.8472295196513189,0.1889171063986812,6.317075799892791,0.050805910107208696,0.8653782081728651,0.19899971344615736,0.6663784947267077,0.6663784947267077,0.04176071688275899
11562.0,1.03681850649,0.024738704011,6.165917891,85.0,0.8187955317302971,0.2180229747597029,6.226508484370153,-0.06059059337015249,0.9987043250593985,-0.2373249626421353,1.2360292877015338,1.2360292877015338,0.023860206830942213
10966.0,1.03765545454,0.0564606033107,6.954866725,55.0,0.9893994592564282,0.04825599528357183,6.769912377505985,0.1849543474940143,0.22104767285588245,0.7244405635931632,-0.5033928907372808,0.5033928907372808,0.0544117057966311
15225.0,1.03828843996,0.0939953223066,7.019008138,53.0,1.000773054424837,0.03751538553516309,6.806139303715041,0.21286883428495962,0.17184784232731765,0.8337777422929005,-0.6619298999655828,0.6619298999655828,0.09052910413817297
16641.0,1.03959639851,0.0435887933768,6.678423624,64.0,0.9382182809985888,0.10137811751141124,6.6068912095652355,0.07153241443476421,0.464385758136806,0.2801825603476415,0.1842031977891645,0.1842031977891645,0.04192857289547518
11361.0,1.0400518579,0.0695804069371,6.822930316,53.0,1.000773054424837,0.03927880347516299,6.806139303715041,0.016791012284959272,0.17992558333377026,0.06576806962274456,0.1141575137110257,0.1141575137110257,0.06690090153542141
16254.0,1.04032790771,0.0590368265227,6.526727639,74.0,0.8813503051565452,0.15897760255345483,6.425756578519958,0.10097106048004179,0.7282334324293199,0.3954896597557845,0.33274377267353544,0.33274377267353544,0.05674828684799351
15550.0,1.04052292729,0.0472226265887,7.072260412,64.0,0.9382182809985888,0.10230464629141123,6.6068912095652355,0.4653692024347649,0.46862993607675874,1.8227867139032923,-1.3541567778265335,1.3541567778265335,0.04538355220263087
17013.0,1.04182167089,0.0467958805817,6.392539635,83.0,0.8301691268987057,0.2116525439912944,6.262735410579208,0.1298042244207922,0.9695231033651565,0.5084251696176832,0.4610979337474732,0.4610979337474732,0.04491736147293187
14858.0,1.04242568822,0.053438643799,6.885378139,57.0,0.9780258640880195,0.06439982413198053,6.73368545129693,0.1516926877030702,0.2949981898217873,0.5941592488174973,-0.29916105899570994,0.29916105899570994,0.051263744171778286
18955.0,1.04263448097,0.0507294898903,6.868835078,57.0,0.9780258640880195,0.06460861688198061,6.73368545129693,0.13514962670307007,0.2959546129817591,0.5293623700375376,-0.2334077570557785,0.2334077570557785,0.04865510475263061
19536.0,1.04313285293,0.0979890135974,6.612583966,59.0,0.9666522689196108,0.07648058401038915,6.697458525087875,-0.08487455908787478,0.35033688591043793,-0.3324418931127377,0.6827787790231756,0.6827787790231756,0.09393723275243793
20183.0,1.0435879887,0.0433589630086,6.994083222,53.0,1.000773054424837,0.04281493427516292,6.806139303715041,0.18794391828495982,0.1961236428631755,0.7361502983360264,-0.5400266554728509,0.5400266554728509,0.04154797053826996
9973.0,1.04359530742,0.0882918137903,6.497133232,63.0,0.9439050785827933,0.09969022883720668,6.625004672669763,-0.12787144066976275,0.4566539962846215,-0.5008547233488017,0.9575087196334231,0.9575087196334231,0.08460349827422761
15444.0,1.04440779985,0.132557446218,6.200813602,84.0,0.8244823293145014,0.2199254705354987,6.2446219474746805,-0.043808345474680266,1.0074191440448228,-0.1715912219191737,1.1790103659639966,1.1790103659639966,0.12692115688626432
20212.0,1.04468952195,0.071438054328,7.17295557,51.0,1.0121466495932459,0.03254287235675424,6.842366229924096,0.3305893400759041,0.14907010331533874,1.294872659590933,-1.1458025562755942,1.1458025562755942,0.06838209135538655
11676.0,1.04497851311,0.0674667874518,6.040021212,85.0,0.8187955317302971,0.22618298137970294,6.226508484370153,-0.18648727237015272,1.0360831100837262,-0.7304448180281754,1.7665279281119015,1.7665279281119015,0.0645628466091705
18503.0,1.04564453906,0.0662536139444,7.086199493,61.0,0.955278673751202,0.09036586530879798,6.661231598878818,0.4249678941211812,0.41394160693890436,1.6645403846812072,-1.2505987777423029,1.2505987777423029,0.06336150715611237
13260.0,1.0458225848,0.0527348343257,6.708889945,56.0,0.9837126616722238,0.06210992312777619,6.751798914401458,-0.0429089694014575,0.28450877218414017,-0.16806849040085242,0.4525772625849926,0.4525772625849926,0.05042426420326814
12618.0,1.04588036775,0.0554241047358,6.487506348,62.0,0.9495918761669977,0.09628849158300223,6.643118135774291,-0.15561178777429063,0.44107155726765973,-0.6095098210145894,1.050581378282249,1.050581378282249,0.05299277665478486
11412.0,1.04600763627,0.0452469424109,6.972662591,68.0,0.9154710906617713,0.13053654560822858,6.534437357147125,0.43822523385287493,0.5979526369683635,1.7164675483143037,-1.1185149113459403,1.1185149113459403,0.04325679932151152
20992.0,1.04618544929,0.0494512750045,7.05379014,61.0,0.955278673751202,0.090906775538798,6.661231598878818,0.3925585411211818,0.41641937051756067,1.537597437564113,-1.1211780670465523,1.1211780670465523,0.04726817318866402
18804.0,1.04693623828,0.0505448373631,6.449610066,76.0,0.8699767099881364,0.17695952829186368,6.389529652310903,0.060080413689097334,0.8106037744890923,0.23532665948957307,0.5752771149995192,0.5752771149995192,0.04827881155985158
14428.0,1.0473200831,0.0715984214053,6.342744717,55.0,0.9893994592564282,0.05792062384357177,6.769912377505985,-0.42716766050598487,0.265318724352188,-1.673156564950406,1.938475289302594,1.938475289302594,0.06836345694181026
12688.0,1.04748602119,0.0626159496349,6.574784692,79.0,0.8529163172355232,0.1945697039544767,6.33518926299732,0.23959542900268005,0.8912712299198401,0.9384621122607817,-0.0471908823409416,0.0471908823409416,0.05977736062173407
10447.0,1.04860356895,0.0634800189864,6.390746358,60.0,0.9609654713354063,0.08763809761459362,6.679345061983346,-0.28859870398334575,0.40144644033106525,-1.1304011535750342,1.5318475939060994,1.5318475939060994,0.060537672067971844
11614.0,1.04873897439,0.0323441756697,6.365450413,67.0,0.9211578882459758,0.1275810861440242,6.5525508202516525,-0.1871004072516529,0.5844144758975323,-0.7328463824419396,1.3172608583394718,1.3172608583394718,0.03084101617231592
14285.0,1.04888725863,0.0729070605162,6.822718655,60.0,0.9609654713354063,0.08792178729459366,6.679345061983346,0.14337359301665398,0.4027459460859198,0.5615745070968016,-0.15882856101088177,0.15882856101088177,0.06950895810425543
17296.0,1.04929818257,0.0221148430002,6.62649137,80.0,0.8472295196513189,0.2020686629186812,6.317075799892791,0.309415570107209,0.9256219342859664,1.2119379351178576,-0.28631600083189124,0.28631600083189124,0.021075842279679815
12668.0,1.05126000061,0.0527248480798,6.624747365,53.0,1.000773054424837,0.05048694618516292,6.806139303715041,-0.18139193871504045,0.23126705600515776,-0.710487101787284,0.9417541577924418,0.9417541577924418,0.0501539562517418
13866.0,1.05170779861,0.0540979090656,7.078174003,53.0,1.000773054424837,0.05093474418516308,6.806139303715041,0.2720346992849594,0.2333182976224507,1.0655222412291259,-0.8322039436066752,0.8322039436066752,0.05143815529094586
16319.0,1.05209929396,0.0524762442616,6.214654712,80.0,0.8472295196513189,0.20486977430868114,6.317075799892791,-0.10242108789279136,0.938453068542571,-0.40116921630771596,1.339622284850287,1.339622284850287,0.04987765371848553
15937.0,1.05211467557,0.0192921952668,6.886191568,63.0,0.9439050785827933,0.10820959698720667,6.625004672669763,0.261186895330237,0.4956789193577786,1.0230328955220098,-0.5273539761642312,0.5273539761642312,0.01833658983641507
17922.0,1.05283309773,0.0573172027334,6.296881107,64.0,0.9382182809985888,0.11461481673141116,6.6068912095652355,-0.31001010256523553,0.5250194999481651,-1.2142666364152475,1.7392861363634124,1.7392861363634124,0.05444092027215034
15466.0,1.05314479658,0.0786183178304,6.458859689,69.0,0.909784293077567,0.143360503502433,6.516323894042596,-0.05746420504259664,0.656695722312637,-0.2250793325571277,0.8817750548697647,0.8817750548697647,0.07465100533725888
19617.0,1.05419519817,0.0434056140169,6.481890343,73.0,0.8870371027407495,0.16715809542925042,6.443870041624486,0.038020301375514265,0.7657060594548856,0.14892025480693752,0.6167858046479481,0.6167858046479481,0.04117417162613597
19059.0,1.05636650847,0.0495076363008,6.220049914,50.0,1.0178334471774502,0.03853306129254985,6.860479693028624,-0.640429779028624,0.17650953993753718,-2.508474747133783,2.68498428707132,2.68498428707132,0.04686596546165111
13845.0,1.05714070626,0.0595287012825,6.765624812,52.0,1.0064598520090415,0.050680854250958474,6.824252766819568,-0.05862795481956784,0.23215529644948418,-0.22963757925818307,0.46179287570766725,0.46179287570766725,0.056311048217132155
15279.0,1.05750068637,0.032553731689,6.766196849,72.0,0.8927239003249539,0.1647767860450462,6.461983504729013,0.3042133442709867,0.7547979247322468,1.1915615370077577,-0.43676361227551086,0.43676361227551086,0.03078365064777844
19180.0,1.05817471978,0.0560894927789,6.595072638,67.0,0.9211578882459758,0.13701683153402422,6.5525508202516525,0.042521817748347956,0.6276370754494307,0.16655207099479452,0.4610850044546362,0.4610850044546362,0.05300588998247973
14389.0,1.05845713929,0.068846666572,6.66436806,50.0,1.0178334471774502,0.04062369211254979,6.860479693028624,-0.19611163302862344,0.18608615471557902,-0.7681421057865615,0.9542282605021405,0.9542282605021405,0.06504435939482774
12667.0,1.05875059152,0.0551151745044,7.03164676,52.0,1.0064598520090415,0.05229073951095842,6.824252766819568,0.20739399318043183,0.23952974574219463,0.8123335479331248,-0.5728038021909302,0.5728038021909302,0.052056806339322706
16827.0,1.05893729072,0.0782275305655,6.884694815,72.0,0.8927239003249539,0.16621339039504623,6.461983504729013,0.4227113102709863,0.76137862100669,1.6557016582690944,-0.8943230372624045,0.8943230372624045,0.07387361957223264
20470.0,1.06006269436,0.113505091846,7.004516207,64.0,0.9382182809985888,0.12184441336141116,6.6068912095652355,0.39762499743476454,0.5581363282584555,1.5574420452576456,-0.9993057169991901,0.9993057169991901,0.10707394237142485
16496.0,1.0604311892,0.0665417773098,6.79972419,58.0,0.9723390665038152,0.08809212269618483,6.715571988192401,0.08415220180759864,0.4035262065262121,0.32961251968989447,0.0739136868363176,0.0739136868363176,0.0627497361332797
19279.0,1.0649437193,0.0453435547261,6.736674177,51.0,1.0121466495932459,0.05279706970675413,6.842366229924096,-0.10569205292409567,0.24184910752966993,-0.41398113331793013,0.6558302408476,0.6558302408476,0.04257835780834019
19836.0,1.06559010483,0.170026466593,6.654608948,60.0,0.9609654713354063,0.10462463349459372,6.679345061983346,-0.024736113983346186,0.479257170460908,-0.09688793260607179,0.5761451030669797,0.5761451030669797,0.1595608534860835
15771.0,1.06619027325,0.0793558847616,6.319274421,85.0,0.8187955317302971,0.24739474151970287,6.226508484370153,0.09276593662984745,1.1332484506506506,0.3633513260160011,0.7698971246346495,0.7698971246346495,0.07442938352804937
16644.0,1.067077049,0.0598383563585,6.400500868,67.0,0.9211578882459758,0.14591916075402434,6.5525508202516525,-0.15204995225165252,0.6684162396862084,-0.5955586045743831,1.2639748442605916,1.2639748442605916,0.056076884433581324
16491.0,1.06775155539,0.0769636091888,7.089381174,56.0,0.9837126616722238,0.08403889371777629,6.751798914401458,0.33758225959854204,0.3849594599911085,1.3222629568658073,-0.9373034968746988,0.9373034968746988,0.07208007218560199
19355.0,1.06778288611,0.0575675735663,7.558095997,56.0,0.9837126616722238,0.08407022443777623,6.751798914401458,0.806297082598542,0.38510297755207035,3.158154003166186,-2.773051025614116,2.773051025614116,0.05391318245979974
14308.0,1.06820528627,0.0286220897341,6.547581523,71.0,0.8984106979091583,0.16979458836084171,6.480096967833541,0.0674845551664589,0.7777831210428711,0.26432765620827375,0.5134554648345973,0.5134554648345973,0.026794559156361888
12890.0,1.06876766726,0.140422522027,6.947177921,58.0,0.9723390665038152,0.09642860075618476,6.715571988192401,0.23160593280759834,0.4417133595244728,0.9071683621823861,-0.46545500265791323,0.46545500265791323,0.13138732236071593
15287.0,1.06920562371,0.043524389136,7.132283471,56.0,0.9837126616722238,0.08549296203777623,6.751798914401458,0.3804845565985424,0.3916201539923546,1.4903053123942567,-1.098685158401902,1.098685158401902,0.040707220548444376
14781.0,1.0716988298,0.0683587428939,6.925974901,66.0,0.9268446858301802,0.14485414396981988,6.57066428335618,0.3553106176438199,0.6635376856263983,1.3917024800125564,-0.7281647943861581,0.7281647943861581,0.06378540406417825
11236.0,1.07198941517,0.0925328622137,6.800810315,75.0,0.8756635075723407,0.19632590759765933,6.40764311541543,0.39316719958456936,0.8993159241822896,1.5399814684680986,-0.640665544285809,0.640665544285809,0.08631882078707447
15181.0,1.0728085395,0.0669267528006,6.542616678,74.0,0.8813503051565452,0.19145823434345477,6.425756578519958,0.11686009948004195,0.8770184285293288,0.45772482494154143,0.41929360358778733,0.41929360358778733,0.06238461974938446
15691.0,1.07289252872,0.0524105422819,6.576089574,80.0,0.8472295196513189,0.2256630090686811,6.317075799892791,0.25901377410720894,1.0337012574532822,1.0145210806612228,0.01918017679205941,0.01918017679205941,0.04884975976524666
17979.0,1.07290641109,0.0819595053444,6.726423907,62.0,0.9495918761669977,0.12331453492300226,6.643118135774291,0.08330577122570926,0.564870557820924,0.32629716832835765,0.23857338949256635,0.23857338949256635,0.07639017205716453
12674.0,1.07389665898,0.0622480084244,7.187813833,65.0,0.9325314834143845,0.14136517556561556,6.588777746460708,0.5990360865392921,0.647555664286148,2.346341386537087,-1.698785722250939,1.698785722250939,0.05796461689667971
17704.0,1.07425830932,0.0605092360386,7.00142378,67.0,0.9211578882459758,0.15310042107402422,6.5525508202516525,0.4488729597483472,0.7013116524236321,1.7581732159734598,-1.0568615635498277,1.0568615635498277,0.05632652362438047
17092.0,1.07485343773,0.0992993803586,6.368280261,85.0,0.8187955317302971,0.256057905999703,6.226508484370153,0.14177177662984697,1.172932065849521,0.5553004141557378,0.6176316516937832,0.6176316516937832,0.09238411198489715
14096.0,1.07510960497,0.0467736040725,6.477468355,67.0,0.9211578882459758,0.1539517167240242,6.5525508202516525,-0.07508246525165241,0.7052112077273622,-0.2940876177275665,0.9992988254549287,0.9992988254549287,0.04350589359101222
12824.0,1.07544836031,0.0797520206193,6.953210266,51.0,1.0121466495932459,0.06330171071675417,6.842366229924096,0.1108440360759042,0.2899680290398741,0.4341607377916203,-0.14419270875174617,0.14419270875174617,0.07415699680485943
19256.0,1.07552939294,0.0586962416124,6.504980868,84.0,0.8244823293145014,0.25104706362549867,6.2446219474746805,0.26035892052531917,1.1499787511503505,1.019789832882809,0.13018891826754153,0.13018891826754153,0.054574279417833126
16234.0,1.07571011538,0.0836014283106,6.985968735,54.0,0.9950862568406327,0.08062385853936727,6.788025840610513,0.1979428943894872,0.3693161067772275,0.7753149029136658,-0.4059987961364383,0.4059987961364383,0.07771743252694745
12429.0,1.07584467943,0.0630059597074,6.163690698,85.0,0.8187955317302971,0.257049147699703,6.226508484370153,-0.0628177863701529,1.1774726761868506,-0.24604856916456785,1.4235212453514183,1.4235212453514183,0.05856417837264537
17566.0,1.07601993353,0.0779017952706,6.730316775,58.0,0.9723390665038152,0.10368086702618484,6.715571988192401,0.014744786807598942,0.4749340313289664,0.057753287823113814,0.41718074350585255,0.41718074350585255,0.07239809676669717
12657.0,1.07751646062,0.0728173216534,6.914191881,56.0,0.9837126616722238,0.09380379894777624,6.751798914401458,0.1623929665985422,0.4296898518121754,0.6360707592992426,-0.20638090748706722,0.20638090748706722,0.06757884850455195
17911.0,1.07775137748,0.089440172346,6.543836188,77.0,0.864289912403932,0.213461465076068,6.371416189206375,0.17241999879362524,0.9778092819802574,0.6753452556979166,0.3024640262823408,0.3024640262823408,0.08298775971423869
17505.0,1.07791096369,0.0618228696334,6.804484889,51.0,1.0121466495932459,0.0657643140967541,6.842366229924096,-0.037881340924095674,0.30124854958695174,-0.1483759659642754,0.4496245155512272,0.4496245155512272,0.05735433789611203
19426.0,1.07795684013,0.104877532731,6.5465504,63.0,0.9439050785827933,0.13405176154720666,6.625004672669763,-0.07845427266976301,0.614054891171823,-0.3072945204005772,0.9213494115724001,0.9213494115724001,0.09729288671553116
15579.0,1.07804117398,0.0242226237157,6.90505257,68.0,0.9154710906617713,0.16257008331822864,6.534437357147125,0.3706152128528748,0.7446896159183612,1.4516484598126354,-0.7069588438942741,0.7069588438942741,0.022469108138303245
13518.0,1.07854670086,0.0715529639759,6.735113115,55.0,0.9893994592564282,0.08914724160357179,6.769912377505985,-0.03479926250598542,0.40835942108729545,-0.1363038916577962,0.5446633127450916,0.5446633127450916,0.06634201738213641
11607.0,1.07889098736,0.0768963735644,6.595562824,72.0,0.8927239003249539,0.18616708703504625,6.461983504729013,0.13357931927098665,0.852781112681042,0.5232116933082444,0.3295694193727976,0.3295694193727976,0.07127353408759315
16805.0,1.0789881857,0.141828102856,6.482874938,70.0,0.9040974954933627,0.1748906902066374,6.4982104309380695,-0.01533549293806935,0.8011269863394014,-0.06006700192539934,0.8611939882648008,0.8611939882648008,0.1314454641261787
19358.0,1.07934849281,0.024943118176,6.367774473,76.0,0.8699767099881364,0.20937178282186353,6.389529652310903,-0.02175517931090276,0.9590755528404988,-0.0852120243433087,1.0442875771838076,1.0442875771838076,0.023109420490376124
16075.0,1.07977028056,0.104584353843,6.954025245,63.0,0.9439050785827933,0.13586520197720675,6.625004672669763,0.3290205723302373,0.62236177168602,1.2887280136000923,-0.6663662419140722,0.6663662419140722,0.09685796666746517
16423.0,1.08077822781,0.060581449065,6.762679631,58.0,0.9723390665038152,0.1084391613061848,6.715571988192401,0.047107642807598715,0.49673049146156933,0.18451411263088413,0.3122163788306852,0.3122163788306852,0.056053543184115824
15200.0,1.08104272816,0.0478641383548,6.235421817,51.0,1.0121466495932459,0.06889607856675406,6.842366229924096,-0.6069444129240962,0.3155943162416062,-2.3773172057103644,2.6929115219519706,2.6929115219519706,0.04427589872998606
15740.0,1.08106461639,0.0793856346391,6.64535821,53.0,1.000773054424837,0.08029156196516296,6.806139303715041,-0.16078109371504024,0.3677939459763943,-0.6297572764534151,0.9975512224298093,0.9975512224298093,0.07343283041137035
19073.0,1.08178498924,0.0965562226286,6.844785698,51.0,1.0121466495932459,0.06963833964675414,6.842366229924096,0.0024194680759039855,0.31899441364756254,0.009476721365310293,0.30951769228225223,0.30951769228225223,0.0892563897530459
18741.0,1.08183726324,0.0681550425924,7.005290435,80.0,0.8472295196513189,0.23460774358868108,6.317075799892791,0.6882146351072089,1.0746746689090148,2.695641410355412,-1.6209667414463973,1.6209667414463973,0.06299934833847572
20272.0,1.08385464446,0.0473682343212,6.524843776,73.0,0.8870371027407495,0.19681754171925037,6.443870041624486,0.08097373437551436,0.9015679672255555,0.31716290296522587,0.5844050642603297,0.5844050642603297,0.043703493418898336
20341.0,1.08460936528,0.062566663922,7.011189403,51.0,1.0121466495932459,0.07246271568675411,6.842366229924096,0.16882317307590444,0.3319321169783743,0.6612569875095932,-0.32932487053121884,0.32932487053121884,0.05768589680750908
13564.0,1.08526305743,0.0615025106151,6.910907834,53.0,1.000773054424837,0.08449000300516296,6.806139303715041,0.10476853028495903,0.3870258697210192,0.4103638230451405,-0.023337953324121308,0.023337953324121308,0.05667060183615155
19577.0,1.08549836878,0.029628418496,6.337664143,68.0,0.9154710906617713,0.1700272781182286,6.534437357147125,-0.19677321414712523,0.7788490099353396,-0.7707334274010239,1.5495824373363636,1.5495824373363636,0.02729476095786271
20108.0,1.08608367487,0.0376652508813,6.633133159,60.0,0.9609654713354063,0.12511820353459369,6.679345061983346,-0.04621190298334632,0.5731326762758969,-0.18100562379617186,0.7541383000720687,0.7541383000720687,0.0346798794170333
20670.0,1.08693962128,0.0615340410815,6.498167901,77.0,0.864289912403932,0.22264970887606794,6.371416189206375,0.12675171179362543,1.0198981436374932,0.49646890041956937,0.5234292432179238,0.5234292432179238,0.05661219802534789
12641.0,1.08811282094,0.0576455393641,6.298758725,72.0,0.8927239003249539,0.1953889206150461,6.461983504729013,-0.1632247797290134,0.8950238400425718,-0.6393288561280411,1.5343526961706129,1.5343526961706129,0.052977538959885724
16661.0,1.0901603509,0.073900744906,6.87755222,50.0,1.0178334471774502,0.0723269037225498,6.860479693028624,0.01707252697137651,0.331309999074538,0.06687072366062523,0.26443927541391277,0.26443927541391277,0.06778887605386677
13254.0,1.09057589718,0.050681788877,6.741900376,62.0,0.9495918761669977,0.14098402101300223,6.643118135774291,0.09878224022570947,0.6458096982904515,0.38691635396364055,0.258893344326811,0.258893344326811,0.04647250045416596
12064.0,1.09330011019,0.106693250207,6.578420038,62.0,0.9495918761669977,0.14370823402300226,6.643118135774291,-0.06469809777429081,0.6582885818506302,-0.2534134885179148,0.911702070368545,0.911702070368545,0.09758825523987026
17860.0,1.09385388331,0.0875956745593,6.412207936,82.0,0.8358559244829101,0.25799795882708987,6.280848873683736,0.13135906231626393,1.181818923538214,0.5145152543145461,0.6673036692236678,0.6673036692236678,0.08007986797490323
19848.0,1.09430207475,0.0889463626629,6.722547522,66.0,0.9268446858301802,0.16745738891981987,6.57066428335618,0.15188323864382003,0.7670770420489139,0.5949056104617645,0.17217143158714943,0.17217143158714943,0.08128136162331624
19277.0,1.09511193469,0.0838514679727,6.348136487,81.0,0.8415427220671146,0.25356921262288545,6.298962336788264,0.049174150211735324,1.1615320340780357,0.19260833592872048,0.9689236981493152,0.9689236981493152,0.07656885594661732
20726.0,1.09616876243,0.107912570962,6.59485801,68.0,0.9154710906617713,0.1806976717682287,6.534437357147125,0.060420652852875456,0.8277271994935123,0.2366593291721382,0.5910678703213741,0.5910678703213741,0.09844521633947872
14664.0,1.09638425,0.0700440410181,7.078373564,53.0,1.000773054424837,0.09561119557516307,6.806139303715041,0.272234260284959,0.4379690472999833,1.0663038940276124,-0.6283348467276291,0.6283348467276291,0.06388639842108275
17211.0,1.09664075932,0.0604570307271,6.046115813,65.0,0.9325314834143845,0.16410927590561553,6.588777746460708,-0.5426619334607077,0.7517402411830467,-2.125531636554548,2.8772718777375945,2.8772718777375945,0.05512929390349117
12126.0,1.09665139828,0.0802594291987,7.057149408,60.0,0.9609654713354063,0.13568592694459358,6.679345061983346,0.3778043460166538,0.6215405612120172,1.4798072987449449,-0.8582667375329277,0.8582667375329277,0.07318590878065698
20656.0,1.09739248963,0.0479843275147,6.81992424,61.0,0.955278673751202,0.142113815878798,6.661231598878818,0.1586926411211813,0.6509849832352779,0.6215770968867697,0.029407886348508216,0.029407886348508216,0.04372576627609191
20668.0,1.0977262349,0.105995640873,5.837006267,81.0,0.8415427220671146,0.25618351283288554,6.298962336788264,-0.46195606978826476,1.1735074368061584,-1.8094179460340818,2.9829253828402402,2.9829253828402402,0.09655926724084891
14815.0,1.09773053686,0.0587924668344,6.558526063,57.0,0.9780258640880195,0.1197046727719806,6.73368545129693,-0.17515938829692956,0.5483347548989289,-0.6860750649863369,1.2344098198852658,1.2344098198852658,0.0535581956229192
10682.0,1.09778950285,0.0707019178372,6.562992315,62.0,0.9495918761669977,0.1481976266830023,6.643118135774291,-0.08012582077429098,0.6788532763346569,-0.31384174282235083,0.9926950191570076,0.9926950191570076,0.06440389314495075
20229.0,1.09816187528,0.0436995751637,6.685113295,68.0,0.9154710906617713,0.18269078461822863,6.534437357147125,0.15067593785287503,0.8368571108059337,0.5901767804706394,0.24668033033529435,0.24668033033529435,0.03979338214829017
16357.0,1.09888652986,0.0694290409106,6.529641312,69.0,0.909784293077567,0.18910223678243288,6.516323894042596,0.013317417957403599,0.8662262404279817,0.0521624817225743,0.8140637587054074,0.8140637587054074,0.06318126487495063
15779.0,1.09896902707,0.0569919589765,7.042379854,53.0,1.000773054424837,0.09819597264516311,6.806139303715041,0.23624055028495938,0.44980921250261185,0.9253215169626315,-0.4755123044600197,0.4755123044600197,0.05185947699404073
16731.0,1.10016968493,0.0556597020446,6.528328643,78.0,0.8586031148197276,0.24156657011027238,6.353302726101847,0.17502591689815272,1.106551172530301,0.6855522760026576,0.42099889652764344,0.42099889652764344,0.050591924870336195
16025.0,1.10253516044,0.0876038574857,6.366848176,75.0,0.8756635075723407,0.2268716528676593,6.40764311541543,-0.04079493941542989,1.0392377280515124,-0.15978812773146314,1.1990258557829756,1.1990258557829756,0.07945674716690126
13385.0,1.10266247611,0.066843295573,6.815342912,63.0,0.9439050785827933,0.15875739752720663,6.625004672669763,0.19033823933023708,0.7272247327161072,0.745528522265149,-0.01830378954904177,0.01830378954904177,0.06061990592879468
18954.0,1.10267749357,0.121697658947,6.539663623,71.0,0.8984106979091583,0.2042667956608416,6.480096967833541,0.05956665516645909,0.935690986316239,0.23331433851018715,0.7023766478060519,0.7023766478060519,0.11036559615721804
18638.0,1.10275881497,0.0402659812161,6.713260933,51.0,1.0121466495932459,0.0906121653767542,6.842366229924096,-0.129105296924096,0.4150698409858043,-0.5056875674121782,0.9207574083979826,0.9207574083979826,0.03651386021085255
20425.0,1.10492473517,0.0744068186524,6.297594281,67.0,0.9211578882459758,0.18376684692402423,6.5525508202516525,-0.2549565392516522,0.8417862614150193,-0.9986294536450778,1.840415715060097,1.840415715060097,0.06734107426869397
12177.0,1.10537435739,0.0751222618643,6.62620553,69.0,0.909784293077567,0.19559006431243287,6.516323894042596,0.10988163595740374,0.8959452249597349,0.4303911498165598,0.46555407514317515,0.46555407514317515,0.0679609232492764
17983.0,1.10577131209,0.0472427632987,6.400721482,71.0,0.8984106979091583,0.20736061418084162,6.480096967833541,-0.07937548583354115,0.9498629328291163,-0.31090278477824196,1.2607657176073581,1.2607657176073581,0.042723809871145275
12652.0,1.10639563912,0.0550689301007,6.445308835,60.0,0.9609654713354063,0.14543016778459372,6.679345061983346,-0.23403622698334647,0.6661762950471986,-0.9166874878814083,1.582863782928607,1.582863782928607,0.04977327110987212
10670.0,1.10682369452,0.0539144237317,6.75101909,79.0,0.8529163172355232,0.2539073772844769,6.33518926299732,0.4158298270026801,1.1630810750012954,1.6287478413688998,-0.4656667663676044,0.4656667663676044,0.04871094104565701
15855.0,1.10716169947,0.0597046639485,6.933384667,60.0,0.9609654713354063,0.14619622813459365,6.679345061983346,0.25403960501665424,0.6696854104770962,0.9950379492388282,-0.325352538761732,0.325352538761732,0.0539258754860114
14152.0,1.10956505577,0.0571790154945,6.956110386,61.0,0.955278673751202,0.15428638201879807,6.661231598878818,0.2948787871211813,0.7067442189969605,1.1549993694560248,-0.4482551504590643,0.4482551504590643,0.05153281927648643
12481.0,1.10967394081,0.0803462346302,7.102978851,55.0,0.9893994592564282,0.12027448155357179,6.769912377505985,0.3330664734940143,0.5509448949323779,1.3045752481152133,-0.7536303531828354,0.7536303531828354,0.07240526399272902
11610.0,1.1097203873,0.0482062116657,6.643293729,71.0,0.8984106979091583,0.21130968939084183,6.480096967833541,0.16319676116645887,0.9679525790994643,0.6392191112989896,0.32873346780047474,0.32873346780047474,0.04343996218992416
10545.0,1.11046894291,0.116652739713,7.046438242,53.0,1.000773054424837,0.1096958884851631,6.806139303715041,0.24029893828495918,0.5024872190286922,0.9412176606858536,-0.43873044165716135,0.43873044165716135,0.10504817848152492
15828.0,1.11077619737,0.045742327329,6.771319018,55.0,0.9893994592564282,0.12137673811357186,6.769912377505985,0.0014066404940145105,0.5559940343407841,0.005509616000185217,0.5504844183405989,0.5504844183405989,0.04118050732209128
15327.0,1.11112157471,0.0521658912976,6.510495603,76.0,0.8699767099881364,0.2411448647218637,6.389529652310903,0.12096595068909721,1.104619454114988,0.4738068754811424,0.6308125786338457,0.6308125786338457,0.04694886003920423
13912.0,1.11147152362,0.36550011287,6.873810699,52.0,1.0064598520090415,0.10501167161095837,6.824252766819568,0.049557932180431585,0.4810300874720727,0.19411155674762126,0.28691853072445145,0.28691853072445145,0.3288434342245556
13910.0,1.11223552528,0.0635096296156,6.658363818,55.0,0.9893994592564282,0.12283606602357178,6.769912377505985,-0.11154855950598552,0.5626788211023772,-0.4369202584931773,0.9995990795955545,0.9995990795955545,0.0571008821172222
14126.0,1.11241906482,0.120537461265,7.633384214,55.0,0.9893994592564282,0.12301960556357183,6.769912377505985,0.863471836494015,0.5635195661322049,3.3820995956680187,-2.8185800295358137,2.8185800295358137,0.10835616277801217
19757.0,1.11271728457,0.0469584181215,6.492205346,54.0,0.9950862568406327,0.11763102772936729,6.788025840610513,-0.2958204946105125,0.5388359473765637,-1.1586879072684872,1.697523854645051,1.697523854645051,0.042201571569589376
19116.0,1.11394736967,0.0642056363011,6.305156626,76.0,0.8699767099881364,0.2439706596818636,6.389529652310903,-0.08437302631090304,1.117563657134846,-0.3304774586859037,1.4480411158207498,1.4480411158207498,0.057637944169768564
20912.0,1.11480036025,0.0497854146349,7.005343356,52.0,1.0064598520090415,0.10834050824095853,6.824252766819568,0.18109058918043175,0.49627858843148526,0.7093067573960956,-0.21302816896461035,0.21302816896461035,0.044658592165986874
13097.0,1.11512474853,0.133799022104,7.075910663,50.0,1.0178334471774502,0.09729130135254982,6.860479693028624,0.21543096997137656,0.4456651578052307,0.8438132729296168,-0.39814811512438614,0.39814811512438614,0.11998569871252429
12714.0,1.11530337916,0.0357202437317,6.708932838,60.0,0.9609654713354063,0.15433790782459367,6.679345061983346,0.029587776016653855,0.7069802447880815,0.11589122085203588,0.5910890239360457,0.5910890239360457,0.03202737873761576
18189.0,1.1153865776,0.118471004771,6.32351624,66.0,0.9268446858301802,0.18854189176981984,6.57066428335618,-0.24714804335618012,0.8636594513625684,-0.9680446566723343,1.8317041080349026,1.8317041080349026,0.10621519673108894
13680.0,1.11568821937,0.0622298025436,6.58915698,62.0,0.9495918761669977,0.16609634320300226,6.643118135774291,-0.053961155774290503,0.7608424594528023,-0.21135837373344585,0.9722008331862482,0.9722008331862482,0.0557770544343827
15583.0,1.11638647265,0.0501802754979,6.895751656,51.0,1.0121466495932459,0.10423982305675406,6.842366229924096,0.05338542607590391,0.47749445784301964,0.2091033202414483,0.26839113760157135,0.26839113760157135,0.0449488387106533
11948.0,1.11666888818,0.0770240316101,6.339786595,71.0,0.8984106979091583,0.2182581902708417,6.480096967833541,-0.1403103728335413,0.9997817837472011,-0.5495762978850072,1.5493580816322083,1.5493580816322083,0.06897660750237022
12622.0,1.11759808011,0.0915821877358,7.027903228,62.0,0.9495918761669977,0.16800620394300236,6.643118135774291,0.3847850922257088,0.7695910153488105,1.5071499148364769,-0.7375588994876664,0.7375588994876664,0.08194554855246887
14045.0,1.11803507064,0.0435705433514,6.972949852,54.0,0.9950862568406327,0.12294881379936728,6.788025840610513,0.18492401138948722,0.5631952881923795,0.7243217412731768,-0.16112645308079732,0.16112645308079732,0.038970640989337474
14652.0,1.11825206136,0.0460309978869,7.104263874,55.0,0.9893994592564282,0.12885260210357175,6.769912377505985,0.33435149649401463,0.590238946871666,1.3096085052349495,-0.7193695583632835,0.7193695583632835,0.0411633472250593
16938.0,1.11886055585,0.100001403915,6.25043686,66.0,0.9268446858301802,0.1920158700198198,6.57066428335618,-0.3202274233561804,0.8795728068576081,-1.254286466889596,2.133859273747204,2.133859273747204,0.0893778973547144
10928.0,1.12040957915,0.0544551785693,6.993483156,73.0,0.8870371027407495,0.2333724764092504,6.443870041624486,0.5496131143755143,1.0690162438000965,2.1527584494832004,-1.0837422056831039,1.0837422056831039,0.048602921273319076
19820.0,1.12204579112,0.0539874199601,6.589523961,72.0,0.8927239003249539,0.22932189079504606,6.461983504729013,0.12754045627098698,1.0504616058020237,0.49955830329899764,0.5509033025030261,0.5509033025030261,0.04811516641064267
12980.0,1.12212601202,0.0602003614095,6.904382379,59.0,0.9666522689196108,0.1554737431003893,6.697458525087875,0.20692385391212564,0.712183199218652,0.8104920775318409,-0.09830887831318891,0.09830887831318891,0.05364848578915843
13876.0,1.12239611105,0.0438622548832,7.053718471,60.0,0.9609654713354063,0.1614306397145937,6.679345061983346,0.3743734090166537,0.7394701327131362,1.4663687936889167,-0.7268986609757805,0.7268986609757805,0.039079122291475976
16943.0,1.12329806796,0.0343743523138,6.812701748,60.0,0.9609654713354063,0.16233259662459365,6.679345061983346,0.13335668601665418,0.7436017535573476,0.5223396696849639,0.22126208387238366,0.22126208387238366,0.03060127431379509
16621.0,1.12408410206,0.0460622124147,6.58542585,80.0,0.8472295196513189,0.2768545824086812,6.317075799892791,0.2683500501072089,1.2681960200240705,1.0510899807111134,0.21710603931295713,0.21710603931295713,0.0409775499273464
18036.0,1.12489846957,0.0511236870887,6.763871877,57.0,0.9780258640880195,0.14687260548198044,6.73368545129693,0.03018642570306973,0.672783712309515,0.11823604876280462,0.5545476635467104,0.5545476635467104,0.045447379005006894
12371.0,1.125154615,0.0682237603663,6.785701093,62.0,0.9495918761669977,0.17556273883300233,6.643118135774291,0.14258295722570935,0.8042054594706879,0.5584776962040087,0.24572776326667922,0.24572776326667922,0.06063500914165472
17137.0,1.12591811229,0.0668447026417,7.162035419,52.0,1.0064598520090415,0.1194582602809584,6.824252766819568,0.33778265218043213,0.5472060058723469,1.3230478668553876,-0.7758418609830406,0.7758418609830406,0.05936906237856397
13100.0,1.12677806694,0.0816392137988,6.810600383,55.0,0.9893994592564282,0.1373786076835718,6.769912377505985,0.04068800549401441,0.629294274217839,0.159369282371259,0.46992499184658,0.46992499184658,0.07245367672136914
15139.0,1.12718754216,0.0622592492134,7.145842456,63.0,0.9439050785827933,0.18328246357720668,6.625004672669763,0.5208377833302364,0.8395674322114154,2.0400494630632107,-1.2004820308517954,1.2004820308517954,0.055234153044394226
17752.0,1.12965711739,0.0944747047679,6.497981814,66.0,0.9268446858301802,0.20281243155981987,6.57066428335618,-0.07268246935618006,0.929028937422069,-0.2846871661961769,1.213716103618246,1.213716103618246,0.08363131016797178
11742.0,1.131737957,0.038046783683,6.588972541,53.0,1.000773054424837,0.1309649025751629,6.806139303715041,-0.2171667627150402,0.5999148244672643,-0.8506121327052234,1.4505269571724877,1.4505269571724877,0.033618015060530484
19045.0,1.13388933364,0.102063096112,6.422520779,71.0,0.8984106979091583,0.2354786357308417,6.480096967833541,-0.057576188833540876,1.0786639904472364,-0.22551795755688647,1.3041819480041228,1.3041819480041228,0.09001151442562573
20709.0,1.13410022805,0.063305362109,6.83806453,73.0,0.8870371027407495,0.24706312530925056,6.443870041624486,0.39419448837551396,1.131729406412292,1.544005216386265,-0.41227580997397295,0.41227580997397295,0.05581990069594536
17321.0,1.13430564838,0.057863473804,6.799808123,63.0,0.9439050785827933,0.19040056979720676,6.625004672669763,0.17480345033023692,0.8721735530846007,0.6846809052669857,0.187492647817615,0.187492647817615,0.0510122416181563
19813.0,1.13504176933,0.0590676591726,6.977492906,57.0,0.9780258640880195,0.1570159052419804,6.73368545129693,0.2438074547030702,0.719247427208603,0.9549600335781396,-0.23571260636953661,0.23571260636953661,0.052040075324687705
16889.0,1.13634633892,0.0612500083965,6.953085456,53.0,1.000773054424837,0.13557328449516293,6.806139303715041,0.14694615228495955,0.621024576593627,0.5755677269635853,0.04545684963004171,0.04545684963004171,0.05390082785386795
17998.0,1.13751516348,0.0921905548409,6.778353289,60.0,0.9609654713354063,0.1765496921445937,6.679345061983346,0.0990082270166539,0.808726425859686,0.38780151292537673,0.4209249129343093,0.4209249129343093,0.08104556123793677
11841.0,1.13866841659,0.0931185201638,6.631170009,61.0,0.955278673751202,0.18338974283879805,6.661231598878818,-0.030061589878818573,0.8400588495157548,-0.11774708412854507,0.9578059336442999,0.9578059336442999,0.08177843418425923
17693.0,1.13945323702,0.0627975771349,6.777995978,58.0,0.9723390665038152,0.1671141705161847,6.715571988192401,0.062423989807598446,0.7655048512991628,0.24450612256851134,0.5209987287306515,0.5209987287306515,0.055112026623518
17127.0,1.1396117034,0.0915368169225,6.772374441,71.0,0.8984106979091583,0.24120100549084167,6.480096967833541,0.29227747316645925,1.10487661980522,1.1448103829684126,-0.03993376316319264,0.03993376316319264,0.08032281227842997
16150.0,1.13963563326,0.0559872556085,6.779975248,54.0,0.9950862568406327,0.14454937641936727,6.788025840610513,-0.008050592610512552,0.6621416278434502,-0.0315330562759949,0.6936746841194451,0.6936746841194451,0.049127329801319834
16971.0,1.14030601186,0.0625544556647,7.446313814,63.0,0.9439050785827933,0.19640093327720665,6.625004672669763,0.8213091413302367,0.8996595965440534,3.2169541580997407,-2.3172945615556872,2.3172945615556872,0.05485760402391009
17292.0,1.1403640603,0.0899323888082,7.173608697,50.0,1.0178334471774502,0.12253061312254987,6.860479693028624,0.3131290039713761,0.5612796239136922,1.2264829412659841,-0.6652033173522919,0.6652033173522919,0.078862875408877
14964.0,1.14048837542,0.0451538517183,6.69869041,54.0,0.9950862568406327,0.14540211857936725,6.788025840610513,-0.08933543061051274,0.6660478092185603,-0.34991450905154997,1.0159623182701103,1.0159623182701103,0.03959168080224535
15406.0,1.14112880782,0.112398743012,6.606646357,74.0,0.8813503051565452,0.2597785026634547,6.425756578519958,0.18088977848004184,1.1899751136475147,0.7085202096942597,0.4814549039532551,0.4814549039532551,0.09849785777183676
12022.0,1.14157188362,0.0738335731186,6.610243218,57.0,0.9780258640880195,0.16354601953198045,6.73368545129693,-0.12344223329693005,0.7491601159596082,-0.4835061314994008,1.2326662474590089,1.2326662474590089,0.06467711247798856
18144.0,1.14261288532,0.0908647120256,6.342828688,69.0,0.909784293077567,0.2328285922424329,6.516323894042596,-0.17349520604259627,1.0665248574206077,-0.6795566935796308,1.7460815510002385,1.7460815510002385,0.07952361923535672
13073.0,1.14267998274,0.0723004797673,7.059223876,55.0,0.9893994592564282,0.1532805234835718,6.769912377505985,0.2893114984940146,0.7021366528877668,1.1331930709537363,-0.4310564180659695,0.4310564180659695,0.06327272802480773
17231.0,1.14404627753,0.0519191375571,6.764998812,50.0,1.0178334471774502,0.12621283035254982,6.860479693028624,-0.09548088102862362,0.5781468658979938,-0.3739853872155475,0.9521322531135413,0.9521322531135413,0.045382025689724374
16225.0,1.14508781519,0.073186011757,6.392162962,72.0,0.8927239003249539,0.25236391486504606,6.461983504729013,-0.06982054272901372,1.1560108907899702,-0.2734773959645593,1.4294882867545295,1.4294882867545295,0.06391301242241978
16730.0,1.14589356047,0.0629820868474,6.52908036,79.0,0.8529163172355232,0.2929772432344768,6.33518926299732,0.19389109700268037,1.342049571999199,0.7594445737095434,0.5826049982896555,0.5826049982896555,0.054963295911678964
16029.0,1.14656733096,0.0391805366797,7.006251501,52.0,1.0064598520090415,0.14010747895095843,6.824252766819568,0.1819987341804321,0.6417944959961774,0.7128638355861385,-0.07106933958996109,0.07106933958996109,0.03417203300820969
13840.0,1.14724629542,0.0869984952274,7.183369667,51.0,1.0121466495932459,0.13509964582675416,6.842366229924096,0.3410034370759041,0.6188549658579852,1.3356632352233224,-0.7168082693653373,0.7168082693653373,0.0758324481627987
12294.0,1.14725201223,0.0498095175279,6.786946072,55.0,0.9893994592564282,0.1578525529735718,6.769912377505985,0.017033694494014817,0.7230798843568115,0.066718622224964,0.6563612621318475,0.6563612621318475,0.04341636972253506
10319.0,1.14810803692,0.0637119250955,6.828975876,64.0,0.9382182809985888,0.20988975592141124,6.6068912095652355,0.22208466643476488,0.9614482476234816,0.8698748804626372,0.09157336716084441,0.09157336716084441,0.05549297021421289
16656.0,1.14941102661,0.0786035419237,6.641460256,55.0,0.9893994592564282,0.1600115673535717,6.769912377505985,-0.12845212150598506,0.7329697457420522,-0.5031291697619862,1.2360989155040385,1.2360989155040385,0.06838592992754586
19264.0,1.1520965335,0.0843831422022,6.985931071,51.0,1.0121466495932459,0.1399498839067541,6.842366229924096,0.1435648410759045,0.6410725956898989,0.5623235992576875,0.07874899643221145,0.07874899643221145,0.07324311787125085
10040.0,1.15394091399,0.0884146224702,6.452737034,76.0,0.8699767099881364,0.28396420400186373,6.389529652310903,0.06320738168909745,1.3007632751148375,0.24757456007126222,1.0531887150435753,1.0531887150435753,0.07661971371175959
17783.0,1.15423230306,0.0676205728966,6.668634683,56.0,0.9837126616722238,0.1705196413877761,6.751798914401458,-0.08316423140145801,0.7811043930083365,-0.3257427764395443,1.1068471694478808,1.1068471694478808,0.05858489033561983
12702.0,1.15437458926,0.0939533848956,6.572209748,51.0,1.0121466495932459,0.14222793966675407,6.842366229924096,-0.27015648192409625,0.6515077534651103,-1.0581655239532683,1.7096732774183785,1.7096732774183785,0.08138899259366741
14999.0,1.15527622553,0.0604649084374,6.777312565,60.0,0.9609654713354063,0.19431075419459365,6.679345061983346,0.0979675030166538,0.8900850510528957,0.3837251411540703,0.5063599098988254,0.5063599098988254,0.05233805310038371
10632.0,1.15547296995,0.10119627383,6.51022592,71.0,0.8984106979091583,0.25706227204084164,6.480096967833541,0.030128952166458944,1.1775327952466568,0.11801093287978728,1.0595218623668694,1.0595218623668694,0.08757995769851631
16470.0,1.15789723751,0.0682590276918,7.108569119,51.0,1.0121466495932459,0.14575058791675422,6.842366229924096,0.2662028890759043,0.6676440530767249,1.0426798483259097,-0.37503579524918473,0.37503579524918473,0.05895085114684929
14171.0,1.15819879138,0.0411785551528,7.07926288,58.0,0.9723390665038152,0.18585972487618485,6.715571988192401,0.3636908918075985,0.8513731696981852,1.4245268532729334,-0.5731536835747482,0.5731536835747482,0.03555396142637615
17420.0,1.15861845718,0.097618287757,7.061184766,56.0,0.9837126616722238,0.17490579550777619,6.751798914401458,0.3093858515985426,0.8011961796415993,1.2118215318353227,-0.4106253521937234,0.4106253521937234,0.08425404165802468
16481.0,1.15872421277,0.0843833278574,6.71667506,57.0,0.9780258640880195,0.18069834868198043,6.73368545129693,-0.01701039129692994,0.827730300252468,-0.06662734682939517,0.8943576470818632,0.8943576470818632,0.07282434157104267
11840.0,1.15896025905,0.105436903568,6.812609725,51.0,1.0121466495932459,0.14681360945675426,6.842366229924096,-0.029756504924096205,0.6725134674620642,-0.1165521086141143,0.7890655760761784,0.7890655760761784,0.09097542624492289
14697.0,1.15935663961,0.0592113291325,6.949440643,51.0,1.0121466495932459,0.14720999001675406,6.842366229924096,0.10707441307590404,0.6743291796826574,0.41939564658043776,0.2549335331022196,0.2549335331022196,0.05107257517619281
17360.0,1.16266611658,0.0325022330388,7.03009842,68.0,0.9154710906617713,0.24719502591822873,6.534437357147125,0.49566106285287503,1.13233360745491,1.941435735842565,-0.8091021283876549,0.8091021283876549,0.027954915495779487
12138.0,1.16547008856,0.0852630807561,6.839770759,64.0,0.9382182809985888,0.22725180756141117,6.6068912095652355,0.23287954943476485,1.0409791139639835,0.9121569421194756,0.12882217184450784,0.12882217184450784,0.07315767396608783
10390.0,1.16642231733,0.0566976003585,6.419499765,57.0,0.9780258640880195,0.1883964532419804,6.73368545129693,-0.31418568629692967,0.8629932367723693,-1.2306218195883103,2.0936150563606795,2.0936150563606795,0.04860812376111227
10014.0,1.16919033854,0.083324691655,6.929012128,62.0,0.9495918761669977,0.2195984623730023,6.643118135774291,0.2858939922257093,1.0059212080287911,1.1198071722136467,-0.11388596418485553,0.11388596418485553,0.07126700324863258
12820.0,1.17033686724,0.188179517327,7.750052397,56.0,0.9837126616722238,0.18662420556777626,6.751798914401458,0.9982534825985425,0.8548750491398277,3.910020636665112,-3.0551455875252844,3.0551455875252844,0.16079089926542506
20345.0,1.17119947883,0.103629695497,6.549004522,57.0,0.9780258640880195,0.19317361474198047,6.73368545129693,-0.18468092929693025,0.8848761225407875,-0.7233696223826648,1.6082457449234524,1.6082457449234524,0.08848167828807743
11578.0,1.17120983414,0.104778977437,6.977997001,55.0,0.9893994592564282,0.18181037488357166,6.769912377505985,0.20808462349401502,0.8328241917486856,0.8150386512215075,0.017785540527178068,0.017785540527178068,0.08946217354291383
10781.0,1.17122414111,0.0805209273418,6.05338312,75.0,0.8756635075723407,0.29556063353765927,6.40764311541543,-0.35425999541542996,1.35388338479782,-1.3875873382515176,2.7414707230493374,2.7414707230493374,0.06874937470592793
17993.0,1.17168739921,0.0856215597837,6.737419471,56.0,0.9837126616722238,0.18797473753777627,6.751798914401458,-0.014379443401457692,0.8610614711031854,-0.056322288300063514,0.9173837594032489,0.9173837594032489,0.0730754293691556
10096.0,1.17193797714,0.117763345149,6.746939335,60.0,0.9609654713354063,0.2109725058045937,6.679345061983346,0.06759427301665433,0.9664080322172094,0.2647574058319444,0.701650626385265,0.701650626385265,0.10048598769398183
15360.0,1.17401456943,0.0604333159234,6.696050709,55.0,0.9893994592564282,0.18461511017357168,6.769912377505985,-0.07386166850598563,0.8456719261118051,-0.2893059259509395,1.1349778520627445,1.1349778520627445,0.0514757801964427
16986.0,1.17476721135,0.111218343697,6.282424683,61.0,0.955278673751202,0.21948853759879805,6.661231598878818,-0.3788069158788181,1.0054176723461414,-1.4837342260425652,2.4891518983887067,2.4891518983887067,0.09467266588858221
11760.0,1.1760402285,0.0312196170076,6.441217157,61.0,0.955278673751202,0.220761554748798,6.661231598878818,-0.2200144418788188,1.0112490198680297,-0.8617660975959759,1.8730151174640057,1.8730151174640057,0.026546385277499883
15430.0,1.17735342106,0.0459324821368,6.439020868,85.0,0.8187955317302971,0.358557889329703,6.226508484370153,0.21251238362984726,1.6424567881087815,0.832381574444015,0.8100752136647665,0.8100752136647665,0.03901333390227538
14049.0,1.17887800182,0.0662698359271,6.516824719,65.0,0.9325314834143845,0.2463465184056155,6.588777746460708,-0.07195302746070809,1.1284468238550338,-0.28183004331680644,1.4102768671718402,1.4102768671718402,0.05621432906949651
15264.0,1.17926391905,0.038318695881,6.879200562,62.0,0.9495918761669977,0.22967204288300236,6.643118135774291,0.23608242622570952,1.0520655578857705,0.9247021669221881,0.1273633909635824,0.1273633909635824,0.03249374059698956
10250.0,1.18215887721,0.0693021483502,6.824372995,53.0,1.000773054424837,0.18138582278516302,6.806139303715041,0.01823369128495944,0.8308794333242073,0.0714188434596665,0.7594605898645408,0.7594605898645408,0.05862337938345413
17758.0,1.18352322054,0.0947752520468,6.176355291,85.0,0.8187955317302971,0.36472768880970285,6.226508484370153,-0.05015319337015267,1.670718972092907,-0.19644311238613166,1.8671620844790386,1.8671620844790386,0.08007891218522725
19238.0,1.18522516912,0.0854239989594,7.008555017,52.0,1.0064598520090415,0.17876531711095844,6.824252766819568,0.18430225018043167,0.8188756050416363,0.7218863887290948,0.09698921631254143,0.09698921631254143,0.07207406759917627
14329.0,1.18563212906,0.14192584717,6.688527942,64.0,0.9382182809985888,0.2474138480614112,6.6068912095652355,0.08163673243476488,1.1333359725545329,0.31975977454035964,0.8135761980141732,0.8135761980141732,0.1197047918079974
13326.0,1.18569261534,0.0832998929418,6.70763219,63.0,0.9439050785827933,0.24178753675720677,6.625004672669763,0.08262751733023688,1.1075633610220434,0.3236405417556237,0.7839228192664198,0.7839228192664198,0.07025420573941381
10679.0,1.18776644387,0.0677595964934,6.701371221,50.0,1.0178334471774502,0.1699329966925498,6.860479693028624,-0.159108472028624,0.7784171322045548,-0.6232058489600724,1.401622981164627,1.401622981164627,0.057047912780415475
17694.0,1.18861618169,0.08150607394,6.708064167,64.0,0.9382182809985888,0.2503979006914112,6.6068912095652355,0.1011729574347644,1.1470051111903603,0.39628046216539925,0.750724649024961,0.750724649024961,0.0685722398832842
16985.0,1.19334892608,0.0804240524088,6.449819496,81.0,0.8415427220671146,0.35180620401288554,6.298962336788264,0.1508571592117356,1.611529142365128,0.5908865994347614,1.0206425429303665,1.0206425429303665,0.06739357672443953
20394.0,1.19366918639,0.0583920096188,7.013949186,68.0,0.9154710906617713,0.2781980957282286,6.534437357147125,0.4795118288528748,1.2743502914465468,1.8781814228779203,-0.6038311314313736,0.6038311314313736,0.048918084076036414
10775.0,1.19409811631,0.0880626084526,6.277183782,77.0,0.864289912403932,0.3298082039060679,6.371416189206375,-0.09423240720637516,1.5107622489973538,-0.36909528816313,1.8798575371604838,1.8798575371604838,0.07374821821571156
14104.0,1.19743113686,0.097100424347,7.445196383,60.0,0.9609654713354063,0.23646566552459358,6.679345061983346,0.7658513210166538,1.083185307180342,2.999733556648777,-1.916548249468435,1.916548249468435,0.08109061252710074
15378.0,1.19827055258,0.0440076484263,6.760553389,77.0,0.864289912403932,0.3339806401760679,6.371416189206375,0.38913719979362504,1.529875051918589,1.5241965174280778,0.005678534490511256,0.005678534490511256,0.03672597005037552
14953.0,1.20004706111,0.0603543315793,6.665910513,73.0,0.8870371027407495,0.3130099583692505,6.443870041624486,0.22204047137551441,1.4338140260427787,0.8697017745364167,0.564112251506362,0.564112251506362,0.05029330393382609
14683.0,1.20056784576,0.0494255919505,6.552180053,67.0,0.9211578882459758,0.2794099575140242,6.5525508202516525,-0.00037076725165263724,1.2799015027727028,-0.001452243974734454,1.2813537467474372,1.2813537467474372,0.04116851215452296
10738.0,1.20151712083,0.0775609821047,6.02733359,83.0,0.8301691268987057,0.37134799393129425,6.262735410579208,-0.23540182057920855,1.7010448006686956,-0.9220363288663846,2.6230811295350804,2.6230811295350804,0.06455254008459022
20182.0,1.20209888279,0.0926682129472,6.533345539,52.0,1.0064598520090415,0.19563903078095857,6.824252766819568,-0.29090722781956835,0.8961695271185024,-1.139443321718908,2.0356128488374106,2.0356128488374106,0.07708867737412964
19545.0,1.20342993277,0.0792911257759,7.21701122,54.0,0.9950862568406327,0.2083436759293673,6.788025840610513,0.4289853793894869,0.954366073019434,1.680276318069271,-0.725910245049837,0.725910245049837,0.06588761307722446
15451.0,1.20688140064,0.0576376382538,6.480199767,85.0,0.8187955317302971,0.38808586890970287,6.226508484370153,0.2536912826298474,1.7777164824107878,0.9936736186911582,0.7840428637196296,0.7840428637196296,0.0477574998034067
19717.0,1.20690819258,0.0648550063989,7.488464389,58.0,0.9723390665038152,0.23456912607618485,6.715571988192401,0.7728924008075984,1.0744977725209366,3.027312491024577,-1.9528147185036402,1.9528147185036402,0.05373648699845169
16190.0,1.20863986558,0.0603986497707,6.794696472,52.0,1.0064598520090415,0.20218001357095838,6.824252766819568,-0.02955629481956823,0.9261320015307142,-0.11576791336308898,1.041899914893803,1.041899914893803,0.049972412370922425
17569.0,1.21087484282,0.0865462425116,6.637440441,60.0,0.9609654713354063,0.2499093714845937,6.679345061983346,-0.04190462098334624,1.1447672909225457,-0.16413459674591163,1.3089018876684573,1.3089018876684573,0.07147414369435813
11383.0,1.21316812089,0.064996927303,7.194117461,52.0,1.0064598520090415,0.2067082688809585,6.824252766819568,0.369864694180432,0.9468747153114739,1.448708782116931,-0.5018340668054572,0.5018340668054572,0.05357619128280191
12421.0,1.21675809144,0.0798910975226,6.519267098,58.0,0.9723390665038152,0.24441902493618484,6.715571988192401,-0.19630489019240116,1.1196174971908792,-0.7688990673316264,1.8885165645225057,1.8885165645225057,0.06565898191648849
16575.0,1.21792771456,0.119540742688,6.745498107,62.0,0.9495918761669977,0.26833583839300235,6.643118135774291,0.10237997122570963,1.2291739559415615,0.4010081680172738,0.8281657879242877,0.8281657879242877,0.09815093396670622
13593.0,1.21827837883,0.073731082423,6.942308763,50.0,1.0178334471774502,0.20044493165254984,6.860479693028624,0.08182906997137618,0.9181840601811531,0.3205131340331789,0.5976709261479742,0.5976709261479742,0.060520718174288904
16363.0,1.22071497648,0.0717263674097,6.46155056,65.0,0.9325314834143845,0.2881834930656155,6.588777746460708,-0.12722718646070774,1.3200906980219373,-0.498331268838925,1.8184219668608623,1.8184219668608623,0.05875766971953354
14995.0,1.22153136105,0.154351706,6.476213,77.0,0.864289912403932,0.357241448646068,6.371416189206375,0.10479681079362546,1.6364265291148408,0.4104745938808338,1.225951935234007,1.225951935234007,0.12635918398961354
19788.0,1.22373348218,0.0398316652958,6.999178323,53.0,1.000773054424837,0.22296042775516312,6.806139303715041,0.19303901928495915,1.0213214628485625,0.7561071032990623,0.26521435954950023,0.26521435954950023,0.03254929760101238
13086.0,1.22749822679,0.105362737969,6.422371871,74.0,0.8813503051565452,0.34614792163345487,6.425756578519958,-0.003384707519957786,1.5856100799774457,-0.013257430585326422,1.598867510562772,1.598867510562772,0.08583534840985593
13702.0,1.22912413291,0.0987789615659,6.901286895,69.0,0.909784293077567,0.31933983983243297,6.516323894042596,0.3849630009574039,1.4628095023285288,1.5078467586987792,-0.045037256370250356,0.045037256370250356,0.08036532594314694
16758.0,1.22930046158,0.139260515978,6.514084123,65.0,0.9325314834143845,0.29676897816561554,6.588777746460708,-0.07469362346070785,1.3594184849744517,-0.29256457828568705,1.6519830632601389,1.6519830632601389,0.11328435995135859
11177.0,1.23099957463,0.104568267946,6.223702667,83.0,0.8301691268987057,0.4008304477312943,6.262735410579208,-0.03903274357920772,1.8360959536762,-0.15288585069904234,1.9889818043752423,1.9889818043752423,0.08494581972331708
14108.0,1.23151297519,0.0376377181765,6.793413125,57.0,0.9780258640880195,0.2534871111019805,6.73368545129693,0.05972767370306986,1.1611559491993109,0.23394502581757812,0.9272109233817327,0.9272109233817327,0.03056217752857471
20994.0,1.23402776262,0.123134524745,6.764944359,67.0,0.9211578882459758,0.31286987437402425,6.5525508202516525,0.21239353874834777,1.433172339119379,0.8319160755027887,0.6012562636165902,0.6012562636165902,0.0997826211653209
17766.0,1.23442678894,0.0559022313453,6.844069163,56.0,0.9837126616722238,0.2507141272677762,6.751798914401458,0.09227024859854271,1.1484536596741268,0.3614097846484677,0.7870438750256592,0.7870438750256592,0.045285983621032026
14237.0,1.23452942325,0.0731352263472,6.478910113,84.0,0.8244823293145014,0.41004709393549854,6.2446219474746805,0.23428816552531995,1.8783149190711368,0.9176742962576969,0.9606406228134399,0.9606406228134399,0.05924137972723689
18854.0,1.23488148882,0.0562749716395,7.091752418,51.0,1.0121466495932459,0.22273483922675408,6.842366229924096,0.24938618807590363,1.020288102766882,0.9768111595641467,0.04347694320273532,0.04347694320273532,0.04557115168458308
12858.0,1.23692627269,0.0926929682466,6.343107222,76.0,0.8699767099881364,0.36694956270186374,6.389529652310903,-0.04642243031090221,1.6808967759151112,-0.1818302301808976,1.8627270060960088,1.8627270060960088,0.07493815136209886
15569.0,1.2375495309,0.045151667837,7.297374965,58.0,0.9723390665038152,0.2652104643961848,6.715571988192401,0.581802976807599,1.2148574623174833,2.2788416824444613,-1.063984220126978,1.063984220126978,0.03648473593146913
16037.0,1.24001825758,0.0875043057767,6.437765365,60.0,0.9609654713354063,0.27905278624459373,6.679345061983346,-0.24157969698334636,1.278265397715608,-0.9462342151267621,2.22449961284237,2.22449961284237,0.07056694951207575
11277.0,1.24058894825,0.119170233674,6.283781379,74.0,0.8813503051565452,0.3592386430934549,6.425756578519958,-0.1419751995199583,1.64557513712181,-0.5560971934429334,2.2016723305647434,2.2016723305647434,0.09605940294898156
20851.0,1.2428813667,0.0800232160398,6.456330843,63.0,0.9439050785827933,0.2989762881172068,6.625004672669763,-0.1686738296697632,1.3695295753209187,-0.6606720300712858,2.0302016053922047,2.0302016053922047,0.064385240767002
15617.0,1.24352983951,0.0289255335952,6.749671044,55.0,0.9893994592564282,0.2541303802535718,6.769912377505985,-0.020241333505985004,1.1641025913345244,-0.07928249998788224,1.2433850913224067,1.2433850913224067,0.023260827907915588
12860.0,1.24506122826,0.0778864362601,7.053753127,54.0,0.9950862568406327,0.2499749714193673,6.788025840610513,0.2657272863894873,1.1450677864948782,1.0408169784725503,0.10425080802232789,0.10425080802232789,0.06255631007717426
12268.0,1.24660849592,0.111259027581,7.202430075,50.0,1.0178334471774502,0.22877504874254972,6.860479693028624,0.34195038197137606,1.0479566701476304,1.3393722872302756,-0.2914156170826452,0.2914156170826452,0.08924937375698742
11490.0,1.25241433148,0.00517606356043,6.781676004,61.0,0.955278673751202,0.297135657728798,6.661231598878818,0.12044440512118193,1.361098144955538,0.47176405372388536,0.8893340912316525,0.8893340912316525,0.004132868357002394
11600.0,1.25252333239,0.0630609213147,6.487236231,61.0,0.955278673751202,0.297244658638798,6.661231598878818,-0.17399536787881864,1.3615974486659492,-0.6815157582214201,2.0431132068873694,2.0431132068873694,0.050347103071022574
20745.0,1.25490370945,0.0441216971112,6.449953983,62.0,0.9495918761669977,0.30531183328300227,6.643118135774291,-0.19316415277429044,1.3985509954976816,-0.7565972338462151,2.155148229343897,2.155148229343897,0.035159428391950236
14474.0,1.25916743014,0.0524135317071,6.05482352,85.0,0.8187955317302971,0.4403718984097029,6.226508484370153,-0.17168496437015257,2.017224652865697,-0.6724662276609132,2.6896908805266104,2.6896908805266104,0.041625545938138206
17631.0,1.25932955481,0.091611167929,6.458767552,85.0,0.8187955317302971,0.440534023079703,6.226508484370153,0.2322590676298475,2.0179673021635818,0.9097266008242099,1.1082407013393718,1.1082407013393718,0.07274598422556812
14975.0,1.26134018752,0.138494897443,6.8813217,65.0,0.9325314834143845,0.3288087041056156,6.588777746460708,0.2925439535392922,1.5061838105336647,1.1458541496821844,0.3603296608514803,0.3603296608514803,0.10979979771777786
10398.0,1.26155877708,0.0884067987643,6.764271581,62.0,0.9495918761669977,0.3119669009130024,6.643118135774291,0.12115344522570926,1.4290360617296665,0.47454126561370347,0.954494796115963,0.954494796115963,0.07007743148434677
14288.0,1.26347979463,0.0982645311314,6.644708076,52.0,1.0064598520090415,0.2570199426209585,6.824252766819568,-0.1795446908195686,1.1773388956140096,-0.7032516876181998,1.8805905832322094,1.8805905832322094,0.07777293435877697
12994.0,1.26419628785,0.0943418404594,6.818669122,54.0,0.9950862568406327,0.26911003100936726,6.788025840610513,0.030643281389487242,1.2327203230858723,0.12002548921356102,1.1126948338723113,1.1126948338723113,0.0746259432701276
20299.0,1.2666159656,0.0623764591548,6.944592191,52.0,1.0064598520090415,0.26015611359095847,6.824252766819568,0.12033942418043164,1.191704847254275,0.47135285791846565,0.7203519893358095,0.7203519893358095,0.04924654421614848
10007.0,1.2679256342,0.0862240963949,6.383339134,63.0,0.9439050785827933,0.3240205556172068,6.625004672669763,-0.24166553866976326,1.4842505963406605,-0.9465704451236788,2.4308210414643394,2.4308210414643394,0.06800406433087319
16539.0,1.26818686875,0.0891001452727,7.134771605,54.0,0.9950862568406327,0.2731006119093673,6.788025840610513,0.3467457643894871,1.2510000957048912,1.3581551360180477,-0.10715504031315648,0.10715504031315648,0.07025789926410637
18122.0,1.27035634462,0.0628507751106,7.236215076,60.0,0.9609654713354063,0.3093908732845936,6.679345061983346,0.5568700140166536,1.4172359753543664,2.1811827203219063,-0.7639467449675399,0.7639467449675399,0.049474917314952654
10429.0,1.27036108189,0.168568963312,7.15692932,50.0,1.0178334471774502,0.2525276347125498,6.860479693028624,0.2964496269713761,1.1567608471648902,1.1611521315933222,-0.004391284428431952,0.004391284428431952,0.13269374016181984
18693.0,1.27136298422,0.0852413605435,6.272002078,56.0,0.9837126616722238,0.2876503225477762,6.751798914401458,-0.47979683640145776,1.317648387972975,-1.8792977579731547,3.1969461459461295,3.1969461459461295,0.06704722538056024
11664.0,1.27213241979,0.0338621207519,6.355575027,61.0,0.955278673751202,0.3168537460387979,6.661231598878818,-0.305656571878818,1.4514213785450458,-1.197214459665574,2.6486358382106197,2.6486358382106197,0.026618393042361004
14676.0,1.27276963365,0.145587408962,6.64407971,64.0,0.9382182809985888,0.3345513526514112,6.6068912095652355,0.03718850043476429,1.532489331528887,0.14566220572358882,1.3868271258052982,1.3868271258052982,0.11438629985576416
15076.0,1.27343602428,0.0841752967528,6.353298957,78.0,0.8586031148197276,0.4148329094602724,6.353302726101847,-3.76910184751722e-06,1.90023744658823,-1.4763049929084663e-05,1.9002522096381589,1.9002522096381589,0.06610092313070275
15051.0,1.2740955892,0.0691119945118,7.031970657,50.0,1.0178334471774502,0.25626214202254993,6.860479693028624,0.17149096397137598,1.1738676158738934,0.6717063549672933,0.5021612609066002,0.5021612609066002,0.05424396340245959
18592.0,1.27524650878,0.159637390263,6.785119418,64.0,0.9382182809985888,0.33702822778141117,6.6068912095652355,0.1782282084347644,1.543835227105669,0.6980952084452033,0.8457400186604657,0.8457400186604657,0.12518159364789913
17637.0,1.28085120686,0.130317958164,7.212132759,52.0,1.0064598520090415,0.27439135485095845,6.824252766819568,0.3878799921804319,1.2569126402875332,1.51927220932613,-0.2623595690385967,0.2623595690385967,0.10174324501241154
17961.0,1.2809122156,0.0743986440392,6.992218917,58.0,0.9723390665038152,0.3085731490961847,6.715571988192401,0.27664692880759834,1.4134902018432502,1.0835877054913796,0.32990249635187063,0.32990249635187063,0.05808254705756747
15646.0,1.2825460007,0.0716434091125,6.64926367,52.0,1.0064598520090415,0.2760861486909585,6.824252766819568,-0.17498909681956842,1.2646760328380549,-0.6854080568542971,1.950084089692352,1.950084089692352,0.05586030370325726
15348.0,1.28323543243,0.125970519975,6.894871157,59.0,0.9666522689196108,0.3165831635103892,6.697458525087875,0.1974126319121252,1.450181913109327,0.7732379382293679,0.676943974879959,0.676943974879959,0.09816633549188696
14784.0,1.28394940283,0.0453960275131,6.867708855,50.0,1.0178334471774502,0.26611595565254986,6.860479693028624,0.007229161971376463,1.2190052730472103,0.02831562622781666,1.1906896468193937,1.1906896468193937,0.03535655487127526
20001.0,1.28447433636,0.0908457618764,6.392700197,70.0,0.9040974954933627,0.38037684086663726,6.4982104309380695,-0.10551023393806958,1.7424035083671146,-0.41326897353097003,2.1556724818980846,2.1556724818980846,0.07072602332705434
10219.0,1.28473527603,0.0387388590068,7.173370475,55.0,0.9893994592564282,0.2953358167735717,6.769912377505985,0.4034580974940143,1.3528535599599212,1.5802894903254343,-0.22743593036551313,0.22743593036551313,0.030153183873418764
10522.0,1.28514130631,0.125291195537,6.344464416,73.0,0.8870371027407495,0.39810420356925036,6.443870041624486,-0.09940562562448552,1.8236077659574421,-0.38935806823391306,2.212965834191355,2.212965834191355,0.09749215508195441
18501.0,1.28739276451,0.125712424641,6.763172941,67.0,0.9211578882459758,0.3662348762640243,6.5525508202516525,0.21062212074834719,1.6776229904926427,0.8249776765320859,0.8526453139605569,0.8526453139605569,0.09764885131139285
19094.0,1.28998006241,0.0797408056234,7.174704414,54.0,0.9950862568406327,0.2948938055693673,6.788025840610513,0.38667857338948686,1.3508288260902444,1.514566418314368,-0.16373759222412354,0.16373759222412354,0.06181553339237241
18200.0,1.29463852794,0.0612040734285,6.471047144,78.0,0.8586031148197276,0.4360354131202723,6.353302726101847,0.1177444178981526,1.997360385721906,0.461188577710222,1.536171808011684,1.536171808011684,0.047275028594959675
10704.0,1.29498001819,0.0505316823309,6.596519626,76.0,0.8699767099881364,0.4250033082018636,6.389529652310903,0.20698997368909744,1.9468252945982882,0.8107510595408778,1.1360742350574105,1.1360742350574105,0.03902120621253167
11663.0,1.29672586023,0.104112415395,7.128968187,53.0,1.000773054424837,0.29595280580516303,6.806139303715041,0.3228288832849593,1.3556798199678108,1.264476025137372,0.09120379483043894,0.09120379483043894,0.08028868598065408
18988.0,1.29790765222,0.10015847657,6.110089504,80.0,0.8472295196513189,0.45067813256868106,6.317075799892791,-0.20698629589279083,2.064434726212283,-0.8107366541221069,2.87517138033439,2.87517138033439,0.07716918564944464
15403.0,1.29899990658,0.100303017585,6.791414444,64.0,0.9382182809985888,0.36078162558141114,6.6068912095652355,0.18452323443476448,1.6526431228967553,0.7227519534477574,0.9298911694489979,0.9298911694489979,0.07721556951384027
18305.0,1.30039611835,0.0885247984476,6.950602971,63.0,0.9439050785827933,0.35649103976720664,6.625004672669763,0.32559829833023723,1.6329891088443036,1.2753234403152685,0.35766566852903514,0.35766566852903514,0.06807525583813967
10806.0,1.30053984158,0.167445268987,6.779830086,54.0,0.9950862568406327,0.30545358473936735,6.788025840610513,-0.008195754610513362,1.3992003206099148,-0.03210163572556042,1.4313019563354752,1.4313019563354752,0.12875058774329748
17867.0,1.31007455056,0.0594778217859,6.650612528,70.0,0.9040974954933627,0.4059770550666373,6.4982104309380695,0.15240209706193042,1.859671170970866,0.5969379070253968,1.2627332639454691,1.2627332639454691,0.0454003337141965
10517.0,1.3109861073,0.0534508695192,7.097224724,63.0,0.9439050785827933,0.3670810287172067,6.625004672669763,0.47222005133023703,1.6814989862017384,1.8496205402078516,-0.16812155400611317,0.16812155400611317,0.04077149957697344
13066.0,1.31343273761,0.0693342724197,6.741745111,66.0,0.9268446858301802,0.3865880517798197,6.57066428335618,0.17108082764382004,1.7708553869349049,0.6700999077747272,1.1007554791601777,1.1007554791601777,0.05278859772131518
18016.0,1.31383418779,0.0839182003002,6.8980828,72.0,0.8927239003249539,0.4211102874650461,6.461983504729013,0.4360992952709868,1.9289924187204557,1.708140541324228,0.22085187739622758,0.22085187739622758,0.06387274823572583
12655.0,1.32194378278,0.0723327412174,6.28569818,70.0,0.9040974954933627,0.4178462872866373,6.4982104309380695,-0.2125122509380697,1.9140409160232545,-0.8323810547086996,2.746421970731954,2.746421970731954,0.05471695707459425
17232.0,1.32275670543,0.0516160456094,6.860244255,54.0,0.9950862568406327,0.32767044858936734,6.788025840610513,0.07221841438948662,1.5009697696356687,0.28286952716165525,1.2181002424740135,1.2181002424740135,0.03902157169002649
10373.0,1.32400052065,0.137500483957,7.07027992,61.0,0.955278673751202,0.36872184689879806,6.661231598878818,0.4090483211211815,1.6890151308484092,1.6021856220463062,0.08682950880210294,0.08682950880210294,0.10385228843376589
15482.0,1.32631038482,0.100530820881,6.791805115,56.0,0.9837126616722238,0.34259772314777615,6.751798914401458,0.04000620059854221,1.5693475801818415,0.156698747023327,1.4126488331585145,1.4126488331585145,0.07579735635911765
17918.0,1.33560586129,0.144441325738,6.319438747,85.0,0.8187955317302971,0.5168103295597029,6.226508484370153,0.0929302626298476,2.367368447914813,0.36399496819941607,2.003373479715397,2.003373479715397,0.1081466695560102
13562.0,1.33886830579,0.13445354754,6.395920917,80.0,0.8472295196513189,0.49163878613868106,6.317075799892791,0.07884511710720865,2.2520644102981255,0.3088254039314417,1.9432390063666838,1.9432390063666838,0.10042328058596145
10719.0,1.34154525122,0.0896706664913,6.875343954,58.0,0.9723390665038152,0.3692061847161847,6.715571988192401,0.15977196580759845,1.6912337514939948,0.6258046622007094,1.0654290892932854,1.0654290892932854,0.06684132824424191
14520.0,1.34268256766,0.0895430077704,6.543500137,66.0,0.9268446858301802,0.41583788182981984,6.57066428335618,-0.027164146356180474,1.9048409534119417,-0.1063981991363324,2.0112391525482742,2.0112391525482742,0.0666896330727327
19340.0,1.34311749863,0.0472842347092,6.517669926,70.0,0.9040974954933627,0.43902000313663736,6.4982104309380695,0.019459495061930454,2.011031985979439,0.07622014708445557,1.9348118388949835,1.9348118388949835,0.03520483856209946
15315.0,1.34339818274,0.0889404149408,6.734881423,67.0,0.9211578882459758,0.4222402944940241,6.5525508202516525,0.18233060274834756,1.9341686755274812,0.7141637188040083,1.2200049567234728,1.2200049567234728,0.06620554954108751
10098.0,1.34582140899,0.0894602142567,6.725971681,85.0,0.8187955317302971,0.527025877259703,6.226508484370153,0.49946319662984706,2.4141631111015043,1.9563281672645156,0.45783494383698864,0.45783494383698864,0.06647257478526612
16038.0,1.34617200341,0.0655897038624,6.819522486,61.0,0.955278673751202,0.39089332965879797,6.661231598878818,0.1582908871211819,1.7905767013654466,0.6200034821103189,1.1705732192551277,1.1705732192551277,0.048723122822532446
13883.0,1.3522151992,0.122904687504,6.417842026,77.0,0.864289912403932,0.48792528679606795,6.371416189206375,0.046425836793624775,2.2350538734101644,0.18184357290193576,2.0532103005082285,2.0532103005082285,0.0908913666823987
15379.0,1.3560727485,0.106481314415,7.12066273,67.0,0.9211578882459758,0.43491486025402415,6.5525508202516525,0.5681119097483478,1.9922274358792889,2.2252156689390654,-0.23298823305977656,0.23298823305977656,0.07852183043482198
12369.0,1.35610433299,0.179227662121,6.889892387,56.0,0.9837126616722238,0.3723916713177762,6.751798914401458,0.1380934725985421,1.7058256047146683,0.5408930066975718,1.1649325980170966,1.1649325980170966,0.1321636232264156
20697.0,1.35908821961,0.0754981861726,7.178437056,56.0,0.9837126616722238,0.3753755579377762,6.751798914401458,0.4266381415985423,1.7194939829035512,1.6710825127265008,0.048411470177050386,0.048411470177050386,0.05555061480428749
17813.0,1.35946858127,0.495013456848,6.713469541,65.0,0.9325314834143845,0.4269370978556155,6.588777746460708,0.12469179453929247,1.9556834623812283,0.4884004898258008,1.4672829725554275,1.4672829725554275,0.36412276360632334
17884.0,1.36076748128,0.0785028745919,6.849898504,63.0,0.9439050785827933,0.41686240269720665,6.625004672669763,0.22489383133023733,1.90953400662113,0.8808779902985281,1.0286560163226017,1.0286560163226017,0.0576901459447404
12322.0,1.36225990964,0.130120412172,7.12155075,57.0,0.9780258640880195,0.3842340455519806,6.73368545129693,0.38786529870306996,1.7600723205926956,1.5192146570102991,0.24085766358239646,0.24085766358239646,0.09551805147549741
20306.0,1.36450656919,0.126643320477,6.543182724,69.0,0.909784293077567,0.454722276112433,6.516323894042596,0.026858829957403962,2.0829598548266306,0.10520231708759575,1.9777575377390348,1.9777575377390348,0.09281253995880588
10269.0,1.36543552346,0.0975919761832,6.476680537,56.0,0.9837126616722238,0.38172286178777615,6.751798914401458,-0.2751183774014576,1.7485692664347836,-1.077600581332638,2.8261698477674218,2.8261698477674218,0.07147314868145725
18929.0,1.36561837458,0.121883242185,7.262940976,50.0,1.0178334471774502,0.34778492740254974,6.860479693028624,0.40246128297137673,1.5931087609928025,1.5763851058956455,0.01672365509715701,0.01672365509715701,0.08925131973453826
14112.0,1.36635476568,0.0910053768682,6.602128158,57.0,0.9780258640880195,0.3883289015919804,6.73368545129693,-0.13155729329692978,1.778829749446929,-0.5152916976115053,2.2941214470584343,2.2941214470584343,0.06660450064219518
20238.0,1.36806788607,0.154390191928,6.704973414,54.0,0.9950862568406327,0.3729816292293673,6.788025840610513,-0.0830524266105126,1.708528042467196,-0.3253048525579901,2.0338328950251863,2.0338328950251863,0.11285272719288164
13604.0,1.36943934873,0.0734463931507,6.525414758,67.0,0.9211578882459758,0.4482814604840243,6.5525508202516525,-0.027136062251652326,2.053456219110754,-0.10628819758844751,2.1597444166992017,2.1597444166992017,0.05363245420019019
13665.0,1.37435820146,0.0835088339844,6.881193131,62.0,0.9495918761669977,0.4247663252930023,6.643118135774291,0.23807499522570907,1.9457397399391712,0.9325067837312343,1.0132329562079367,1.0132329562079367,0.06076205889824603
18217.0,1.37731203969,0.0529794891245,7.057569331,57.0,0.9780258640880195,0.39928617560198054,6.73368545129693,0.32388387970306987,1.8290220604027312,1.2686082999937363,0.5604137604089949,0.5604137604089949,0.03846585784324111
11384.0,1.38048119343,0.0564196135637,6.493500579,69.0,0.909784293077567,0.47069690035243306,6.516323894042596,-0.02282331504259627,2.156135291210207,-0.08939576407122768,2.2455310552814347,2.2455310552814347,0.04086952711287396
12352.0,1.38423862282,0.0323929105357,6.751013854,60.0,0.9609654713354063,0.42327315148459377,6.679345061983346,0.07166879201665388,1.9388999142640715,0.2807167324480774,1.658183181815994,1.658183181815994,0.023401247445117866
18115.0,1.3855529714,0.0931062854545,6.800010642,54.0,0.9950862568406327,0.39046671455936743,6.788025840610513,0.01198480138948721,1.788622492890828,0.0469428071888563,1.7416796857019718,1.7416796857019718,0.06719792557654646
18220.0,1.39209606532,0.075190159545,6.78281673,76.0,0.8699767099881364,0.5221193553318637,6.389529652310903,0.39328707768909776,2.391687660173763,1.5404510144008312,0.8512366457729317,0.8512366457729317,0.05401219170008651
13765.0,1.39213787184,0.0824199767321,6.72215449,69.0,0.909784293077567,0.4823535787624329,6.516323894042596,0.20583059595740405,2.2095313847032174,0.8062099375356624,1.403321447167555,1.403321447167555,0.05920388949922384
10277.0,1.39841931984,0.0692451092174,6.698830204,54.0,0.9950862568406327,0.4033330629993672,6.788025840610513,-0.08919563661051289,1.8475597578690328,-0.34936695531453865,2.1969267131835712,2.1969267131835712,0.049516699487048475
20530.0,1.39951806957,0.18408180618,6.834580846,63.0,0.9439050785827933,0.45561299098720676,6.625004672669763,0.2095761733302366,2.0870399789457137,0.820880845355466,1.2661591335902478,1.2661591335902478,0.13153228256392493
18271.0,1.40232039021,0.0674182331964,6.640308785,73.0,0.8870371027407495,0.5152832874692506,6.443870041624486,0.1964387433755146,2.360373480792824,0.7694233517116763,1.5909501290811474,1.5909501290811474,0.04807619832605015
14259.0,1.40358182952,0.0388633539981,6.88105557,58.0,0.9723390665038152,0.4312427630161848,6.715571988192401,0.1654835818075986,1.9754065508440726,0.6481762710335417,1.3272302798105309,1.3272302798105309,0.027688698429068848
11820.0,1.40428033459,0.0635392302293,6.841034686,58.0,0.9723390665038152,0.4319412680861847,6.715571988192401,0.125462697807599,1.9786062137936022,0.4914200111603067,1.4871862026332956,1.4871862026332956,0.045246827619964645
17446.0,1.40670885312,0.139106282926,6.928982195,59.0,0.9666522689196108,0.4400565842003893,6.697458525087875,0.23152366991212503,2.015780283688819,0.9068461498139452,1.108934133874874,1.108934133874874,0.09888775677886023
14279.0,1.40874180909,0.0381342709221,6.829991715,65.0,0.9325314834143845,0.4762103256756154,6.588777746460708,0.24121396853929244,2.181390802571902,0.9448017074635343,1.2365890951083678,1.2365890951083678,0.0270697374607867
18919.0,1.41133902215,0.0813639914265,7.125660185,60.0,0.9609654713354063,0.4503735508145936,6.679345061983346,0.446315123016654,2.063039519512271,1.748154523747006,0.31488499576526485,0.31488499576526485,0.05765021029642619
10576.0,1.41236208989,0.0861918820358,6.801161035,72.0,0.8927239003249539,0.5196381895650461,6.461983504729013,0.3391775302709865,2.3803221103492955,1.3285114111502718,1.0518106991990237,1.0518106991990237,0.061026759818024384
20326.0,1.4225841394,0.0827499701489,7.042719395,65.0,0.9325314834143845,0.49005265598561554,6.588777746460708,0.453941648539292,2.2447987767302893,1.7780265679716292,0.4667722087586601,0.4667722087586601,0.05816877037853188
18299.0,1.43089147783,0.11691707943,7.041563099,62.0,0.9495918761669977,0.48129960166300223,6.643118135774291,0.39844496322570944,2.2047034004558,1.5606537376983354,0.6440496627574646,0.6440496627574646,0.08170925695029584
20440.0,1.43230626888,0.102143720573,6.569746093,63.0,0.9439050785827933,0.48840119029720663,6.625004672669763,-0.05525857966976311,2.2372338587324543,-0.21644020344326562,2.45367406217572,2.45367406217572,0.07131416149764663
20621.0,1.43257055858,0.0580568000362,6.407048849,77.0,0.864289912403932,0.5682806461760679,6.371416189206375,0.03563265979362473,2.603140058102206,0.1395681934108219,2.4635718646913842,2.4635718646913842,0.04052631103472304
17409.0,1.43836275678,0.0867925153177,6.384584045,75.0,0.8756635075723407,0.5626992492076592,6.40764311541543,-0.023059070415429872,2.577573187003567,-0.09031918521530875,2.667892372218876,2.667892372218876,0.06034118646953751
19349.0,1.4409587567,0.0807058767032,7.55675423,51.0,1.0121466495932459,0.4288121071067541,6.842366229924096,0.7143880000759042,1.9642723730256333,2.7981588560167787,-0.8338864829911454,0.8338864829911454,0.05600845709701498
15503.0,1.44937736763,0.0588265127008,6.54841864,70.0,0.9040974954933627,0.5452798721366372,6.4982104309380695,0.05020820906193091,2.4977797283561727,0.19665860123134296,2.3011211271248295,2.3011211271248295,0.04058743707099016
20316.0,1.44971225162,0.0901856610199,6.745767513,65.0,0.9325314834143845,0.5171807682056155,6.588777746460708,0.15698976653929186,2.369065327237967,0.6149071729917804,1.7541581542461864,1.7541581542461864,0.062209352869247565
13338.0,1.45225486126,0.0851926557179,6.922613293,71.0,0.8984106979091583,0.5538441633508416,6.480096967833541,0.44251632516645945,2.5370104318456614,1.7332751586882285,0.803735273157433,0.803735273157433,0.05866233124121579
16021.0,1.45236459447,0.0923268796189,7.091473311,52.0,1.0064598520090415,0.44590474246095857,6.824252766819568,0.2672205441804314,2.042569116172642,1.0466658624286111,0.9959032537440309,0.9959032537440309,0.06357004292891905
18114.0,1.45361416203,0.0847429203057,6.440609947,72.0,0.8927239003249539,0.5608902617050462,6.461983504729013,-0.021373557729013726,2.5692867041462932,-0.08371726546032567,2.653003969606619,2.653003969606619,0.05829808385146364
20422.0,1.45544266473,0.139415531481,6.822266718,64.0,0.9382182809985888,0.5172243837314112,6.6068912095652355,0.21537550843476438,2.3692651181742197,0.8435960377719389,1.5256690804022808,1.5256690804022808,0.09578909211573995
13502.0,1.45691832972,0.164723395584,7.28662543,51.0,1.0121466495932459,0.44477168012675405,6.842366229924096,0.444259200075904,2.0373788638380925,1.7401017583263434,0.29727710551174913,0.29727710551174913,0.11306288912959014
20064.0,1.45789745943,0.0978762976846,6.752644451,60.0,0.9609654713354063,0.4969319880945937,6.679345061983346,0.073299389016654,2.276311137931345,0.28710355506500257,1.9892075828663427,1.9892075828663427,0.06713524126920907
18109.0,1.459823772,0.0845494356769,6.927631965,56.0,0.9837126616722238,0.4761111103277762,6.751798914401458,0.17583305059854215,2.180936323877129,0.688713706921842,1.4922226169552872,1.4922226169552872,0.057917563269342345
19665.0,1.46449864093,0.0578368257748,6.946650718,52.0,1.0064598520090415,0.4580387889209585,6.824252766819568,0.12239795118043162,2.098151903690471,0.4794158230785573,1.6187360806119138,1.6187360806119138,0.039492577294624125
12796.0,1.46646320803,0.0698596357152,6.646030265,52.0,1.0064598520090415,0.46000335602095843,6.824252766819568,-0.178222501819568,2.1071510546368417,-0.6980728564238257,2.8052239110606676,2.8052239110606676,0.0476381782595468
14453.0,1.46890984304,0.096576212055,6.951015859,61.0,0.955278673751202,0.513631169288798,6.661231598878818,0.2897842601211815,2.352805573905278,1.13504481277149,1.217760761133788,1.217760761133788,0.06574686153312823
10090.0,1.46984060203,0.067399601405,7.064831617,57.0,0.9780258640880195,0.4918147379419806,6.73368545129693,0.3311461657030703,2.25287039795677,1.297053668454109,0.9558167295026609,0.9558167295026609,0.045855041228221795
16146.0,1.47544554319,0.0848461352972,6.116135871,78.0,0.8586031148197276,0.6168424283702724,6.353302726101847,-0.23716685510184732,2.8255884581545314,-0.928949724640351,3.7545381827948825,3.7545381827948825,0.057505433317286435
10524.0,1.47797330636,0.0908517197169,7.101270075,70.0,0.9040974954933627,0.5738758108666373,6.4982104309380695,0.6030596440619309,2.628769995415235,2.3621011041043873,0.2666688913108475,0.2666688913108475,0.06147047401055741
15694.0,1.47869744482,0.0872329133081,6.790163158,57.0,0.9780258640880195,0.5006715807319806,6.73368545129693,0.056477706703070396,2.29344120115076,0.22121535518782992,2.0722258459629304,2.0722258459629304,0.0589930777345184
20933.0,1.48065828847,0.0692053065641,6.487630035,74.0,0.8813503051565452,0.5993079833134547,6.425756578519958,0.06187345648004161,2.745267904162178,0.24234975977144327,2.5029181443907347,2.5029181443907347,0.046739553010311054
19761.0,1.48661078188,0.107747410606,7.158433567,54.0,0.9950862568406327,0.4915245250393674,6.788025840610513,0.3704077263894874,2.2515410110820735,1.4508357640717082,0.8007052470103653,0.8007052470103653,0.07247856124771293
15815.0,1.48764372612,0.0725145146557,7.007439773,51.0,1.0121466495932459,0.4754970765267541,6.842366229924096,0.16507354307590383,2.1781236009818046,0.6465702061104471,1.5315533948713576,1.5315533948713576,0.048744543725417935
16205.0,1.48873148271,0.0761095850514,6.890098423,54.0,0.9950862568406327,0.4936452258693673,6.788025840610513,0.10207258238948747,2.2612553684492838,0.399804168518088,1.8614511999311958,1.8614511999311958,0.051123782854954176
17034.0,1.48955886953,0.151386987103,6.834516198,69.0,0.909784293077567,0.5797745764524329,6.516323894042596,0.31819230395740394,2.655790646378917,1.2463151860616248,1.4094754603172923,1.4094754603172923,0.10163209403785907
18889.0,1.48988198191,0.0582775020878,6.606339767,74.0,0.8813503051565452,0.6085316767534548,6.425756578519958,0.18058318848004173,2.7875191510397284,0.7073193391259195,2.080199811913809,2.080199811913809,0.039115515722318736
18361.0,1.49122907116,0.068002428137,6.626882353,85.0,0.8187955317302971,0.672433539429703,6.226508484370153,0.40037386862984725,3.080236314010557,1.5682089930195802,1.5120273209909767,1.5120273209909767,0.04560159767010319
11422.0,1.49176116588,0.249045161536,6.976108755,52.0,1.0064598520090415,0.48530131387095854,6.824252766819568,0.151855988180432,2.2230341625882484,0.594798874170769,1.6282352884174793,1.6282352884174793,0.16694707385621382
13489.0,1.49422059427,0.0914941343112,6.858495977,74.0,0.8813503051565452,0.6128702891134548,6.425756578519958,0.4327393984800416,2.8073931617189416,1.6949802909282436,1.112412870790698,1.112412870790698,0.06123201263726349
14097.0,1.49512607498,0.181355638636,7.122984269,50.0,1.0178334471774502,0.4772926278025498,6.860479693028624,0.2625045759713762,2.186348536115267,1.0281940680991162,1.1581544680161509,1.1581544680161509,0.12129789030562252
17829.0,1.49891013914,0.106226760216,6.85042199,54.0,0.9950862568406327,0.5038238822993673,6.788025840610513,0.06239614938948712,2.307881042698241,0.24439707550657142,2.0634839671916696,2.0634839671916696,0.07086933195137878
15241.0,1.50003427139,0.0655988260034,6.731650717,61.0,0.955278673751202,0.5447555976387979,6.661231598878818,0.07041911812118151,2.4953781685706153,0.27582193287504775,2.219556235695568,2.219556235695568,0.04373155150822864
11725.0,1.50573409104,0.0675467132026,6.569776779,50.0,1.0178334471774502,0.4879006438625497,6.860479693028624,-0.2907029140286239,2.2349409907916518,-1.138643052896536,3.3735840436881874,3.3735840436881874,0.04485965590109337
14079.0,1.50716686382,0.087945109105,6.781830429,72.0,0.8927239003249539,0.6144429634950461,6.461983504729013,0.31984692427098693,2.814597158034176,1.2527961046707077,1.5618010533634683,1.5618010533634683,0.058351275639180473
11098.0,1.5121742534,0.170311493204,7.638797495,62.0,0.9495918761669977,0.5625823772330023,6.643118135774291,0.9956793592257096,2.5770378280731756,3.8999381519209577,-1.3229003238477821,1.3229003238477821,0.11262689655049248
10848.0,1.5452258399,0.152686985423,7.003010555,52.0,1.0064598520090415,0.5387659878909585,6.824252766819568,0.1787577881804321,2.467941385051915,0.7001694989640107,1.7677718860879041,1.7677718860879041,0.09881208395588388
13814.0,1.54812103517,0.0507630534612,6.807344107,65.0,0.9325314834143845,0.6155895517556156,6.588777746460708,0.2185663605392918,2.819849368981922,0.8560941635433328,1.9637552054385892,1.9637552054385892,0.03279010639864194
17260.0,1.56357349063,0.12116689194,6.035391101,54.0,0.9950862568406327,0.5684872337893674,6.788025840610513,-0.7526347396105129,2.6040863801269065,-2.947966037731983,5.5520524178588895,5.5520524178588895,0.07749357012389552
13207.0,1.5687809035,0.0777828505223,6.713796373,50.0,1.0178334471774502,0.5509474563225498,6.860479693028624,-0.1466833200286235,2.5237413998054667,-0.5745382494168804,3.098279649222347,3.098279649222347,0.0495817168278655
10519.0,1.5853502855,1.78581460126,6.095068937,82.0,0.8358559244829101,0.7494943610170898,6.280848873683736,-0.18577993668373605,3.4332311114477423,-0.7276742821080406,4.160905393555783,4.160905393555783,1.126447963956922
13241.0,1.59640707417,0.0345707414724,7.417528034,66.0,0.9268446858301802,0.6695623883398198,6.57066428335618,0.8468637506438199,3.0670843468175324,3.3170480235555635,-0.2499636767380311,0.2499636767380311,0.021655342194204404
18173.0,1.60902797544,0.121607386614,6.987835238,52.0,1.0064598520090415,0.6025681234309586,6.824252766819568,0.16358247118043145,2.7602017249635837,0.6407298840042102,2.1194718409593736,2.1194718409593736,0.07557816798104185
17804.0,1.61440236409,0.0861461173926,7.022921571,53.0,1.000773054424837,0.613629309665163,6.806139303715041,0.21678226728495975,2.8108700297354225,0.8491061173568927,1.96176391237853,1.96176391237853,0.05336099556640485
19776.0,1.65153295742,0.114126855954,6.447819322,85.0,0.8187955317302971,0.8327374256897029,6.226508484370153,0.22131083762984716,3.814545093661619,0.866843900206402,2.947701193455217,2.947701193455217,0.0691035897535386
18992.0,1.66526918658,0.097023686663,6.799454434,50.0,1.0178334471774502,0.6474357394025498,6.860479693028624,-0.061025259028623324,2.96572814792575,-0.23902748782666708,3.204755635752417,3.204755635752417,0.0582630648815761
10057.0,1.68684558232,0.0940389054682,6.517648255,58.0,0.9723390665038152,0.7145065158161847,6.715571988192401,-0.1979237331924013,3.2729612483052684,-0.7752398511584403,4.048201099463709,4.048201099463709,0.055748378188158615
18213.0,1.71901143061,0.0852514850759,6.911579642,66.0,0.9268446858301802,0.7921667447798197,6.57066428335618,0.3409153586438203,3.628701768938788,1.3353182442034102,2.293383524735378,2.293383524735378,0.04959332064804716
12659.0,1.75936607923,0.0619924646217,6.959154117,50.0,1.0178334471774502,0.7415326320525499,6.860479693028624,0.09867442397137616,3.396760582777081,0.38649405262759734,3.0102665301494835,3.0102665301494835,0.03523568252994367
14968.0,1.81508041793,0.0427518730986,6.758846289,53.0,1.000773054424837,0.814307363505163,6.806139303715041,-0.04729301471504055,3.730121959654296,-0.1852401887189623,3.9153621483732586,3.9153621483732586,0.023553707414989456
15310.0,1.87184959115,0.0398123599421,6.775530157,50.0,1.0178334471774502,0.8540161439725498,6.860479693028624,-0.08494953602862321,3.9120171513849944,-0.3327355674056009,4.244752718790595,4.244752718790595,0.02126899518547356
12960.0,1.87346819521,0.0693107554386,6.554099901,53.0,1.000773054424837,0.8726951407851631,6.806139303715041,-0.2520394027150408,3.9975805876471053,-0.9872034338445463,4.9847840214916515,4.9847840214916515,0.03699596054836194
10449.0,2.36306522291,0.209444945674,7.115244409,51.0,1.0121466495932459,1.3509185733167541,6.842366229924096,0.27287817907590384,6.188192888669276,1.0688260347512057,5.11936685391807,5.11936685391807,0.08863274007142245
