SEQN,WBC,lymphocyte_pct,monocyte_pct,neutrophil_pct,eosinophil_pct,basophil_pct,CRP,BMXBMI,BMXWAIST,smoking_status,sex,HbA1c,discordance,discordance_signed
2084.0,5.9,27.3,11.3,52.8,8.4,0.4,0.1,27.92,107.4,never,male,5.9,0.7396486653213754,-0.7396486653213754
6445.0,6.6,20.0,8.9,67.5,1.7,1.8,0.93,28.8,106.2,former,male,5.7,0.8340828509630205,0.8340828509630205
5363.0,5.1,31.8,10.4,54.4,2.7,0.7,0.05,23.94,91.6,never,male,5.5,0.5384582881767612,-0.5384582881767612
8606.0,7.1,24.5,6.1,65.6,3.5,0.4,3.77,32.160000000000004,115.9,former,male,5.1,0.1340104128643331,-0.1340104128643331
5843.0,11.6,33.8,6.6,54.3,4.7,0.6,0.21,24.23,93.0,former,male,11.8,0.0443480523033903,0.0443480523033903
963.0,11.4,20.0,4.9,71.0,3.4,0.6,0.14,23.31,88.0,never,male,6.0,2.045817267985528,-2.045817267985528
5411.0,7.3,31.0,6.2,59.5,2.3,1.0,1.36,31.560000000000002,97.0,never,female,5.3,2.206269499357126,-2.206269499357126
626.0,6.9,21.6,11.6,64.9,0.3,1.6,0.55,22.8,91.0,current,male,5.4,1.7440369951392567,-1.7440369951392567
9173.0,5.5,19.7,12.0,66.4,1.4,0.6,2.81,33.730000000000004,123.4,former,male,5.5,0.831026157907375,-0.831026157907375
9370.0,8.1,43.5,11.2,44.3,0.8,0.2,0.08,26.42,91.7,former,female,9.5,0.3025733570794853,0.3025733570794853
6962.0,4.8,32.7,12.0,51.4,3.5,0.4,0.13,23.98,96.3,former,male,5.3,0.7828204385115298,-0.7828204385115298
7734.0,6.1,45.8,6.4,46.0,1.7,0.1,0.75,,,never,female,5.7,1.531190152888699,-1.531190152888699
4721.0,5.1,32.3,11.4,49.7,6.1,0.6,0.2,,,former,male,5.3,0.1573491908727888,0.1573491908727888
8628.0,5.7,40.7,9.3,47.0,2.3,0.8,0.11,22.94,86.3,never,female,5.6,0.5633393194477951,-0.5633393194477951
8289.0,5.1,28.1,8.3,60.7,2.8,0.3,0.52,27.93,102.5,former,male,6.2,0.7986393901047045,-0.7986393901047045
7796.0,6.9,30.0,8.8,56.1,4.4,0.7,0.23,,109.9,never,male,5.0,0.2187890965158843,-0.2187890965158843
1141.0,8.1,24.4,5.6,66.0,3.2,0.9,0.34,19.51,73.3,current,female,5.3,2.0221702725340474,-2.0221702725340474
4812.0,10.6,39.2,4.6,52.6,2.9,0.7,0.61,25.86,95.0,never,female,11.6,1.0842686353023554,-1.0842686353023554
3999.0,8.4,32.4,12.4,51.8,2.9,0.6,0.81,34.88,120.8,former,male,5.1,0.6895656248225832,-0.6895656248225832
3668.0,7.1,21.3,11.9,61.3,4.7,0.8,0.48,23.47,89.2,never,female,5.3,1.6531975528305087,-1.6531975528305087
2102.0,5.7,27.3,11.3,58.5,2.3,0.6,0.23,27.55,103.4,current,female,5.7,1.0650309192024492,1.0650309192024492
2190.0,4.9,16.2,6.1,75.9,1.3,0.6,0.63,,,former,male,9.1,0.7353354960339673,-0.7353354960339673
8953.0,5.7,24.0,5.6,65.4,4.4,0.6,0.5,26.21,107.0,never,male,5.9,1.0773603407640395,-1.0773603407640395
9090.0,7.4,28.9,7.3,61.3,2.1,0.4,0.3,21.57,87.5,current,female,5.6,0.392932193197539,-0.392932193197539
4045.0,18.2,13.1,6.0,78.8,1.9,0.1,0.11,24.650000000000002,90.7,former,male,5.3,1.9044817993807024,1.9044817993807024
8604.0,4.6,,,,,,0.24,26.78,103.7,never,male,5.5,0.5069144818824475,-0.5069144818824475
2488.0,9.0,19.5,5.9,73.4,0.9,0.4,5.24,24.41,101.4,former,male,6.0,1.8614954272132016,-1.8614954272132016
9246.0,6.9,28.7,10.5,56.4,4.3,0.2,0.77,32.37,114.5,never,male,5.0,0.3535799567172282,0.3535799567172282
6300.0,5.6,39.1,7.8,51.7,1.2,0.2,0.33,23.47,85.9,former,female,5.2,0.4694115588399254,0.4694115588399254
7456.0,10.2,40.4,9.6,45.9,3.7,0.5,0.31,28.96,107.0,former,male,6.1,1.2776467553555486,-1.2776467553555486
5884.0,7.8,36.2,6.3,55.3,1.6,0.6,0.64,32.42,109.0,never,female,6.6,0.9158043340369528,-0.9158043340369528
7487.0,8.7,33.6,10.2,52.4,3.4,0.6,3.73,22.01,83.7,never,female,8.9,0.0548312089920435,0.0548312089920435
8947.0,10.2,23.3,8.6,66.6,1.2,0.4,0.05,47.4,142.7,never,female,5.9,2.9568370487838154,-2.9568370487838154
6414.0,10.0,22.1,9.4,67.3,0.8,0.4,0.46,49.730000000000004,140.0,never,male,6.4,0.6769293491340622,-0.6769293491340622
4229.0,6.9,17.2,9.9,69.7,2.8,0.5,0.9,,,never,female,5.4,0.3638826058671265,0.3638826058671265
4840.0,5.1,18.5,6.6,71.5,2.8,0.6,0.23,27.61,100.2,never,female,6.5,2.5724531207338432,-2.5724531207338432
8727.0,4.6,33.6,7.6,56.1,2.4,0.4,0.1,32.74,108.2,former,male,4.9,0.5377330102326384,-0.5377330102326384
865.0,6.1,36.4,8.6,52.3,1.9,0.8,0.37,28.22,103.6,former,male,5.3,0.581742608510074,-0.581742608510074
4472.0,10.1,34.8,6.4,55.3,2.8,0.5,0.08,28.810000000000002,104.4,never,male,5.6,0.0032046466067379,-0.0032046466067379
8239.0,10.0,20.3,6.4,71.3,1.5,0.5,0.53,,,,female,5.1,2.5735132342242215,-2.5735132342242215
6944.0,8.4,31.8,9.4,49.9,8.4,0.5,0.22,31.01,105.2,former,male,5.8,1.6463153031690465,-1.6463153031690465
6912.0,6.9,12.5,7.0,76.4,3.4,0.6,0.06,20.63,,former,male,5.5,0.3245741450568757,0.3245741450568757
9597.0,9.7,16.0,11.1,70.9,1.6,0.4,1.5,24.43,91.8,never,male,5.9,1.5392078828702622,-1.5392078828702622
3466.0,8.8,35.3,7.6,54.1,2.5,0.6,0.77,27.84,107.7,current,male,5.3,1.1300659345514512,1.1300659345514512
211.0,7.9,29.1,12.2,56.7,1.6,0.5,0.27,31.3,117.3,never,male,6.4,1.461220157777235,-1.461220157777235
9530.0,6.2,15.6,10.2,69.0,3.9,1.3,0.41,29.01,109.0,former,male,5.0,2.1271020993745124,-2.1271020993745124
8918.0,8.4,35.0,5.9,53.4,5.1,0.7,0.34,26.44,91.0,never,female,5.2,1.8089452883772208,-1.8089452883772208
3743.0,17.3,13.9,8.2,77.5,0.3,0.2,29.6,20.79,84.7,former,female,12.7,0.4349438239383788,-0.4349438239383788
5432.0,6.3,39.7,7.7,47.7,4.3,0.6,0.77,25.490000000000002,98.6,former,female,5.7,0.9010728106802064,-0.9010728106802064
9915.0,9.9,27.3,10.1,57.8,4.3,0.5,0.44,34.63,120.8,former,male,5.7,1.7281726111121696,-1.7281726111121696
3116.0,5.6,32.1,6.9,58.3,2.3,0.4,0.36,27.150000000000002,90.4,never,male,5.5,0.9095938925995491,-0.9095938925995491
2531.0,11.0,25.4,5.9,63.9,4.6,0.3,0.6,30.77,111.7,former,male,5.7,0.8202136269585112,0.8202136269585112
7276.0,6.3,38.1,8.6,49.2,3.3,0.9,0.13,30.63,117.3,former,male,6.0,1.0211389851269614,-1.0211389851269614
5463.0,4.6,38.3,15.2,42.8,2.8,0.8,0.08,27.46,103.7,former,male,5.4,1.1306326024221889,-1.1306326024221889
8731.0,5.7,19.2,5.8,73.1,1.3,0.6,0.08,,,never,female,4.9,1.43262753286957,-1.43262753286957
4303.0,10.8,26.3,6.9,62.8,2.8,1.1,0.5,23.12,97.9,former,male,7.2,0.959454204260651,-0.959454204260651
1919.0,8.2,14.3,5.1,79.7,0.8,0.1,4.47,24.830000000000002,87.8,never,female,4.7,3.2865000084678853,-3.2865000084678853
2790.0,5.3,39.4,7.1,46.7,6.7,0.1,0.1,33.82,107.0,never,female,5.5,2.2434234377883726,-2.2434234377883726
8108.0,5.3,40.2,13.0,43.0,2.3,1.5,0.21,19.900000000000002,86.0,never,male,4.8,1.3027471688615868,-1.3027471688615868
9625.0,5.9,27.1,6.6,63.3,2.2,0.8,0.2,30.060000000000002,94.7,never,female,5.2,2.232582555079425,-2.232582555079425
4122.0,5.6,40.5,11.4,42.8,4.6,0.7,1.01,47.09,131.6,current,female,6.1,2.938717826475143,-2.938717826475143
3275.0,7.3,28.1,5.2,65.1,1.0,0.6,3.69,28.1,95.3,never,female,4.9,2.268098676620932,-2.268098676620932
7792.0,6.3,7.9,4.6,87.4,0.3,5.397605346934028e-79,3.58,23.11,86.8,former,male,6.2,1.4837769238160892,1.4837769238160892
2184.0,4.9,38.5,11.8,43.5,5.3,0.9,0.01,23.62,82.3,never,male,5.5,0.8713228293657583,-0.8713228293657583
2231.0,14.7,64.6,5.4,27.1,1.7,1.2,0.28,26.6,101.0,former,male,5.1,3.121345143723252,-3.121345143723252
374.0,5.1,23.1,6.4,66.1,3.8,0.7,0.21,22.09,75.9,current,female,5.1,1.654290244186729,-1.654290244186729
7497.0,5.6,51.3,8.0,37.8,1.3,1.6,0.09,20.830000000000002,91.8,never,female,5.4,2.01724344483332,-2.01724344483332
3482.0,7.6,39.6,8.2,48.4,3.4,0.4,0.25,26.45,94.2,never,female,6.4,1.936092142731348,-1.936092142731348
293.0,7.0,23.2,10.5,63.0,2.8,0.5,0.23,23.8,87.6,never,female,5.7,2.238181899044495,-2.238181899044495
8337.0,6.0,35.4,9.6,52.5,2.3,0.3,0.04,24.05,82.1,never,female,4.9,1.2167567529755887,-1.2167567529755887
5533.0,2.4,51.0,10.9,37.1,0.3,0.8,0.19,23.66,89.5,never,male,4.1,0.4248103331093231,0.4248103331093231
5139.0,5.5,40.0,7.5,49.3,2.7,0.6,0.36,36.32,124.1,never,male,10.1,0.1364062627225073,0.1364062627225073
695.0,6.1,30.1,6.9,55.2,6.6,1.3,1.13,26.1,95.4,former,male,7.1,0.0103953399088012,-0.0103953399088012
6396.0,8.4,12.3,6.5,80.7,0.4,0.3,2.08,22.43,88.6,former,male,5.5,1.0811062115343202,1.0811062115343202
2031.0,7.1,37.6,5.0,51.6,5.1,0.7,0.25,27.84,88.8,never,female,5.7,1.424633087493648,-1.424633087493648
5235.0,4.0,41.7,7.4,49.2,1.4,0.4,0.26,38.51,122.0,never,female,5.2,0.385106243283551,-0.385106243283551
1623.0,7.4,22.9,10.2,62.9,3.3,0.8,0.44,29.98,112.8,never,male,5.8,1.4854356766163277,-1.4854356766163277
4338.0,6.3,24.1,8.7,64.6,2.2,0.4,0.46,22.53,89.4,current,male,5.2,1.0206087091075475,-1.0206087091075475
4261.0,7.9,28.3,10.9,58.8,1.7,0.4,0.33,25.59,93.6,former,male,7.6,0.197235108355398,-0.197235108355398
2817.0,6.0,20.9,12.5,63.9,1.7,1.1,0.52,25.14,96.9,current,male,5.4,1.4948455812292782,1.4948455812292782
6116.0,7.6,32.9,7.8,58.3,0.9,0.1,0.14,26.61,86.4,never,female,5.6,0.704835047585415,-0.704835047585415
93.0,6.3,41.2,5.7,50.3,2.0,0.9,0.06,22.85,83.5,never,female,4.8,1.4831319394006546,-1.4831319394006546
5856.0,8.6,16.4,6.8,74.9,1.6,0.4,0.19,28.87,111.0,never,male,5.1,0.5124827991565803,-0.5124827991565803
2723.0,8.5,18.5,3.2,77.0,0.7,0.7,0.1,25.740000000000002,91.4,current,male,9.3,1.1089313062978805,-1.1089313062978805
6990.0,3.8,24.2,8.9,61.7,4.0,1.2,0.05,21.990000000000002,81.5,never,female,5.4,2.2222934608488707,-2.2222934608488707
4419.0,4.7,31.0,9.6,54.5,4.4,0.5,0.35,41.08,131.0,former,male,5.2,0.5036610268666744,-0.5036610268666744
136.0,5.0,32.1,8.1,58.3,1.2,0.3,2.1,43.730000000000004,136.5,former,male,5.9,0.4417227840152846,0.4417227840152846
2548.0,7.9,24.2,8.2,64.7,2.6,0.4,1.04,45.59,130.0,former,female,5.0,0.7589314587507119,-0.7589314587507119
7301.0,4.6,40.8,14.0,43.3,1.5,0.5,0.65,22.53,84.4,never,female,5.6,1.338710678393068,-1.338710678393068
5479.0,8.5,30.9,10.4,56.3,1.9,0.6,0.15,31.17,104.0,never,female,5.3,1.4281036168582006,-1.4281036168582006
2947.0,6.3,27.4,7.8,60.1,4.3,0.6,0.09,27.21,101.6,former,male,5.9,0.2273400654046433,-0.2273400654046433
9042.0,8.5,36.5,7.3,54.9,1.0,0.4,0.35,27.07,98.5,current,female,5.4,1.0002487831138973,-1.0002487831138973
1777.0,10.5,14.6,6.8,76.3,1.5,0.9,0.08,26.1,99.3,former,male,5.3,0.8557831436662994,0.8557831436662994
5302.0,5.9,25.8,8.2,61.9,2.9,1.1,0.21,23.54,86.8,current,male,5.5,0.9017704585237476,-0.9017704585237476
8174.0,7.7,26.3,9.1,60.9,2.8,0.9,4.65,27.61,105.4,current,male,5.7,0.2649022449212377,-0.2649022449212377
6703.0,7.1,28.0,7.6,62.8,1.6,0.1,0.54,24.38,96.9,current,male,4.9,1.5995950435642985,1.5995950435642985
4390.0,8.5,19.5,16.4,56.8,6.9,0.4,0.45,24.01,98.6,former,male,5.5,0.8890218278203049,0.8890218278203049
5792.0,6.1,56.9,7.8,31.1,3.5,0.7,0.72,33.7,107.1,never,female,5.6,0.7014952239561927,-0.7014952239561927
9819.0,6.8,41.0,6.6,48.4,3.4,0.6,0.23,30.3,108.5,former,male,6.0,0.6651486945085039,-0.6651486945085039
9648.0,7.5,25.6,11.2,61.1,1.6,0.6,0.19,31.3,99.7,never,female,5.5,1.6420628840497868,-1.6420628840497868
3786.0,10.0,13.9,8.4,75.0,2.1,0.6,4.95,22.400000000000002,93.5,former,male,5.9,0.3199137037352232,-0.3199137037352232
8412.0,8.4,30.3,9.6,56.7,2.7,0.8,0.62,28.830000000000002,94.0,never,female,12.3,0.7679512279161035,-0.7679512279161035
162.0,7.6,23.4,7.1,67.7,1.1,0.8,0.09,25.41,104.2,current,male,5.4,0.1922508214916074,-0.1922508214916074
9762.0,6.1,27.8,4.8,65.3,1.6,0.6,0.28,32.410000000000004,102.2,former,female,6.1,1.5403351165926025,-1.5403351165926025
4931.0,6.1,50.2,9.4,38.6,1.7,0.1,0.46,22.44,92.8,never,male,5.6,0.1308935605870096,0.1308935605870096
5941.0,14.1,13.8,3.1,82.2,1.0,5.397605346934028e-79,3.35,34.28,,current,male,6.5,0.4293957050656581,-0.4293957050656581
2830.0,5.6,36.3,8.9,52.2,2.1,0.6,0.31,25.19,80.9,never,female,6.1,1.2168791414174105,-1.2168791414174105
813.0,5.4,30.5,9.5,55.4,4.4,0.4,0.77,24.740000000000002,96.1,current,male,5.4,1.1119978392072325,-1.1119978392072325
1473.0,13.1,9.8,10.0,73.8,6.2,0.2,15.6,,,current,male,5.1,0.4976443960171399,-0.4976443960171399
4823.0,9.6,17.8,6.4,73.3,1.5,1.0,0.17,27.46,97.6,former,male,5.5,2.471967255717011,-2.471967255717011
8497.0,7.1,25.1,9.4,61.4,3.4,0.8,0.47,31.29,106.5,former,male,6.1,1.6685889166912005,-1.6685889166912005
1546.0,4.4,28.8,6.6,63.5,0.7,0.4,0.2,24.900000000000002,76.2,never,female,5.4,0.1143898057166041,0.1143898057166041
2361.0,6.4,26.5,7.8,60.8,4.4,0.6,0.35,28.59,99.5,never,female,5.7,0.8450046040899445,-0.8450046040899445
8944.0,6.4,24.1,9.1,62.2,3.8,0.8,1.95,30.41,116.0,former,male,5.6,0.7285721766636863,-0.7285721766636863
3305.0,6.7,25.0,7.6,62.8,3.8,0.8,0.33,34.22,101.6,never,female,5.4,1.4193293616229965,1.4193293616229965
3412.0,5.9,30.0,10.2,56.3,2.9,0.7,0.32,30.740000000000002,113.7,former,male,5.4,0.477505990001986,0.477505990001986
9207.0,7.0,31.5,8.6,57.7,1.8,0.5,0.31,33.3,118.2,former,male,5.5,0.4870882769149369,-0.4870882769149369
225.0,5.3,24.4,11.4,60.2,3.6,0.4,0.09,25.91,100.0,never,male,5.6,0.9165726973294914,-0.9165726973294914
4559.0,11.1,29.5,7.4,57.8,4.6,0.7,2.12,28.54,98.3,current,female,5.5,1.025150021106934,-1.025150021106934
6189.0,7.6,39.6,7.2,51.2,1.0,0.9,1.01,33.87,100.4,never,female,5.3,0.2070043789900439,0.2070043789900439
7010.0,8.9,44.3,6.9,45.4,2.8,0.6,0.07,30.02,99.8,never,female,6.8,0.4477826834197662,-0.4477826834197662
5195.0,7.9,29.6,6.8,61.6,1.6,0.5,0.45,30.67,103.0,never,female,5.9,0.7503916493926837,-0.7503916493926837
2185.0,3.9,39.3,11.9,46.5,2.0,0.4,0.24,35.54,122.5,former,female,5.4,1.746983584948333,-1.746983584948333
1625.0,7.5,7.9,10.5,81.1,0.3,0.3,0.7,26.27,96.5,never,female,5.2,1.1023428289263886,-1.1023428289263886
5124.0,11.7,28.2,6.4,63.1,1.5,0.8,0.54,40.17,134.0,current,male,6.1,1.139727591909683,-1.139727591909683
9303.0,10.6,21.5,4.9,72.5,0.9,0.2,1.25,31.470000000000002,100.7,former,female,6.1,2.6286848315112676,-2.6286848315112676
6077.0,9.8,25.5,7.0,64.6,2.0,0.9,0.3,23.1,82.4,never,female,5.1,1.5091746906505752,-1.5091746906505752
160.0,7.0,26.0,6.8,60.3,6.1,0.8,0.61,,,former,male,5.9,1.1237520786763429,-1.1237520786763429
7042.0,7.7,27.3,5.1,64.0,3.2,0.5,0.26,27.52,102.6,former,male,6.5,1.8445620974071264,-1.8445620974071264
2571.0,6.6,17.3,7.6,73.3,1.4,0.4,4.17,,,never,female,4.9,0.7807708917845387,0.7807708917845387
1846.0,5.3,29.5,9.3,57.1,3.3,0.8,0.12,28.11,104.5,never,male,5.1,2.6889831465580727,-2.6889831465580727
3221.0,7.6,26.1,6.5,64.3,2.7,0.5,0.07,28.080000000000002,100.1,never,male,5.3,1.6586321280269871,-1.6586321280269871
7741.0,5.7,31.4,9.0,52.8,5.9,0.9,1.56,25.35,96.9,never,female,5.5,1.1807925977835974,-1.1807925977835974
4446.0,9.8,16.0,4.6,76.1,2.1,1.0,0.32,27.330000000000002,89.2,former,female,5.4,1.9344075201018311,-1.9344075201018311
8971.0,5.9,39.3,7.7,42.4,9.6,1.0,0.79,31.66,114.4,former,male,5.8,1.4140993151521184,-1.4140993151521184
197.0,7.9,33.8,4.6,58.8,2.5,0.3,0.17,27.39,109.7,former,male,5.1,1.6018852923241629,-1.6018852923241629
2426.0,8.7,24.0,12.7,60.8,1.3,1.1,0.4,25.830000000000002,85.0,never,female,5.1,0.0045723218203546,-0.0045723218203546
421.0,7.5,31.1,10.1,55.3,3.2,0.3,0.85,27.94,96.0,never,male,5.8,1.8814039618815803,-1.8814039618815803
4445.0,6.6,27.0,7.8,63.4,1.4,0.4,0.1,23.68,90.7,never,female,5.3,2.567448442460176,-2.567448442460176
3802.0,5.8,27.9,7.8,59.9,3.8,0.6,4.63,29.72,108.0,never,male,5.5,2.1761856656954466,-2.1761856656954466
3281.0,5.9,39.8,11.4,44.6,3.4,0.8,1.9,40.33,132.3,former,male,6.0,0.0484679180508307,0.0484679180508307
2754.0,5.6,27.8,6.1,62.4,3.3,0.4,0.06,25.35,91.3,former,male,5.8,1.091119547428747,-1.091119547428747
3292.0,6.4,35.7,14.0,48.0,1.7,0.7,0.5,27.96,106.7,former,male,5.5,1.4836606894931452,1.4836606894931452
5562.0,9.2,39.2,15.2,37.7,7.6,0.4,0.1,21.06,86.0,current,male,5.1,1.659218382365631,1.659218382365631
1085.0,8.0,41.4,9.5,47.2,0.9,0.9,0.04,24.43,90.5,current,male,5.1,0.1111016161559979,0.1111016161559979
8645.0,8.4,22.7,8.1,61.5,6.9,0.9,0.28,34.85,113.2,former,male,5.9,1.045157414375899,-1.045157414375899
8710.0,4.9,52.7,12.7,30.0,3.9,0.8,0.38,29.16,108.0,former,male,5.6,1.2365572107223677,-1.2365572107223677
6583.0,7.9,9.9,6.4,82.3,0.9,0.6,0.69,35.21,114.4,never,female,5.8,0.1943809901033018,-0.1943809901033018
4530.0,9.6,27.8,7.8,62.9,0.6,0.9,0.17,28.0,91.3,former,female,4.9,0.4295561809635621,-0.4295561809635621
1897.0,6.3,32.0,6.3,60.0,0.9,0.9,0.73,31.62,114.0,former,male,5.6,1.261416017239559,-1.261416017239559
8068.0,5.6,29.5,8.2,55.2,5.7,1.3,0.08,22.21,77.7,current,female,5.3,0.9246900454147372,-0.9246900454147372
6736.0,12.3,48.7,8.1,35.6,2.8,4.8,1.23,38.160000000000004,136.1,current,male,5.5,0.6951661070612334,-0.6951661070612334
4508.0,7.1,29.3,6.3,54.6,9.4,0.4,0.34,29.740000000000002,91.5,former,female,6.1,2.1189184307188853,-2.1189184307188853
3575.0,5.7,41.6,9.9,43.9,3.7,0.9,1.4,28.580000000000002,111.4,former,male,6.8,0.943325341354736,0.943325341354736
5136.0,6.2,29.7,6.6,61.1,2.2,0.4,0.07,28.22,106.0,never,male,5.0,0.8230803916116816,-0.8230803916116816
3570.0,9.0,31.2,9.5,57.1,1.4,0.9,0.14,30.26,107.7,former,male,5.3,1.2905575544950048,-1.2905575544950048
6000.0,7.8,35.0,5.6,57.1,1.9,0.4,0.28,27.82,100.4,never,female,8.5,0.7267172371820076,-0.7267172371820076
5278.0,7.8,29.0,6.0,60.2,4.4,0.5,0.22,26.17,105.0,former,male,5.5,0.7917834744473415,-0.7917834744473415
3436.0,5.1,32.4,7.4,55.3,4.2,0.8,0.21,32.13,112.0,never,female,5.7,1.1325041573044483,-1.1325041573044483
1729.0,8.4,38.8,8.1,48.4,4.1,0.5,0.17,37.81,108.5,never,female,8.6,0.8489711911441659,-0.8489711911441659
4990.0,8.7,40.2,6.7,48.5,3.7,0.9,0.16,22.29,89.1,current,female,7.7,2.123780570588633,-2.123780570588633
477.0,5.6,35.8,10.0,51.8,1.7,0.6,0.6,24.41,94.9,never,male,5.7,1.2450946089767103,-1.2450946089767103
3748.0,6.9,25.3,9.1,63.4,1.5,0.7,0.56,27.35,90.8,former,female,5.1,0.1937047760353762,-0.1937047760353762
3946.0,6.1,30.5,8.7,58.2,2.6,0.1,1.24,31.02,109.0,former,male,5.1,1.2302092655175674,-1.2302092655175674
9818.0,6.1,27.6,6.9,62.1,2.8,0.6,0.36,21.8,88.2,former,female,5.5,2.147026352100759,-2.147026352100759
2337.0,4.9,19.9,13.4,64.6,1.5,0.7,0.24,28.27,101.5,never,male,7.8,1.48061449708643,-1.48061449708643
4753.0,8.5,40.7,4.3,51.4,3.0,0.6,1.64,32.11,101.2,former,female,5.5,1.111653743297023,-1.111653743297023
1634.0,5.4,33.8,9.5,50.7,5.4,0.6,0.12,36.54,109.9,never,female,5.3,2.619123808849669,-2.619123808849669
6109.0,9.3,32.4,6.4,56.9,3.3,0.9,0.08,34.29,108.2,never,female,5.5,0.9531361085754324,-0.9531361085754324
4212.0,8.8,24.6,6.9,65.4,2.7,0.4,0.08,29.86,105.0,former,male,6.1,0.0361219950744107,-0.0361219950744107
1244.0,7.6,22.3,9.3,65.6,2.0,0.9,0.58,38.04,130.4,former,male,5.9,0.2773332679020365,-0.2773332679020365
6352.0,6.6,38.1,8.9,45.7,6.8,0.5,0.97,27.17,105.7,former,male,5.6,0.8021320922549952,-0.8021320922549952
1255.0,6.9,35.8,7.8,54.4,1.2,0.8,0.47,29.91,99.0,former,female,5.3,1.1929564146182292,-1.1929564146182292
5064.0,4.7,24.2,7.8,65.1,2.8,0.2,0.42,37.88,125.0,current,male,5.6,0.3975513842415957,-0.3975513842415957
1824.0,5.9,24.1,7.3,65.3,2.6,0.8,0.27,29.650000000000002,97.9,former,male,5.4,1.53203183890662,-1.53203183890662
266.0,6.1,22.0,8.6,67.1,1.9,0.4,1.14,29.51,110.6,never,male,8.2,0.4806133558875216,-0.4806133558875216
1351.0,8.2,26.7,7.8,61.8,3.1,0.6,0.48,18.73,74.4,never,female,5.5,1.0051305737652754,-1.0051305737652754
424.0,6.6,41.2,5.4,51.2,1.7,0.6,0.31,33.53,101.4,never,female,5.8,0.5259922758540747,-0.5259922758540747
2701.0,8.1,34.5,8.6,52.1,4.1,0.7,0.59,36.74,133.2,former,male,6.1,1.722121743962678,-1.722121743962678
1652.0,5.1,24.5,7.0,66.2,1.8,0.4,0.18,32.63,102.7,former,female,5.1,1.9568666892006896,-1.9568666892006896
622.0,5.4,26.8,7.9,61.0,3.6,0.7,0.05,21.63,73.4,never,female,5.0,1.557883816555713,-1.557883816555713
7269.0,5.5,31.7,11.4,53.8,2.3,0.6,0.11,28.330000000000002,104.8,former,male,6.0,0.6558694074265405,-0.6558694074265405
8729.0,9.2,33.8,6.9,57.6,1.1,0.6,0.38,29.07,101.5,current,female,5.6,1.0048215965277576,-1.0048215965277576
6534.0,4.8,19.9,8.0,68.7,2.9,0.6,0.16,29.38,98.8,former,male,5.2,0.6003455376447642,0.6003455376447642
879.0,5.9,42.5,8.9,41.3,6.5,0.8,1.04,24.580000000000002,96.0,never,male,6.3,1.6898495030099614,-1.6898495030099614
3356.0,3.3,52.1,10.2,34.7,2.2,0.8,0.04,26.330000000000002,99.3,former,male,5.1,0.8046014683910625,-0.8046014683910625
16.0,7.4,28.0,6.3,64.6,0.6,0.5,0.04,19.96,74.4,never,female,4.6,2.7194210092318727,-2.7194210092318727
3506.0,8.6,26.2,8.5,59.6,4.9,0.8,0.18,24.84,102.7,former,male,11.1,1.1890343329983055,-1.1890343329983055
6866.0,5.7,24.5,11.6,59.8,3.5,0.6,0.54,27.09,102.6,current,male,11.1,0.673816079606497,-0.673816079606497
7531.0,6.6,29.0,8.4,56.1,5.3,1.2,0.3,33.8,123.8,current,male,5.4,0.2245111316957799,-0.2245111316957799
8139.0,6.6,17.7,11.7,68.9,1.3,0.4,0.28,24.34,96.7,never,male,5.6,0.2691020829707215,-0.2691020829707215
4101.0,7.4,22.8,8.5,64.6,2.9,1.2,0.66,25.51,95.5,former,male,5.6,1.3739979746065227,-1.3739979746065227
2973.0,5.4,23.7,8.1,65.3,2.2,0.8,0.04,25.52,97.2,former,male,5.7,1.5916774550717658,-1.5916774550717658
2948.0,4.2,40.7,11.0,44.8,3.4,0.2,0.89,30.14,110.0,never,male,5.2,1.6038834619100792,-1.6038834619100792
7601.0,9.5,21.3,7.9,68.3,2.0,0.6,0.55,25.5,99.4,current,male,5.8,0.7341140752538591,0.7341140752538591
4430.0,6.6,43.6,12.2,41.0,1.7,1.6,0.43,26.060000000000002,95.7,current,male,4.9,0.4922327152068263,-0.4922327152068263
4130.0,5.8,30.3,11.6,52.2,5.4,0.4,0.12,27.36,,former,male,5.3,0.2869604377553639,-0.2869604377553639
1779.0,7.5,25.0,10.9,61.2,2.5,0.5,0.25,30.19,97.0,never,male,5.6,2.364194876860497,-2.364194876860497
8016.0,5.1,42.7,9.7,44.2,3.3,0.2,2.04,,,never,female,7.1,0.5497756188700407,-0.5497756188700407
6721.0,7.8,22.4,6.8,68.4,2.0,0.4,0.33,31.830000000000002,118.4,former,male,5.3,0.0358174249305558,0.0358174249305558
8489.0,4.4,41.2,6.6,49.0,2.6,0.6,0.74,25.71,95.7,former,male,10.3,0.3893847318216079,-0.3893847318216079
2020.0,4.6,40.4,11.1,41.3,5.8,1.4,0.04,21.27,68.1,never,female,5.3,0.4274991662942213,-0.4274991662942213
392.0,6.9,21.2,7.2,68.7,2.4,0.6,0.33,25.580000000000002,95.0,never,male,5.5,1.591508091187068,-1.591508091187068
9446.0,7.5,28.0,8.6,61.7,1.5,0.3,0.78,25.64,99.4,never,male,5.5,0.6008315773339551,0.6008315773339551
9840.0,9.1,23.7,7.8,65.6,2.0,0.9,0.48,26.05,89.4,never,female,5.8,1.2557197333416568,-1.2557197333416568
1045.0,4.6,31.6,10.6,56.1,1.7,0.1,0.24,28.310000000000002,77.0,never,female,5.2,0.4128984602926318,0.4128984602926318
1021.0,6.6,15.9,8.9,72.7,2.4,0.2,0.2,21.89,86.7,former,male,5.3,2.4548296222442003,2.4548296222442003
9234.0,8.4,30.7,7.4,57.1,4.0,0.9,0.26,26.310000000000002,86.8,former,female,7.2,0.8921360883983739,-0.8921360883983739
8548.0,7.4,15.4,9.4,71.2,3.4,0.6,2.14,25.45,101.6,never,male,5.1,2.0099868446175058,-2.0099868446175058
3514.0,6.8,15.5,9.0,69.9,5.1,0.4,0.7,21.21,85.6,former,male,5.5,0.5229264099957679,0.5229264099957679
7716.0,6.1,18.6,8.4,69.4,3.1,0.5,0.04,29.62,112.5,former,male,5.5,0.6549322991386388,0.6549322991386388
7231.0,7.2,42.7,10.9,44.8,1.1,0.6,0.1,22.76,87.6,current,male,7.8,0.3816294875444177,0.3816294875444177
2927.0,8.2,41.2,7.3,48.2,2.7,0.6,0.05,20.63,90.0,former,female,5.4,0.4464475537337891,0.4464475537337891
7063.0,4.4,25.4,9.8,64.0,0.8,0.1,1.73,,,former,female,5.2,0.6975742521075078,-0.6975742521075078
6379.0,5.9,30.7,9.9,57.1,1.7,0.6,0.68,36.5,114.4,never,female,6.4,1.0320458529791463,-1.0320458529791463
2605.0,6.4,34.0,6.0,58.9,0.9,0.2,1.11,18.63,70.5,never,female,5.0,1.7841511099257696,-1.7841511099257696
2962.0,7.2,12.0,6.1,79.4,2.2,0.3,1.35,22.87,94.3,former,male,5.3,2.5757504085686804,-2.5757504085686804
351.0,5.0,46.1,9.9,34.8,8.1,1.2,0.26,26.98,101.3,former,male,5.7,0.4941531700947583,-0.4941531700947583
5706.0,6.4,34.3,7.2,55.0,2.8,0.9,0.06,30.44,101.9,never,male,5.5,2.5460614745643406,-2.5460614745643406
129.0,6.9,23.5,10.0,61.2,4.3,1.0,0.21,38.32,118.3,former,female,5.5,2.502269805783824,-2.502269805783824
9833.0,8.0,32.4,6.9,59.0,0.9,0.7,0.81,26.740000000000002,102.5,current,male,5.4,1.314528986004714,-1.314528986004714
402.0,7.6,29.9,9.0,56.1,3.8,1.3,0.32,23.21,82.3,former,female,5.0,1.1066094309602967,-1.1066094309602967
5322.0,5.9,32.5,8.4,51.7,5.6,1.7,0.72,34.24,110.6,never,male,5.6,0.6473029876438805,-0.6473029876438805
8408.0,5.8,30.4,8.3,49.9,10.1,1.3,0.61,29.38,93.3,never,female,5.5,1.5864676371735111,-1.5864676371735111
9424.0,6.9,42.8,5.6,49.5,1.7,0.6,0.85,30.19,99.7,former,female,6.1,0.8382619001810006,-0.8382619001810006
6867.0,7.1,17.0,11.5,68.8,2.5,0.2,0.93,26.67,103.2,former,male,5.5,0.0699917559258753,-0.0699917559258753
1171.0,5.9,18.5,8.2,69.9,2.8,0.4,0.13,32.410000000000004,110.2,former,male,10.8,0.6995805515438298,-0.6995805515438298
2416.0,6.5,21.3,8.4,68.2,2.2,5.397605346934028e-79,0.21,36.2,,former,male,5.6,1.1682482954334146,-1.1682482954334146
8769.0,7.6,28.6,8.4,61.1,1.4,0.5,0.9,36.15,120.4,former,male,8.2,0.7080358016738693,-0.7080358016738693
7312.0,4.9,25.1,9.0,60.4,4.1,1.3,0.16,25.84,100.2,former,female,5.3,0.1018546940042659,0.1018546940042659
925.0,6.2,19.8,6.8,65.1,7.8,0.6,0.42,30.68,104.6,never,male,6.1,0.537332630155138,-0.537332630155138
3035.0,6.6,20.4,7.3,65.7,5.7,1.0,1.26,30.18,96.2,never,female,4.5,2.1703910534738617,-2.1703910534738617
2732.0,6.6,16.2,6.5,68.7,7.8,0.9,0.08,22.62,87.2,never,male,7.6,1.245472823449265,1.245472823449265
6270.0,8.6,23.1,7.1,66.9,2.3,0.6,0.59,25.96,93.5,never,male,5.3,0.9688040382259134,-0.9688040382259134
508.0,8.5,34.8,8.1,54.2,2.7,0.3,0.24,30.740000000000002,107.6,never,female,5.1,1.7985271655436854,-1.7985271655436854
3664.0,6.4,36.5,9.3,51.9,1.8,0.5,0.45,29.42,88.7,never,female,5.3,3.1171026316356287,-3.1171026316356287
1799.0,5.0,30.4,7.5,58.4,3.0,0.8,0.13,26.18,80.2,never,female,5.7,0.792993291206879,-0.792993291206879
3597.0,6.3,29.6,8.5,57.3,3.8,0.8,0.3,28.34,106.3,former,male,5.1,0.6706224072306348,0.6706224072306348
7221.0,5.1,31.2,7.9,56.3,3.7,1.0,0.73,25.67,84.0,never,female,5.1,1.2955519868764265,-1.2955519868764265
8815.0,5.0,32.0,8.1,58.1,1.5,0.4,0.07,26.73,104.3,never,male,5.3,1.0266269234520415,-1.0266269234520415
8353.0,7.8,33.5,7.7,56.6,1.6,0.6,0.18,30.41,110.9,former,male,5.5,1.798982048825177,-1.798982048825177
8938.0,5.2,39.1,6.8,53.2,0.8,0.2,0.03,24.330000000000002,92.0,former,male,5.0,0.8428492749958406,-0.8428492749958406
7244.0,8.1,31.4,10.3,54.0,3.5,0.8,0.28,24.52,95.5,never,male,6.1,0.4767937200878445,0.4767937200878445
2940.0,6.6,25.0,5.4,64.3,4.6,0.8,1.01,36.37,116.0,never,female,5.5,1.3036628584235208,-1.3036628584235208
8268.0,8.1,34.8,5.7,57.1,1.7,0.6,0.81,38.72,120.3,never,female,6.3,1.1291809140170952,-1.1291809140170952
5789.0,7.2,41.8,10.2,45.7,1.8,0.5,0.49,21.86,74.8,never,female,5.4,0.8703286870793794,-0.8703286870793794
9414.0,6.4,48.5,9.7,39.6,1.9,0.3,0.53,34.61,117.6,never,female,14.0,1.72315793656285,-1.72315793656285
7047.0,4.7,16.0,10.7,69.9,2.8,0.6,0.1,23.67,91.0,never,male,6.5,0.7245180998709317,0.7245180998709317
332.0,6.1,36.3,11.9,45.5,5.4,0.9,0.06,33.480000000000004,117.7,former,male,5.5,0.2754631809849919,-0.2754631809849919
1283.0,9.4,17.9,10.5,68.4,2.7,0.4,0.67,23.86,82.2,current,male,5.6,1.1636505772592738,-1.1636505772592738
9544.0,6.0,31.4,9.1,58.7,0.9,5.397605346934028e-79,0.21,21.82,88.3,never,male,5.4,0.885965117186411,0.885965117186411
7991.0,8.6,31.6,8.9,56.6,2.2,0.8,1.41,,,never,female,5.2,0.7751379994622013,-0.7751379994622013
6845.0,6.6,36.7,6.2,53.8,2.7,0.6,0.29,46.19,140.8,never,male,6.0,0.6931817177010626,-0.6931817177010626
9113.0,5.5,34.3,11.6,51.2,2.1,0.8,0.04,28.37,103.7,never,female,6.1,1.4950409982765045,-1.4950409982765045
8230.0,9.2,17.0,10.1,70.4,1.7,0.9,1.21,19.54,81.4,never,female,6.0,1.243593016854368,1.243593016854368
8496.0,8.8,33.0,4.1,58.8,3.4,0.8,3.02,32.29,110.1,never,female,8.0,0.2298024130098097,0.2298024130098097
7267.0,5.9,32.7,9.5,52.6,4.4,0.8,0.39,27.150000000000002,98.2,never,female,5.6,0.0890751679467347,-0.0890751679467347
917.0,10.0,15.2,11.8,71.8,0.8,0.4,0.22,17.01,63.0,former,female,5.5,4.487100487211356,-4.487100487211356
7522.0,5.1,22.0,11.4,62.4,3.6,0.6,0.11,27.02,104.5,former,male,5.9,0.3158407991756207,0.3158407991756207
9715.0,8.4,28.7,6.8,60.3,3.8,0.5,0.88,24.51,91.0,current,female,5.4,1.515716195900412,-1.515716195900412
8721.0,8.1,28.8,3.9,65.9,0.8,0.6,3.8,23.66,84.3,former,female,5.8,0.3835279764127204,-0.3835279764127204
8155.0,6.8,16.5,8.2,70.6,4.4,0.4,1.32,28.05,103.4,former,female,5.3,0.883271570179546,-0.883271570179546
1855.0,4.9,20.3,17.2,59.2,2.5,0.9,0.39,25.52,,never,male,5.1,1.595385099898922,-1.595385099898922
7388.0,5.1,34.8,8.5,55.0,1.3,0.4,0.21,36.79,119.2,former,female,5.4,1.1304655773070216,-1.1304655773070216
9316.0,9.8,29.2,8.8,52.6,9.0,0.4,0.35,38.32,131.4,never,male,7.6,0.9064033865903472,-0.9064033865903472
8697.0,6.3,27.9,8.1,62.1,1.7,0.3,0.12,33.160000000000004,107.4,never,male,6.7,1.202970934945021,-1.202970934945021
2620.0,7.2,18.7,9.8,68.8,1.9,0.8,0.1,25.490000000000002,98.5,former,male,5.8,0.931067405083442,0.931067405083442
3849.0,9.2,29.5,5.3,62.2,2.5,0.4,0.06,26.45,92.5,former,female,5.5,0.7375312463257095,0.7375312463257095
9720.0,8.6,38.3,7.4,51.3,1.9,1.2,0.45,31.810000000000002,101.2,never,female,5.7,1.1333677349017248,-1.1333677349017248
5009.0,5.5,30.2,9.1,57.6,2.7,0.4,0.33,24.36,102.2,former,male,5.6,0.8589778925982452,-0.8589778925982452
3333.0,8.9,23.6,6.7,67.3,2.1,0.3,0.61,33.59,106.7,never,female,6.1,1.6168678357483288,-1.6168678357483288
5882.0,5.8,37.9,11.3,48.4,1.7,0.8,0.38,23.36,85.0,former,female,5.7,0.1762548514967273,-0.1762548514967273
8939.0,5.8,23.2,10.0,64.9,0.9,1.0,0.42,25.93,100.1,never,male,13.5,0.1296078502887173,-0.1296078502887173
2265.0,4.2,43.9,11.1,42.2,2.1,0.8,0.41,27.73,,never,female,5.7,0.484570473664993,-0.484570473664993
389.0,4.9,21.7,10.9,62.7,3.7,1.1,0.36,22.19,78.4,former,female,5.8,0.4189150468919577,-0.4189150468919577
3296.0,5.6,33.6,8.7,52.5,4.0,1.3,0.14,29.93,96.2,former,female,5.4,1.40631878193964,-1.40631878193964
3362.0,6.4,25.9,6.7,65.9,1.0,0.5,0.24,27.63,107.0,current,female,5.2,1.603922630956819,-1.603922630956819
4636.0,,,,,,,0.42,22.85,78.9,never,female,5.4,0.5417102052120478,-0.5417102052120478
4781.0,5.6,26.1,6.6,65.9,1.3,0.1,0.17,30.3,106.1,never,male,5.6,2.2017414229181114,-2.2017414229181114
5753.0,7.4,20.5,6.3,69.5,3.2,0.6,0.16,33.21,114.3,former,male,5.1,1.419241947515948,-1.419241947515948
1967.0,8.0,24.2,6.2,65.3,3.4,0.9,0.24,32.02,102.0,former,female,5.0,1.6758624634482966,-1.6758624634482966
9822.0,7.6,22.1,6.5,68.7,2.3,0.4,0.08,25.44,95.1,never,male,5.3,0.4927343078165934,-0.4927343078165934
4941.0,5.9,38.4,8.2,52.1,0.8,0.5,0.07,24.73,90.3,never,female,5.2,1.291454039511195,-1.291454039511195
1210.0,6.9,51.1,7.4,38.1,3.4,0.2,0.29,38.97,107.4,former,female,5.8,1.7243753351166642,1.7243753351166642
981.0,6.4,44.9,10.0,42.2,2.0,0.9,0.08,27.07,89.9,never,female,5.5,0.6577654773460649,-0.6577654773460649
6122.0,6.9,31.7,7.7,57.7,2.8,0.2,0.69,38.32,120.7,former,female,5.6,0.0280273713159397,0.0280273713159397
368.0,5.9,36.5,6.4,55.9,1.0,0.3,0.09,23.96,93.8,former,male,5.2,0.3805407816032675,-0.3805407816032675
4563.0,5.7,21.6,6.9,69.4,1.3,0.9,0.03,22.93,,never,male,5.2,1.707168290004645,1.707168290004645
5310.0,7.9,20.0,7.0,66.1,6.6,0.4,0.54,24.34,98.2,former,male,5.0,0.2333959716355288,0.2333959716355288
2014.0,7.1,22.1,4.9,71.6,1.2,0.2,0.87,29.98,93.1,never,female,5.2,1.6430713195406494,-1.6430713195406494
7295.0,7.6,34.6,10.1,50.3,3.7,1.3,0.67,25.45,103.9,current,male,5.7,1.0795564686402357,-1.0795564686402357
9931.0,8.2,33.8,7.4,56.3,2.2,0.4,0.33,36.19,120.3,never,female,7.0,0.0132160933616023,-0.0132160933616023
5964.0,5.3,27.7,9.4,60.2,2.2,0.6,0.1,21.01,81.3,former,male,4.7,1.302870661783074,-1.302870661783074
151.0,6.9,24.8,8.1,62.6,3.3,1.2,0.17,26.6,102.8,former,male,5.6,0.8675347408229348,-0.8675347408229348
6972.0,7.6,13.1,6.1,57.6,22.8,0.4,0.32,20.71,67.8,never,female,5.0,1.2422416857287806,-1.2422416857287806
8365.0,6.2,39.4,9.6,49.5,1.0,0.4,0.08,31.13,109.0,never,female,5.8,0.9330627395153795,-0.9330627395153795
5401.0,6.3,35.1,6.1,55.4,2.9,0.4,0.36,30.59,93.4,never,female,5.6,0.6494472214880979,-0.6494472214880979
2864.0,7.3,34.9,7.6,49.7,6.7,1.2,0.65,29.240000000000002,96.5,never,female,6.0,2.317729486685746,-2.317729486685746
5520.0,6.8,30.1,4.9,63.5,1.0,0.4,0.08,26.61,97.7,never,female,10.3,1.2982651910514895,-1.2982651910514895
8189.0,5.3,38.8,5.9,52.4,2.2,0.6,0.26,26.6,81.2,never,female,6.0,1.0817945432786324,-1.0817945432786324
1873.0,7.5,42.1,5.6,50.9,1.2,0.3,0.26,23.46,87.1,never,female,9.2,0.4878837803006217,-0.4878837803006217
1659.0,10.2,33.3,8.1,55.2,2.8,0.6,0.16,28.3,98.0,former,male,5.1,0.7576490813900051,-0.7576490813900051
6682.0,4.7,27.5,11.8,55.7,4.7,0.4,0.06,24.46,97.3,never,male,6.1,0.5814314568510909,0.5814314568510909
2762.0,12.5,21.0,6.8,68.6,1.7,2.0,1.52,43.050000000000004,131.8,never,female,14.6,0.5287920038664182,-0.5287920038664182
8050.0,4.3,17.2,10.5,69.9,1.9,0.5,0.53,28.45,99.4,former,male,5.4,0.8916105153071356,-0.8916105153071356
2938.0,7.1,15.1,10.0,71.7,2.5,0.8,0.13,25.55,96.0,former,male,5.8,1.2416453381365546,-1.2416453381365546
9199.0,5.4,,,,,,0.03,25.66,88.6,former,male,12.3,0.1695812517772961,0.1695812517772961
728.0,5.1,25.1,8.9,61.7,3.5,0.8,0.39,27.69,100.0,former,female,5.1,0.9196232387092682,-0.9196232387092682
876.0,6.0,30.5,5.5,61.0,2.2,0.9,0.81,28.25,95.4,former,female,11.4,1.4065823293072648,-1.4065823293072648
3652.0,5.4,27.9,9.4,60.2,1.9,0.6,0.3,33.68,115.7,never,male,6.2,0.5871651318259805,-0.5871651318259805
9532.0,5.8,31.0,7.1,55.6,5.5,0.9,0.5,34.15,106.1,never,female,5.5,1.0718376621528785,-1.0718376621528785
2977.0,8.6,39.5,7.8,47.6,4.3,0.9,1.16,29.72,102.2,never,female,9.1,1.586003061961212,1.586003061961212
9347.0,8.1,17.1,4.9,75.9,2.0,0.1,0.47,28.68,105.0,never,female,5.6,1.121430072487934,-1.121430072487934
5333.0,7.2,33.7,8.6,54.7,2.2,0.9,0.37,32.02,109.0,former,male,6.3,0.4952292383270016,-0.4952292383270016
690.0,7.0,28.3,6.1,63.6,1.5,0.7,0.65,25.490000000000002,97.9,never,female,5.3,1.9275920333598648,-1.9275920333598648
221.0,6.9,38.8,8.2,50.7,2.0,0.4,0.53,27.1,98.6,never,male,4.8,0.151571050150418,-0.151571050150418
2045.0,4.4,35.2,7.5,53.0,4.2,0.1,0.14,37.22,120.1,never,male,5.2,1.3986472368718863,-1.3986472368718863
8498.0,6.4,31.1,10.0,55.9,2.3,0.6,0.16,28.45,98.5,never,male,5.5,0.3656982621153637,-0.3656982621153637
3085.0,8.3,29.3,7.5,61.7,0.9,0.7,0.4,35.54,111.6,former,male,7.1,0.4122279231912453,0.4122279231912453
6025.0,6.6,22.1,6.5,67.4,3.8,0.1,0.27,29.89,117.1,former,male,5.1,1.5937721779929503,-1.5937721779929503
1861.0,10.6,29.7,7.5,60.7,1.3,0.8,1.28,34.800000000000004,115.9,never,female,6.7,0.1465133902530461,-0.1465133902530461
3890.0,4.8,29.0,6.6,58.1,5.5,0.8,0.14,28.01,84.3,former,female,5.1,1.4954648544796636,-1.4954648544796636
1825.0,10.0,30.0,9.1,57.7,2.5,0.7,0.38,27.86,102.5,former,male,5.7,0.3115456881923588,-0.3115456881923588
7767.0,7.3,16.9,7.5,73.1,2.0,0.6,0.37,31.48,106.0,never,female,5.5,1.1644048431513034,-1.1644048431513034
403.0,8.9,25.6,5.6,67.4,0.8,0.6,3.22,28.03,94.4,former,female,5.5,1.4018675379750194,-1.4018675379750194
3141.0,10.2,23.6,10.4,60.1,5.4,0.6,2.59,26.22,96.0,never,male,5.0,0.7952884854276921,-0.7952884854276921
2451.0,8.8,41.0,7.4,49.3,1.6,0.8,0.37,35.38,121.6,former,female,5.2,1.4579709761009485,-1.4579709761009485
4644.0,4.6,25.0,9.1,58.6,5.8,1.5,0.91,32.04,103.6,never,female,5.7,1.595095567526292,-1.595095567526292
3915.0,6.3,25.0,7.6,61.7,4.5,1.3,1.61,32.480000000000004,95.2,former,female,5.2,1.1577287588647318,-1.1577287588647318
8777.0,6.2,13.3,9.9,73.4,3.1,0.4,1.67,26.12,89.8,never,male,5.6,0.7401188119762953,-0.7401188119762953
7554.0,8.2,20.9,8.6,67.9,2.0,0.6,0.27,28.6,107.1,former,male,5.3,1.0272786177040374,-1.0272786177040374
4863.0,6.4,21.6,7.8,65.8,3.9,0.9,0.55,27.84,101.7,former,male,5.2,0.6458006842857825,-0.6458006842857825
7578.0,6.5,26.1,7.8,63.4,2.5,0.4,0.21,28.21,100.4,former,male,5.4,0.6745511767639522,-0.6745511767639522
4396.0,4.9,23.4,5.9,67.3,2.5,0.9,0.01,23.080000000000002,80.9,never,male,5.4,0.9457100248212266,-0.9457100248212266
2897.0,7.7,25.0,7.7,66.3,0.8,0.4,0.39,29.62,102.7,never,male,7.0,3.611144575846024,-3.611144575846024
6051.0,4.4,43.9,11.7,40.1,4.0,0.3,0.16,27.8,90.0,never,male,5.9,1.9310506064399096,-1.9310506064399096
7347.0,7.6,32.8,12.1,50.1,4.6,0.5,0.23,23.990000000000002,102.0,former,male,5.4,0.4402078212115972,-0.4402078212115972
1782.0,6.7,23.3,10.6,62.4,3.2,0.4,0.57,26.51,78.8,never,female,5.6,0.2303873834831009,-0.2303873834831009
2822.0,7.3,28.3,8.6,60.0,2.3,0.9,0.17,29.7,108.1,former,male,5.2,0.3756455748712847,-0.3756455748712847
4853.0,5.9,28.7,6.4,61.2,2.8,1.0,0.11,23.37,81.2,never,female,5.2,1.9089494703895027,-1.9089494703895027
9599.0,5.9,35.7,6.9,54.5,2.2,0.7,0.51,35.7,123.1,never,male,5.8,0.5529410882434939,-0.5529410882434939
9087.0,10.4,17.9,7.1,72.2,2.3,0.6,0.84,44.43,142.8,never,male,5.1,1.3853600695109856,-1.3853600695109856
164.0,7.9,23.1,7.6,66.9,1.7,0.7,0.96,30.17,100.6,former,male,6.5,0.9747208739196508,-0.9747208739196508
5284.0,6.4,38.1,8.1,49.3,4.1,0.4,0.05,30.080000000000002,97.0,never,female,5.4,0.8670604119021379,-0.8670604119021379
1899.0,9.3,19.2,10.2,63.5,6.8,0.3,0.21,34.94,122.2,former,male,5.1,0.0603129188271693,0.0603129188271693
6775.0,7.7,17.8,12.6,61.6,7.9,0.2,0.25,24.92,96.3,former,male,6.3,0.5057216067474375,0.5057216067474375
2344.0,9.4,40.0,6.8,50.5,2.0,0.8,0.2,26.36,96.1,former,male,5.5,0.4330312581718464,-0.4330312581718464
5612.0,7.4,31.7,12.6,53.4,2.2,0.2,0.53,26.26,102.6,former,male,4.8,0.1354326731792917,-0.1354326731792917
5184.0,6.8,26.3,7.2,63.4,2.7,0.6,0.08,24.77,91.6,never,male,6.4,0.3853718410351227,-0.3853718410351227
8243.0,7.9,14.0,6.5,75.5,3.9,0.2,7.36,22.86,88.0,never,male,11.4,2.6512402213044,-2.6512402213044
9861.0,9.8,27.0,5.9,61.7,4.7,0.6,0.39,20.830000000000002,85.6,former,female,5.3,1.631919119702362,-1.631919119702362
999.0,11.2,27.5,4.7,66.2,0.8,0.9,0.48,28.96,106.2,never,male,6.1,0.4775971960344011,-0.4775971960344011
9187.0,9.4,24.0,10.1,63.9,1.6,0.3,0.24,30.51,99.7,current,male,8.2,0.1522854292432617,-0.1522854292432617
6557.0,6.9,43.3,9.0,44.1,2.8,0.9,0.14,33.12,114.6,former,male,5.9,0.2007005677999325,0.2007005677999325
8299.0,6.3,32.3,10.6,53.3,3.3,0.6,0.14,30.490000000000002,105.5,never,male,5.8,1.4151859080933071,-1.4151859080933071
7393.0,6.9,27.0,14.1,57.2,1.0,0.7,0.89,29.29,121.2,never,male,5.7,0.4525747147968419,-0.4525747147968419
6256.0,4.9,57.3,8.2,32.3,1.3,0.9,1.51,31.92,92.2,never,female,5.5,2.2345625730812673,-2.2345625730812673
7634.0,7.7,47.1,7.8,42.4,2.0,0.7,0.2,31.45,92.3,never,female,5.4,1.6256801676306742,-1.6256801676306742
6938.0,9.2,35.8,8.6,52.0,2.7,0.9,1.69,28.48,96.4,never,male,5.2,0.7331126687018432,0.7331126687018432
1695.0,8.5,39.7,10.5,40.8,8.3,0.8,0.26,25.04,91.8,former,male,5.5,0.1763831397831783,0.1763831397831783
8734.0,4.9,29.5,7.6,61.4,0.9,0.6,0.4,26.82,91.7,never,female,5.2,0.3090205857472936,-0.3090205857472936
1305.0,12.8,27.9,10.1,57.7,4.1,0.3,0.84,19.76,81.1,current,male,4.8,0.3829272392085648,0.3829272392085648
5198.0,6.5,26.9,10.0,60.2,2.8,0.2,0.85,30.740000000000002,93.9,never,female,5.3,0.8725967811514341,-0.8725967811514341
4497.0,10.0,28.1,5.5,62.7,2.8,0.9,0.38,25.91,85.5,former,female,6.8,1.0951411363238064,-1.0951411363238064
5016.0,9.7,23.6,5.9,69.1,0.8,0.8,0.18,21.400000000000002,85.2,current,male,5.3,0.6870179174282465,0.6870179174282465
5700.0,3.0,36.4,11.2,49.0,2.7,0.7,0.11,19.740000000000002,70.3,never,female,4.8,1.704276350536901,-1.704276350536901
9097.0,6.0,28.9,10.6,56.1,3.2,1.2,0.13,36.12,113.3,former,male,5.7,0.9972409276694988,-0.9972409276694988
4998.0,6.0,26.8,6.5,63.8,2.3,0.6,0.48,27.400000000000002,93.1,never,male,5.5,0.5184324676220922,-0.5184324676220922
9463.0,8.9,23.3,6.3,69.2,1.0,0.2,0.2,22.62,85.9,former,male,6.9,0.3949152637987512,-0.3949152637987512
5452.0,5.6,24.9,11.4,57.8,5.1,0.9,0.16,26.43,99.7,never,female,5.4,1.463636090370738,-1.463636090370738
4399.0,8.5,14.5,7.5,76.8,1.0,0.3,0.23,28.830000000000002,101.5,former,male,5.2,0.5063068220520113,0.5063068220520113
4525.0,6.7,18.8,10.3,67.0,2.3,1.6,0.69,26.2,99.2,current,male,5.3,1.1496120672379004,1.1496120672379004
2912.0,7.4,7.3,1.8,90.3,0.5,0.2,0.1,20.1,84.0,former,male,5.3,1.5762725390232295,1.5762725390232295
9550.0,6.9,39.2,7.6,49.1,3.4,0.7,0.34,26.8,91.4,never,female,5.9,0.9408058078126524,-0.9408058078126524
655.0,9.0,21.2,7.5,68.8,1.7,0.9,0.27,35.92,121.7,never,male,8.8,0.304891662104053,-0.304891662104053
4316.0,8.1,30.5,8.3,58.1,2.7,0.5,0.24,29.560000000000002,106.0,former,male,5.0,1.0212121769748537,-1.0212121769748537
2702.0,8.9,28.7,10.2,54.3,6.5,0.3,0.68,27.69,100.7,never,male,5.4,1.5296379558029107,-1.5296379558029107
3695.0,4.9,35.3,9.5,54.3,0.9,0.1,0.17,28.1,92.0,never,female,5.4,2.4238257773466394,2.4238257773466394
897.0,8.1,27.2,4.1,66.7,1.7,0.3,0.44,33.68,104.4,never,female,5.7,0.8331330881151697,-0.8331330881151697
8125.0,9.0,23.6,5.5,67.5,2.7,0.8,0.23,26.69,84.0,never,female,5.2,1.2395070101218522,-1.2395070101218522
5881.0,8.0,19.9,9.4,68.9,1.3,0.4,0.72,17.68,66.0,former,female,5.5,0.5386306249483848,-0.5386306249483848
875.0,6.3,26.0,10.6,61.4,1.3,0.8,0.49,35.410000000000004,118.0,never,female,6.0,1.0635521530880656,-1.0635521530880656
4096.0,6.6,26.4,10.2,45.9,16.7,0.8,0.62,25.13,90.0,former,male,5.3,0.7495292234416506,0.7495292234416506
7265.0,4.9,35.0,7.1,55.1,2.5,0.4,0.48,40.730000000000004,125.7,never,female,6.1,0.7884602735446425,-0.7884602735446425
2929.0,9.5,28.8,7.1,62.7,1.0,0.6,0.48,27.740000000000002,105.5,current,female,7.3,0.4237717167661819,-0.4237717167661819
334.0,4.3,32.5,9.4,56.3,0.9,1.0,0.71,22.82,71.2,former,female,5.0,0.4322610491789365,-0.4322610491789365
8610.0,5.6,28.2,6.4,59.3,5.5,0.6,0.28,34.72,116.0,never,female,5.3,0.2319677363278318,0.2319677363278318
2617.0,5.0,39.5,7.3,50.9,1.7,0.6,0.09,21.51,82.9,never,female,7.4,1.455627591566504,-1.455627591566504
2061.0,9.1,28.3,11.3,56.4,3.7,0.3,0.29,26.14,102.0,former,male,5.2,0.3715833095414851,-0.3715833095414851
4255.0,7.0,23.8,7.5,65.2,2.8,0.8,0.45,29.8,109.6,never,female,5.4,1.6669817536612506,-1.6669817536612506
6673.0,6.0,19.0,5.0,73.6,2.2,0.2,1.33,39.660000000000004,118.5,never,female,6.5,0.4068079056291592,-0.4068079056291592
7936.0,10.7,23.0,7.5,66.5,2.3,0.7,0.71,35.82,,never,female,7.4,0.1071318455979276,-0.1071318455979276
4952.0,5.1,30.8,8.6,58.5,1.7,0.5,0.2,21.54,80.6,former,female,5.4,0.3401388070224863,0.3401388070224863
6565.0,10.2,24.5,6.3,68.1,1.0,0.1,0.65,29.03,85.5,never,female,5.4,0.072059134040382,-0.072059134040382
2037.0,8.2,22.0,7.6,67.1,2.5,0.8,0.11,20.3,87.0,current,male,5.5,0.2569641162495701,0.2569641162495701
1442.0,3.2,31.0,11.8,54.2,2.3,0.8,4.37,,,never,female,4.3,0.3810278534720986,0.3810278534720986
3089.0,10.4,23.0,6.2,69.7,0.6,0.5,1.69,42.35,126.5,never,female,6.0,0.438805328248632,-0.438805328248632
1945.0,6.8,27.1,7.9,57.9,5.9,1.3,0.02,21.47,74.0,never,female,5.2,0.2174771934941566,-0.2174771934941566
1333.0,11.9,19.4,9.0,68.7,1.7,1.2,0.29,20.44,81.5,current,female,5.4,0.9808604296038458,-0.9808604296038458
8861.0,7.1,45.2,9.9,41.0,3.2,0.8,3.83,40.69,118.0,former,female,6.7,1.3587399257954396,-1.3587399257954396
452.0,5.2,25.0,8.5,60.1,6.0,0.4,0.16,23.07,87.6,never,male,5.6,0.3806131460209467,0.3806131460209467
8040.0,3.4,32.3,11.7,50.5,4.6,0.9,0.19,30.98,93.6,never,female,5.5,2.063982793530818,-2.063982793530818
7048.0,9.0,22.8,8.5,63.8,4.4,0.5,0.08,23.7,96.1,former,male,5.8,0.8648854072343721,0.8648854072343721
3981.0,6.1,24.1,7.1,64.8,2.6,1.4,0.2,26.2,90.6,former,female,5.3,0.7880347450190137,-0.7880347450190137
7567.0,8.2,26.5,4.6,66.8,2.0,5.397605346934028e-79,2.23,24.53,96.1,current,female,7.3,1.55663653866658,-1.55663653866658
9932.0,7.1,25.6,6.8,64.9,2.0,0.8,0.02,21.72,83.3,current,female,8.8,0.9542842624364338,-0.9542842624364338
6027.0,6.8,32.8,8.1,54.2,4.2,0.6,0.34,28.580000000000002,87.3,never,female,5.8,0.804122834740675,-0.804122834740675
8028.0,6.4,18.2,8.4,71.4,1.9,0.3,0.53,22.31,85.4,never,female,5.4,0.9941658898579316,-0.9941658898579316
3750.0,4.2,34.7,6.7,56.4,1.8,0.4,0.08,29.38,96.6,former,female,5.7,0.7893341289228915,-0.7893341289228915
5519.0,7.5,17.2,7.4,73.6,1.2,0.8,0.27,34.43,121.2,never,male,5.7,0.3150105792215789,-0.3150105792215789
8869.0,7.1,19.3,9.3,69.1,1.8,0.6,0.1,26.39,98.0,former,male,5.4,0.4980405601240007,-0.4980405601240007
94.0,6.1,43.9,9.3,45.3,0.9,0.6,0.34,35.28,105.7,never,female,5.5,1.81843991353891,-1.81843991353891
6610.0,7.6,26.5,8.6,60.9,3.5,0.4,0.05,28.79,101.9,never,male,8.9,0.0946607149553303,0.0946607149553303
3408.0,5.1,36.5,16.1,43.6,3.1,0.8,0.14,26.51,99.0,never,male,6.1,0.4564671169076179,0.4564671169076179
788.0,7.5,20.9,10.8,63.8,4.0,0.6,0.89,30.73,109.2,former,male,5.3,0.4772484313283618,-0.4772484313283618
9040.0,7.0,35.9,9.1,49.2,4.9,0.9,1.24,31.04,95.4,never,female,8.7,0.0860389140216026,0.0860389140216026
4037.0,6.4,34.8,8.1,54.1,1.9,1.1,0.16,24.63,96.0,current,female,7.7,0.5251808916290722,0.5251808916290722
1128.0,7.8,33.5,8.8,55.5,1.7,0.6,0.1,47.77,114.0,never,female,5.6,2.1357969409571176,-2.1357969409571176
2769.0,8.4,28.7,6.8,62.8,1.0,0.6,0.16,25.77,93.4,former,male,5.5,0.6369548464401531,-0.6369548464401531
7114.0,5.7,15.5,8.5,73.8,2.0,0.3,1.05,30.17,114.3,never,female,5.5,0.1111083540689571,0.1111083540689571
7421.0,5.0,25.9,11.3,59.4,2.8,0.7,0.67,26.72,97.6,former,male,5.6,0.4361976564313563,-0.4361976564313563
9423.0,6.7,31.6,6.0,58.9,2.2,1.3,0.25,31.59,108.4,former,male,5.3,0.0406742010532164,-0.0406742010532164
2307.0,5.9,25.0,7.3,63.4,3.8,0.6,0.03,25.490000000000002,102.4,former,male,5.3,1.123619223677764,-1.123619223677764
4574.0,13.0,12.2,8.4,78.2,0.6,0.6,0.39,30.560000000000002,111.5,never,male,5.5,1.0388276638625575,-1.0388276638625575
4868.0,5.1,32.9,6.9,56.2,3.1,0.9,0.02,21.28,76.8,never,female,5.3,1.6585446758223952,-1.6585446758223952
1901.0,5.7,32.8,10.2,52.6,3.7,0.8,0.13,34.09,115.6,former,male,6.3,1.3744976767248387,-1.3744976767248387
9925.0,5.3,25.8,11.6,54.6,6.9,1.1,0.25,33.72,121.7,former,male,7.0,0.4650749655423274,-0.4650749655423274
8100.0,5.9,30.5,6.5,60.9,1.5,0.6,0.21,23.28,88.0,former,female,5.4,0.3134591768028326,-0.3134591768028326
2643.0,8.0,23.8,8.2,61.2,5.8,1.0,0.3,27.0,96.7,current,female,4.9,1.106061845136023,-1.106061845136023
7946.0,6.8,28.2,8.2,61.8,1.3,0.4,0.05,26.02,93.7,current,male,5.1,0.8512455244069836,-0.8512455244069836
2376.0,7.6,35.8,7.2,51.9,3.8,1.3,0.23,25.29,91.9,current,male,5.1,0.3197109255836749,-0.3197109255836749
5222.0,6.3,24.3,6.2,65.4,3.8,0.3,0.36,34.46,99.8,never,female,5.5,0.35476426444103,-0.35476426444103
257.0,7.7,27.1,6.4,63.1,2.9,0.4,0.23,35.1,113.6,never,male,5.2,0.104764265035707,0.104764265035707
7761.0,9.6,24.7,5.9,67.1,1.3,1.0,0.38,19.56,79.5,never,female,6.1,0.5275544925008362,-0.5275544925008362
8535.0,6.2,30.7,7.8,59.7,0.8,1.0,0.14,34.0,112.1,never,male,5.7,0.3437559273358268,0.3437559273358268
4974.0,6.6,,,,,,0.71,20.240000000000002,88.4,former,female,12.9,1.2474766170118956,-1.2474766170118956
7077.0,6.7,28.7,8.0,58.8,4.1,0.5,1.27,40.300000000000004,131.9,former,female,5.9,0.0065206715122755,-0.0065206715122755
4038.0,5.5,20.2,8.8,69.4,1.1,0.6,0.23,34.86,116.4,former,male,5.3,2.2148461531560097,-2.2148461531560097
59.0,4.4,14.4,7.7,73.0,4.9,5.397605346934028e-79,0.73,29.28,107.5,former,male,5.0,0.928648353003486,-0.928648353003486
287.0,5.3,25.5,10.0,62.0,1.1,1.4,0.35,17.8,79.6,never,female,5.3,1.706550893984062,-1.706550893984062
2342.0,7.3,32.1,11.6,50.7,4.7,0.9,0.09,23.09,94.7,former,male,9.5,1.069866087716781,1.069866087716781
2068.0,8.9,27.8,8.3,61.1,2.6,0.2,0.41,26.61,93.7,never,female,5.9,0.0392804025491979,-0.0392804025491979
1430.0,6.4,35.6,6.4,54.3,3.0,0.6,0.24,27.51,98.4,former,male,5.2,0.764022412149034,-0.764022412149034
2429.0,3.6,40.5,13.7,42.4,3.3,0.1,0.03,18.330000000000002,71.0,current,male,4.6,1.04144284202752,-1.04144284202752
9256.0,12.4,27.8,7.2,60.0,4.2,0.9,1.5,40.76,113.1,former,female,5.9,1.7622262307035743,-1.7622262307035743
8786.0,12.0,16.9,8.4,73.0,1.3,0.4,2.39,30.240000000000002,108.8,former,female,5.7,0.1592666258001081,-0.1592666258001081
1196.0,4.6,27.0,11.6,58.4,2.0,1.0,1.26,47.33,133.0,never,female,6.2,2.171371786933311,-2.171371786933311
5306.0,9.0,37.8,9.4,49.7,2.8,0.3,0.1,29.02,107.0,former,male,8.0,0.0266452685292889,-0.0266452685292889
6283.0,6.8,27.8,9.3,58.8,3.8,0.3,0.53,29.79,104.0,never,male,5.4,0.6128815297212069,-0.6128815297212069
9117.0,6.0,50.3,8.9,39.1,1.6,0.2,0.09,29.78,,never,female,5.8,2.2357631537574427,-2.2357631537574427
9369.0,7.1,33.0,7.4,56.6,2.4,0.6,0.15,27.04,93.0,never,female,7.8,0.2361713033961048,-0.2361713033961048
5076.0,6.1,22.4,5.4,69.7,2.0,0.6,0.79,34.980000000000004,116.7,never,female,7.9,2.314552276179666,-2.314552276179666
9802.0,5.9,32.2,6.4,59.3,1.6,0.5,0.7,36.42,119.1,former,female,5.6,0.4590502218249535,0.4590502218249535
6661.0,6.2,30.3,6.1,60.0,2.5,1.1,0.85,42.85,121.3,former,female,7.0,0.8017800882219022,-0.8017800882219022
9811.0,3.7,40.5,7.4,49.9,1.5,0.8,0.87,29.240000000000002,89.7,never,female,5.2,2.4190291220540847,-2.4190291220540847
8113.0,5.5,16.4,4.1,78.4,0.8,0.3,0.15,24.6,,former,female,5.4,1.3648876210132048,-1.3648876210132048
3923.0,7.6,26.3,10.9,60.5,1.6,0.8,0.4,25.12,102.9,former,female,5.7,0.4683073830935744,-0.4683073830935744
9154.0,6.6,32.0,8.2,58.8,0.9,0.1,0.4,35.300000000000004,103.0,current,female,5.2,0.3254816791320142,-0.3254816791320142
6339.0,6.6,35.4,10.0,49.7,4.4,0.4,0.43,28.87,99.7,former,male,8.1,0.9904015493412412,-0.9904015493412412
3080.0,4.9,31.8,9.2,48.8,7.8,2.5,0.2,27.8,100.5,former,male,5.6,0.6036515956057672,-0.6036515956057672
8285.0,10.1,28.6,4.9,64.1,1.9,0.6,1.94,30.080000000000002,96.7,never,female,5.4,0.241319313280397,0.241319313280397
1229.0,6.6,40.2,12.3,44.2,2.8,0.6,0.65,24.650000000000002,97.4,never,female,7.8,0.2953323329687262,0.2953323329687262
4557.0,4.8,28.0,8.8,62.0,0.8,0.4,0.17,21.88,86.5,never,male,5.4,1.941265438430039,-1.941265438430039
3545.0,7.6,38.8,8.6,48.3,2.8,1.5,0.27,24.29,83.1,current,female,5.2,0.9658876059444466,0.9658876059444466
6896.0,5.2,19.0,9.1,68.1,3.6,0.3,0.37,45.660000000000004,157.0,former,male,5.6,0.5005366348838178,-0.5005366348838178
475.0,5.6,31.4,13.5,47.1,6.9,1.2,0.31,23.23,79.2,never,female,5.8,0.7847491995573153,-0.7847491995573153
6160.0,6.4,32.1,7.8,57.8,2.0,0.4,0.07,27.810000000000002,106.5,former,male,5.2,0.4989007630977702,0.4989007630977702
2987.0,7.0,33.8,15.1,46.9,4.1,5.397605346934028e-79,0.87,30.970000000000002,113.2,former,male,5.9,0.2820985185350979,0.2820985185350979
954.0,5.9,28.3,10.4,54.5,6.4,0.4,0.35,29.75,110.9,former,male,5.4,0.0249233934421768,0.0249233934421768
9194.0,4.6,36.2,8.9,52.4,1.7,0.9,0.07,36.24,126.8,former,female,6.4,1.6456803913052451,-1.6456803913052451
8470.0,4.4,40.9,7.8,44.2,5.9,1.3,0.28,39.12,108.6,former,female,5.2,0.1962938899612261,-0.1962938899612261
5878.0,8.2,42.2,6.3,45.8,5.5,0.4,0.19,,98.0,never,female,4.9,0.8521410572642963,-0.8521410572642963
9331.0,3.9,28.0,11.4,54.3,5.6,0.6,0.21,35.910000000000004,116.4,never,female,7.6,1.541088340893424,-1.541088340893424
1400.0,5.8,36.2,6.7,55.1,1.5,0.6,0.06,24.62,92.0,former,female,5.5,0.2218792903276094,0.2218792903276094
6094.0,8.7,39.9,8.2,49.6,1.6,0.6,0.28,27.84,96.0,never,male,6.0,0.978577878115042,-0.978577878115042
1000.0,10.8,32.5,7.5,57.8,1.6,0.6,0.24,30.34,114.4,former,male,5.5,0.0847481009710512,-0.0847481009710512
1721.0,4.7,41.1,8.6,48.9,1.3,0.1,0.03,29.61,104.0,never,male,4.7,0.2694513018240547,0.2694513018240547
828.0,10.7,38.5,8.8,48.4,3.7,0.6,0.91,25.78,98.0,current,female,6.0,0.737888452844735,-0.737888452844735
8541.0,5.7,38.7,8.1,51.1,1.5,0.7,0.24,23.240000000000002,77.1,former,female,5.2,1.5527625929239584,-1.5527625929239584
7713.0,7.9,30.9,6.6,58.9,3.0,0.6,0.46,28.23,94.4,never,female,7.8,0.7896666033073213,-0.7896666033073213
4405.0,5.1,36.3,6.4,54.3,2.0,1.0,0.2,28.35,92.0,former,female,5.3,1.387433104241457,-1.387433104241457
6140.0,9.0,29.0,10.4,58.9,1.3,0.4,0.26,29.61,103.1,former,female,5.7,0.8531848303856701,-0.8531848303856701
6904.0,7.1,45.7,8.1,42.8,2.4,0.9,0.37,33.01,103.0,former,female,6.1,1.3589550059239894,-1.3589550059239894
800.0,8.4,30.3,5.2,60.8,3.1,0.7,0.3,31.970000000000002,108.5,never,female,7.3,1.2801319217554816,-1.2801319217554816
2458.0,7.0,35.9,5.3,53.0,0.8,5.0,0.84,29.55,105.3,former,female,5.4,0.9423970213860504,-0.9423970213860504
1629.0,4.9,24.6,7.6,65.2,2.3,0.4,2.58,25.46,97.9,never,male,5.9,0.9824927403630156,-0.9824927403630156
6222.0,5.4,22.1,5.8,69.9,0.9,1.2,0.54,33.3,99.7,never,female,5.9,1.4507367544732943,-1.4507367544732943
3945.0,9.5,26.3,7.8,63.5,1.9,0.5,0.39,34.82,112.6,never,female,6.0,1.7319456497971542,-1.7319456497971542
8536.0,4.9,28.8,6.9,60.2,3.2,0.9,0.66,30.22,98.9,never,female,8.3,1.264231274518632,-1.264231274518632
3614.0,9.3,38.6,8.9,47.8,4.0,0.8,0.22,32.28,100.0,never,female,6.2,1.42284321387078,-1.42284321387078
907.0,5.3,32.9,8.6,55.0,2.8,0.8,0.23,28.92,99.0,never,male,5.3,2.992989507086663,-2.992989507086663
6299.0,6.6,26.9,10.1,60.2,2.0,0.8,0.33,34.04,107.5,never,female,9.3,0.7023485096660748,0.7023485096660748
1892.0,5.0,24.4,7.1,64.3,3.4,0.8,0.11,28.85,102.0,former,female,5.1,0.0417925203242497,-0.0417925203242497
9429.0,10.0,41.2,12.4,43.0,3.1,0.3,0.57,27.22,98.3,former,male,5.3,0.4612270561194908,-0.4612270561194908
2505.0,5.5,27.3,9.6,60.0,2.8,0.3,0.18,21.57,77.3,former,male,5.1,0.7844627689522518,0.7844627689522518
1715.0,3.9,40.3,13.4,42.2,3.8,0.2,0.01,21.04,77.0,never,male,5.4,1.63332913357141,-1.63332913357141
7237.0,9.0,15.5,9.4,73.8,0.6,0.7,10.8,24.060000000000002,102.0,never,male,8.9,1.1952730188537,-1.1952730188537
6183.0,4.1,23.4,10.4,57.5,7.7,1.0,0.19,26.310000000000002,91.2,never,male,5.5,0.216677194305385,-0.216677194305385
6148.0,5.3,31.7,9.6,55.5,2.8,0.4,0.12,29.830000000000002,105.1,former,male,6.4,1.0754489410060104,-1.0754489410060104
7087.0,4.9,39.9,11.1,46.0,2.3,0.8,0.07,21.87,81.1,never,female,5.4,0.7016370130888512,-0.7016370130888512
8227.0,5.3,29.8,10.0,54.1,5.4,0.9,0.08,22.46,91.0,current,female,4.4,1.6115268221576766,1.6115268221576766
6104.0,6.9,24.6,8.5,64.0,1.9,1.0,0.15,17.87,69.6,former,female,5.1,2.74781545530552,-2.74781545530552
7751.0,6.4,33.7,13.2,50.9,1.8,0.4,0.09,28.900000000000002,103.5,never,male,4.8,1.1865253010852082,1.1865253010852082
3258.0,,,,,,,0.56,38.27,115.7,never,female,5.9,1.1186305469657238,-1.1186305469657238
2212.0,6.1,31.0,7.8,59.5,1.2,0.5,0.06,19.81,81.9,never,male,5.2,0.7539952367707332,0.7539952367707332
1691.0,7.8,19.0,9.5,67.8,2.8,0.9,0.63,33.980000000000004,,former,male,4.8,0.3531748892596857,-0.3531748892596857
458.0,8.3,13.8,5.5,69.7,10.4,0.6,1.3,24.05,84.7,never,female,4.9,0.1470796584962072,0.1470796584962072
887.0,6.4,39.5,5.9,51.4,2.6,0.6,0.04,30.080000000000002,99.9,former,male,6.0,1.028651608528418,-1.028651608528418
8055.0,8.4,32.3,7.1,58.8,0.9,0.8,0.54,28.0,107.0,never,male,8.4,0.9514701024227632,0.9514701024227632
7195.0,5.5,22.9,7.6,68.2,1.2,0.2,0.41,31.45,102.9,never,female,5.3,1.1220478197472232,-1.1220478197472232
9908.0,6.4,24.5,14.5,59.7,0.9,0.4,1.86,25.7,90.4,former,male,5.8,1.549779683624775,-1.549779683624775
9190.0,5.1,37.7,8.2,50.1,3.1,0.9,0.39,24.560000000000002,81.6,never,female,5.6,0.5694071300276613,-0.5694071300276613
9793.0,5.7,29.6,9.2,56.0,3.9,1.3,2.47,22.2,85.0,current,male,5.9,0.6327458885967571,-0.6327458885967571
6184.0,10.6,19.8,6.9,72.0,1.0,0.4,0.86,29.91,101.0,never,female,5.8,1.2862613369033489,-1.2862613369033489
330.0,7.0,22.7,7.7,66.3,2.9,0.4,0.37,28.55,110.2,former,male,5.4,0.6461362536212911,-0.6461362536212911
2247.0,6.3,27.1,7.3,61.5,3.2,0.9,0.02,19.22,72.0,former,female,5.2,0.1164442766028643,0.1164442766028643
551.0,5.7,44.3,8.2,43.8,2.5,1.0,0.32,29.2,101.7,never,female,5.3,1.175272288691953,-1.175272288691953
273.0,10.7,32.5,4.7,60.9,1.7,0.2,0.32,26.51,81.3,current,female,5.8,0.5974078675660108,-0.5974078675660108
7927.0,7.3,33.2,7.1,57.3,2.0,0.6,0.09,23.94,85.9,former,female,5.7,0.2927467576165906,-0.2927467576165906
3344.0,8.5,18.4,7.8,66.3,7.3,0.4,0.14,25.7,90.9,never,male,5.2,0.0584205736203724,0.0584205736203724
6788.0,5.2,36.0,13.3,45.2,4.3,1.3,0.54,30.16,96.1,never,female,6.0,2.2144818224072544,-2.2144818224072544
4621.0,9.4,33.1,9.8,54.1,2.5,0.7,0.13,29.1,105.5,former,male,8.8,0.3865167793009936,0.3865167793009936
6287.0,8.8,23.8,4.4,66.4,5.0,0.6,2.56,47.82,140.6,never,female,10.3,0.7025902590977036,-0.7025902590977036
8120.0,11.1,27.8,5.6,61.9,4.2,0.6,0.25,28.6,107.7,never,male,5.6,0.5720830557958406,-0.5720830557958406
5862.0,5.1,38.0,8.8,50.9,1.4,1.0,0.03,22.34,77.5,never,female,5.1,0.1483453539208515,0.1483453539208515
7939.0,5.9,28.5,11.3,57.1,2.2,0.9,0.67,36.71,,former,male,5.4,0.8869661085582325,-0.8869661085582325
3489.0,7.5,33.3,9.5,55.3,1.4,0.4,0.48,34.5,116.4,never,female,5.8,0.2968262035260927,-0.2968262035260927
7060.0,6.9,39.7,7.1,50.5,1.8,1.0,0.54,28.150000000000002,107.7,never,female,8.2,0.040068233999031,0.040068233999031
7953.0,10.2,41.7,6.9,47.4,3.6,0.5,0.06,25.66,94.0,former,male,7.2,1.3021484355656656,1.3021484355656656
1931.0,9.6,19.5,6.9,70.0,3.1,0.4,0.4,23.92,81.0,never,female,6.0,0.7112615857034221,-0.7112615857034221
3182.0,7.6,17.7,5.8,74.4,1.5,0.6,0.14,23.51,85.3,never,male,7.5,1.410309050959662,-1.410309050959662
3173.0,8.7,17.0,6.4,75.2,1.3,0.2,0.07,34.59,120.6,never,male,6.0,0.3252724171710957,0.3252724171710957
1374.0,4.7,37.1,8.6,52.8,0.9,0.6,0.15,28.28,98.6,never,male,7.2,0.2527074621611912,-0.2527074621611912
1332.0,9.3,31.0,8.4,57.7,2.3,0.7,0.41,27.1,95.0,current,female,6.1,0.4701544958551344,-0.4701544958551344
1431.0,4.6,34.5,14.5,49.6,1.0,0.4,0.23,23.14,82.7,never,female,5.5,2.2834200172663706,-2.2834200172663706
9735.0,6.9,27.0,11.2,59.9,1.2,0.7,0.1,24.16,98.7,former,male,5.5,0.4499251650044122,0.4499251650044122
3382.0,8.6,34.7,9.3,51.6,3.5,0.9,0.58,36.63,116.8,never,male,7.7,0.5023950652774006,-0.5023950652774006
3075.0,4.4,16.7,11.1,66.9,4.7,0.6,0.15,30.310000000000002,106.8,never,female,5.4,0.0753571164886302,0.0753571164886302
561.0,5.3,30.0,7.2,55.8,5.3,1.7,1.57,36.65,111.5,never,female,5.7,0.3519402397083304,-0.3519402397083304
8466.0,9.8,34.6,6.1,57.6,1.2,0.6,0.76,29.04,89.3,former,female,6.9,0.1893028453581309,-0.1893028453581309
2816.0,6.3,23.8,7.4,65.7,2.4,0.8,0.06,23.38,85.7,never,male,8.8,0.4692173088659652,0.4692173088659652
3350.0,5.1,38.8,6.2,50.9,3.4,0.6,0.07,25.94,97.4,former,male,8.8,0.201132179832409,0.201132179832409
3914.0,8.9,22.5,4.7,69.3,2.7,0.9,0.37,25.310000000000002,89.4,current,male,5.5,0.0671206443771457,-0.0671206443771457
4964.0,5.3,31.5,10.0,53.8,4.0,0.7,0.96,31.1,108.4,never,male,5.5,1.9135407290493376,1.9135407290493376
9944.0,9.4,24.4,5.7,67.6,1.6,0.7,1.55,27.0,97.7,current,male,5.6,1.0934712902768975,1.0934712902768975
2934.0,7.4,35.9,11.4,46.1,5.0,1.7,0.4,28.87,104.3,never,female,5.3,2.0529894371411297,-2.0529894371411297
4571.0,6.6,44.6,8.6,44.5,1.5,0.9,2.06,42.34,126.0,never,female,10.2,1.3188785333696007,-1.3188785333696007
2168.0,7.5,63.4,6.2,29.0,1.0,0.4,0.44,46.12,133.2,former,female,6.9,0.4724306144729494,-0.4724306144729494
6956.0,4.7,18.8,12.5,65.3,2.8,0.6,0.24,26.14,97.5,former,male,5.4,0.8141202695081756,-0.8141202695081756
7525.0,10.1,24.0,10.2,63.3,1.9,0.6,0.24,25.23,97.0,former,female,5.8,0.5075820622428714,0.5075820622428714
6121.0,7.8,18.1,6.0,74.6,1.2,0.1,0.36,24.1,99.0,former,male,5.4,5.274899126460815,-5.274899126460815
8864.0,8.1,31.9,7.6,55.7,4.1,0.8,0.35,37.01,127.0,former,male,5.0,0.953122342873096,0.953122342873096
4502.0,6.6,28.8,7.7,60.1,2.3,1.1,0.1,24.07,85.8,former,male,5.1,0.5940546866012066,-0.5940546866012066
2396.0,8.2,25.6,7.5,63.6,2.5,0.9,3.57,38.9,,never,female,5.2,0.5606746961642483,-0.5606746961642483
9091.0,6.4,23.4,10.0,63.9,2.0,0.8,0.17,30.2,,never,female,5.7,2.664049675715642,-2.664049675715642
2162.0,5.2,30.9,9.8,57.0,2.0,0.3,0.17,30.830000000000002,101.8,never,female,5.7,0.7499770374963228,0.7499770374963228
5309.0,6.9,26.5,6.8,63.7,2.5,0.6,0.84,25.28,83.4,former,female,5.4,1.2264454889237526,-1.2264454889237526
1696.0,7.7,37.8,6.8,52.5,2.6,0.4,0.17,26.18,83.2,former,female,4.7,1.328959248729122,-1.328959248729122
965.0,4.0,39.8,6.6,51.9,1.7,5.397605346934028e-79,0.1,26.060000000000002,,current,male,5.2,2.2270207883240314,2.2270207883240314
5605.0,8.1,36.7,10.5,49.5,2.8,0.4,0.23,29.0,110.5,current,male,5.3,0.3387988167160599,-0.3387988167160599
1506.0,5.6,36.8,5.9,44.4,12.0,0.9,0.46,22.44,89.2,former,male,5.9,0.1512019036007463,0.1512019036007463
5830.0,7.6,22.6,9.5,66.8,0.9,0.2,0.68,27.650000000000002,110.0,current,male,7.6,1.4925086699839512,-1.4925086699839512
3403.0,5.8,29.2,5.8,56.3,8.7,5.397605346934028e-79,0.8,41.82,121.6,never,female,6.0,2.7585162200574875,-2.7585162200574875
5320.0,7.9,34.1,12.1,49.0,4.1,0.9,3.38,23.7,86.3,never,female,5.9,2.2352210846104144,-2.2352210846104144
6368.0,7.4,25.8,9.6,63.1,1.2,0.3,4.13,,,never,male,9.0,2.387730853714987,-2.387730853714987
8807.0,11.0,34.6,9.8,49.7,4.5,1.5,0.13,33.97,113.4,former,male,6.6,0.5439990402099931,0.5439990402099931
5093.0,6.9,34.2,7.5,53.8,3.9,0.6,0.92,23.400000000000002,81.3,never,female,5.0,0.668846581065495,-0.668846581065495
1177.0,9.9,16.5,9.3,72.9,0.9,0.5,0.25,29.89,114.5,former,male,6.4,0.5431500483143488,-0.5431500483143488
1316.0,10.1,24.7,8.2,62.7,3.4,1.0,0.64,32.81,96.7,never,female,6.5,0.5791542343320208,-0.5791542343320208
5894.0,6.4,26.2,6.5,62.4,3.8,1.1,0.07,35.56,122.2,former,male,7.0,1.406950601637658,-1.406950601637658
9826.0,8.0,15.8,5.8,76.9,1.5,5.397605346934028e-79,0.07,21.09,79.0,never,female,5.2,0.7538462490221525,-0.7538462490221525
7982.0,7.1,20.0,11.0,62.2,6.3,0.4,13.1,27.54,101.1,current,male,5.2,0.1453493229899047,0.1453493229899047
505.0,4.6,37.3,12.1,47.5,2.6,0.6,0.84,41.43,125.6,former,male,5.2,2.418985647805246,-2.418985647805246
2008.0,4.9,44.4,12.7,38.5,3.6,0.8,0.35,19.98,84.0,former,male,4.5,1.0497380339135916,1.0497380339135916
6927.0,6.9,21.3,8.4,67.1,2.7,0.5,0.2,26.38,107.6,former,male,7.7,0.0867472229418808,-0.0867472229418808
6419.0,6.6,37.3,8.2,46.1,7.7,0.8,1.42,24.64,80.6,never,female,5.7,0.464749248687561,0.464749248687561
2053.0,6.1,29.0,8.1,51.0,10.5,1.5,0.92,21.400000000000002,86.1,former,male,5.5,1.6019808409252394,-1.6019808409252394
3757.0,7.3,18.1,8.5,68.8,3.8,0.7,0.35,26.48,100.0,never,male,5.4,0.5631039975832768,0.5631039975832768
792.0,7.1,18.4,9.4,70.8,1.0,0.5,0.23,18.47,68.5,former,female,5.2,1.2465122748268291,-1.2465122748268291
1730.0,6.9,24.4,9.2,63.4,2.4,0.6,0.04,25.490000000000002,88.5,never,male,5.1,0.034360044172403,-0.034360044172403
3884.0,8.6,33.4,7.6,57.7,0.8,0.6,1.03,32.33,105.8,current,female,6.2,0.6887371856188425,-0.6887371856188425
6376.0,8.5,40.1,10.2,46.8,2.1,0.8,0.42,25.98,95.1,current,male,5.4,1.088533415457381,1.088533415457381
8095.0,7.1,25.8,5.6,64.8,3.0,0.8,0.63,30.1,104.2,never,female,5.9,1.5518745321262049,-1.5518745321262049
6545.0,5.1,37.4,11.2,50.0,1.3,0.2,0.23,28.64,103.7,former,male,5.3,0.7374381891959783,-0.7374381891959783
5874.0,7.8,24.8,7.0,66.4,1.4,0.4,0.9,34.85,110.0,former,female,5.2,1.0566135125803569,-1.0566135125803569
1465.0,9.3,15.9,8.0,73.5,2.0,0.8,0.14,23.81,87.5,former,female,5.5,0.656601251177065,0.656601251177065
3816.0,5.3,31.4,9.8,55.6,2.1,1.2,0.38,29.04,107.5,never,male,5.3,0.9351216787712509,-0.9351216787712509
4053.0,8.4,37.8,9.9,45.3,6.3,0.8,0.4,26.990000000000002,98.1,former,male,5.4,0.3143446030158626,-0.3143446030158626
5248.0,5.7,26.3,7.3,62.0,3.7,0.9,0.53,40.2,132.6,former,male,7.6,0.7998886244313979,0.7998886244313979
1571.0,6.4,24.9,8.0,65.3,1.3,0.5,1.05,27.41,98.0,former,male,5.2,1.1758479438134573,-1.1758479438134573
3894.0,4.2,36.5,8.5,51.7,2.1,1.3,0.22,32.47,104.6,never,female,5.5,1.1518250308651417,-1.1518250308651417
5265.0,8.4,26.3,8.0,63.8,1.5,0.5,2.59,30.82,117.8,never,female,13.1,0.042926206856346,0.042926206856346
3234.0,6.0,23.8,9.9,63.2,2.4,0.8,0.58,34.95,132.4,former,male,5.6,1.0957182673806551,-1.0957182673806551
3462.0,8.6,33.9,5.7,58.8,1.3,0.3,0.5,29.8,90.4,never,female,12.9,0.4640253069713865,-0.4640253069713865
8248.0,7.4,25.5,9.4,62.4,2.0,0.6,0.22,31.48,108.0,former,male,5.9,1.0985734024283027,-1.0985734024283027
5434.0,3.8,17.0,14.4,67.5,0.5,0.7,0.09,19.5,74.4,current,male,5.4,0.4556274266179322,0.4556274266179322
372.0,8.4,10.2,7.2,80.3,1.6,0.6,6.75,17.81,77.2,current,male,5.5,0.9670200293219317,0.9670200293219317
2349.0,8.8,35.1,8.0,49.9,6.8,0.3,0.3,26.810000000000002,98.0,current,male,6.9,0.3562770258440868,-0.3562770258440868
4263.0,8.4,37.0,6.2,54.9,1.7,0.3,0.47,24.96,95.2,never,female,5.4,0.745335512039789,0.745335512039789
9011.0,6.3,31.3,15.1,42.2,10.3,1.0,0.26,23.29,81.5,current,male,4.8,0.5254520569408634,-0.5254520569408634
4728.0,6.2,43.8,10.4,42.6,2.6,0.6,0.46,28.84,90.2,never,female,6.7,0.9437138552819536,0.9437138552819536
8956.0,4.0,9.8,10.4,78.3,1.2,0.4,1.27,27.61,102.9,former,male,5.1,0.0555984952671733,0.0555984952671733
7582.0,5.3,42.6,9.3,45.1,2.8,0.4,0.07,21.82,90.0,never,male,5.7,0.3439128585486408,0.3439128585486408
6201.0,8.9,31.7,6.7,44.7,16.8,0.1,0.07,27.95,104.7,never,male,5.6,0.9945062793657908,-0.9945062793657908
8017.0,10.1,22.7,8.1,62.6,6.1,0.6,1.85,30.560000000000002,107.3,current,male,6.5,0.1495310148592121,0.1495310148592121
3785.0,3.3,51.3,9.9,35.3,3.3,0.2,0.14,27.09,88.3,never,male,5.3,1.6000978672437505,-1.6000978672437505
5608.0,8.1,24.8,8.8,64.5,1.6,0.4,0.13,20.650000000000002,82.4,former,male,4.8,0.8277092269429304,0.8277092269429304
9459.0,6.2,23.3,8.0,65.3,3.2,0.3,0.2,30.080000000000002,99.8,former,male,5.4,0.2926198214287497,-0.2926198214287497
9381.0,11.6,22.9,7.2,67.6,1.8,0.6,0.09,30.400000000000002,112.4,current,male,9.7,0.1800165094715014,-0.1800165094715014
1805.0,9.1,40.4,6.4,51.2,1.5,0.6,0.09,22.16,74.5,current,female,5.4,0.3744064387500068,0.3744064387500068
889.0,5.1,21.9,13.5,62.3,1.8,0.4,0.31,37.4,127.4,never,male,6.0,0.7881725096337039,-0.7881725096337039
4988.0,8.4,24.4,7.3,64.0,3.4,1.0,0.08,32.58,111.5,current,female,5.0,0.2690655206538609,0.2690655206538609
5984.0,6.4,20.2,12.5,65.1,1.7,0.5,3.03,23.150000000000002,,never,male,8.1,0.6283431616629621,0.6283431616629621
2825.0,8.0,27.2,7.5,60.9,3.4,0.9,1.12,30.55,103.5,never,female,5.8,0.4564984588075875,0.4564984588075875
4688.0,7.0,30.4,8.5,56.2,4.6,0.3,0.6,46.5,137.7,current,female,7.3,1.2176728708331324,-1.2176728708331324
6605.0,10.8,21.7,7.4,66.3,3.9,0.7,0.36,31.04,98.7,never,female,5.9,1.2608295347722918,-1.2608295347722918
3955.0,3.9,15.0,12.9,68.3,3.4,0.5,0.76,21.73,73.4,never,female,4.8,0.4055282757081873,-0.4055282757081873
8199.0,5.1,44.8,8.0,44.2,2.6,0.5,0.13,27.96,92.5,never,male,5.5,0.2975612376699943,0.2975612376699943
3628.0,6.5,27.4,9.1,60.5,2.5,0.4,0.98,33.65,109.4,former,female,7.3,1.4130510636483455,1.4130510636483455
4679.0,7.6,33.9,8.3,53.8,3.2,0.9,0.06,21.740000000000002,88.3,current,male,5.3,0.2145984562281905,0.2145984562281905
7371.0,7.6,25.4,5.6,65.2,3.4,0.5,0.15,33.14,112.6,former,male,5.3,1.5340131102618009,-1.5340131102618009
7521.0,5.9,31.5,8.9,51.6,6.4,1.6,0.36,27.63,88.5,never,female,4.9,0.4692068572492487,-0.4692068572492487
9483.0,10.0,19.8,7.1,71.3,1.7,0.1,0.45,28.01,105.8,never,female,6.6,0.0730156699069718,-0.0730156699069718
3345.0,6.6,22.1,8.2,65.8,2.8,1.0,0.07,21.580000000000002,86.5,current,female,5.5,0.5688545393866749,-0.5688545393866749
3254.0,6.9,29.1,8.0,60.0,2.7,0.3,0.31,22.57,88.5,current,male,5.9,0.2734555035017601,-0.2734555035017601
2682.0,6.6,33.1,7.4,55.8,3.1,0.6,1.12,48.43,141.8,never,female,7.0,0.288343165636059,0.288343165636059
5652.0,8.4,39.6,9.6,48.6,1.8,0.4,0.13,26.91,109.4,former,male,5.0,1.1642006541056344,1.1642006541056344
4624.0,5.8,18.8,8.6,70.3,1.7,0.6,0.11,22.990000000000002,86.2,former,male,10.2,0.7137901979947456,-0.7137901979947456
6910.0,9.4,38.4,8.9,51.3,1.1,0.4,0.29,18.82,77.2,current,male,5.1,1.3949542821780847,1.3949542821780847
1558.0,5.2,33.5,11.2,53.1,1.6,0.8,0.14,24.91,94.8,former,male,5.8,0.0532751926282238,0.0532751926282238
101.0,5.3,33.6,8.0,56.7,1.2,0.6,0.01,23.55,91.8,never,male,4.7,0.3484500901660847,0.3484500901660847
698.0,8.1,22.4,7.0,69.0,1.0,0.6,1.12,26.55,88.4,never,female,5.2,0.7976664266642429,-0.7976664266642429
2441.0,7.3,23.6,9.3,58.8,7.3,1.2,0.04,21.46,85.4,former,male,5.2,0.5452563608392931,-0.5452563608392931
4581.0,4.3,31.2,9.3,56.1,2.8,0.6,0.84,48.34,133.6,former,female,5.9,0.7308146614743913,-0.7308146614743913
4778.0,7.3,20.1,8.6,69.3,1.6,0.5,0.27,30.150000000000002,105.5,former,male,5.3,0.871572963266073,0.871572963266073
4170.0,6.6,24.5,8.8,64.1,1.8,0.8,4.13,31.87,117.0,former,male,9.4,1.7046706874070676,-1.7046706874070676
6859.0,6.9,27.0,7.7,63.3,1.6,0.5,0.8,28.96,87.8,never,female,5.3,0.1320674115368229,-0.1320674115368229
8511.0,10.0,23.6,9.4,55.9,10.7,0.5,0.26,30.78,117.0,never,male,9.5,0.5757869970801986,-0.5757869970801986
3273.0,7.6,32.8,7.9,56.6,2.2,0.6,0.44,28.18,96.8,current,female,9.1,1.2460822845466746,-1.2460822845466746
1279.0,9.0,31.4,8.9,53.2,5.7,0.8,0.29,27.3,103.1,current,male,9.6,0.7516898253034345,0.7516898253034345
2831.0,14.1,16.2,8.9,71.9,2.8,0.2,1.42,34.78,,current,male,7.4,0.1142495015003267,-0.1142495015003267
7635.0,10.7,33.8,8.8,55.1,1.3,0.9,0.49,29.36,107.9,former,male,10.6,1.4612335795930549,1.4612335795930549
5482.0,10.0,24.3,5.8,66.2,3.3,0.5,1.13,28.28,104.2,current,male,8.5,1.7253591807127613,-1.7253591807127613
2318.0,8.6,18.0,6.7,71.6,3.4,0.4,1.1,32.78,112.2,former,female,5.4,0.3126309154876768,-0.3126309154876768
4011.0,10.2,29.4,10.9,56.9,2.3,0.6,0.19,53.1,129.7,never,male,6.6,0.8433514431144282,0.8433514431144282
6093.0,8.2,36.5,8.2,52.0,2.5,0.8,0.99,32.79,102.9,never,female,11.5,0.4977079359911661,-0.4977079359911661
6976.0,7.1,,,,,,0.89,40.64,,current,female,4.8,1.752534521061266,-1.752534521061266
2432.0,7.0,27.5,6.4,63.2,2.3,0.6,1.77,31.740000000000002,88.5,former,female,5.8,1.2731419666214334,-1.2731419666214334
3535.0,6.6,32.7,5.9,54.3,7.2,0.1,0.36,31.45,113.6,never,male,8.9,0.3571924379486982,0.3571924379486982
2645.0,8.4,35.4,8.9,53.2,2.3,0.2,0.28,25.11,93.3,former,male,5.6,0.0579727790631904,0.0579727790631904
55.0,4.7,43.3,7.2,47.1,1.5,0.9,0.18,23.2,91.0,current,female,6.7,0.5804004823598345,-0.5804004823598345
4431.0,5.9,34.1,8.1,55.2,2.0,0.6,0.35,30.990000000000002,101.6,former,male,8.4,0.8207881997025055,-0.8207881997025055
8475.0,6.1,29.4,7.7,60.0,2.3,0.8,0.12,21.78,87.7,former,male,5.1,1.3077442445436849,1.3077442445436849
4995.0,7.8,24.2,7.6,53.0,14.4,0.9,0.18,27.59,98.0,never,male,5.5,0.5876086031159494,0.5876086031159494
118.0,7.6,27.0,8.6,58.6,4.9,0.9,0.29,30.67,119.7,former,male,5.4,0.2349869716876081,0.2349869716876081
2395.0,5.6,28.2,11.4,59.4,0.8,0.2,0.49,29.04,96.5,former,female,5.3,0.5622742177119517,-0.5622742177119517
6159.0,8.5,44.5,6.6,47.1,0.9,1.0,0.36,29.150000000000002,99.7,current,female,5.4,0.3784889598647173,-0.3784889598647173
6395.0,2.8,38.3,8.5,49.8,2.5,0.8,0.27,24.060000000000002,85.6,never,male,6.2,0.0745551645221563,-0.0745551645221563
5613.0,9.4,44.7,7.3,46.4,1.3,0.3,0.22,30.04,104.5,current,male,5.6,0.0910777374136853,-0.0910777374136853
5164.0,9.7,29.9,5.1,61.2,2.4,1.4,1.02,19.82,83.3,current,female,5.2,0.2285084700982878,-0.2285084700982878
5275.0,6.0,31.0,8.4,57.8,2.3,0.6,0.32,35.57,112.7,former,male,5.8,0.8445330393319505,0.8445330393319505
1031.0,6.1,25.1,6.9,65.0,2.5,0.4,0.37,24.11,95.7,current,male,5.2,1.2360557845064015,-1.2360557845064015
7975.0,6.9,29.5,2.0,65.1,2.3,1.3,0.08,32.77,113.0,current,male,5.8,0.0398506124478594,0.0398506124478594
7947.0,3.8,38.1,15.4,36.2,9.8,0.5,0.41,31.39,102.6,former,male,5.3,0.129947003730268,0.129947003730268
8397.0,7.7,21.6,9.1,66.9,1.6,0.8,0.61,30.560000000000002,103.8,former,female,5.2,0.3292386625000242,-0.3292386625000242
4570.0,3.8,30.7,4.8,63.5,0.9,0.2,0.08,25.54,98.5,never,male,6.2,0.6359278081404685,0.6359278081404685
4194.0,5.1,63.2,3.6,32.3,0.6,0.3,0.01,,,former,male,5.3,1.2827604010241498,-1.2827604010241498
8036.0,6.1,33.4,13.3,48.7,3.4,1.3,0.01,19.580000000000002,,never,male,5.4,0.8783199766978704,0.8783199766978704
1343.0,5.9,27.0,9.3,59.7,3.8,0.3,0.69,36.46,112.2,former,female,6.0,0.841022618191808,-0.841022618191808
5777.0,7.6,31.3,7.7,57.6,2.8,0.7,0.18,31.39,111.1,former,male,8.0,1.0932942455518355,1.0932942455518355
8996.0,9.4,22.0,9.9,65.9,1.7,0.4,0.78,29.490000000000002,115.3,never,female,7.1,0.7795682440755234,-0.7795682440755234
7111.0,5.9,31.0,7.4,58.8,2.4,0.5,0.05,26.740000000000002,98.8,former,male,5.2,1.0659036751933055,1.0659036751933055
2546.0,7.6,31.0,9.0,57.4,2.0,0.7,0.41,35.69,104.9,never,female,5.6,0.5427037257575318,0.5427037257575318
943.0,9.1,20.3,7.8,67.6,3.9,0.6,0.03,25.61,104.2,former,male,6.3,0.6914192570291616,0.6914192570291616
5332.0,8.0,31.6,6.1,60.3,1.6,0.4,0.26,29.060000000000002,93.5,never,female,6.1,0.8405025144881823,-0.8405025144881823
2560.0,8.1,31.3,7.4,49.5,10.9,1.0,0.14,25.62,88.3,former,male,5.3,0.9736551415441626,-0.9736551415441626
7342.0,6.4,26.3,10.7,57.7,4.9,0.4,0.11,24.66,95.0,former,male,5.7,0.505700978161967,-0.505700978161967
6957.0,6.4,35.8,11.6,50.5,1.5,0.6,0.1,26.09,101.0,former,male,4.5,1.0008145389905925,-1.0008145389905925
2103.0,7.5,22.0,9.1,65.3,3.1,0.6,0.14,31.68,107.2,never,male,5.9,0.4616194366033647,-0.4616194366033647
2195.0,6.8,32.7,12.6,52.7,1.7,0.3,1.33,,,former,male,5.2,0.5367877316493574,0.5367877316493574
3523.0,10.2,29.0,9.0,59.3,1.8,0.8,1.02,47.46,135.5,former,female,5.6,0.11317500386779,-0.11317500386779
7491.0,12.5,16.2,8.4,73.2,2.0,0.2,0.61,22.66,93.5,current,male,5.8,0.3485265584733486,0.3485265584733486
6237.0,7.9,15.6,8.2,73.3,2.0,0.9,0.33,16.03,67.5,former,female,5.6,0.3458849633325058,0.3458849633325058
6309.0,6.6,33.2,6.9,54.1,4.8,1.0,0.38,33.4,110.5,never,female,5.8,0.2287362235091313,0.2287362235091313
5842.0,8.8,45.9,5.4,45.8,2.3,0.7,0.26,23.04,76.7,current,female,5.4,0.1272062901874555,-0.1272062901874555
7557.0,8.5,31.9,5.2,61.4,0.9,0.6,0.38,21.19,78.2,never,female,5.4,0.0079969264337551,-0.0079969264337551
8382.0,6.6,19.9,9.6,68.9,1.0,0.6,0.38,24.73,102.5,former,male,5.2,0.532561743899237,-0.532561743899237
2696.0,9.1,14.8,9.1,74.1,1.3,0.7,0.15,26.150000000000002,101.6,former,female,6.0,0.9699812619106836,-0.9699812619106836
5761.0,4.9,47.0,6.7,43.9,2.4,5.397605346934028e-79,0.05,24.23,89.0,former,female,5.3,2.1172641236705108,-2.1172641236705108
5229.0,7.1,30.5,8.1,58.6,1.9,0.8,0.11,34.04,110.7,never,female,6.2,0.4976337294056738,-0.4976337294056738
2601.0,5.5,34.1,11.4,51.8,2.0,0.6,0.15,20.080000000000002,74.3,current,male,5.5,0.0675836691917794,-0.0675836691917794
6738.0,5.3,38.2,10.1,48.6,2.5,0.5,0.21,26.560000000000002,91.3,never,male,5.1,0.0474976694943073,-0.0474976694943073
6167.0,5.7,30.8,5.9,61.2,1.9,0.3,0.55,26.21,90.2,never,female,5.1,0.9495968070581206,-0.9495968070581206
9633.0,6.6,36.3,11.0,48.3,3.5,0.9,0.04,,,former,female,6.3,0.9160906542106912,-0.9160906542106912
1001.0,8.9,17.0,9.1,65.3,8.4,0.2,0.24,25.64,96.3,never,male,4.8,0.3157217278189502,-0.3157217278189502
7146.0,9.2,33.4,6.1,58.6,1.3,0.8,0.48,33.08,97.4,former,female,5.5,0.9872764783895112,-0.9872764783895112
5018.0,6.4,24.3,9.1,58.7,6.9,1.0,0.25,31.2,107.9,never,male,5.9,0.0615146551482081,0.0615146551482081
9210.0,5.6,26.3,8.9,62.6,1.4,0.8,0.3,35.4,113.6,never,female,5.9,0.4163067245735515,-0.4163067245735515
6404.0,6.9,22.5,6.3,66.5,4.0,0.7,0.13,22.5,86.1,never,male,5.0,0.8490647462767942,0.8490647462767942
5191.0,8.8,36.4,9.2,51.1,2.9,0.4,0.67,33.69,110.0,never,female,10.9,0.1503580519768206,-0.1503580519768206
1561.0,7.1,17.3,11.0,69.7,1.4,0.7,0.27,22.34,79.8,never,female,5.0,1.5147893120454283,1.5147893120454283
908.0,4.6,34.7,9.5,52.7,3.0,0.2,0.01,24.29,80.1,never,female,5.6,0.3471766938145055,-0.3471766938145055
481.0,13.5,31.9,5.6,59.4,2.3,0.8,1.09,30.1,97.6,current,female,7.6,0.023048560512473,0.023048560512473
7696.0,13.1,21.1,5.9,68.6,3.4,1.0,2.12,27.810000000000002,95.5,current,female,9.1,0.460755902968709,-0.460755902968709
469.0,8.0,8.9,5.4,84.4,0.8,0.6,9.53,25.3,108.4,former,male,5.7,0.4844216506543377,-0.4844216506543377
40.0,10.4,33.4,5.0,58.6,2.5,0.5,0.7,30.23,99.3,never,female,8.0,0.1581863367439707,0.1581863367439707
7184.0,7.3,24.8,10.3,63.5,1.2,0.2,0.19,19.92,71.4,never,female,5.5,0.0745379723842346,0.0745379723842346
1251.0,4.4,16.8,13.9,67.9,1.3,0.2,0.63,23.17,94.6,former,male,4.8,0.3091487561012086,0.3091487561012086
3033.0,7.1,40.3,7.2,42.4,9.3,1.0,0.27,33.59,99.0,former,female,5.4,2.8571895255552766,2.8571895255552766
9912.0,7.5,23.4,5.9,69.4,0.9,0.5,1.49,31.91,103.0,never,female,5.5,1.970642056582648,1.970642056582648
9152.0,4.9,39.5,10.3,46.3,3.2,0.9,0.17,26.560000000000002,97.2,never,male,5.0,0.129899037126226,0.129899037126226
6213.0,8.0,20.0,10.6,63.0,5.7,0.7,2.19,34.800000000000004,119.0,former,male,5.7,0.3027565956192855,0.3027565956192855
7360.0,6.1,29.2,9.5,54.7,4.8,1.7,0.64,22.95,88.3,former,female,5.7,0.5291839934887641,0.5291839934887641
1161.0,5.0,28.3,10.1,56.7,3.9,1.0,0.12,29.76,101.2,former,male,5.3,0.7288129829141567,-0.7288129829141567
2884.0,6.6,34.3,8.1,54.4,2.4,0.9,0.27,29.740000000000002,110.5,former,male,5.3,1.4961390862659785,-1.4961390862659785
7442.0,8.1,28.2,8.8,56.1,6.3,0.7,0.23,19.36,74.3,former,female,5.6,0.99014304564636,0.99014304564636
4834.0,9.4,32.4,8.2,55.5,3.2,0.7,0.23,20.47,86.4,never,female,6.1,0.5997181079961773,0.5997181079961773
4803.0,7.1,36.8,12.6,48.6,1.5,0.4,0.73,21.71,89.6,current,female,6.4,0.9985061177424804,0.9985061177424804
8514.0,7.6,19.5,6.2,70.5,3.3,0.5,0.31,28.85,100.7,never,female,7.4,1.039658700059102,-1.039658700059102
5321.0,5.9,36.1,6.9,50.1,5.4,1.6,0.35,20.57,70.6,never,female,5.5,0.3835456211397601,-0.3835456211397601
7566.0,6.9,33.1,8.2,53.6,4.6,0.5,0.37,22.79,84.5,never,female,5.5,1.324589239933917,-1.324589239933917
7398.0,7.0,20.5,8.4,69.7,0.9,0.4,5.85,40.2,111.1,never,female,5.5,0.3868589398608338,-0.3868589398608338
7992.0,8.2,21.0,8.5,69.2,1.0,0.4,14.0,38.47,129.8,never,male,13.0,0.088293451245797,-0.088293451245797
6872.0,9.4,14.4,6.9,73.8,4.6,0.4,0.53,29.39,106.7,former,male,6.7,0.3987466704582961,0.3987466704582961
6304.0,7.1,22.7,7.9,66.8,1.7,0.9,0.65,24.21,85.1,never,female,5.8,0.156244640947017,0.156244640947017
5962.0,6.3,34.5,7.8,53.7,3.2,0.9,0.38,31.7,106.4,never,female,6.3,0.4461518218996392,-0.4461518218996392
9828.0,7.9,39.5,7.3,51.2,1.2,0.9,1.0,30.51,100.1,current,female,5.3,2.002907570828308,-2.002907570828308
855.0,8.2,45.3,6.9,44.8,2.4,0.6,0.37,23.330000000000002,81.8,never,female,5.1,0.1178596757661145,0.1178596757661145
9741.0,6.4,32.1,7.4,56.2,3.9,0.4,0.56,20.39,82.6,never,female,5.3,1.136796901103544,-1.136796901103544
3730.0,9.3,25.0,9.0,63.2,2.2,0.8,0.95,32.93,101.6,never,female,5.8,0.7774297609093807,0.7774297609093807
7471.0,6.7,33.6,7.7,56.2,1.3,1.2,0.54,28.98,86.6,never,female,5.5,0.366267550154221,0.366267550154221
2819.0,7.8,30.5,10.6,50.9,7.9,0.3,0.29,32.24,106.3,never,female,5.7,0.2204906244571424,-0.2204906244571424
6999.0,6.9,40.6,8.9,44.9,5.6,0.1,0.21,39.6,107.8,never,female,5.7,0.2002652673902745,0.2002652673902745
1173.0,7.8,30.7,9.1,58.0,1.8,0.3,0.54,39.03,134.2,former,male,7.4,0.2627581686025275,0.2627581686025275
5946.0,6.5,25.9,7.7,63.8,1.7,0.9,0.06,21.79,89.0,never,female,5.4,0.1591402263610608,-0.1591402263610608
443.0,5.9,36.0,9.1,51.9,2.7,0.4,0.36,26.5,100.0,current,male,5.5,0.1682710687830326,0.1682710687830326
5891.0,3.8,40.4,9.3,45.8,4.1,0.5,1.54,,,current,male,5.1,1.1419433067604312,1.1419433067604312
4755.0,4.1,35.9,10.9,48.4,4.1,0.8,0.28,30.740000000000002,111.0,never,male,5.7,1.194300664370614,-1.194300664370614
9452.0,9.1,20.0,8.0,64.6,6.4,0.9,0.14,23.490000000000002,96.6,former,male,5.4,3.3074690718632143,3.3074690718632143
3450.0,13.2,5.7,4.5,88.9,0.4,0.5,3.36,25.86,95.8,never,female,6.9,0.983886288711878,-0.983886288711878
1987.0,5.5,39.8,8.0,49.7,1.7,0.9,0.27,27.150000000000002,93.0,former,female,5.4,1.5838125767566005,-1.5838125767566005
2615.0,10.7,20.8,7.6,68.7,2.3,0.6,0.08,28.09,102.5,never,male,6.7,0.8108900156226685,0.8108900156226685
1822.0,9.7,30.3,8.4,52.6,7.4,1.4,0.14,24.3,96.0,former,male,5.4,0.0775634617166509,0.0775634617166509
9286.0,4.1,21.2,9.3,65.7,3.4,0.5,0.51,23.490000000000002,90.5,never,female,5.3,1.0401747432776212,1.0401747432776212
1638.0,5.7,31.2,7.3,54.3,6.9,0.4,0.08,30.25,102.6,never,male,5.4,0.1256568126629683,0.1256568126629683
2678.0,5.3,30.0,13.1,55.2,1.3,0.4,1.55,26.91,99.4,never,female,6.6,0.2710387373538245,-0.2710387373538245
7940.0,12.0,18.8,5.2,74.9,0.8,0.4,0.32,34.33,115.4,former,male,6.1,0.748499144529069,-0.748499144529069
5654.0,6.6,25.7,8.1,63.7,1.7,0.8,0.21,27.61,106.0,former,female,8.0,0.2352799387365597,-0.2352799387365597
2336.0,7.6,32.8,7.7,58.0,1.1,0.4,1.76,23.67,90.0,former,female,5.1,0.8890537955130579,-0.8890537955130579
83.0,8.0,37.8,7.3,51.9,2.3,0.6,0.45,32.14,111.4,former,female,8.6,0.3622204056726673,0.3622204056726673
6512.0,7.0,42.9,7.5,47.0,2.2,0.4,0.08,20.580000000000002,85.4,current,male,5.0,0.1747973132446564,-0.1747973132446564
1650.0,9.3,22.1,5.3,69.7,1.9,0.9,0.13,26.12,94.3,current,female,5.2,1.3905595798208583,-1.3905595798208583
7251.0,5.4,24.0,8.6,63.7,2.8,0.9,0.29,23.25,77.8,former,female,5.0,0.1230347998689691,-0.1230347998689691
3870.0,9.9,44.3,8.4,45.3,1.5,0.6,0.6,28.45,108.6,former,male,5.7,1.1880895842991066,1.1880895842991066
2500.0,9.3,18.3,5.7,71.9,3.7,0.4,4.63,62.47,146.1,never,female,6.5,0.0260151275497811,0.0260151275497811
6161.0,8.8,19.8,9.0,69.9,0.8,0.5,0.37,28.63,101.4,current,male,7.5,0.5270517294684285,0.5270517294684285
2140.0,11.1,23.8,8.4,66.1,1.0,0.7,0.42,20.67,82.5,current,female,5.1,0.0607112013025874,-0.0607112013025874
8881.0,6.6,26.5,8.5,60.1,4.3,0.6,0.95,31.310000000000002,109.6,never,male,8.0,0.3776385585182955,0.3776385585182955
4033.0,7.1,41.5,7.3,47.8,3.0,0.4,10.3,43.12,119.6,never,female,7.7,0.7735264909991302,-0.7735264909991302
3478.0,7.6,24.1,6.7,67.1,1.5,0.6,0.55,36.53,122.5,former,male,5.5,1.4436402266289965,-1.4436402266289965
6670.0,4.4,42.2,8.6,46.3,1.8,1.0,0.05,26.52,91.6,never,female,5.2,0.7814478806854149,-0.7814478806854149
9399.0,10.0,11.2,4.6,81.6,2.2,0.5,0.19,29.48,103.7,former,male,5.2,2.1745846409798832,2.1745846409798832
4049.0,8.8,14.9,11.1,72.9,0.4,0.7,0.32,19.45,76.0,former,male,5.8,0.4178886094414973,0.4178886094414973
9668.0,8.4,20.8,7.6,69.7,1.5,0.5,0.17,26.26,110.3,former,male,6.2,1.7279963014705206,1.7279963014705206
8618.0,4.9,32.0,9.9,50.9,6.2,0.9,0.39,25.11,84.4,former,female,5.2,0.4581783110921598,0.4581783110921598
1534.0,7.6,33.3,7.6,54.2,4.4,0.6,0.15,31.01,111.2,former,male,5.3,1.2182775176580092,1.2182775176580092
6147.0,8.1,25.6,8.6,61.8,2.8,1.1,1.51,28.32,108.9,current,male,5.6,0.9306873057517456,0.9306873057517456
4614.0,6.9,40.4,6.2,50.2,2.6,0.7,0.46,38.59,114.6,never,female,6.1,0.8001649618539607,-0.8001649618539607
9099.0,3.6,34.6,12.5,47.7,4.2,1.0,0.06,24.98,95.0,former,female,5.3,1.0884469681110098,1.0884469681110098
8910.0,6.5,31.7,8.2,50.5,8.8,0.8,0.03,16.88,75.7,former,male,5.2,1.2854051228320222,1.2854051228320222
1030.0,8.3,31.1,6.3,58.5,3.3,0.9,1.64,38.51,113.7,former,female,7.9,1.6234074064747328,-1.6234074064747328
4273.0,8.0,26.6,7.6,59.4,5.9,0.5,0.17,48.93,142.2,never,female,7.9,0.5588622467273646,-0.5588622467273646
1295.0,6.1,33.7,8.5,55.6,1.8,0.4,0.25,34.35,111.0,former,male,6.3,1.1900947861297857,1.1900947861297857
5936.0,8.1,31.5,8.3,56.3,3.3,0.6,0.16,23.89,93.2,former,male,5.1,1.539896247759632,1.539896247759632
7848.0,8.4,39.4,7.9,50.7,1.2,0.9,0.07,30.240000000000002,107.5,never,female,6.3,0.0117431305082957,0.0117431305082957
4669.0,7.8,36.7,7.7,52.6,2.0,1.0,0.08,25.27,86.1,never,female,5.9,0.6873377055717101,-0.6873377055717101
7085.0,6.0,36.6,7.6,51.3,3.6,1.0,0.76,27.57,91.0,former,female,5.1,1.361064929487363,1.361064929487363
7758.0,5.4,24.5,9.3,64.1,2.0,0.2,0.18,25.84,96.2,never,female,6.2,0.5149077270841317,0.5149077270841317
7985.0,6.1,22.1,11.4,64.4,1.5,0.6,0.47,29.07,99.7,former,male,5.2,0.6924442662248242,0.6924442662248242
8852.0,8.0,15.7,5.4,75.6,2.7,0.7,0.3,38.5,124.1,former,male,6.4,0.0535405766851625,-0.0535405766851625
8099.0,6.4,22.6,12.6,61.9,2.2,0.7,0.22,31.96,111.2,never,male,5.7,0.9538187975282868,0.9538187975282868
6373.0,9.0,22.1,6.6,67.9,3.2,0.3,0.4,38.6,126.1,never,male,5.4,1.3982334232755609,-1.3982334232755609
3886.0,6.6,9.0,9.9,62.9,16.4,1.8,0.05,19.3,86.2,former,male,5.5,0.1304756746518045,-0.1304756746518045
987.0,7.9,23.8,7.1,65.6,2.9,0.6,0.36,29.310000000000002,107.3,current,male,5.7,0.6776189923654549,-0.6776189923654549
4842.0,3.7,28.1,9.6,59.8,2.3,0.4,0.21,23.21,85.0,former,female,5.5,1.4189052253552188,-1.4189052253552188
2529.0,10.5,37.4,9.1,50.7,2.0,0.8,0.28,19.91,,current,male,5.4,0.4907242171828324,-0.4907242171828324
2326.0,3.8,27.3,8.8,60.5,3.0,0.4,0.08,25.84,88.1,never,female,5.5,0.6171920106964507,-0.6171920106964507
5230.0,7.9,35.0,8.2,52.9,3.3,0.6,0.58,26.45,96.5,former,female,5.5,0.0145232960021312,0.0145232960021312
8717.0,5.3,34.5,7.5,56.2,0.9,0.9,0.08,24.89,89.5,never,female,5.4,0.2981107757058731,-0.2981107757058731
8501.0,3.9,50.9,10.5,32.2,5.5,0.9,0.17,34.81,111.2,former,male,7.3,0.9807317415419912,-0.9807317415419912
5341.0,9.5,31.8,9.9,54.2,3.8,0.3,0.13,32.94,107.0,current,female,5.1,0.0135931690287388,-0.0135931690287388
9937.0,4.8,34.6,8.6,51.6,4.1,1.1,0.36,37.78,107.5,never,female,5.4,1.1117397354649072,-1.1117397354649072
2139.0,11.8,15.3,2.8,80.9,0.7,0.4,1.22,31.93,109.2,never,female,5.8,0.3102144755704298,-0.3102144755704298
4461.0,7.6,12.7,7.5,78.4,1.3,0.1,0.64,29.900000000000002,114.3,never,male,5.1,0.196355442281185,0.196355442281185
3711.0,5.6,36.6,8.7,51.3,2.7,0.8,0.07,28.04,99.5,never,male,5.3,0.1688122046538545,-0.1688122046538545
4078.0,5.7,26.4,6.4,65.7,1.1,0.4,0.16,27.5,96.6,former,male,5.9,0.2226222169125878,0.2226222169125878
3547.0,8.4,27.9,6.7,62.1,2.8,0.6,2.32,32.47,112.1,former,female,6.7,0.04204790936245,-0.04204790936245
9849.0,7.8,26.3,6.4,61.8,3.6,2.0,0.37,24.19,92.5,never,male,5.1,0.6950442710806275,0.6950442710806275
5747.0,4.8,38.8,8.7,48.2,3.4,0.9,0.28,29.41,103.6,never,female,5.4,0.1870380702395054,-0.1870380702395054
8314.0,6.8,30.3,12.9,51.3,4.7,0.8,3.19,27.5,96.4,never,male,5.2,0.6404551847506467,0.6404551847506467
6847.0,8.8,31.3,16.4,46.3,5.6,0.4,0.49,25.67,90.9,former,female,4.3,0.7335695888800535,-0.7335695888800535
5438.0,5.3,17.4,9.1,60.7,12.3,0.6,0.24,29.36,110.5,never,female,5.2,0.2355859708616673,0.2355859708616673
1505.0,6.3,28.8,8.3,61.1,1.6,0.3,0.16,27.560000000000002,98.6,former,male,5.7,1.089463001167002,1.089463001167002
531.0,5.3,23.8,11.9,60.9,2.9,0.6,0.03,25.62,98.4,former,male,5.1,0.1312203636033305,-0.1312203636033305
8573.0,5.6,30.2,12.2,56.3,0.8,0.6,0.21,31.01,97.9,former,male,5.8,1.0342590503255356,1.0342590503255356
1058.0,5.5,32.1,7.5,56.2,4.0,0.3,0.08,26.34,98.2,current,male,5.6,0.7502371916593511,0.7502371916593511
9511.0,8.9,33.8,8.6,56.0,0.9,0.8,0.12,24.38,91.8,current,female,5.6,0.1634301798873936,-0.1634301798873936
6518.0,7.2,27.3,9.8,60.1,2.3,0.6,0.04,24.240000000000002,76.5,never,female,4.4,0.6844162349581121,0.6844162349581121
1682.0,8.0,22.3,8.4,67.4,1.5,0.5,0.69,34.45,101.0,never,female,6.2,1.021575977522654,-1.021575977522654
3215.0,5.7,32.0,12.6,52.8,1.4,1.3,0.2,32.37,104.5,never,female,6.0,1.5597285291056189,-1.5597285291056189
340.0,9.4,19.0,8.4,68.5,4.0,0.1,0.25,29.09,106.5,former,male,5.4,0.2227675434950003,0.2227675434950003
4830.0,5.7,42.0,7.2,48.2,1.9,0.6,0.6,39.21,121.2,current,female,9.5,0.4406983458151662,-0.4406983458151662
6574.0,7.5,43.3,7.3,37.6,11.3,0.6,0.12,28.310000000000002,102.0,never,male,5.7,1.3294778269665373,1.3294778269665373
9809.0,12.6,30.2,4.6,61.6,2.9,0.7,0.38,24.12,105.2,former,male,5.4,1.2990952252016783,1.2990952252016783
1394.0,7.7,22.9,16.0,58.8,2.3,0.1,0.56,33.43,110.4,former,male,5.2,0.2536926065357117,-0.2536926065357117
9096.0,6.2,29.7,7.5,60.3,2.0,0.6,0.4,25.330000000000002,93.4,former,female,5.2,0.4424169232919587,-0.4424169232919587
2709.0,7.6,30.8,7.8,59.3,1.8,0.4,0.48,29.93,107.0,former,male,5.6,0.4864420131418912,-0.4864420131418912
6303.0,3.4,28.6,8.9,54.2,7.3,1.2,0.07,29.57,103.8,former,male,4.8,0.9247164346169414,-0.9247164346169414
956.0,6.4,29.2,10.2,58.6,1.2,0.8,1.18,33.59,91.9,former,female,6.0,0.235171907956254,-0.235171907956254
4199.0,4.0,30.6,11.8,53.8,2.5,1.3,0.55,39.68,135.5,never,male,5.8,1.9302251876839032,-1.9302251876839032
8485.0,5.1,38.0,8.9,47.9,4.8,0.4,0.66,29.810000000000002,104.4,former,male,7.5,0.0094275018139695,0.0094275018139695
5924.0,6.1,27.3,8.2,59.9,3.7,0.9,0.1,24.03,88.8,never,female,5.5,0.7502386765180402,0.7502386765180402
6173.0,6.6,10.0,1.9,87.1,0.4,0.6,0.33,,,never,female,9.5,1.7055360320197828,-1.7055360320197828
2798.0,4.9,29.2,12.7,52.7,4.4,0.9,0.19,23.91,81.0,never,male,5.2,0.7234424723144723,0.7234424723144723
434.0,6.2,35.7,9.7,50.1,4.2,0.4,0.03,32.09,109.0,former,male,5.6,1.261942594925278,1.261942594925278
9484.0,7.3,19.5,7.6,65.5,6.9,0.6,0.12,24.5,92.9,never,male,5.3,0.1920459102502811,0.1920459102502811
2906.0,4.0,40.6,9.6,46.8,2.6,0.4,0.23,28.77,92.0,never,female,5.4,0.766963885621909,-0.766963885621909
5623.0,5.7,20.4,8.9,67.4,2.8,0.5,0.19,22.03,87.1,never,male,5.4,0.589154080209672,0.589154080209672
807.0,7.1,47.0,4.7,46.1,2.2,5.397605346934028e-79,0.72,23.47,85.1,former,female,6.1,0.0843252051701488,-0.0843252051701488
7984.0,8.1,30.7,6.7,59.3,2.2,1.2,0.52,28.740000000000002,100.0,never,female,11.8,0.0969586676576463,0.0969586676576463
1851.0,8.8,25.3,7.1,64.9,2.3,0.4,0.32,24.44,95.6,former,male,6.5,0.3122757344851722,0.3122757344851722
8033.0,4.7,36.1,15.4,47.8,0.5,0.3,0.36,31.6,100.7,former,female,5.2,2.883525275719561,2.883525275719561
1268.0,6.1,24.0,5.3,69.2,1.0,0.6,0.15,25.43,87.8,never,female,5.9,0.0777936815336969,0.0777936815336969
8780.0,9.2,28.6,6.1,61.8,3.2,0.4,1.33,38.07,115.3,current,female,5.4,0.2589564356353137,0.2589564356353137
3265.0,7.8,10.7,4.4,84.3,0.2,0.5,0.53,29.95,104.0,former,male,6.6,0.148007970527834,-0.148007970527834
4119.0,7.7,16.1,3.0,80.3,0.6,0.1,0.06,21.19,83.3,never,female,5.7,1.2010224617788987,-1.2010224617788987
7823.0,4.8,38.6,9.2,45.1,6.7,0.5,0.05,25.310000000000002,97.8,never,male,8.4,0.7742203504962464,-0.7742203504962464
5127.0,7.4,27.3,6.6,61.8,1.9,2.5,0.67,44.26,127.5,never,female,5.3,1.5726965805937063,-1.5726965805937063
6247.0,4.9,29.5,7.7,60.8,1.9,0.3,0.47,27.55,100.6,former,male,5.5,0.910823523827321,-0.910823523827321
1865.0,5.7,26.3,9.3,62.7,1.8,5.397605346934028e-79,0.09,23.830000000000002,81.3,former,female,4.3,0.1706524585837572,0.1706524585837572
5144.0,5.1,37.4,9.6,51.6,0.8,0.6,2.17,24.68,85.5,never,female,5.7,0.7729811662936091,-0.7729811662936091
6493.0,7.4,33.7,3.3,56.9,5.1,0.9,0.1,20.68,83.5,current,male,5.1,0.1842268261894029,-0.1842268261894029
858.0,8.3,15.9,6.1,73.4,4.6,0.1,0.17,29.93,109.2,former,male,4.9,0.2526981580777518,-0.2526981580777518
5396.0,8.2,27.8,9.9,55.9,5.1,1.4,0.29,24.32,100.4,current,male,5.5,0.2991391862713445,-0.2991391862713445
3583.0,7.2,18.0,8.1,68.1,4.9,0.9,1.14,33.87,114.8,former,male,5.1,0.0496270928962048,0.0496270928962048
2105.0,6.6,23.3,10.6,62.8,3.0,0.3,0.56,21.07,84.2,former,female,5.4,0.4217338120419204,0.4217338120419204
7576.0,7.2,,,,,,0.4,22.96,84.7,former,female,5.1,0.9494202742421732,-0.9494202742421732
8743.0,6.2,39.5,8.3,48.8,2.3,1.1,0.21,21.080000000000002,77.0,never,female,4.8,0.6179178730461541,-0.6179178730461541
4260.0,8.9,40.7,5.8,51.6,1.7,0.3,0.49,29.63,101.6,never,female,5.2,0.8580573001478736,0.8580573001478736
7861.0,10.4,29.7,6.7,61.7,1.7,0.4,0.64,31.54,101.3,never,female,7.5,0.2933236171069397,-0.2933236171069397
1189.0,7.1,33.6,6.6,57.9,1.7,0.3,0.5,27.39,96.9,never,male,5.0,0.3274849298928663,-0.3274849298928663
3893.0,7.1,44.7,10.1,35.8,7.8,1.5,0.55,31.03,104.1,former,male,6.2,0.234788019422382,0.234788019422382
6072.0,6.5,34.8,7.3,55.9,1.7,0.3,0.03,28.060000000000002,99.3,never,male,7.2,1.1600904283223763,1.1600904283223763
627.0,8.9,33.2,7.0,53.9,5.3,0.6,0.47,22.27,84.5,never,female,5.4,0.7977132612804873,-0.7977132612804873
2992.0,3.8,27.8,19.3,49.0,3.5,0.4,0.05,31.330000000000002,102.9,never,male,5.2,0.6319047554535756,-0.6319047554535756
1296.0,4.5,36.3,5.5,56.2,0.9,1.3,0.11,17.43,,never,female,4.5,0.4245428364806378,-0.4245428364806378
3960.0,11.8,18.9,5.4,71.5,4.0,0.2,1.51,33.92,121.3,never,male,8.1,1.0051020082829447,1.0051020082829447
2345.0,10.3,22.8,6.6,66.3,3.5,0.8,0.21,21.580000000000002,88.2,current,male,4.7,0.4846590012915577,0.4846590012915577
7352.0,5.8,22.0,8.9,66.1,2.4,0.6,0.09,27.62,86.6,former,male,5.6,1.792348807083466,-1.792348807083466
9344.0,8.1,44.7,6.9,45.0,2.8,0.6,1.23,36.28,113.8,never,female,10.9,1.2844979134849366,-1.2844979134849366
6735.0,6.3,36.3,8.2,54.5,0.6,0.4,0.27,23.78,76.1,never,female,5.1,0.0983716593489902,0.0983716593489902
9740.0,6.2,53.1,13.5,30.6,2.7,0.2,0.22,25.28,87.4,never,male,5.7,0.2036477819439181,0.2036477819439181
6618.0,4.1,32.3,8.4,55.2,3.3,0.9,0.16,27.01,92.3,never,male,5.7,0.3273169548841523,-0.3273169548841523
232.0,4.6,26.7,9.4,62.0,1.0,0.9,0.06,25.34,79.6,,female,5.1,1.089107573975497,-1.089107573975497
6472.0,4.3,37.9,8.3,49.2,3.7,0.9,0.02,22.01,78.2,former,female,5.1,0.3769035631858484,-0.3769035631858484
6954.0,7.2,29.0,6.9,63.7,0.3,0.3,0.1,28.080000000000002,81.8,current,female,5.4,0.4658174899708258,0.4658174899708258
3930.0,6.1,36.8,12.1,45.9,4.9,0.3,1.02,37.35,118.7,former,female,6.9,0.5886335026840825,0.5886335026840825
929.0,8.2,22.5,9.6,63.2,3.8,1.0,0.53,29.26,102.9,current,male,5.8,0.5709485450546514,0.5709485450546514
7626.0,6.9,30.6,5.8,59.9,3.1,0.6,0.55,41.57,115.2,former,female,5.3,0.7582761409744048,-0.7582761409744048
2225.0,6.9,35.6,6.9,54.1,2.4,1.0,1.77,28.32,96.7,former,female,10.5,1.7614797280525836,1.7614797280525836
5498.0,7.3,17.0,6.7,73.4,2.1,0.9,0.58,22.82,91.1,former,male,5.4,0.3105035902417702,0.3105035902417702
8820.0,6.8,27.4,4.4,66.3,1.9,5.397605346934028e-79,0.8,27.5,98.9,never,female,6.0,0.8013330971162851,-0.8013330971162851
9445.0,10.1,44.5,7.4,44.5,3.5,0.2,0.27,35.36,128.4,never,female,6.6,1.7117476964104887,1.7117476964104887
9494.0,7.3,16.0,5.0,77.6,1.5,5.397605346934028e-79,0.03,34.44,114.3,never,male,5.5,0.8115870540088552,0.8115870540088552
1273.0,7.5,23.8,6.4,67.4,1.8,0.6,1.16,33.85,109.2,former,female,5.0,1.7513484150579646,1.7513484150579646
7071.0,6.9,30.2,8.4,59.6,1.5,0.3,0.1,31.490000000000002,107.3,never,male,6.3,1.6606973855333766,-1.6606973855333766
1684.0,6.0,38.2,8.1,51.1,2.5,0.2,0.25,24.01,90.3,current,male,5.5,0.1686162807461507,0.1686162807461507
1978.0,7.9,23.6,6.1,66.6,3.2,0.6,0.07,26.73,96.5,current,male,5.1,0.941359923616311,0.941359923616311
5787.0,4.5,35.5,9.8,52.8,1.3,0.6,0.53,21.05,73.5,never,female,5.6,0.1413927380229802,0.1413927380229802
1765.0,4.7,45.2,5.3,46.6,2.3,0.6,0.18,20.88,79.4,current,male,5.2,0.0932847596179277,0.0932847596179277
996.0,7.8,26.0,7.1,63.5,2.6,0.9,0.1,21.68,79.4,former,female,8.7,0.6097007110893049,0.6097007110893049
9920.0,6.2,39.1,5.6,52.8,1.9,0.5,0.09,25.91,86.1,never,female,4.9,0.8915410926381271,-0.8915410926381271
9267.0,4.9,38.9,8.1,48.8,3.4,0.6,0.06,38.58,127.9,current,male,5.5,0.3657307414635594,0.3657307414635594
46.0,6.5,37.2,11.2,46.1,4.7,0.9,0.45,23.79,88.6,former,female,5.4,1.035264982245242,1.035264982245242
6390.0,4.4,63.0,7.2,28.3,0.6,0.9,0.15,28.93,99.9,never,female,11.6,0.447559039793478,0.447559039793478
2850.0,9.9,27.8,11.8,57.4,2.5,0.6,1.99,36.81,107.5,never,female,7.1,1.5996459635227005,-1.5996459635227005
8376.0,7.5,25.8,5.9,66.9,0.8,0.5,1.64,24.740000000000002,86.0,former,female,5.4,0.41423246102368,0.41423246102368
3098.0,4.9,23.9,16.2,56.4,2.5,0.9,0.05,21.61,69.5,never,female,5.6,0.6824495857558607,-0.6824495857558607
1119.0,6.9,39.9,7.1,48.3,3.8,0.9,0.25,25.12,96.7,never,female,5.6,1.0333608675088697,-1.0333608675088697
6922.0,8.4,41.3,7.8,46.4,3.8,0.8,0.39,28.71,81.0,never,female,5.5,0.1020525475148942,0.1020525475148942
5002.0,6.6,31.7,13.6,52.8,1.0,0.9,1.64,26.48,97.7,current,male,5.2,2.2721640529375273,2.2721640529375273
302.0,8.9,28.1,5.0,63.9,2.3,0.8,0.35,28.5,99.9,never,female,6.7,0.7394300917363679,0.7394300917363679
8399.0,4.7,28.1,6.3,64.4,0.5,0.8,0.01,22.580000000000002,,never,female,5.0,0.1772557364432327,-0.1772557364432327
6613.0,9.8,34.5,8.1,53.5,2.8,1.0,0.25,23.87,94.4,never,female,8.9,0.3531986718604248,-0.3531986718604248
130.0,5.9,27.5,9.4,57.7,4.1,1.3,0.17,26.17,94.9,former,male,6.7,0.6949273871752715,0.6949273871752715
6294.0,8.3,44.1,6.7,46.5,1.8,0.9,1.11,23.48,80.3,current,female,6.2,0.1893699915214836,-0.1893699915214836
7886.0,9.1,39.1,6.3,50.9,3.0,0.7,0.56,35.34,103.7,former,female,5.7,0.2040007490520228,-0.2040007490520228
5961.0,9.5,41.8,9.9,46.3,1.8,0.3,1.26,37.9,124.7,former,female,8.9,0.0973173676750538,-0.0973173676750538
8093.0,5.1,18.1,9.4,71.3,0.9,0.4,0.28,33.89,118.2,former,male,5.2,1.3640828866969228,1.3640828866969228
8518.0,7.4,19.8,7.8,70.4,1.5,0.6,0.2,30.310000000000002,105.7,never,male,5.3,0.1498220617932791,-0.1498220617932791
1686.0,8.8,44.2,11.0,41.7,2.7,0.6,0.16,32.38,114.0,never,male,5.3,0.4274765142472321,-0.4274765142472321
761.0,6.4,17.5,9.3,71.6,0.9,0.9,0.06,23.150000000000002,89.5,never,female,5.2,0.1500749622321599,0.1500749622321599
328.0,7.4,23.3,5.9,67.4,2.8,0.6,0.49,44.2,139.2,former,male,6.4,0.2300971882998769,-0.2300971882998769
4385.0,11.4,31.1,5.3,62.4,0.9,0.4,0.65,41.12,118.9,current,female,8.9,0.8786558964697202,0.8786558964697202
8854.0,5.2,30.9,8.0,57.3,3.4,0.4,0.41,29.41,109.1,never,male,5.8,0.2438676693528533,0.2438676693528533
2924.0,10.4,33.9,5.2,59.6,0.9,0.4,0.76,23.32,92.3,current,female,5.9,0.0396936966444004,0.0396936966444004
5833.0,8.4,23.0,6.9,62.7,6.8,0.6,0.64,42.050000000000004,124.8,never,female,5.1,2.197721045876527,2.197721045876527
5338.0,9.4,25.2,8.1,60.7,5.3,0.7,0.43,26.3,104.1,former,male,5.7,1.3301359211321224,1.3301359211321224
1342.0,8.2,30.3,5.7,61.3,1.8,0.8,0.78,48.81,124.5,never,female,5.9,1.2360277101691934,1.2360277101691934
1798.0,6.9,31.2,7.3,56.3,4.6,0.6,0.07,28.52,94.6,former,male,4.8,2.0087359929224053,2.0087359929224053
1464.0,7.5,38.9,7.8,46.0,6.9,0.5,0.14,22.990000000000002,91.5,current,male,5.5,0.5307898195879428,0.5307898195879428
2392.0,7.3,24.8,6.0,64.7,3.5,1.0,1.09,42.59,118.2,never,female,5.5,0.7779385684206189,-0.7779385684206189
267.0,5.6,39.1,7.1,51.8,1.6,0.4,0.4,27.96,98.6,former,male,5.2,0.0586249558900415,-0.0586249558900415
3559.0,7.4,20.8,7.8,69.5,1.5,0.4,0.23,34.35,117.7,never,male,5.8,0.814074124405693,0.814074124405693
3293.0,6.3,31.5,8.1,56.6,2.6,1.3,1.95,35.0,115.8,never,female,8.0,1.2491634864152033,-1.2491634864152033
8638.0,5.4,33.6,8.8,56.6,0.8,0.3,0.67,34.02,106.6,current,male,4.6,1.0285714421221837,1.0285714421221837
9749.0,5.1,29.8,12.0,51.9,5.5,0.8,1.15,23.78,92.3,never,male,6.9,0.7081287457565805,0.7081287457565805
5461.0,6.3,22.9,11.7,61.3,2.8,1.3,0.27,27.72,103.5,former,male,5.6,0.1938156958830071,0.1938156958830071
1035.0,5.4,26.5,9.1,60.8,3.0,0.8,0.36,24.080000000000002,82.9,never,female,5.6,0.1055305347717741,0.1055305347717741
861.0,7.9,18.3,8.5,69.2,3.3,0.8,0.73,22.64,81.5,former,female,5.9,0.3539807643933358,0.3539807643933358
1555.0,4.2,31.2,9.9,54.3,3.4,1.4,0.48,36.56,106.0,never,female,5.1,0.8702408410291805,0.8702408410291805
4075.0,6.4,22.5,6.3,69.7,1.0,0.5,0.91,35.65,101.2,never,female,5.7,1.2278012176689417,-1.2278012176689417
7230.0,9.3,17.6,7.7,72.9,1.7,0.1,0.86,36.96,115.6,former,male,6.9,1.1921047314050046,1.1921047314050046
3566.0,7.0,27.4,6.7,64.4,1.0,0.4,0.21,25.36,83.7,never,female,5.6,1.09751237284433,-1.09751237284433
998.0,7.1,24.2,9.7,61.0,4.3,0.8,0.59,22.6,93.4,current,male,5.1,0.8109156738908407,0.8109156738908407
804.0,7.3,21.0,6.0,63.2,9.2,0.6,0.43,26.46,98.6,former,male,5.6,0.6390683029913361,-0.6390683029913361
8633.0,8.9,30.3,6.3,61.0,2.2,0.3,0.36,22.62,87.2,current,male,6.2,0.1515938556139708,-0.1515938556139708
8737.0,5.6,23.3,8.8,63.8,3.0,1.2,0.23,31.16,95.3,current,female,5.7,0.6491707608203747,0.6491707608203747
9730.0,4.9,34.6,12.2,50.8,1.4,1.0,0.09,21.89,74.4,never,female,5.3,0.3818078682815971,0.3818078682815971
8848.0,10.1,20.3,7.9,70.1,1.0,0.6,0.37,26.51,98.0,former,male,5.3,1.841964343546367,-1.841964343546367
3274.0,11.2,20.6,6.5,71.9,0.8,0.3,2.44,48.08,136.0,never,female,5.5,0.3801311497102032,-0.3801311497102032
5914.0,7.6,34.6,9.7,54.9,0.6,0.2,1.16,48.07,130.6,never,female,5.7,0.3379663952651938,-0.3379663952651938
8169.0,6.9,27.1,6.6,63.7,2.3,0.3,0.16,36.29,124.7,former,male,5.6,0.4823158800495372,0.4823158800495372
1990.0,4.4,31.7,9.0,53.6,4.7,1.0,0.09,27.38,100.4,former,male,8.8,0.3868302237480727,-0.3868302237480727
4905.0,6.4,34.5,7.7,54.9,2.3,0.7,0.24,29.19,95.2,never,female,5.5,0.2201825310878038,0.2201825310878038
3455.0,8.5,16.2,9.3,71.9,2.1,0.5,1.02,34.78,115.7,never,male,5.8,1.86281749980984,1.86281749980984
177.0,8.2,25.3,5.7,67.1,1.3,0.7,0.84,35.56,109.2,never,female,4.9,1.157286982297593,1.157286982297593
7358.0,9.0,35.0,9.5,52.7,2.0,0.8,0.62,23.87,77.2,former,female,5.4,0.5121970383377206,0.5121970383377206
9960.0,5.4,33.3,8.0,50.8,6.9,1.2,0.19,23.87,94.5,former,male,5.1,0.7096195777093879,0.7096195777093879
7196.0,4.7,37.3,7.6,52.7,1.9,0.6,0.07,19.44,78.7,never,female,4.8,0.1497359385505551,0.1497359385505551
2528.0,6.4,17.2,16.5,63.5,2.3,0.6,0.7,34.81,127.0,never,male,4.8,1.811698654762364,1.811698654762364
6198.0,5.9,17.5,9.2,71.3,1.4,0.6,0.09,23.19,86.3,never,female,6.2,0.3270704376178902,-0.3270704376178902
7577.0,5.5,28.4,10.2,60.3,0.9,0.2,3.6,42.92,126.3,never,female,5.7,0.5804164087325793,-0.5804164087325793
7553.0,7.1,28.1,6.7,62.1,2.3,0.8,0.54,29.55,91.0,never,female,5.4,0.3045237524832013,-0.3045237524832013
678.0,8.6,33.7,8.8,56.0,1.3,0.3,0.12,31.94,109.3,current,male,6.9,1.2606922971063408,-1.2606922971063408
9879.0,4.4,28.3,12.2,54.9,4.2,0.4,0.65,29.0,102.2,former,male,7.1,0.0868591674982237,0.0868591674982237
1817.0,7.5,23.1,6.8,67.6,1.8,0.7,0.42,29.8,108.7,former,female,11.4,1.7433014122748638,1.7433014122748638
3246.0,8.0,19.1,6.9,72.4,1.5,0.1,0.11,22.31,79.8,never,male,5.7,0.6519174253415626,-0.6519174253415626
8209.0,7.5,22.1,5.6,67.6,3.9,0.9,0.06,24.78,90.8,never,male,5.4,0.0160466830322908,-0.0160466830322908
393.0,5.7,31.2,10.2,56.3,1.8,0.4,0.17,30.11,92.4,never,female,5.9,1.82559301465943,1.82559301465943
9104.0,4.3,28.0,14.5,56.2,0.7,0.6,4.64,27.01,91.2,former,female,4.3,0.979617569669027,-0.979617569669027
2596.0,6.4,17.5,8.1,71.9,1.9,0.5,0.51,34.09,110.7,current,male,5.4,1.6561074179898347,1.6561074179898347
972.0,6.9,37.6,11.6,49.4,1.2,0.3,0.35,19.900000000000002,85.6,never,male,5.9,3.282362003416248,-3.282362003416248
3624.0,10.2,12.8,6.9,79.4,0.8,0.3,0.52,30.28,111.7,former,male,5.9,1.073026138443032,1.073026138443032
4764.0,7.2,13.7,18.5,66.9,0.9,5.397605346934028e-79,0.08,20.6,81.0,never,female,5.8,0.1405019931509771,0.1405019931509771
9862.0,5.9,38.8,11.1,43.3,5.6,1.2,0.23,29.48,109.4,former,male,4.7,2.8008924538908033,-2.8008924538908033
2331.0,11.0,25.3,9.4,58.3,6.1,1.0,0.13,20.81,83.4,current,male,8.7,0.3000033482887808,0.3000033482887808
4298.0,4.2,39.7,4.4,53.4,1.8,0.6,0.06,23.830000000000002,,former,male,5.0,0.3959692739959964,0.3959692739959964
9878.0,12.1,33.5,10.3,52.6,3.1,0.6,0.73,27.28,100.0,never,male,5.5,0.0972446169407905,0.0972446169407905
1891.0,8.6,50.0,7.1,40.8,1.4,0.8,0.05,29.04,95.6,current,male,5.5,1.0017164819047433,1.0017164819047433
6236.0,8.6,31.2,4.4,62.0,1.8,0.6,0.14,22.51,82.0,current,female,5.0,0.3417873334912658,-0.3417873334912658
1384.0,9.5,17.7,8.9,70.4,2.9,0.1,0.14,19.830000000000002,79.6,current,male,5.7,1.1522192489328449,1.1522192489328449
3045.0,8.9,24.6,7.1,65.9,2.2,0.3,1.36,38.77,120.2,current,female,5.4,0.4164101453616334,-0.4164101453616334
6850.0,4.1,32.1,24.6,41.0,1.7,0.6,2.54,29.060000000000002,95.7,never,male,5.6,0.3618252557194434,-0.3618252557194434
8698.0,7.6,25.8,6.4,64.5,2.8,0.5,0.73,44.25,136.8,former,female,7.9,1.012023786116158,1.012023786116158
5549.0,4.3,33.8,9.6,53.4,2.1,1.2,0.03,19.39,79.1,never,female,5.6,0.311294422718551,0.311294422718551
2483.0,9.1,45.2,6.7,44.7,2.0,1.4,0.27,33.27,114.6,current,female,5.0,0.0420572033657994,-0.0420572033657994
6355.0,6.3,23.3,6.1,65.3,5.0,0.4,1.53,26.990000000000002,97.0,never,female,5.4,0.3719032910498883,0.3719032910498883
4106.0,10.1,18.0,8.3,73.3,0.2,0.3,0.21,29.34,106.6,current,male,5.8,0.1422955415699317,-0.1422955415699317
6232.0,8.8,34.5,8.6,54.7,1.2,0.9,0.21,28.42,107.7,current,male,5.8,2.583532961271307,2.583532961271307
5459.0,6.4,22.9,5.6,65.9,4.4,1.4,0.31,28.650000000000002,97.5,never,female,6.3,0.0990995412539456,0.0990995412539456
131.0,3.8,27.3,9.3,61.7,1.5,0.4,0.18,26.830000000000002,97.1,never,male,5.2,0.4677853973286656,0.4677853973286656
3989.0,5.4,36.4,7.1,53.9,1.8,0.6,0.22,24.05,93.7,former,female,5.9,0.2085067092340844,0.2085067092340844
9657.0,6.6,21.8,9.8,62.8,4.9,0.8,0.29,38.45,119.8,former,female,5.5,0.3614615687550212,-0.3614615687550212
1644.0,4.6,25.4,7.7,63.5,2.9,0.5,0.31,27.27,99.7,never,female,5.5,0.4689822976519964,-0.4689822976519964
1364.0,5.3,29.4,7.9,60.5,1.6,0.8,0.9,28.63,106.3,never,male,5.6,1.5990269940705473,-1.5990269940705473
5683.0,6.7,26.7,6.4,63.6,3.1,0.3,3.45,25.23,102.6,former,female,7.4,0.344764936800514,0.344764936800514
4896.0,7.9,24.9,7.9,65.3,1.2,0.8,0.19,18.85,70.1,never,female,5.4,0.3904930450671239,0.3904930450671239
920.0,5.7,31.9,11.5,50.5,5.4,0.7,0.63,30.61,102.0,never,female,5.7,0.8505756805954225,0.8505756805954225
6967.0,7.2,26.6,11.4,59.7,1.1,1.2,0.7,20.34,83.5,former,female,5.3,1.7969564231421875,1.7969564231421875
9703.0,5.7,43.2,6.9,44.6,3.9,1.5,0.9,33.61,109.8,former,female,5.7,0.5408513440188975,0.5408513440188975
7318.0,5.4,31.6,7.7,57.6,2.2,0.9,2.06,27.36,95.2,current,female,5.8,0.8412734543534244,0.8412734543534244
6732.0,7.6,32.3,5.7,58.6,2.8,0.7,0.29,29.27,108.3,former,male,5.6,0.5522059586380076,0.5522059586380076
9339.0,7.6,31.7,5.9,58.7,3.2,0.5,0.47,31.23,105.5,never,female,11.1,0.8886409993363595,0.8886409993363595
2015.0,4.9,33.4,8.3,55.0,2.7,0.6,0.21,23.59,83.0,never,female,4.9,0.4859370165678391,-0.4859370165678391
5935.0,8.4,22.8,7.7,66.8,2.1,0.6,0.12,30.150000000000002,110.6,former,female,5.9,0.1707008610793051,0.1707008610793051
8772.0,4.9,32.4,9.6,52.4,5.1,0.6,1.02,26.77,94.1,never,female,5.2,0.3999101247948189,0.3999101247948189
3199.0,6.2,31.4,9.1,58.1,0.8,0.6,0.11,28.25,97.0,never,male,7.7,2.06956872521516,2.06956872521516
8062.0,8.6,36.3,8.0,53.9,1.3,0.6,0.09,28.73,99.2,never,male,6.0,1.0959582795494065,1.0959582795494065
7073.0,8.6,24.2,5.6,68.1,1.6,0.6,0.06,25.52,95.7,former,male,6.8,0.6319437666665904,0.6319437666665904
4833.0,8.1,22.3,8.6,67.1,1.5,0.6,1.05,24.39,94.3,current,female,5.7,0.5122135482331869,0.5122135482331869
3095.0,8.4,35.3,7.9,53.6,2.6,0.8,0.89,42.83,132.4,never,male,9.0,1.2078189539744528,1.2078189539744528
9940.0,8.6,18.8,9.0,69.6,1.8,0.8,0.6,20.03,84.1,current,female,5.5,0.1036859894570814,-0.1036859894570814
8960.0,4.9,38.3,9.1,50.0,2.0,0.6,1.06,29.01,92.5,former,female,5.2,0.9628388359883756,0.9628388359883756
8396.0,5.8,26.4,9.6,60.6,2.4,1.0,0.26,30.14,113.0,former,male,5.2,0.006281746836407,0.006281746836407
789.0,6.3,25.2,10.8,61.8,1.4,0.8,0.67,20.59,82.5,never,female,4.9,1.4638880729113155,1.4638880729113155
3122.0,10.8,20.8,8.6,69.5,0.9,0.3,0.94,30.6,102.0,never,female,5.9,0.6954074608892169,0.6954074608892169
9817.0,10.8,23.2,7.5,67.7,1.0,0.7,2.11,36.62,120.4,former,female,5.2,0.4232297518766748,0.4232297518766748
1339.0,4.6,44.8,9.3,42.8,2.6,0.6,0.1,28.51,94.3,never,female,5.2,0.4325516810929291,0.4325516810929291
6341.0,8.7,32.0,5.6,56.8,5.1,0.7,1.44,26.44,91.1,current,male,5.3,1.8219846859301672,1.8219846859301672
7381.0,10.5,37.5,6.7,51.8,3.1,1.0,0.22,28.52,94.6,current,female,5.7,0.4716575916051865,-0.4716575916051865
9602.0,7.4,35.6,6.4,53.8,3.4,0.9,0.72,34.06,108.6,never,female,6.0,0.1319048031548234,0.1319048031548234
4831.0,5.6,40.3,10.2,39.0,8.2,2.2,0.15,54.46,152.5,former,male,6.1,0.9158774940089932,0.9158774940089932
7537.0,9.8,24.0,9.1,64.3,2.0,0.6,0.4,30.25,104.7,never,female,5.8,0.7439232845316193,0.7439232845316193
3804.0,4.4,39.0,7.4,49.3,2.7,1.7,0.24,33.68,97.0,never,female,5.5,0.53120447620038,0.53120447620038
7804.0,6.9,39.8,10.8,46.6,2.5,0.4,0.11,26.63,86.4,never,female,5.2,0.3410981940487321,-0.3410981940487321
1046.0,5.3,41.6,8.5,45.9,3.4,0.6,0.01,21.17,82.3,former,male,5.6,1.394946382059922,1.394946382059922
8177.0,5.6,29.8,9.1,57.2,3.0,0.9,0.08,30.060000000000002,91.4,never,female,5.7,0.0224382959762277,0.0224382959762277
8829.0,6.3,24.7,10.0,61.7,2.7,0.9,0.13,27.79,98.1,never,male,5.7,0.0005971586716918,0.0005971586716918
2427.0,7.9,10.4,9.3,78.4,1.6,0.4,1.6,28.23,104.6,never,male,5.9,3.0692253058656167,3.0692253058656167
6015.0,4.9,52.0,7.2,29.9,10.1,0.8,0.04,24.45,87.4,never,male,6.3,0.314053694211878,-0.314053694211878
7161.0,4.9,20.6,11.0,63.4,3.8,1.2,0.26,24.810000000000002,100.1,current,male,6.2,0.0962088675029644,0.0962088675029644
6823.0,7.9,28.1,7.4,62.3,1.7,0.6,1.17,30.61,95.5,never,female,5.5,0.0321128546957867,-0.0321128546957867
2598.0,5.6,34.1,5.9,53.6,6.0,0.4,0.93,,,never,female,9.5,0.2282602269978666,-0.2282602269978666
9332.0,7.6,18.5,10.6,67.0,3.0,1.0,0.29,34.35,114.1,former,male,5.5,0.3464322859204282,0.3464322859204282
1663.0,6.6,31.8,12.7,46.9,7.8,0.7,0.55,33.86,112.0,former,male,7.8,0.8752364318644215,0.8752364318644215
7548.0,6.6,24.0,6.8,67.8,0.7,0.7,0.26,24.740000000000002,86.1,never,male,5.9,0.2623002751563425,0.2623002751563425
1436.0,6.4,15.6,10.2,72.1,1.5,0.6,0.31,36.61,123.0,never,female,5.5,1.1083966991034326,1.1083966991034326
7136.0,5.1,39.3,6.1,52.7,1.3,0.6,0.42,20.32,76.0,current,female,4.8,0.3260323864128865,-0.3260323864128865
9380.0,5.2,25.6,7.8,64.2,2.2,0.3,0.25,28.77,108.6,former,male,7.9,1.4941371228572995,1.4941371228572995
2110.0,5.5,28.3,5.9,64.3,1.1,0.4,0.05,24.73,84.0,never,female,8.0,0.7305881927058481,0.7305881927058481
4337.0,3.8,46.4,6.6,38.4,7.5,1.2,0.28,35.7,126.6,never,male,6.8,0.5588971300840677,-0.5588971300840677
8748.0,7.7,29.8,11.3,56.4,1.6,0.9,2.03,33.61,113.1,never,female,5.7,0.4527456671344169,0.4527456671344169
6462.0,7.3,40.4,10.0,45.8,3.4,0.4,0.4,27.91,99.9,former,male,5.8,0.92821524332253,0.92821524332253
1723.0,7.1,36.1,9.9,51.5,1.9,0.6,0.06,25.28,97.8,former,male,5.3,1.1782904721447984,1.1782904721447984
6461.0,5.2,40.3,6.1,48.8,4.0,0.8,0.09,32.01,99.7,never,female,5.5,1.1852876584313932,1.1852876584313932
9126.0,8.3,34.5,4.1,58.9,1.6,0.9,1.14,30.07,105.0,current,male,6.0,0.6553428364123641,-0.6553428364123641
6360.0,4.6,30.0,9.4,58.7,1.3,0.7,0.15,25.55,95.4,never,male,5.3,0.7044455932191345,0.7044455932191345
4732.0,8.1,27.0,9.2,62.1,0.9,0.8,0.34,27.53,99.1,never,female,5.5,0.0889793100897626,0.0889793100897626
6585.0,4.7,32.0,6.9,58.3,2.7,0.2,0.1,29.69,108.6,never,male,5.7,2.225146806834773,2.225146806834773
4336.0,7.7,25.6,6.1,65.1,2.5,0.8,0.6,37.800000000000004,116.3,former,female,6.7,0.015004822680072,0.015004822680072
6318.0,4.4,41.0,8.2,44.7,5.3,0.9,0.03,27.87,107.4,never,male,7.2,0.6083479445521327,0.6083479445521327
1992.0,6.7,44.0,8.2,46.4,1.1,0.3,0.25,23.400000000000002,85.1,current,female,5.4,2.00374009064275,2.00374009064275
8559.0,8.4,45.3,9.2,41.4,3.0,1.0,0.46,24.01,88.0,current,female,5.8,0.5948333578188881,0.5948333578188881
2895.0,6.4,24.8,8.9,64.1,1.3,1.0,0.06,24.57,94.7,never,female,6.9,1.4640784434385326,1.4640784434385326
3681.0,5.4,33.0,8.3,53.4,5.0,0.4,0.23,25.87,92.9,never,male,6.0,0.5735517469989093,-0.5735517469989093
9206.0,5.3,33.5,9.3,53.8,2.6,1.0,0.08,24.84,94.7,former,male,5.4,1.5322783595028435,1.5322783595028435
6734.0,5.5,31.3,12.0,53.8,2.4,0.5,3.94,20.76,86.3,current,male,5.1,0.1196634298277092,0.1196634298277092
239.0,5.7,33.2,7.1,57.4,1.9,0.5,1.06,28.310000000000002,93.1,former,female,5.3,0.3356754134919477,0.3356754134919477
823.0,10.1,37.0,10.2,49.7,2.7,0.6,0.13,34.68,,former,male,5.5,0.6486916001488227,-0.6486916001488227
862.0,6.7,34.2,6.7,55.4,2.8,1.0,0.41,26.48,93.9,current,male,8.8,0.7005533853369509,-0.7005533853369509
2146.0,10.8,20.4,5.9,60.9,12.0,0.8,0.42,24.47,101.6,never,male,7.4,1.3642574293282148,1.3642574293282148
8388.0,6.1,28.0,14.2,56.2,1.0,0.6,0.56,26.94,99.0,current,male,4.8,0.6043205863011674,0.6043205863011674
1328.0,7.5,32.7,7.6,57.3,1.8,0.7,0.53,30.27,113.7,former,male,6.0,0.5303261727258142,0.5303261727258142
6666.0,8.6,23.3,6.8,65.0,3.7,1.3,0.18,34.79,120.4,former,female,5.8,0.697267761630417,0.697267761630417
6008.0,6.6,16.5,7.6,74.4,0.9,0.6,1.18,24.13,88.6,never,female,5.6,1.255640222055559,1.255640222055559
3205.0,5.9,26.2,6.8,64.9,1.6,0.6,0.22,24.73,78.9,former,female,5.7,0.983541199655312,0.983541199655312
990.0,6.6,24.2,11.7,61.3,1.6,1.3,0.59,28.42,99.0,current,male,5.9,1.490917236146991,1.490917236146991
7171.0,6.1,33.7,11.2,51.0,3.0,1.2,0.51,33.02,117.3,former,male,5.4,1.579912913326729,1.579912913326729
9478.0,6.6,23.7,8.6,63.8,3.3,0.6,0.11,25.13,94.3,former,male,5.5,0.3455090539356591,0.3455090539356591
6063.0,7.4,38.8,9.6,48.5,2.6,0.4,0.41,26.97,107.3,current,male,5.5,2.0729515615775846,2.0729515615775846
6894.0,9.1,40.8,9.5,47.7,1.5,0.6,0.04,29.27,108.0,former,male,9.8,0.6003041431006685,0.6003041431006685
3967.0,6.1,34.1,13.7,49.1,3.0,0.2,0.05,26.310000000000002,94.5,former,male,5.2,0.3663180488260829,0.3663180488260829
5476.0,12.7,23.0,6.5,69.6,0.6,0.3,7.83,29.740000000000002,109.5,never,female,5.8,0.0129334778979322,-0.0129334778979322
8185.0,4.6,41.1,9.9,46.6,1.7,0.8,0.15,28.7,98.4,never,female,5.5,0.2097152627205083,0.2097152627205083
6428.0,7.4,35.8,8.0,50.4,5.4,0.5,0.56,26.64,88.7,never,female,5.2,3.816858817376103,3.816858817376103
960.0,8.1,41.2,6.3,47.6,4.4,0.6,0.07,29.54,96.6,former,female,5.6,2.1390381418619593,2.1390381418619593
3552.0,5.3,25.0,6.9,62.8,4.7,0.6,0.07,24.94,97.4,never,male,5.6,0.92003683983122,0.92003683983122
1898.0,5.2,35.3,9.6,51.7,3.0,0.4,0.45,22.25,86.2,never,male,5.3,2.3845797158377966,2.3845797158377966
6348.0,5.7,34.2,7.9,55.1,2.5,0.5,0.23,34.230000000000004,114.9,never,male,5.2,0.907412439267266,0.907412439267266
2210.0,5.5,29.9,5.7,61.8,1.7,1.0,0.71,41.43,122.4,former,female,6.1,2.273249489117278,2.273249489117278
2025.0,8.1,29.5,6.7,61.1,2.0,0.6,1.6,33.29,92.4,current,female,5.6,0.6864701476686508,0.6864701476686508
6553.0,5.7,38.6,7.1,51.7,2.0,0.6,0.79,39.4,121.8,never,female,5.5,0.3033272702627807,0.3033272702627807
7241.0,5.8,23.3,7.5,65.6,2.5,1.3,0.2,27.330000000000002,84.0,never,female,5.5,0.5934447983190412,-0.5934447983190412
1929.0,5.6,31.7,8.1,58.4,1.4,0.4,0.1,23.35,85.0,never,female,6.2,0.3884932069205832,0.3884932069205832
6107.0,3.8,44.3,6.3,46.1,2.5,0.9,0.38,24.12,75.0,never,female,5.1,0.2029797210138679,0.2029797210138679
7377.0,8.1,30.6,6.2,61.1,1.6,0.5,0.18,31.32,105.7,former,female,6.8,0.3662792761361056,0.3662792761361056
2360.0,7.4,34.2,7.6,54.7,2.7,0.9,0.23,30.900000000000002,109.7,never,female,7.9,0.7616285650024861,0.7616285650024861
3174.0,5.7,22.3,10.0,62.8,4.0,0.9,0.35,25.19,93.6,current,male,5.2,1.4458238941304915,1.4458238941304915
3686.0,4.4,24.2,11.0,60.2,3.9,0.8,0.41,26.47,90.0,never,male,4.9,0.5890672220919052,-0.5890672220919052
9050.0,6.6,37.8,7.2,53.9,0.7,0.4,0.1,20.75,72.2,current,female,4.7,0.00403816884845,0.00403816884845
3678.0,5.9,26.0,7.4,64.4,1.7,0.4,0.05,22.39,80.0,former,female,5.1,0.6233501514749795,0.6233501514749795
1705.0,8.1,19.4,9.5,67.8,2.6,0.8,0.21,27.94,103.4,never,male,6.2,1.3271158165256778,1.3271158165256778
13.0,11.6,13.1,3.8,82.4,0.4,0.4,0.27,25.57,,former,male,7.6,2.1166443737990597,2.1166443737990597
5982.0,6.9,45.1,8.8,42.4,3.3,0.5,0.26,32.46,118.9,current,male,5.9,1.425105474113741,1.425105474113741
9568.0,4.2,22.0,11.0,64.7,1.8,0.6,0.11,24.41,92.9,never,male,5.2,0.7343532303330531,0.7343532303330531
8931.0,7.5,24.8,10.6,59.9,3.6,1.1,0.3,24.830000000000002,94.6,current,male,5.9,1.464949750680656,1.464949750680656
234.0,4.7,26.5,8.6,62.2,2.3,0.5,0.78,30.1,110.5,never,female,5.5,0.5904599071413499,0.5904599071413499
8715.0,8.6,39.2,8.0,49.6,2.5,0.8,2.18,33.84,98.6,never,female,5.2,0.4304836343088482,0.4304836343088482
3780.0,6.4,16.3,9.0,71.0,3.6,0.1,0.59,25.22,96.5,never,male,6.9,1.8911214889929888,1.8911214889929888
666.0,6.1,24.9,6.2,64.4,4.0,0.6,0.79,37.1,123.3,never,female,5.4,0.9342068356455528,0.9342068356455528
5347.0,4.7,,,,,,0.34,32.13,106.6,current,female,11.4,2.072449111313055,2.072449111313055
5503.0,9.6,18.3,6.6,73.3,1.4,0.5,0.78,25.48,92.9,former,male,5.3,0.767917055238561,0.767917055238561
8992.0,7.6,25.3,8.4,63.3,1.9,1.2,0.09,38.11,128.8,former,male,7.0,0.169063828317401,-0.169063828317401
1352.0,5.4,28.0,8.4,59.1,3.8,0.9,0.18,24.85,90.9,never,male,7.5,0.5274739721681752,-0.5274739721681752
2398.0,6.0,23.3,5.9,64.6,5.7,0.5,0.1,35.24,,former,male,6.1,0.9342160172854992,0.9342160172854992
8003.0,6.3,30.0,6.8,58.4,3.8,0.9,2.86,29.29,96.5,never,female,5.7,0.9314234589140408,0.9314234589140408
5000.0,8.4,21.8,7.8,59.8,9.8,0.8,0.26,37.5,,never,male,6.0,0.0509306933559904,0.0509306933559904
2915.0,9.4,32.3,5.8,59.3,2.5,0.2,0.49,25.88,97.5,never,male,5.9,0.8295344509306486,0.8295344509306486
5968.0,7.8,21.7,8.2,69.0,0.8,0.3,1.26,31.16,108.2,never,male,11.3,0.6439673864713933,-0.6439673864713933
7.0,4.9,46.8,8.5,43.3,0.8,0.7,0.04,29.39,90.7,former,female,5.8,1.4879574113105238,-1.4879574113105238
6485.0,8.4,22.0,8.1,66.7,2.2,1.0,0.22,18.87,81.1,current,male,5.3,1.9429716369454773,1.9429716369454773
339.0,8.1,30.3,5.9,60.2,2.7,0.9,0.63,26.3,94.4,former,male,5.1,0.943757926655837,0.943757926655837
1552.0,8.2,15.3,5.9,76.9,1.3,0.6,1.53,36.26,97.3,never,female,6.3,1.384667020186377,1.384667020186377
1916.0,6.1,38.5,9.6,49.4,1.7,0.8,0.25,30.55,93.5,never,female,5.0,0.1522153609862768,0.1522153609862768
2936.0,8.6,26.3,12.5,55.8,3.9,1.4,0.1,27.84,103.5,former,male,5.8,1.0337484209692478,1.0337484209692478
9842.0,6.2,46.1,8.8,41.9,2.5,0.7,0.78,31.490000000000002,103.9,former,female,5.3,1.7190633234389454,1.7190633234389454
9535.0,4.6,24.9,7.6,64.4,2.4,0.7,0.18,31.5,98.3,never,female,5.3,0.274936374495054,0.274936374495054
1358.0,7.1,53.4,11.8,31.0,3.0,0.9,1.49,34.69,99.2,never,female,6.1,1.337560287215432,1.337560287215432
6861.0,6.2,26.2,9.4,60.3,3.3,1.0,3.66,29.0,109.2,current,male,10.7,0.4298597710753359,0.4298597710753359
8942.0,5.4,27.5,13.3,56.4,2.3,0.5,0.22,26.36,95.6,never,male,5.3,1.701979485691174,1.701979485691174
3093.0,4.3,32.7,8.8,53.1,4.7,0.8,0.02,22.75,84.0,never,female,5.6,0.711095865457329,0.711095865457329
410.0,5.5,36.5,8.5,51.3,2.5,1.2,2.04,32.77,96.2,never,female,5.1,1.5659417674419251,1.5659417674419251
5681.0,5.9,27.4,10.3,59.2,2.8,0.4,0.29,30.34,113.8,never,male,5.2,0.8527156018408016,0.8527156018408016
2834.0,9.5,18.5,5.5,73.3,1.7,1.2,0.43,37.63,111.9,current,female,5.1,1.358281329288768,1.358281329288768
7843.0,5.0,30.0,10.3,56.3,3.1,0.4,0.21,28.03,98.4,former,male,5.4,1.2412439871274958,1.2412439871274958
9367.0,8.9,28.5,5.4,64.2,1.5,0.5,0.58,29.19,101.2,never,male,5.3,0.2480427326915174,-0.2480427326915174
7062.0,3.4,49.7,8.7,38.1,2.9,0.6,0.14,25.23,98.1,former,male,5.8,2.571233879153018,2.571233879153018
9247.0,9.5,21.9,6.4,70.5,1.0,0.2,0.71,39.99,126.8,never,male,8.6,1.7203091002206017,1.7203091002206017
1793.0,5.8,42.4,9.6,42.8,4.5,0.6,0.04,26.41,100.2,former,female,5.7,0.035819397391418,-0.035819397391418
7258.0,9.4,21.9,4.7,69.8,2.7,1.0,0.11,24.04,85.7,current,male,5.4,2.0392206604645704,2.0392206604645704
7581.0,6.8,25.7,9.7,60.5,3.2,1.0,0.59,26.71,90.9,never,female,6.0,0.2229253520293408,0.2229253520293408
4727.0,6.1,26.5,8.3,60.6,4.1,0.6,0.55,37.36,116.5,former,female,6.1,1.8016235435265575,1.8016235435265575
9903.0,4.4,33.6,11.6,52.0,2.3,0.6,0.12,28.37,100.5,never,male,5.2,0.0181237102821971,-0.0181237102821971
1921.0,6.4,22.5,7.1,69.7,0.6,0.1,0.1,25.29,101.5,former,male,5.0,0.1418271392980867,0.1418271392980867
7278.0,3.6,56.3,13.5,26.0,3.3,1.0,0.54,34.75,117.0,never,male,5.5,1.7846307214359722,1.7846307214359722
3769.0,5.7,29.2,7.7,60.9,1.7,0.5,1.15,32.33,112.3,current,female,5.8,0.162376308907759,0.162376308907759
3797.0,4.9,22.4,10.9,64.2,2.0,0.6,0.55,37.67,123.5,former,male,5.2,2.1348681971393493,2.1348681971393493
4709.0,5.5,28.6,6.9,61.8,1.8,0.9,0.12,27.93,94.5,former,female,5.1,1.1301954032430677,1.1301954032430677
1952.0,6.5,43.5,7.4,46.3,1.9,0.9,0.19,23.44,92.1,never,male,5.2,1.0282303151161174,1.0282303151161174
9816.0,14.9,13.5,6.6,77.6,1.3,1.0,0.3,36.52,118.3,current,male,6.9,1.3034116320134523,1.3034116320134523
3043.0,6.4,39.0,5.1,50.2,4.9,0.8,0.23,42.51,107.4,never,female,5.3,1.7971656370091764,1.7971656370091764
4982.0,7.9,24.4,2.5,71.2,2.0,5.397605346934028e-79,0.01,22.830000000000002,101.0,current,female,9.0,1.6026672208391286,1.6026672208391286
3013.0,5.3,28.8,6.3,58.2,5.8,0.9,0.29,25.44,102.0,former,female,6.0,0.4110769545992074,0.4110769545992074
1616.0,6.9,42.2,8.0,48.2,1.4,0.3,1.35,23.94,84.0,never,female,5.5,0.5812187665829366,0.5812187665829366
2978.0,6.4,28.1,10.2,56.8,3.9,0.9,0.07,31.900000000000002,110.0,former,male,5.5,2.8429332708410837,2.8429332708410837
6199.0,12.1,18.3,5.8,73.1,2.2,0.6,0.81,32.14,128.2,never,male,5.5,1.5843405898063794,1.5843405898063794
1737.0,7.6,27.3,8.7,60.7,2.8,0.6,1.17,29.400000000000002,92.1,never,female,5.0,1.303395568011216,1.303395568011216
4143.0,4.7,34.2,8.5,52.7,4.3,0.4,0.17,26.89,99.3,never,male,5.2,1.3906544757885224,1.3906544757885224
1792.0,9.9,26.9,7.0,65.0,0.8,0.3,0.97,46.75,135.8,former,male,11.8,1.81238664901545,1.81238664901545
8730.0,6.1,29.6,5.2,64.5,0.4,0.4,0.2,25.41,90.8,never,female,6.4,3.27977878014276,3.27977878014276
7449.0,5.1,39.5,6.1,52.2,1.7,0.5,0.24,32.09,91.9,never,female,5.5,0.4738520538247099,0.4738520538247099
8405.0,13.7,41.7,9.5,44.2,3.7,1.0,3.08,49.51,122.4,current,female,7.2,1.9081226946570489,1.9081226946570489
5672.0,4.9,22.0,9.3,66.8,0.6,1.2,0.12,27.17,93.5,never,female,7.4,0.1211965844145952,-0.1211965844145952
9938.0,5.7,42.0,12.3,41.7,3.3,0.8,0.08,32.36,116.0,never,male,5.1,2.50175899222094,2.50175899222094
2297.0,7.4,30.3,7.5,60.5,0.9,0.9,0.04,26.23,80.5,current,female,5.1,0.0996490753983911,-0.0996490753983911
5187.0,4.6,47.9,10.8,39.3,1.0,0.9,0.26,33.04,109.4,former,male,6.8,3.677165588526532,3.677165588526532
191.0,7.9,32.6,10.6,54.7,1.7,0.4,0.58,22.95,88.6,current,male,5.7,2.758211729556026,2.758211729556026
2551.0,6.4,42.5,6.5,49.4,0.8,0.9,0.4,28.740000000000002,97.2,never,female,5.4,1.4022932756869535,1.4022932756869535
2556.0,4.4,37.9,6.3,51.3,3.3,1.2,0.13,38.94,95.4,never,female,5.3,3.5124360313211582,3.5124360313211582
4869.0,6.1,31.3,8.1,59.3,0.9,0.4,0.15,29.240000000000002,102.7,never,female,7.1,0.3674976116875132,0.3674976116875132
7562.0,7.9,30.3,6.0,60.7,2.2,0.9,0.13,34.94,114.0,never,female,5.9,1.0086547723467865,1.0086547723467865
8620.0,8.3,30.3,9.0,57.7,2.0,1.0,0.81,30.3,105.3,never,female,10.2,0.8165316625687578,0.8165316625687578
8719.0,3.4,30.0,11.8,53.1,3.9,1.2,0.48,31.51,108.8,former,female,5.7,1.1798282869307672,1.1798282869307672
1044.0,17.0,30.8,5.7,58.0,4.9,0.6,0.23,23.79,77.3,current,female,5.7,0.6508348571145027,0.6508348571145027
5294.0,4.6,35.7,7.6,54.3,2.2,0.3,0.23,29.77,96.5,never,female,5.2,0.4043240024443729,0.4043240024443729
5472.0,7.4,23.8,10.2,59.5,5.4,1.0,0.52,30.970000000000002,113.9,never,male,5.3,2.128240055816462,2.128240055816462
4373.0,6.4,26.5,8.1,62.3,2.3,0.8,0.42,35.93,109.3,never,female,6.0,0.1373356012760751,0.1373356012760751
1589.0,5.5,31.2,5.7,61.0,1.7,0.4,0.95,24.8,88.4,never,female,5.5,1.282436065929616,1.282436065929616
6905.0,5.6,24.6,7.9,65.4,1.5,0.6,0.1,28.22,112.8,former,male,4.5,3.0876556414342864,3.0876556414342864
4966.0,7.3,16.5,9.0,68.5,5.3,0.6,0.43,30.310000000000002,109.9,former,male,5.6,2.1734758921884754,2.1734758921884754
7837.0,4.6,41.2,7.5,48.9,2.3,0.2,0.03,28.28,104.2,former,male,7.7,2.122273918564399,2.122273918564399
4666.0,4.4,23.1,6.7,63.9,5.5,0.9,0.07,18.68,73.8,former,male,4.7,1.1880793015558222,1.1880793015558222
731.0,7.1,48.8,7.3,41.4,2.0,0.4,0.12,28.86,99.0,never,female,7.3,1.5709956631338182,1.5709956631338182
517.0,7.8,31.7,6.9,59.7,1.1,0.6,0.03,20.91,89.0,never,male,5.4,1.9083512512868344,1.9083512512868344
9232.0,11.3,15.0,7.2,77.1,0.3,0.5,0.24,21.900000000000002,92.2,current,male,5.0,2.0345162162562502,2.0345162162562502
5315.0,4.2,39.9,10.1,45.9,3.4,0.6,0.02,25.85,96.0,former,male,5.4,1.1858181574306446,1.1858181574306446
4277.0,6.6,22.4,8.1,66.6,2.3,0.6,0.57,37.62,120.9,former,male,5.4,2.504125184005859,2.504125184005859
1578.0,5.3,22.3,11.3,62.0,3.7,0.8,0.62,,,never,male,5.7,2.7647214127548567,2.7647214127548567
7435.0,8.8,30.8,7.8,59.5,1.7,0.3,0.7,33.92,106.9,never,female,5.6,1.7780091208248008,1.7780091208248008
1386.0,6.2,26.6,7.6,62.6,2.5,0.9,0.08,25.32,89.7,never,male,5.2,1.9292183742166964,1.9292183742166964
2569.0,6.1,31.3,7.8,57.2,2.9,0.7,0.97,31.61,111.1,former,female,5.4,1.307608751847272,1.307608751847272
1469.0,5.7,34.5,6.1,56.1,2.6,0.7,0.36,30.47,96.0,current,female,5.4,0.5523224816529613,-0.5523224816529613
9581.0,10.1,36.1,4.8,53.8,4.1,1.2,0.28,25.810000000000002,90.0,former,male,6.4,1.4566605822783063,1.4566605822783063
8392.0,7.2,36.6,8.6,52.4,1.9,0.6,0.03,24.7,93.2,current,male,7.8,2.341787269174647,2.341787269174647
8539.0,8.1,30.6,6.1,61.6,1.0,0.8,0.38,26.98,89.1,never,female,5.7,2.0049595922063466,2.0049595922063466
7229.0,5.4,36.5,7.2,49.3,6.3,0.8,0.09,28.1,95.8,never,male,5.2,1.9847718624116368,1.9847718624116368
3548.0,4.2,24.0,7.7,65.6,1.9,0.9,0.03,23.330000000000002,87.8,never,male,7.8,1.4281978429858933,1.4281978429858933
6948.0,7.7,16.0,3.1,78.8,2.0,0.1,0.07,24.66,85.8,never,female,5.5,0.4991207363991747,0.4991207363991747
6604.0,6.8,22.8,8.8,66.3,1.3,0.8,0.52,26.92,95.4,never,male,9.6,0.6152561351359525,0.6152561351359525
3756.0,12.6,26.1,5.6,65.5,2.0,0.9,1.11,36.21,,former,male,6.1,1.773716708794829,1.773716708794829
7134.0,5.9,16.3,8.5,71.4,3.4,0.4,5.0,32.27,99.0,former,female,8.3,1.6309730213639295,1.6309730213639295
5942.0,3.8,23.5,8.5,61.6,5.6,0.8,0.42,27.19,96.2,former,male,5.7,1.4468609784920483,1.4468609784920483
4343.0,7.0,16.0,8.9,72.3,2.1,0.8,4.32,33.85,118.9,former,male,4.8,3.54522453195552,3.54522453195552
6249.0,7.3,24.2,8.8,62.3,4.2,0.6,1.22,31.490000000000002,97.3,never,female,5.2,1.6744020416121013,1.6744020416121013
5901.0,4.1,45.5,7.4,41.9,4.6,0.7,0.02,22.62,92.3,former,female,4.4,1.012658001880976,1.012658001880976
8968.0,5.9,43.0,9.8,41.2,4.6,1.5,0.35,33.18,99.8,former,female,5.1,1.3980558045053844,1.3980558045053844
4250.0,8.6,31.4,7.6,58.9,1.5,0.6,0.2,36.78,112.9,never,female,6.4,2.3702403213235965,2.3702403213235965
314.0,3.8,45.3,10.2,42.3,1.8,0.4,0.91,24.18,77.4,former,female,5.5,1.9085221428966952,1.9085221428966952
2899.0,10.4,33.7,6.3,57.9,1.5,0.7,1.42,40.71,123.5,former,female,8.9,0.09082494904122,0.09082494904122
9526.0,7.3,31.6,8.5,56.8,2.6,0.5,0.04,22.69,98.3,never,male,4.8,2.5865610979525533,2.5865610979525533
1032.0,5.6,23.9,11.0,59.7,4.4,1.1,0.03,25.22,91.4,former,male,5.5,1.309663429644962,1.309663429644962
620.0,4.4,44.3,9.5,39.8,5.6,0.8,0.23,25.11,97.2,never,female,6.0,0.6439609165566611,0.6439609165566611
8418.0,6.9,32.3,9.2,55.1,2.8,0.6,0.05,29.48,100.9,former,male,5.5,3.4522686412745305,3.4522686412745305
6934.0,7.4,46.5,8.5,40.1,4.1,0.8,1.73,31.75,109.8,current,female,5.8,0.1531467773446486,0.1531467773446486
3617.0,5.4,25.9,8.6,62.4,2.8,0.4,0.21,31.42,115.4,former,male,5.4,2.735691841954351,2.735691841954351
5274.0,7.0,23.7,8.2,62.7,4.5,0.9,0.52,33.12,100.5,never,female,6.1,1.5564112952797542,1.5564112952797542
5568.0,4.7,40.9,10.7,44.7,2.2,1.7,0.16,32.92,113.3,never,female,5.5,0.0144234244001903,0.0144234244001903
6090.0,13.1,32.5,5.1,57.6,2.8,2.0,1.29,29.07,113.7,current,male,5.9,2.43219592348514,2.43219592348514
3646.0,5.1,18.6,8.9,68.7,2.3,1.5,0.04,20.580000000000002,73.0,never,female,4.9,1.2735906695190864,1.2735906695190864
8001.0,7.2,48.6,8.9,39.8,1.8,1.0,0.18,25.46,89.5,current,male,4.9,2.2083157293842843,2.2083157293842843
7836.0,5.6,22.4,9.5,66.1,1.4,0.7,0.07,37.77,102.2,never,female,4.9,2.4405120784249847,2.4405120784249847
4318.0,3.4,28.8,6.9,58.7,4.8,0.8,0.52,33.01,113.1,never,female,4.9,2.6978486802133976,2.6978486802133976
6347.0,5.9,40.3,14.6,40.8,3.8,0.5,0.29,24.35,98.8,former,male,5.0,3.089869058832031,3.089869058832031
6383.0,7.5,38.3,8.3,50.3,2.7,0.4,0.08,31.55,100.6,current,female,5.6,5.818514588279514,5.818514588279514
7979.0,4.7,33.8,6.8,56.6,2.4,0.5,2.92,30.38,100.5,never,female,5.7,1.5728065965956506,1.5728065965956506
4828.0,5.3,40.0,8.1,50.2,1.2,0.6,0.02,28.63,99.1,never,female,5.4,0.328587531470881,0.328587531470881
9260.0,6.6,32.5,6.1,59.3,1.4,0.7,0.59,28.42,100.8,never,female,5.2,1.1900158469929174,1.1900158469929174
968.0,7.9,41.4,8.7,43.8,5.6,0.6,1.17,23.92,96.4,former,male,8.8,2.2440250990631507,2.2440250990631507
9401.0,4.4,27.1,9.2,61.7,1.2,0.9,0.03,20.59,76.7,never,female,5.1,5.380055506457765,5.380055506457765
7284.0,6.3,25.7,8.6,62.6,2.2,1.0,0.07,30.95,128.3,former,male,5.6,2.0862470478557005,2.0862470478557005
8962.0,4.6,34.6,9.3,54.1,1.6,0.4,0.05,22.57,88.3,never,male,8.8,1.8454499592660332,1.8454499592660332
964.0,5.9,34.8,8.6,54.1,2.0,0.6,0.07,25.73,86.0,never,female,12.0,2.6861715994206308,2.6861715994206308
3690.0,2.8,36.5,16.0,21.3,25.5,0.8,0.74,28.28,102.2,former,male,7.3,5.684057125992464,5.684057125992464
928.0,7.0,52.2,7.5,36.8,2.3,1.3,0.1,28.830000000000002,97.0,former,female,6.1,0.0255684056714144,-0.0255684056714144
8020.0,7.8,26.3,10.0,59.9,3.1,0.8,0.51,23.080000000000002,91.3,never,male,5.0,1.6141226666822357,1.6141226666822357
871.0,9.4,27.2,9.8,58.4,3.8,0.9,0.52,25.72,79.1,never,female,5.9,2.0120370175177618,2.0120370175177618
3252.0,4.9,35.3,8.5,53.5,2.0,0.8,0.05,23.06,90.4,current,male,5.2,3.2790985655236504,3.2790985655236504
3357.0,5.1,28.8,9.8,55.9,4.0,1.5,0.06,22.48,84.4,never,female,5.3,3.742902094345856,3.742902094345856
5408.0,6.8,23.6,8.1,64.9,3.2,0.4,0.29,35.06,120.7,former,male,5.5,1.7617113674070888,1.7617113674070888
3689.0,7.3,40.0,6.2,52.1,1.3,0.5,0.58,36.230000000000004,110.4,never,female,5.0,2.096105294106552,2.096105294106552
8674.0,5.1,38.3,9.1,50.1,2.1,0.4,0.79,28.400000000000002,105.3,current,male,6.3,4.480885474426882,4.480885474426882
3949.0,8.6,35.8,5.2,31.8,26.2,1.0,0.09,29.44,93.3,never,female,5.5,2.685928850905205,2.685928850905205
4800.0,4.9,22.0,7.1,67.3,2.7,0.9,0.54,26.18,102.3,former,male,6.7,1.4735242227515992,1.4735242227515992
5826.0,5.5,27.2,9.9,60.7,1.9,0.4,0.09,23.35,78.4,never,female,5.9,1.1374243979776462,1.1374243979776462
3538.0,4.4,40.3,8.6,49.3,0.9,0.8,0.08,25.21,94.2,never,male,8.9,3.5521967248233364,3.5521967248233364
2019.0,9.3,28.7,6.1,62.4,1.9,0.9,0.07,21.35,74.5,former,female,5.7,3.782647499143719,3.782647499143719
1026.0,7.6,37.2,6.9,51.7,3.4,0.8,0.18,34.5,120.8,former,female,6.4,3.8685413725043505,3.8685413725043505
986.0,7.5,26.5,7.8,61.8,3.6,0.5,0.91,32.09,98.7,former,female,5.7,2.378230101950793,2.378230101950793
8532.0,9.8,28.1,6.4,62.6,2.5,0.5,0.08,27.62,89.0,never,female,6.3,4.835159597651382,4.835159597651382
19028.0,5.9,28.3,8.9,60.1,2.2,0.5,1.55,25.23,,former,male,5.4,0.1508758532509826,-0.1508758532509826
10168.0,13.4,7.6,4.7,86.2,0.4,1.2,0.18,18.86,81.2,current,male,5.3,0.057885875482833,0.057885875482833
17861.0,4.9,39.0,11.8,47.6,1.6,0.1,0.29,28.66,107.3,current,female,5.8,2.610808561219395,2.610808561219395
12264.0,5.7,26.8,9.4,59.2,4.6,0.1,0.41,30.68,112.2,former,male,5.6,0.147526981839174,-0.147526981839174
20678.0,5.1,24.5,10.5,62.8,1.7,0.6,3.5,35.71,89.8,never,female,5.1,1.1329239956287456,1.1329239956287456
17615.0,7.6,27.9,11.4,58.1,2.1,0.6,0.28,29.29,114.6,former,male,5.8,1.5749259055134208,-1.5749259055134208
14036.0,6.3,42.0,12.2,43.2,2.0,0.6,0.28,28.58,111.0,never,male,5.5,0.5444829358767416,0.5444829358767416
20884.0,7.9,19.6,15.1,60.5,4.2,0.6,2.03,25.16,93.5,never,female,4.1,0.4023771026046132,-0.4023771026046132
17315.0,4.9,22.7,13.5,60.4,2.2,1.3,0.53,34.05,108.1,former,female,5.3,1.0804315966728844,-1.0804315966728844
13108.0,5.6,25.8,7.0,61.6,5.1,0.4,0.15,22.2,,former,male,6.1,1.4077180486985317,1.4077180486985317
13363.0,9.1,20.3,7.9,66.9,4.6,0.4,3.94,21.45,90.6,current,male,5.7,0.7425211577175681,0.7425211577175681
11351.0,5.0,38.7,12.3,46.3,2.5,0.2,0.46,26.08,93.7,former,male,5.4,0.6869453337265417,-0.6869453337265417
13526.0,5.9,35.2,9.2,52.8,2.6,0.3,0.2,24.63,92.7,former,female,5.9,2.02966273762486,-2.02966273762486
19613.0,5.8,26.3,10.1,56.0,6.6,0.9,0.47,,92.0,never,male,5.9,0.6172263642565539,0.6172263642565539
19595.0,5.2,17.7,6.0,72.8,2.8,0.6,0.26,34.04,117.9,never,male,7.3,0.5615417851780639,-0.5615417851780639
12276.0,8.0,31.3,10.9,56.3,1.2,0.4,0.53,26.17,92.7,former,female,4.8,2.5697407162840973,-2.5697407162840973
15770.0,3.4,43.5,14.8,40.5,0.8,0.6,0.43,36.88,121.2,never,female,5.6,0.7401241686681876,0.7401241686681876
15236.0,11.4,35.3,9.4,49.2,5.3,0.9,0.26,22.6,79.5,former,female,5.5,0.2533457194789239,0.2533457194789239
18300.0,4.5,35.1,7.7,52.4,3.8,1.0,0.14,25.47,87.0,never,male,5.3,1.4972138842520637,-1.4972138842520637
18884.0,6.7,31.7,7.5,51.2,8.9,0.7,0.12,28.92,105.0,never,male,6.0,1.280848063803621,1.280848063803621
10415.0,12.7,13.9,5.1,78.0,3.0,0.1,0.84,,80.4,former,female,5.7,1.0946538076854406,1.0946538076854406
15479.0,8.8,45.5,9.9,39.0,4.7,0.9,0.13,25.93,99.2,never,male,5.5,0.8854503441268708,0.8854503441268708
10131.0,8.4,21.5,9.5,55.2,13.3,0.6,0.5,27.72,104.6,never,female,7.5,0.7420316910091451,-0.7420316910091451
17568.0,7.5,12.3,3.4,83.6,0.6,0.1,0.41,29.11,98.8,never,male,5.6,0.179824775882901,0.179824775882901
15185.0,9.2,33.9,12.6,52.0,1.2,0.4,2.6,21.02,89.1,current,female,5.5,0.6763301956528971,-0.6763301956528971
16186.0,8.6,25.7,7.5,63.8,3.1,0.1,0.31,29.97,97.6,current,female,5.7,0.9265635878276764,-0.9265635878276764
17297.0,7.6,29.6,8.9,57.3,3.7,0.4,0.13,25.7,98.5,never,female,7.1,0.4530610538163271,-0.4530610538163271
10577.0,5.1,23.0,10.6,63.5,2.1,0.9,0.08,26.06,96.8,never,male,5.5,1.1780873323928407,1.1780873323928407
15568.0,7.3,37.3,7.6,54.2,0.8,0.2,0.3,26.28,89.3,never,female,4.7,1.7948813144828344,-1.7948813144828344
11311.0,22.4,62.2,5.4,29.1,1.3,2.2,0.28,18.02,73.5,current,male,5.9,5.277860589966987,-5.277860589966987
12061.0,12.4,29.1,6.6,59.7,3.9,0.6,0.55,24.07,84.5,current,female,5.1,0.6037571667956816,-0.6037571667956816
10243.0,4.0,20.8,9.4,61.7,7.4,0.6,0.07,22.72,79.4,former,female,5.2,0.9229234671507228,-0.9229234671507228
16324.0,3.8,22.6,5.6,64.8,6.6,0.5,0.2,21.18,88.6,former,male,5.4,0.5761341322949507,0.5761341322949507
19753.0,7.1,23.1,10.9,62.2,2.8,1.0,0.07,25.09,98.2,never,male,5.3,1.6787850589930493,-1.6787850589930493
18059.0,6.3,31.2,10.2,53.0,4.9,0.7,0.34,31.97,124.9,former,male,7.2,1.941652412006181,-1.941652412006181
10411.0,4.5,27.0,10.0,59.5,2.8,0.8,0.09,33.55,106.4,never,female,5.8,2.1973282692799994,-2.1973282692799994
14990.0,8.0,26.5,5.9,64.3,3.0,0.4,0.87,32.05,114.7,former,male,5.7,1.1465526695533177,1.1465526695533177
16098.0,9.4,17.2,7.8,70.6,4.3,0.1,0.85,,,never,male,4.2,1.60991759757265,-1.60991759757265
15895.0,3.1,45.1,9.6,43.0,2.2,0.2,0.08,24.32,80.0,former,female,5.2,1.3046378269019443,-1.3046378269019443
11507.0,6.1,22.0,7.3,65.7,4.2,0.9,0.41,22.78,92.3,current,male,10.0,1.7658856800623377,-1.7658856800623377
10929.0,6.6,35.9,8.2,54.3,0.8,0.7,1.3,30.59,102.5,never,female,5.5,0.5940210255835959,-0.5940210255835959
17954.0,4.3,25.3,8.9,60.7,4.3,0.9,0.62,22.15,79.4,former,female,4.9,0.8667767244112965,0.8667767244112965
20896.0,6.6,30.9,7.1,58.0,3.8,0.4,0.24,24.45,92.0,never,male,7.3,0.8088204774964145,-0.8088204774964145
14255.0,3.8,24.1,11.2,56.3,7.6,0.8,0.03,24.76,96.6,former,male,5.5,0.3827241573748815,-0.3827241573748815
13686.0,4.6,32.0,8.3,56.3,2.5,0.9,2.24,26.0,88.9,never,female,5.0,1.264914330673125,-1.264914330673125
19096.0,10.1,34.8,10.4,51.4,3.3,0.2,0.67,27.21,105.2,never,male,7.3,0.4840310584520498,0.4840310584520498
16345.0,5.6,33.5,8.5,55.4,2.2,0.4,0.5,35.01,104.1,former,female,6.0,0.6594277011922853,-0.6594277011922853
16434.0,5.3,30.0,10.0,56.6,3.1,0.3,0.4,43.29,149.6,current,male,5.9,2.7589117619589185,-2.7589117619589185
19097.0,5.0,25.3,8.5,63.0,2.5,0.7,0.15,36.14,120.8,former,male,7.6,1.115350678562444,-1.115350678562444
15100.0,4.9,26.2,13.9,57.9,1.6,0.4,0.07,22.09,95.8,former,male,5.2,0.2258491792826902,0.2258491792826902
14916.0,9.1,30.8,9.8,56.1,2.7,0.7,0.13,31.41,91.0,never,female,5.3,0.1359043802114341,-0.1359043802114341
17521.0,7.4,20.8,8.2,69.1,1.7,0.2,1.54,38.13,103.9,former,female,5.4,1.1068054763233235,-1.1068054763233235
15876.0,22.4,10.6,7.8,78.3,2.6,0.7,0.86,29.73,102.4,former,female,6.2,2.3941820222646215,2.3941820222646215
12807.0,4.8,45.4,10.4,42.2,1.7,0.4,0.21,29.93,112.0,former,male,5.8,1.1194660355531294,-1.1194660355531294
18413.0,7.4,13.9,5.9,75.8,3.7,0.6,0.2,24.61,95.6,current,male,5.9,0.027010909742426,0.027010909742426
14137.0,7.3,34.2,8.3,54.3,3.2,0.1,0.24,25.33,104.0,never,male,5.4,0.0445220106938057,0.0445220106938057
15874.0,4.1,26.7,8.3,58.3,5.4,1.3,0.09,21.85,73.1,former,female,4.9,1.0718026730505663,-1.0718026730505663
10625.0,5.3,25.7,6.8,63.1,4.1,0.4,0.38,22.59,92.6,never,female,5.2,1.4354276851106358,-1.4354276851106358
20311.0,3.7,16.6,12.2,69.6,1.5,0.2,0.03,23.81,87.8,former,male,5.1,0.2678033183413959,0.2678033183413959
13248.0,9.0,32.8,9.6,55.0,1.9,0.6,0.89,33.73,118.7,never,female,5.8,1.537849389555406,-1.537849389555406
17181.0,8.2,32.7,10.9,53.2,3.0,0.3,0.34,31.89,106.7,current,male,5.2,0.6817490997397785,-0.6817490997397785
20870.0,7.8,34.2,9.6,53.9,2.0,0.4,0.18,22.58,94.4,former,male,5.7,0.3297910265014774,0.3297910265014774
15114.0,9.3,16.6,8.2,72.1,2.7,0.4,0.6,,,former,male,5.4,1.3366881038730765,-1.3366881038730765
19435.0,8.9,23.8,7.4,65.9,2.2,0.8,0.82,,,former,male,5.3,0.653337209280471,-0.653337209280471
12942.0,9.8,20.6,7.5,69.1,1.9,0.9,3.34,20.01,74.1,current,female,5.3,0.2113477195425288,-0.2113477195425288
12759.0,6.6,28.7,8.4,58.9,2.9,1.1,0.93,,,former,female,6.2,2.1106744098072427,-2.1106744098072427
11625.0,6.6,29.6,10.2,57.3,2.1,0.8,0.05,29.95,100.1,never,male,5.4,0.5471259981735807,-0.5471259981735807
10437.0,11.8,20.6,7.6,68.9,2.0,0.9,0.3,19.32,80.7,current,male,5.0,0.4157242093473875,-0.4157242093473875
18784.0,8.0,37.3,8.1,50.9,3.1,0.6,0.69,,,former,male,6.2,0.3622439166175009,-0.3622439166175009
15741.0,5.2,25.0,10.2,62.4,2.2,0.2,0.28,,,former,male,5.5,0.492664299273483,0.492664299273483
19815.0,7.1,18.4,6.7,71.3,2.9,0.6,6.69,25.83,104.4,never,female,4.6,1.7175567577383033,-1.7175567577383033
11628.0,3.8,46.3,13.5,35.8,4.3,0.2,0.42,33.29,109.0,former,male,6.1,0.7656138289127922,-0.7656138289127922
12413.0,10.7,18.8,8.6,70.4,1.9,0.3,0.42,23.38,96.0,never,female,5.6,0.2880612546252812,-0.2880612546252812
14313.0,8.6,29.8,4.5,61.3,3.7,0.8,1.39,39.77,122.1,former,female,5.1,1.1868340643546298,-1.1868340643546298
19878.0,7.2,19.8,10.4,65.1,4.4,0.3,0.19,32.0,118.7,never,male,5.7,0.0637551324817344,-0.0637551324817344
16875.0,7.3,26.9,9.6,59.7,3.3,0.6,0.78,29.79,107.6,never,male,5.1,1.790377674482547,-1.790377674482547
11785.0,9.3,24.7,8.0,64.3,1.7,1.3,0.23,,78.6,former,female,5.9,1.1593863444623542,-1.1593863444623542
13673.0,5.1,20.8,9.7,63.5,6.0,0.1,0.06,24.0,87.2,former,male,6.3,0.4171563511487626,-0.4171563511487626
13809.0,9.6,31.2,3.1,63.6,1.3,0.9,1.5,28.77,101.2,current,male,5.9,0.4269296017656554,-0.4269296017656554
18718.0,5.3,34.0,8.3,55.6,2.0,0.2,0.05,27.47,105.4,former,male,6.0,1.6264686037526306,-1.6264686037526306
10680.0,6.6,20.4,8.9,68.4,2.0,0.3,0.66,28.57,104.7,former,male,5.1,0.0225709015579802,-0.0225709015579802
16295.0,5.6,27.5,9.5,59.2,3.2,0.6,0.27,26.64,106.3,current,male,5.5,0.3173047889246022,-0.3173047889246022
16643.0,6.3,29.1,8.8,60.1,1.5,0.6,0.23,30.1,119.2,former,male,9.1,0.8169685877875739,-0.8169685877875739
19207.0,6.4,58.8,11.0,26.7,2.8,0.7,0.28,29.37,92.1,former,male,4.4,0.097333610534134,0.097333610534134
12236.0,9.4,25.0,5.7,66.5,2.6,0.2,7.98,,70.1,current,male,4.7,0.6557758881526556,-0.6557758881526556
16179.0,9.1,30.4,12.5,50.6,5.6,0.9,0.16,,103.2,former,female,6.1,0.4819822887878446,-0.4819822887878446
19429.0,4.5,28.7,7.9,61.7,1.3,0.4,2.23,22.26,80.1,current,male,5.8,0.9477791020056048,-0.9477791020056048
11711.0,7.8,22.0,10.4,65.5,1.8,0.4,0.39,25.96,96.9,current,male,5.4,0.3177983071112142,-0.3177983071112142
18364.0,5.9,32.8,10.0,55.3,1.5,0.4,0.05,26.51,95.6,never,male,5.6,0.3543049860575322,0.3543049860575322
12071.0,10.6,12.4,6.8,70.9,9.6,0.4,0.25,,93.5,never,male,6.4,0.1004408570529196,0.1004408570529196
18551.0,5.1,22.1,7.1,66.5,3.6,0.6,0.06,31.3,122.0,former,male,7.1,1.6941846778687788,-1.6941846778687788
15077.0,6.6,41.1,5.0,47.2,6.1,0.7,0.78,34.49,114.2,former,female,6.3,1.6487178309028403,-1.6487178309028403
11828.0,8.6,27.8,6.8,62.2,2.5,0.8,0.65,24.44,89.0,never,female,5.0,0.6957730945290698,-0.6957730945290698
15808.0,6.8,44.5,9.6,43.4,2.1,0.4,0.04,26.14,89.5,never,female,5.7,0.301366132863591,0.301366132863591
16137.0,8.4,26.5,5.9,66.0,1.2,0.4,0.88,28.08,108.6,current,male,5.5,0.6961364807247423,-0.6961364807247423
14824.0,5.6,24.9,8.1,62.3,3.3,1.4,0.21,31.39,107.0,former,male,5.4,0.7358466985886687,-0.7358466985886687
20520.0,6.9,18.4,13.5,65.9,1.5,0.8,0.73,33.08,107.0,never,female,5.4,1.9358694199723616,-1.9358694199723616
20479.0,9.9,32.6,7.6,44.5,15.0,0.4,0.12,24.71,94.8,current,male,5.3,0.1850293512621834,-0.1850293512621834
18728.0,7.4,40.7,9.1,41.3,8.2,0.8,0.26,21.33,81.5,never,female,5.1,0.572722968754729,-0.572722968754729
17038.0,6.6,38.8,8.5,50.3,1.7,0.7,0.35,24.54,92.6,never,female,18.8,2.563232953691388,-2.563232953691388
10393.0,8.1,27.5,14.3,50.1,6.7,1.3,1.4,20.71,79.1,former,female,5.3,0.4663140090078553,0.4663140090078553
14921.0,6.6,34.6,12.0,47.2,5.6,0.6,0.43,20.16,79.8,current,male,5.1,0.4845925243591642,0.4845925243591642
18533.0,7.8,32.5,6.5,57.9,2.5,0.5,1.68,34.04,121.2,never,male,12.0,0.0879260079957124,0.0879260079957124
18963.0,19.8,11.5,5.6,81.9,0.9,5.397605346934028e-79,10.7,26.05,90.3,current,female,5.9,1.225867601687582,-1.225867601687582
11496.0,8.2,38.3,7.6,50.8,2.3,1.0,0.65,21.11,81.0,never,female,6.1,0.0952755601165717,-0.0952755601165717
19074.0,6.5,37.4,4.1,56.1,1.8,0.6,1.59,31.36,110.7,former,male,5.7,0.0333225690310361,0.0333225690310361
19120.0,7.4,24.4,8.4,64.3,2.8,0.3,0.64,25.45,96.5,never,female,5.7,0.4208704369189662,0.4208704369189662
14681.0,7.6,34.4,9.6,53.0,2.2,0.8,0.12,27.54,95.8,never,male,5.5,0.1090913681587764,-0.1090913681587764
19126.0,11.5,19.0,9.6,69.1,1.8,0.6,0.09,22.99,97.0,never,male,5.6,0.8733292250200537,-0.8733292250200537
12028.0,4.6,23.5,11.0,63.4,1.9,0.3,0.06,32.2,111.6,former,male,5.1,0.2340015661071739,-0.2340015661071739
12511.0,7.3,24.8,9.0,63.9,1.7,0.5,0.43,30.14,115.7,former,male,5.8,1.121025204778802,-1.121025204778802
20047.0,8.3,23.0,5.8,65.6,5.1,0.6,0.14,,,former,male,5.4,0.7308486604273949,-0.7308486604273949
15813.0,7.7,29.5,7.4,61.6,1.1,0.4,1.1,23.6,86.8,never,female,5.6,1.0808366617297036,-1.0808366617297036
18344.0,4.9,49.3,12.2,35.7,2.2,0.6,0.43,39.4,130.4,former,male,7.0,0.8876256450912187,-0.8876256450912187
11295.0,8.2,18.3,10.4,65.6,5.1,0.6,0.14,,99.6,never,female,5.5,0.7745851380200325,-0.7745851380200325
11297.0,3.8,35.0,10.2,53.8,0.8,0.2,0.15,28.04,93.5,never,female,7.6,1.040816664961731,1.040816664961731
18946.0,7.6,17.5,9.4,72.1,0.4,0.6,8.1,25.13,97.6,former,male,7.7,1.0921436762937609,1.0921436762937609
18412.0,6.4,24.1,8.9,65.4,1.3,0.4,0.03,,94.9,current,male,7.1,0.2202811715592885,0.2202811715592885
18852.0,6.9,41.7,7.9,47.1,2.7,0.7,0.19,23.37,83.0,former,female,5.5,0.8185979114525358,-0.8185979114525358
16672.0,10.7,27.4,10.6,56.7,4.8,0.4,0.13,23.44,101.6,former,male,5.7,0.6217209444402552,0.6217209444402552
20386.0,8.8,37.3,6.3,53.0,2.8,0.5,0.15,28.14,92.4,former,male,5.6,1.671257341919788,-1.671257341919788
14411.0,4.9,22.3,7.6,63.6,5.9,0.6,0.05,,,never,male,5.5,1.7872628901726304,-1.7872628901726304
11437.0,9.3,35.2,6.8,54.9,2.6,0.6,0.22,21.51,75.1,current,female,5.4,1.1564898247155542,-1.1564898247155542
17939.0,8.8,43.8,5.5,47.9,2.3,0.6,0.12,28.48,108.4,never,female,6.4,1.1073943550955083,-1.1073943550955083
11537.0,5.3,33.6,7.1,57.1,1.5,0.8,0.04,32.54,106.0,never,female,6.1,1.767070252681222,-1.767070252681222
13041.0,6.8,40.8,10.0,48.0,0.8,0.5,0.14,23.79,93.0,never,female,5.4,1.255857958228368,1.255857958228368
14080.0,6.1,37.0,13.9,44.6,3.5,1.0,0.59,32.17,100.9,current,male,5.5,0.8286361846717631,-0.8286361846717631
12703.0,7.8,23.7,7.4,65.8,2.6,0.6,0.23,,,never,male,5.3,1.1968005414131415,-1.1968005414131415
13937.0,6.5,19.1,7.8,69.1,2.7,1.3,0.03,23.91,80.4,former,male,5.1,1.0812479661071246,-1.0812479661071246
15863.0,5.6,46.8,8.9,40.9,3.2,0.2,0.48,26.27,103.1,never,female,8.3,0.1177774916837239,-0.1177774916837239
12974.0,5.7,18.2,7.3,69.9,3.4,1.3,0.24,26.62,100.8,never,male,5.9,0.2650718548489993,-0.2650718548489993
16288.0,10.9,29.2,6.6,49.0,14.8,0.4,0.07,,72.5,never,female,5.7,0.0078235573817104,-0.0078235573817104
16255.0,7.6,22.7,6.9,69.7,0.4,0.3,0.42,19.64,84.0,former,female,5.4,0.2804555245687727,-0.2804555245687727
15832.0,8.9,28.0,5.8,61.7,4.2,0.4,0.56,30.2,95.2,former,female,6.8,0.0613981216282208,0.0613981216282208
11919.0,8.0,27.3,11.9,57.8,2.5,0.4,1.05,26.85,95.5,former,female,6.0,0.4979089182134971,-0.4979089182134971
17457.0,7.7,46.8,7.2,39.9,5.4,0.6,0.5,29.15,91.3,never,female,6.3,0.0853721630814319,0.0853721630814319
16808.0,5.9,29.0,10.0,57.0,3.2,0.9,0.42,25.19,96.3,former,male,5.3,0.9070570920704496,-0.9070570920704496
18022.0,6.6,39.2,11.6,44.1,4.2,0.9,0.37,,,former,male,6.2,0.9204177447768408,-0.9204177447768408
18614.0,6.6,37.8,9.6,50.7,1.6,0.4,0.1,24.62,84.6,current,male,5.6,0.3384742675429337,0.3384742675429337
15156.0,5.1,34.2,7.3,53.4,3.8,1.2,0.3,28.38,104.7,never,female,4.8,0.0841364861786388,0.0841364861786388
13548.0,10.3,29.0,12.4,54.8,3.3,0.6,2.13,,,never,female,5.8,1.7098751652275308,-1.7098751652275308
20754.0,6.1,32.0,8.2,57.6,1.5,0.8,0.19,33.33,113.1,never,female,12.1,2.343834647974574,-2.343834647974574
17725.0,6.7,33.1,8.0,53.8,4.7,0.5,0.95,36.16,120.2,former,male,6.8,0.2596860254093773,-0.2596860254093773
12772.0,5.1,25.5,8.8,62.1,3.4,0.2,0.32,30.67,118.4,former,male,5.6,1.105638320494852,-1.105638320494852
20472.0,4.8,35.2,9.6,51.4,2.5,1.2,0.06,35.27,113.0,never,male,5.8,2.1877242565675443,-2.1877242565675443
18304.0,6.6,25.5,9.7,63.4,1.1,0.4,0.11,27.36,108.6,former,male,5.6,2.0709413558925007,2.0709413558925007
10586.0,8.4,26.0,7.5,65.4,1.1,0.1,0.46,25.75,102.1,former,male,5.1,0.1593100459310876,-0.1593100459310876
15929.0,13.2,43.7,6.9,41.4,7.3,0.6,0.44,28.76,106.2,former,male,5.1,1.027651541435111,-1.027651541435111
20045.0,6.8,29.5,4.5,64.4,1.1,0.4,0.18,24.12,87.8,never,female,5.3,1.1755833517727872,-1.1755833517727872
13888.0,9.1,23.2,7.3,65.7,3.7,0.3,1.3,33.56,98.8,never,female,5.8,0.7392180982261135,-0.7392180982261135
15918.0,10.0,35.6,6.4,56.2,1.0,0.9,0.51,29.39,96.2,never,female,5.8,0.6922838972976876,-0.6922838972976876
16105.0,5.5,26.5,5.3,67.0,1.0,0.2,0.53,20.76,77.5,never,female,5.1,1.830413700281595,-1.830413700281595
17242.0,8.3,19.2,12.4,62.6,5.3,0.6,0.53,22.96,84.1,current,male,6.0,0.8432542561232438,0.8432542561232438
17210.0,9.4,40.3,11.3,46.3,1.7,0.4,0.22,28.83,105.4,former,male,5.4,0.7747251820483995,-0.7747251820483995
13015.0,9.8,23.5,7.8,66.4,1.3,1.0,0.29,29.83,104.9,current,male,5.3,0.7028900003370628,-0.7028900003370628
18478.0,6.4,17.6,12.4,66.8,2.7,0.5,0.38,24.11,94.4,never,male,5.1,2.064969842648768,-2.064969842648768
14960.0,8.1,32.0,6.1,60.3,0.9,0.7,1.16,28.76,103.2,former,female,5.2,1.3064120382430604,-1.3064120382430604
15432.0,10.6,31.5,7.5,56.3,4.3,0.4,1.42,44.21,124.2,former,female,5.7,0.753558282235932,-0.753558282235932
19584.0,7.8,14.8,8.0,73.1,3.6,0.6,0.9,37.17,,former,female,8.6,2.7214251604518913,-2.7214251604518913
10050.0,4.8,31.0,9.6,55.5,3.1,0.9,0.33,29.94,102.2,former,male,5.5,0.1107679284154828,-0.1107679284154828
16300.0,5.5,23.0,10.3,64.1,1.6,1.1,0.3,32.54,102.1,former,female,5.0,0.2394072856652557,0.2394072856652557
16823.0,7.3,29.2,10.1,57.1,2.7,0.8,0.1,28.05,98.0,never,male,8.3,1.2172240257781954,1.2172240257781954
15819.0,4.1,42.0,8.4,48.1,1.3,0.3,0.07,,78.6,former,male,5.6,1.1509870196799898,1.1509870196799898
11608.0,6.7,47.7,8.1,41.3,2.2,0.8,1.34,25.14,98.6,former,female,7.9,0.0877771389478744,-0.0877771389478744
13365.0,5.4,37.1,8.4,52.4,1.8,0.4,0.07,25.95,102.1,former,male,5.3,0.7770585363448574,0.7770585363448574
14115.0,4.1,53.7,7.3,37.2,1.3,0.4,0.01,27.15,92.5,never,female,5.5,3.011015575971679,-3.011015575971679
18950.0,6.2,31.5,9.5,56.3,2.2,0.6,0.29,,109.8,never,male,5.8,0.6904602159683537,-0.6904602159683537
13867.0,9.6,25.2,5.6,66.7,2.0,0.5,0.3,27.88,113.9,current,male,6.6,0.5158875507103213,0.5158875507103213
13282.0,4.4,25.7,11.4,59.5,2.7,0.6,0.05,19.99,82.0,never,male,5.2,0.7722882555277808,-0.7722882555277808
17072.0,7.0,25.6,10.9,52.7,9.7,1.1,0.47,22.53,84.5,never,female,6.8,0.5429810266752716,-0.5429810266752716
11826.0,5.1,33.2,7.1,50.6,8.4,0.9,0.3,35.95,109.9,never,female,6.4,1.8801642319674317,-1.8801642319674317
20918.0,9.3,40.6,6.5,48.3,4.7,5.397605346934028e-79,0.47,25.85,99.4,former,male,7.1,0.3178920974593032,-0.3178920974593032
20499.0,8.2,35.1,11.2,49.2,3.7,0.8,0.96,27.05,101.5,never,male,5.8,0.7420922125403797,-0.7420922125403797
14109.0,7.7,30.5,6.8,55.7,6.6,0.5,0.09,34.91,121.8,former,male,6.6,0.8481358566222148,-0.8481358566222148
17578.0,8.6,30.4,8.1,57.0,3.8,0.8,0.4,27.53,103.2,former,male,8.5,0.5295103807852518,-0.5295103807852518
11572.0,5.4,33.3,10.5,50.3,4.9,1.0,0.2,27.45,98.0,former,female,6.1,0.7144755215243781,-0.7144755215243781
11904.0,8.2,25.2,6.9,64.4,2.9,0.6,0.6,47.16,148.6,current,male,7.0,0.0833292990893632,0.0833292990893632
14265.0,5.1,34.2,9.8,52.8,2.6,0.6,0.2,30.95,106.4,former,male,4.3,2.331484284841057,2.331484284841057
12329.0,5.2,37.3,12.7,40.1,9.4,0.6,0.72,32.51,93.2,never,female,6.6,1.3603053344390277,-1.3603053344390277
16301.0,5.3,13.9,7.9,72.2,5.9,0.1,0.23,27.46,91.5,former,male,6.0,0.026728904129696,0.026728904129696
13505.0,5.7,25.5,6.9,65.6,1.7,0.2,0.04,27.75,105.6,former,male,5.5,1.1009240692870914,-1.1009240692870914
11389.0,6.1,27.8,9.1,59.8,2.3,1.1,5.05,19.16,85.1,current,male,5.5,0.1420981767444754,-0.1420981767444754
12763.0,6.4,39.2,7.5,52.0,1.3,0.1,0.03,,,former,male,5.4,0.5898601735861064,-0.5898601735861064
18894.0,4.6,26.7,10.0,58.0,4.3,0.9,0.08,31.84,109.2,never,female,5.4,0.8746872739759489,-0.8746872739759489
19896.0,6.4,18.2,8.1,72.2,0.8,0.7,0.28,28.44,109.3,never,female,5.6,0.3723923888130166,-0.3723923888130166
13967.0,5.5,35.3,9.3,48.9,4.8,1.7,0.04,24.55,95.9,former,male,5.5,0.7073621986040518,-0.7073621986040518
14546.0,3.6,32.6,12.5,49.8,4.4,0.9,0.14,26.5,91.0,never,female,5.7,1.9937146033667423,1.9937146033667423
20101.0,4.7,26.5,9.4,61.3,2.2,0.6,0.08,25.41,88.4,never,female,5.8,0.2786879897585324,0.2786879897585324
20042.0,6.9,18.0,5.6,72.8,3.0,0.6,0.65,42.69,131.5,never,male,5.5,0.0496603883010277,0.0496603883010277
12153.0,6.6,25.7,7.9,63.2,2.6,0.6,0.09,28.54,100.3,never,female,5.2,0.7243171816028074,-0.7243171816028074
10304.0,7.1,22.7,9.1,64.3,3.4,0.6,0.16,26.89,109.1,former,male,5.1,0.4131423140523722,0.4131423140523722
19257.0,9.6,11.5,8.2,70.1,9.5,0.8,0.44,24.91,93.3,former,male,5.5,1.4757413715085297,-1.4757413715085297
18423.0,9.1,18.0,3.1,77.2,1.3,0.5,0.87,27.55,91.3,never,female,6.0,1.1636605218254026,1.1636605218254026
10101.0,5.9,49.5,10.7,33.0,6.5,0.3,0.08,26.44,105.0,current,male,7.9,0.1483251454697525,0.1483251454697525
15873.0,5.3,20.0,10.2,67.6,1.4,0.9,0.47,28.86,108.3,never,male,5.6,0.5147858976831177,-0.5147858976831177
19015.0,9.4,41.7,8.4,45.8,3.6,0.5,0.8,28.12,98.6,never,female,6.3,0.2800858559725108,-0.2800858559725108
10683.0,7.2,22.3,8.2,67.9,1.2,0.3,1.17,,77.8,former,female,5.4,0.4031016048568344,0.4031016048568344
17489.0,8.0,22.9,6.2,67.8,1.8,1.3,0.12,30.4,103.8,never,female,13.9,0.9241608625314676,-0.9241608625314676
19907.0,6.6,46.0,9.4,40.3,3.5,0.9,0.51,32.86,110.3,current,female,5.4,0.272986164490237,-0.272986164490237
11346.0,6.1,37.2,9.8,47.8,4.9,0.4,0.02,19.87,77.8,never,female,5.4,0.1327136342480812,-0.1327136342480812
14967.0,4.4,40.9,16.0,39.0,3.2,1.0,0.18,20.3,75.5,former,female,5.4,0.9053935953140956,-0.9053935953140956
18225.0,5.9,31.1,11.2,53.9,3.1,0.8,0.97,33.34,112.3,former,male,5.5,2.218316995862411,-2.218316995862411
10227.0,10.4,29.2,9.8,58.2,2.2,0.8,0.17,,,current,male,5.6,0.2276637041316348,0.2276637041316348
11292.0,14.9,44.2,6.7,47.2,1.7,0.2,1.23,40.16,,current,female,7.2,1.6416152939583095,1.6416152939583095
19702.0,5.6,26.8,5.6,64.1,2.9,0.6,0.13,28.22,103.6,former,male,5.4,0.1854203518990119,-0.1854203518990119
13382.0,6.5,25.5,15.9,56.7,1.6,0.5,0.58,29.91,107.9,current,male,5.5,0.727147830788665,-0.727147830788665
10381.0,5.1,,,,,,0.58,19.21,78.8,former,female,5.3,1.3381873237747657,-1.3381873237747657
16693.0,9.6,30.8,7.2,52.0,9.4,0.6,0.23,37.29,119.7,former,male,5.5,0.7033053116830941,-0.7033053116830941
19551.0,8.1,16.3,8.9,73.6,1.0,0.2,6.8,,,never,male,5.2,0.2204603076069463,0.2204603076069463
17116.0,6.6,24.7,10.8,59.7,4.4,0.4,0.1,,,former,male,5.8,0.5894123213133773,0.5894123213133773
10434.0,8.4,41.8,9.5,44.4,3.4,0.9,0.36,27.37,106.4,current,male,5.1,0.8432743571219465,0.8432743571219465
14168.0,5.6,16.5,8.1,73.9,1.3,0.1,0.15,23.13,82.3,never,male,6.3,0.3080506402902461,-0.3080506402902461
16771.0,3.8,39.2,9.2,49.3,2.0,0.3,0.04,27.38,102.7,never,male,5.2,0.8814258321481174,-0.8814258321481174
16864.0,11.1,29.0,6.6,60.9,2.8,0.8,0.52,19.27,86.4,never,female,5.4,0.2401265530919803,-0.2401265530919803
14303.0,5.4,31.8,11.4,50.4,5.9,0.6,0.35,,98.3,current,male,6.0,1.3646140455559506,1.3646140455559506
15376.0,7.5,22.3,4.8,70.4,2.0,0.5,0.35,23.3,92.0,never,female,5.3,2.1122062083068323,-2.1122062083068323
12166.0,5.9,28.7,10.6,56.3,4.4,0.1,0.31,32.04,109.5,never,male,5.3,0.0394601164548569,-0.0394601164548569
19837.0,11.4,27.6,6.4,63.8,1.4,0.8,0.46,26.51,98.0,current,male,6.1,0.5600477345398849,0.5600477345398849
20567.0,5.2,37.3,9.4,50.7,2.6,0.1,0.21,39.5,121.1,never,female,5.3,3.2303155426312804,-3.2303155426312804
14910.0,5.4,16.5,6.8,72.9,3.8,0.1,0.39,23.56,92.0,never,female,5.5,1.0085931219715651,-1.0085931219715651
14364.0,10.2,28.5,7.4,61.9,1.9,0.3,0.54,20.85,88.7,current,male,7.4,1.8375582073082384,1.8375582073082384
11326.0,8.6,24.5,8.6,60.4,6.3,0.1,0.07,28.03,106.2,former,male,5.4,1.2222812548503663,-1.2222812548503663
11939.0,3.3,26.3,12.5,57.8,2.8,0.6,0.06,24.06,87.5,never,male,4.8,1.8703354885651091,-1.8703354885651091
17282.0,5.5,24.0,9.0,63.2,3.3,0.6,0.14,,,former,male,5.6,0.1800328438237274,-0.1800328438237274
11918.0,7.6,15.2,15.2,63.4,5.7,0.4,0.17,,,never,male,5.9,0.1708279146800655,-0.1708279146800655
10324.0,10.1,22.8,6.3,68.4,1.7,0.8,0.18,29.64,88.5,never,female,5.5,1.1091608385793432,-1.1091608385793432
15591.0,6.1,27.5,10.1,61.1,0.9,0.5,0.08,29.45,103.3,former,male,5.4,0.3933950886064078,-0.3933950886064078
11930.0,7.8,23.7,6.0,68.4,1.6,0.3,0.41,22.05,82.2,never,female,5.7,0.0196697957983384,-0.0196697957983384
12977.0,5.6,29.9,9.0,53.7,6.5,0.9,0.58,23.65,90.0,current,male,7.5,0.0469626840590212,0.0469626840590212
19800.0,3.6,35.5,14.7,47.9,1.0,0.9,0.16,30.34,98.9,never,male,5.6,1.6320675817681978,-1.6320675817681978
20387.0,7.8,36.7,8.4,50.5,3.5,0.7,0.4,35.42,112.3,never,female,7.0,0.8077972692339432,-0.8077972692339432
15266.0,5.9,40.6,12.6,43.1,2.6,1.2,0.42,26.7,96.3,current,male,9.4,1.2671874815271318,1.2671874815271318
18573.0,6.1,19.2,7.4,71.1,1.7,0.6,0.61,25.93,95.6,never,female,5.2,0.144859805870079,-0.144859805870079
12696.0,9.4,25.1,8.6,64.0,1.8,0.5,0.06,27.37,107.8,never,male,6.8,0.6293955648885691,0.6293955648885691
10988.0,6.7,28.3,7.6,60.4,3.1,0.6,0.18,26.21,95.8,never,male,5.6,1.319828860872343,-1.319828860872343
17580.0,4.8,36.7,8.0,49.1,5.3,0.9,0.33,32.64,106.3,former,male,5.6,0.4384568931937398,-0.4384568931937398
11972.0,6.1,17.5,7.9,70.5,3.4,0.8,0.14,28.83,106.5,never,female,5.5,1.5112124738081614,-1.5112124738081614
13370.0,7.5,34.5,8.2,50.7,5.6,0.9,0.45,38.14,138.5,never,female,5.0,0.0168392780018601,-0.0168392780018601
19669.0,8.9,28.2,9.5,60.9,0.9,0.5,0.46,26.95,98.0,current,male,5.2,0.0020264984368056,0.0020264984368056
18674.0,9.4,34.4,6.5,57.7,1.0,0.4,0.16,26.52,99.3,never,female,5.6,0.4097992697523914,0.4097992697523914
18663.0,5.9,29.1,6.9,61.7,1.5,0.8,0.04,22.22,84.2,current,male,5.7,0.6666461645258995,0.6666461645258995
11751.0,6.2,36.7,6.7,54.9,1.3,0.4,0.27,26.95,108.4,former,male,5.4,0.1429550516880018,0.1429550516880018
17898.0,4.7,24.6,8.2,65.6,0.9,0.7,0.09,,,never,female,5.3,0.8879865228874948,-0.8879865228874948
15614.0,8.4,28.4,9.5,59.8,1.5,0.8,0.54,,,current,male,5.9,0.583186731561443,-0.583186731561443
15641.0,7.9,27.0,6.9,61.7,4.3,0.2,1.56,40.3,116.4,never,female,7.8,0.1674915069844461,-0.1674915069844461
9979.0,6.1,40.9,6.9,45.7,5.4,1.2,0.01,22.33,83.1,former,male,6.1,0.5511672337956902,-0.5511672337956902
19731.0,6.8,18.9,5.7,73.8,1.2,0.3,0.78,23.78,96.3,current,male,5.3,0.5815859440081003,-0.5815859440081003
12164.0,4.9,32.4,13.1,50.3,3.7,0.6,0.21,22.2,87.0,never,female,5.4,0.1978505137708907,0.1978505137708907
15923.0,8.1,36.7,7.4,53.7,1.9,0.4,0.2,26.68,100.0,current,male,6.2,0.2650822255089725,-0.2650822255089725
10656.0,5.9,21.1,4.6,72.7,1.4,0.2,0.3,25.4,100.3,never,male,5.3,1.039153715627768,1.039153715627768
15655.0,7.6,24.1,5.8,68.7,0.6,0.8,0.09,37.14,115.7,never,male,6.0,0.8475314094700277,-0.8475314094700277
20338.0,4.8,43.9,6.9,47.2,1.9,0.2,0.3,37.21,113.3,never,male,5.5,1.4009835212359454,-1.4009835212359454
20308.0,6.4,38.2,8.7,47.1,3.8,2.3,0.19,27.74,101.7,former,male,5.7,0.7269911867787563,-0.7269911867787563
13982.0,6.2,34.4,12.2,47.6,5.0,0.9,0.85,21.52,87.1,current,male,5.0,0.0083357633901426,0.0083357633901426
17819.0,6.0,25.9,7.7,63.6,2.5,0.4,0.08,29.24,108.7,never,male,4.6,1.1881384457199655,-1.1881384457199655
14359.0,10.5,10.2,5.4,81.9,2.3,0.3,0.18,31.13,113.8,former,male,5.3,0.8924239841833702,-0.8924239841833702
19291.0,8.4,19.3,4.6,68.5,5.5,2.1,0.37,20.9,81.0,current,female,5.4,0.2197721503597703,-0.2197721503597703
14379.0,6.3,30.4,9.8,55.2,4.1,0.6,0.12,26.86,101.6,former,male,5.2,1.2909937748641998,-1.2909937748641998
15702.0,6.4,20.2,9.7,67.0,2.3,0.8,0.06,22.61,90.3,never,female,5.2,0.215405525663589,0.215405525663589
16551.0,6.4,36.8,7.8,51.1,3.4,1.0,0.2,21.98,76.2,current,female,5.2,0.3268335729213076,-0.3268335729213076
13488.0,7.4,20.9,7.1,69.7,1.7,0.6,0.08,26.96,101.7,current,male,6.2,0.6935602932427303,-0.6935602932427303
13000.0,7.2,7.1,14.8,75.8,1.7,0.6,0.12,25.74,101.0,former,male,6.0,0.5603563178386098,-0.5603563178386098
19445.0,7.4,32.2,7.7,57.8,1.7,0.7,0.11,18.99,81.1,former,female,6.6,0.1508968359864244,0.1508968359864244
18012.0,9.5,32.7,8.7,55.5,2.5,0.7,0.74,29.06,100.4,current,female,5.9,1.3391264501616988,-1.3391264501616988
16093.0,6.2,22.7,10.8,59.7,6.4,0.5,1.68,27.17,94.5,never,female,5.4,0.5207201077036021,-0.5207201077036021
12246.0,6.9,28.1,6.4,64.2,1.3,0.1,0.07,20.01,87.3,never,female,5.7,0.4066328044860492,-0.4066328044860492
14515.0,7.1,32.8,10.5,53.6,2.5,0.6,0.81,27.14,103.2,never,male,5.5,1.149672339438161,-1.149672339438161
14129.0,5.0,21.9,8.1,66.8,2.8,0.4,0.31,25.5,104.6,former,male,11.2,1.7287021797721978,1.7287021797721978
16349.0,10.4,20.6,8.2,68.6,1.9,0.7,4.7,23.73,100.0,former,male,5.5,0.1890876387066737,-0.1890876387066737
10154.0,5.9,31.2,9.9,53.4,4.9,0.6,0.28,26.9,98.3,never,female,5.8,0.6068502896457797,-0.6068502896457797
19716.0,6.4,32.0,6.7,57.4,2.3,1.7,0.67,48.37,129.1,former,female,5.7,1.067963580538202,-1.067963580538202
20835.0,7.6,23.3,7.7,65.6,1.9,1.5,0.09,26.97,92.0,never,female,5.0,1.854995922914796,-1.854995922914796
11148.0,11.0,,,,,,0.33,29.0,112.4,current,male,6.3,0.6814610395981484,0.6814610395981484
19643.0,5.6,28.2,11.4,58.1,1.7,0.6,0.12,31.85,111.8,never,male,6.1,0.8961536635605619,-0.8961536635605619
15303.0,6.6,21.4,12.0,64.9,1.3,0.5,1.1,18.95,70.5,never,female,5.3,1.042182922032737,-1.042182922032737
15956.0,4.9,30.7,8.4,58.8,1.5,0.6,0.87,32.53,115.1,former,male,5.4,0.8495632584787864,-0.8495632584787864
16833.0,7.7,13.2,10.6,69.6,6.1,0.6,1.43,,,former,male,5.0,0.3170365487431192,0.3170365487431192
20242.0,5.3,31.6,7.7,56.1,4.3,0.4,0.22,26.23,96.4,never,male,5.3,0.1922221819401279,-0.1922221819401279
16157.0,8.7,32.6,7.0,58.6,0.9,0.9,0.09,27.76,103.5,never,male,6.9,1.109953397479812,-1.109953397479812
17425.0,6.3,19.0,8.4,69.1,2.8,0.6,0.11,31.26,111.4,former,male,6.2,0.8372680272553924,0.8372680272553924
13510.0,6.4,27.0,8.7,61.6,2.2,0.6,0.62,28.74,99.7,never,female,7.3,0.1494175284919008,0.1494175284919008
15712.0,6.3,,,,,,0.17,29.56,107.6,never,male,11.5,0.1492002152373497,-0.1492002152373497
11459.0,9.4,34.5,8.0,54.7,2.0,0.9,0.41,30.16,115.3,never,male,8.6,0.2872828689048139,0.2872828689048139
11231.0,4.1,53.6,8.4,34.8,2.3,0.8,0.04,19.75,92.5,never,male,6.0,0.076096342268468,-0.076096342268468
11260.0,6.1,28.0,9.2,60.8,1.6,0.4,0.1,22.92,85.4,former,male,5.7,0.6335885078246621,0.6335885078246621
12676.0,5.9,32.6,5.5,60.2,1.5,0.2,0.12,30.5,100.7,never,female,5.7,0.7197301292743583,-0.7197301292743583
20899.0,5.8,26.7,7.5,63.7,1.3,0.9,0.73,24.72,92.7,never,female,5.5,0.0318059155240441,-0.0318059155240441
18882.0,6.0,49.2,8.2,38.6,3.5,0.5,0.07,26.9,96.2,current,female,4.9,0.5577059911688076,-0.5577059911688076
14636.0,7.6,30.0,5.3,62.7,1.8,0.2,0.17,24.24,92.7,never,male,5.2,0.7200407339055747,-0.7200407339055747
13313.0,6.6,24.5,6.7,62.2,5.5,1.1,0.71,37.79,119.5,former,female,5.5,0.6517447484315108,-0.6517447484315108
15073.0,8.4,38.7,3.9,54.3,2.5,0.6,0.68,35.01,112.5,never,female,5.6,1.6876920880774535,-1.6876920880774535
16515.0,5.3,19.1,7.6,57.2,15.8,0.4,0.02,21.1,81.8,former,male,4.6,2.68516418665905,-2.68516418665905
10260.0,6.0,26.1,5.0,62.1,6.3,0.6,0.09,30.55,112.0,former,male,6.0,0.1776637157937206,-0.1776637157937206
10999.0,6.1,46.9,7.4,40.9,4.3,0.6,0.4,26.6,105.3,never,female,10.0,0.1883606225563624,-0.1883606225563624
11801.0,6.8,12.7,14.9,68.6,3.5,0.4,0.49,,99.1,former,male,6.4,0.6298308252282672,0.6298308252282672
13017.0,8.6,19.4,8.8,69.1,1.9,0.9,0.45,33.28,118.3,never,male,5.5,0.0502315386855508,-0.0502315386855508
13528.0,4.9,36.5,5.9,55.2,1.6,0.8,0.15,22.81,81.5,former,female,5.3,0.6535912079806169,0.6535912079806169
13519.0,9.0,15.9,5.6,75.3,2.7,0.6,1.46,33.9,108.4,former,female,4.8,0.1263045142424173,0.1263045142424173
17901.0,8.6,31.1,8.1,55.1,5.1,0.7,1.02,24.08,93.7,former,male,5.4,1.7254195588726955,-1.7254195588726955
13643.0,7.2,22.8,11.8,62.1,2.8,0.6,1.57,30.65,109.7,never,male,8.0,1.023645071187436,-1.023645071187436
14358.0,6.0,30.3,6.9,61.6,0.9,0.3,0.11,26.1,85.8,never,female,5.0,0.9124774847531688,-0.9124774847531688
10162.0,8.9,44.9,7.4,44.7,2.4,0.6,0.16,30.99,105.4,former,male,5.4,0.3417876950614891,0.3417876950614891
19362.0,8.1,32.1,6.2,57.7,3.1,1.0,1.2,28.87,110.3,former,male,6.4,0.4304544418088282,0.4304544418088282
11004.0,7.6,27.7,8.9,61.4,1.7,0.4,1.11,31.31,116.0,former,male,5.5,0.9176479356839806,0.9176479356839806
13787.0,4.4,36.9,11.7,45.2,3.1,3.1,0.07,22.32,86.4,current,male,5.9,0.8312475825052827,-0.8312475825052827
18827.0,6.6,38.0,9.6,49.7,2.4,0.3,0.71,32.85,108.5,never,female,5.4,0.0454376669358419,0.0454376669358419
18848.0,7.5,15.5,8.5,73.1,2.3,0.6,0.39,28.77,93.7,never,male,6.5,1.6996952445352442,-1.6996952445352442
18459.0,7.3,27.5,8.2,62.3,1.4,0.6,0.63,27.48,93.9,never,female,6.1,1.8053527248739705,-1.8053527248739705
19847.0,7.5,15.5,6.6,76.1,1.3,0.6,0.05,35.42,118.9,never,male,4.9,1.3834055421654337,-1.3834055421654337
20058.0,6.4,28.0,9.7,61.8,0.3,0.3,0.08,21.73,68.1,never,female,5.4,1.647250831911519,-1.647250831911519
12953.0,7.5,48.7,8.0,39.4,3.7,0.2,0.06,25.32,92.9,never,male,5.9,0.4012498135875479,0.4012498135875479
14596.0,4.6,58.5,12.2,27.8,1.3,0.3,0.23,25.45,101.7,former,male,6.0,0.2606865786011362,0.2606865786011362
12442.0,5.9,35.2,8.9,51.3,4.1,0.6,0.69,35.9,121.5,never,female,5.7,0.6743191526054475,-0.6743191526054475
17145.0,8.8,29.5,5.1,48.0,16.9,0.6,0.49,26.98,98.4,never,male,5.5,0.3511264831925114,0.3511264831925114
16215.0,9.5,25.0,7.8,65.9,1.0,0.3,0.21,29.93,97.0,former,female,5.2,0.2835041589065196,-0.2835041589065196
15121.0,2.3,73.4,4.1,21.6,0.9,0.1,0.06,29.28,111.0,former,male,5.6,3.062134585615145,3.062134585615145
16506.0,8.3,25.0,7.3,64.0,2.8,0.9,0.29,28.67,98.1,never,female,5.2,1.3204742725568948,-1.3204742725568948
16995.0,10.5,28.5,4.9,57.1,5.8,3.8,0.47,27.42,99.7,current,male,5.4,1.572813760785034,1.572813760785034
17856.0,6.0,30.0,9.2,57.2,2.6,1.2,0.07,19.3,72.1,current,female,5.6,0.7669069541387724,-0.7669069541387724
16306.0,7.9,30.8,9.9,56.1,2.7,0.6,0.33,28.27,98.6,never,female,7.6,3.734548184174773,3.734548184174773
17464.0,5.9,34.2,6.9,56.3,2.2,0.4,1.62,41.65,107.3,never,female,5.8,2.1038785264492796,-2.1038785264492796
12480.0,7.2,33.2,8.4,56.1,1.7,0.6,0.17,24.98,85.6,never,female,6.3,1.2710673361264884,-1.2710673361264884
18782.0,10.0,42.2,8.2,47.5,1.9,0.2,0.68,30.82,98.7,former,female,6.4,1.0807858286183654,-1.0807858286183654
15349.0,7.1,44.7,6.1,47.7,1.1,0.4,0.48,23.97,84.0,never,female,5.4,0.2370529885928602,0.2370529885928602
19478.0,6.4,31.1,8.9,50.1,8.9,1.0,0.06,29.07,106.2,former,male,5.7,0.1955523810266323,0.1955523810266323
13269.0,7.8,21.9,6.3,68.3,3.1,0.4,0.16,29.77,109.2,current,male,6.2,0.7765023681315526,0.7765023681315526
17208.0,5.7,44.7,8.5,45.6,0.9,0.4,0.7,35.27,105.8,never,female,5.6,0.8740449994333079,-0.8740449994333079
10326.0,11.8,40.6,8.8,46.2,3.7,0.9,0.44,28.92,97.8,never,female,6.0,0.0587330011754798,0.0587330011754798
16420.0,7.7,34.0,7.3,55.9,2.1,0.8,1.14,31.92,106.2,never,female,5.6,0.1587369506336114,-0.1587369506336114
12157.0,7.8,15.9,6.4,77.1,0.6,0.1,0.03,21.92,85.1,never,male,5.4,0.2711237557235324,0.2711237557235324
20531.0,6.2,37.4,8.7,52.4,1.0,0.5,0.06,21.76,85.2,never,female,5.6,0.58734885941791,0.58734885941791
19220.0,6.6,22.5,9.1,66.8,1.3,0.3,0.03,21.07,81.5,former,male,4.9,0.8026210410640362,0.8026210410640362
12834.0,7.1,26.0,6.6,65.1,2.0,0.3,0.13,27.56,97.4,former,female,5.8,0.1719316319987472,-0.1719316319987472
10070.0,7.3,24.7,5.9,67.8,0.9,0.7,0.24,30.89,106.7,former,male,5.5,0.6462681095898722,-0.6462681095898722
10375.0,7.8,28.8,6.8,61.3,2.5,0.6,0.34,22.27,93.0,former,male,5.5,0.012853062801956,-0.012853062801956
18711.0,4.0,35.8,12.6,49.2,2.0,0.4,0.77,25.1,80.5,never,female,5.5,2.493927883145039,-2.493927883145039
10426.0,7.9,21.4,7.2,68.9,2.3,0.2,0.65,27.95,104.5,former,male,5.5,0.3292360660250721,0.3292360660250721
16193.0,6.5,49.1,8.1,39.7,2.7,0.4,0.09,26.82,104.6,former,male,6.1,1.3789489120987282,1.3789489120987282
14173.0,7.5,17.7,9.3,71.4,1.3,0.3,0.09,25.8,105.0,never,male,6.3,0.7858265480560073,0.7858265480560073
13178.0,7.8,34.4,7.9,54.3,2.8,0.6,0.14,26.65,92.7,never,male,5.6,0.4674881342111259,0.4674881342111259
12810.0,9.6,22.8,10.3,61.4,4.6,0.9,0.23,34.19,123.5,never,male,8.0,1.058996016263341,-1.058996016263341
11953.0,8.0,30.9,8.1,56.5,3.8,0.7,3.23,35.31,125.0,former,male,5.9,1.216817878512669,-1.216817878512669
13109.0,7.5,23.8,6.8,66.0,2.9,0.4,0.21,27.4,100.7,former,female,5.6,0.1748412055248138,0.1748412055248138
17786.0,6.4,31.2,6.3,59.3,2.4,0.8,0.11,28.86,97.4,never,male,5.4,0.8517251383331401,-0.8517251383331401
19943.0,5.7,31.1,9.4,54.4,4.6,0.6,0.28,35.39,121.3,former,male,8.3,0.3905187794700823,-0.3905187794700823
11786.0,8.7,26.3,7.7,62.9,2.3,0.8,0.17,28.09,100.8,current,male,7.3,0.0198536436223161,-0.0198536436223161
11476.0,6.1,39.1,9.4,48.2,3.1,0.3,0.29,30.33,100.8,former,male,7.2,0.0416780103991861,-0.0416780103991861
11867.0,5.1,38.8,9.0,51.0,1.2,0.1,0.17,29.83,99.0,never,female,5.4,0.004138241008116,0.004138241008116
19004.0,5.3,38.9,6.9,53.0,0.7,0.4,0.09,20.58,88.5,former,female,5.2,0.6045932537976403,0.6045932537976403
16355.0,6.8,51.0,9.7,37.4,1.5,0.4,0.22,30.92,113.5,never,female,5.6,1.6063771251198622,1.6063771251198622
12451.0,4.9,44.2,10.9,40.9,3.7,0.5,0.05,28.58,106.1,never,male,5.5,0.1840921327704753,-0.1840921327704753
18599.0,9.6,13.4,9.0,75.3,2.3,0.1,1.03,,,former,female,5.7,0.9407102649195952,-0.9407102649195952
13724.0,5.8,27.8,6.3,64.4,1.3,0.2,0.06,26.19,94.3,former,male,5.8,1.191380733159306,-1.191380733159306
10975.0,3.4,38.2,7.2,49.3,4.7,0.6,0.12,27.59,89.4,former,female,4.9,1.1506174324879774,-1.1506174324879774
11251.0,8.1,14.3,8.4,74.9,1.1,1.4,0.28,22.78,97.5,current,male,5.6,1.9577618817786044,1.9577618817786044
12331.0,9.6,25.6,9.6,59.2,4.4,1.2,1.01,22.25,92.1,former,male,5.3,1.2335163806058316,1.2335163806058316
11429.0,5.1,14.1,10.0,72.6,2.7,0.6,0.14,34.01,117.1,never,male,8.1,0.4438719672811535,0.4438719672811535
11817.0,6.5,31.5,6.8,58.9,2.7,0.1,0.27,29.89,96.7,former,female,5.4,0.4011138480277588,-0.4011138480277588
14291.0,6.9,31.6,8.7,51.8,7.4,0.5,0.65,,89.9,former,male,12.0,1.294599473509454,1.294599473509454
16392.0,10.4,21.2,8.1,68.6,1.7,0.4,0.11,29.9,100.2,never,male,6.5,0.4975110679336607,-0.4975110679336607
13692.0,5.8,34.2,7.3,51.9,5.7,0.8,0.73,31.62,111.9,former,male,6.4,0.1290312791546086,-0.1290312791546086
17197.0,6.6,33.3,8.8,55.9,1.7,0.4,0.11,24.66,98.5,former,female,6.3,0.5861861846015882,-0.5861861846015882
19618.0,6.3,26.0,9.6,62.6,1.4,0.6,0.06,19.05,67.6,former,female,5.6,0.3552889807503477,-0.3552889807503477
14472.0,7.4,25.0,7.1,65.6,1.9,0.6,1.02,,138.8,never,female,5.3,0.6243972532634501,0.6243972532634501
18962.0,5.3,22.6,13.1,63.3,0.7,0.3,0.76,20.17,84.7,never,male,5.1,1.1627883139763997,-1.1627883139763997
10013.0,5.7,24.8,8.4,63.1,3.7,0.1,0.44,29.52,109.0,current,male,5.8,0.1919137383477482,0.1919137383477482
13754.0,7.6,25.8,6.4,62.6,4.6,0.6,0.89,27.5,110.2,current,male,5.4,0.7592623426269473,0.7592623426269473
12585.0,6.1,33.3,7.6,54.9,3.8,0.5,0.18,29.9,101.1,former,female,5.1,0.152604151924819,0.152604151924819
17104.0,6.0,29.5,6.3,60.4,2.9,0.9,0.75,33.22,109.3,former,male,5.6,0.492580680184825,-0.492580680184825
12817.0,9.9,15.0,6.6,76.6,1.1,0.6,1.25,26.49,102.3,former,female,5.5,1.553226796004125,1.553226796004125
12665.0,6.1,27.4,9.8,58.5,3.8,0.6,0.17,27.33,92.1,current,female,5.3,1.125216301547523,-1.125216301547523
10597.0,8.2,47.6,11.7,35.7,4.4,0.7,0.04,24.79,98.5,never,male,6.2,0.91516177948612,0.91516177948612
14352.0,7.0,31.1,8.6,57.7,1.8,0.8,0.36,36.54,125.0,former,male,6.9,0.8584493553943384,-0.8584493553943384
14901.0,8.0,29.8,8.2,59.2,1.9,1.0,0.27,21.57,75.8,never,female,5.2,1.5691575770669186,-1.5691575770669186
16777.0,9.2,46.0,9.2,42.0,2.4,0.4,0.21,25.19,79.2,former,female,6.1,0.280000095525563,-0.280000095525563
14738.0,7.8,30.5,7.6,60.8,1.0,0.1,0.39,,,current,male,5.2,0.160715380609637,-0.160715380609637
17369.0,8.0,14.7,16.2,65.9,2.4,0.9,0.25,,,never,female,5.7,0.2666328434918703,0.2666328434918703
14866.0,7.3,31.7,7.7,54.6,4.8,1.2,1.37,24.97,103.3,never,male,6.0,1.6440234226592136,-1.6440234226592136
11423.0,10.9,40.9,6.7,49.7,1.7,1.0,0.72,33.27,102.3,never,female,6.3,1.3282942583995494,1.3282942583995494
17312.0,9.7,27.0,6.9,62.0,3.4,0.6,0.64,31.4,103.5,current,male,5.4,0.3161892103990974,-0.3161892103990974
20157.0,9.9,23.1,7.8,62.0,7.1,0.1,0.28,23.14,96.5,current,male,5.5,0.4065924160798118,0.4065924160798118
19479.0,5.1,37.3,8.3,52.6,1.0,0.8,0.32,23.54,78.5,never,female,5.1,0.5704111495722595,-0.5704111495722595
20922.0,7.0,31.2,8.9,56.7,3.0,0.3,0.29,24.7,79.8,current,female,5.3,0.8892375611872674,0.8892375611872674
14881.0,9.0,25.3,7.4,65.1,2.0,0.3,1.53,39.21,121.3,current,female,9.6,0.6243865918752347,0.6243865918752347
19945.0,8.5,32.2,8.6,54.1,4.5,0.6,0.08,,,current,male,9.9,0.2627368290396398,0.2627368290396398
16761.0,7.1,26.2,9.6,60.3,3.6,0.4,0.15,23.58,96.0,never,male,5.1,0.591891854707867,-0.591891854707867
13735.0,5.0,25.7,9.1,63.8,1.3,0.2,0.13,27.66,93.8,never,male,5.5,0.6640836652692598,-0.6640836652692598
14869.0,7.9,31.4,9.2,57.8,1.0,0.5,0.28,37.15,121.4,former,male,6.0,0.1149695302321476,0.1149695302321476
18742.0,7.1,39.3,9.0,45.8,5.4,0.5,0.52,28.33,99.5,former,male,6.2,0.0938054489801704,0.0938054489801704
18709.0,5.3,39.8,9.1,35.7,15.0,0.5,0.51,35.85,125.8,never,male,10.2,0.9208629625046324,-0.9208629625046324
12692.0,7.8,20.0,10.1,66.8,2.3,0.6,0.04,28.86,106.2,never,male,5.4,1.2304077615452802,-1.2304077615452802
15131.0,6.4,36.8,8.8,51.8,1.7,0.9,1.61,25.25,86.5,never,female,5.6,1.1365278278333055,-1.1365278278333055
15309.0,7.1,21.7,9.4,63.7,3.9,1.3,0.17,29.24,111.9,former,male,5.5,0.0532607310578897,0.0532607310578897
12758.0,10.6,39.9,5.6,52.1,1.8,0.6,1.25,28.9,97.3,former,female,5.4,0.6107489113546547,-0.6107489113546547
10725.0,5.8,50.7,5.6,41.7,1.8,0.2,0.18,29.73,96.8,never,female,6.5,0.9262316728642388,0.9262316728642388
12572.0,6.3,21.5,10.6,64.7,3.0,0.3,0.03,27.05,108.7,former,male,5.3,0.6517525159227933,-0.6517525159227933
14353.0,5.6,31.9,9.2,57.2,1.0,0.7,0.14,20.77,79.2,former,male,5.5,0.1391991810618041,0.1391991810618041
12007.0,7.1,30.8,6.8,57.3,4.4,0.8,0.07,32.22,112.5,former,female,5.4,0.4051069006956089,-0.4051069006956089
15178.0,5.4,39.3,6.6,51.0,2.7,0.5,0.07,29.19,110.3,former,male,5.2,0.1146670096058889,-0.1146670096058889
12418.0,7.9,31.4,9.3,56.3,2.7,0.3,0.16,24.23,103.0,former,male,5.5,0.4845173873818765,0.4845173873818765
15179.0,9.1,22.5,9.6,62.1,5.5,0.4,0.06,27.37,93.3,never,female,5.8,1.0137153259122524,-1.0137153259122524
11812.0,6.8,29.6,4.4,61.5,3.7,0.8,0.33,33.71,111.8,never,female,5.9,0.2517480270443952,0.2517480270443952
18384.0,4.6,25.8,6.7,64.3,3.1,0.2,0.05,30.07,110.4,former,male,5.2,0.8344826971148498,-0.8344826971148498
12124.0,8.9,27.2,5.8,63.9,2.8,0.3,0.84,28.87,100.3,never,female,5.7,0.5128588858097123,0.5128588858097123
14310.0,6.4,30.1,9.7,56.9,2.2,1.1,0.18,28.59,102.5,former,male,5.5,0.1558579570220951,0.1558579570220951
13571.0,7.6,20.7,11.3,66.6,1.4,0.1,1.01,23.88,,never,female,5.7,1.1778179666205324,-1.1778179666205324
20761.0,7.8,21.5,9.4,64.1,4.4,0.6,0.36,29.39,109.0,current,male,5.7,0.5901078153739664,0.5901078153739664
17838.0,3.8,38.2,10.1,47.8,2.5,1.5,0.19,28.31,108.5,never,male,5.4,1.2249029883302105,-1.2249029883302105
14272.0,4.8,21.8,10.7,62.0,4.7,0.8,0.17,,,never,male,5.2,0.5584847789270284,0.5584847789270284
17155.0,3.9,39.5,8.0,48.7,3.1,0.7,0.38,21.8,76.0,never,male,5.4,2.025599633092601,-2.025599633092601
12708.0,9.8,21.7,8.9,65.1,2.8,1.6,0.09,26.87,111.3,never,female,5.5,0.8931925692828241,0.8931925692828241
11275.0,6.6,40.1,7.0,49.5,2.9,0.6,0.2,29.83,100.2,never,female,6.1,0.4671634513376622,-0.4671634513376622
13838.0,10.6,28.5,6.9,63.2,1.1,0.4,0.07,28.49,99.0,never,male,6.5,0.0994909206637573,-0.0994909206637573
13167.0,5.4,24.3,8.7,65.0,1.2,0.9,1.17,26.37,102.3,former,male,5.5,0.6803894855736204,-0.6803894855736204
18386.0,7.1,29.4,8.8,58.8,2.5,0.4,0.03,21.41,88.7,former,male,5.5,0.4300392466548639,0.4300392466548639
11033.0,6.1,26.1,10.4,61.1,2.3,0.1,0.06,25.9,97.3,never,male,5.5,0.3810713351674981,-0.3810713351674981
11178.0,6.2,28.9,9.3,59.4,1.4,1.0,0.09,26.22,96.8,former,male,5.7,0.27459889566184,-0.27459889566184
13951.0,7.6,22.1,8.9,65.7,2.9,0.4,0.27,31.29,115.5,former,male,5.8,0.1758547415117347,0.1758547415117347
18401.0,5.8,40.7,7.6,50.1,1.1,0.6,0.23,23.92,78.2,never,female,5.6,0.3571620431753335,-0.3571620431753335
14326.0,9.4,16.2,8.9,73.1,1.7,0.1,11.3,27.72,103.0,never,male,8.7,1.5422325674195134,-1.5422325674195134
19328.0,5.4,33.6,8.9,52.7,3.5,1.3,0.56,,,current,female,5.7,1.6221257273652792,-1.6221257273652792
14761.0,5.8,39.5,5.8,51.5,2.9,0.3,0.98,40.55,120.4,never,female,5.3,2.1989254392003534,-2.1989254392003534
13511.0,6.4,19.8,8.4,68.4,3.1,0.4,0.2,26.3,103.2,former,male,5.3,0.1290175813794192,0.1290175813794192
12046.0,7.3,25.3,12.8,58.2,3.1,0.7,0.25,26.04,98.0,current,male,4.8,0.7828043322923596,0.7828043322923596
18746.0,6.8,38.4,6.7,54.0,0.6,0.3,0.79,40.72,120.3,former,female,5.2,0.5585212572338534,-0.5585212572338534
20407.0,6.2,42.1,8.3,46.9,2.5,0.2,0.93,33.96,107.6,never,female,5.8,0.4939240115607131,0.4939240115607131
11543.0,8.6,23.4,8.8,64.1,3.1,0.7,3.92,36.77,,current,male,6.2,0.5694856693070589,-0.5694856693070589
20720.0,7.1,19.8,8.6,64.2,6.9,0.5,0.07,24.98,86.0,never,male,5.5,1.522122578345137,-1.522122578345137
18598.0,8.6,24.5,8.4,64.3,1.9,0.9,0.36,38.41,126.5,current,male,5.5,0.5759645960194721,-0.5759645960194721
14011.0,6.0,23.6,10.2,61.0,4.6,0.8,0.14,24.93,97.4,never,male,5.5,1.2266825206781733,-1.2266825206781733
20443.0,6.6,26.5,6.3,65.3,1.4,0.6,0.78,35.86,124.3,never,female,5.8,0.0195247782576766,0.0195247782576766
11293.0,6.6,17.0,9.4,70.0,3.4,0.2,0.51,26.64,114.7,former,male,5.9,0.7983712796232639,-0.7983712796232639
14506.0,5.5,27.0,6.8,62.0,3.5,0.7,0.06,34.59,116.5,never,male,5.0,0.1019896482509463,-0.1019896482509463
20295.0,6.9,14.0,11.6,67.2,6.1,1.0,0.54,25.06,100.8,former,male,6.2,0.8660647735900587,-0.8660647735900587
15300.0,6.1,36.1,11.1,49.3,2.6,1.0,0.04,20.12,74.4,former,female,5.3,0.3106456255005322,0.3106456255005322
13411.0,8.4,33.6,9.0,52.7,4.0,0.7,0.06,25.86,98.6,never,male,5.8,0.7636431525840703,-0.7636431525840703
11889.0,8.2,22.9,7.0,66.6,3.1,0.5,0.12,26.3,92.8,former,male,5.3,0.6404829281479553,-0.6404829281479553
18224.0,7.8,22.7,6.3,68.9,1.3,0.8,0.14,25.65,93.5,former,male,6.2,0.972848391869383,-0.972848391869383
16083.0,8.8,32.7,7.1,55.6,3.7,1.0,1.58,22.99,95.6,current,male,5.6,0.1400242993558687,-0.1400242993558687
20496.0,5.2,20.7,12.0,59.5,7.7,0.1,0.04,27.7,106.2,former,male,5.3,0.386676183181211,0.386676183181211
13684.0,6.6,20.8,8.1,66.7,4.0,0.5,1.14,23.04,94.7,never,female,5.0,1.4771668012029808,-1.4771668012029808
19258.0,6.5,43.8,9.8,44.7,1.3,0.3,0.04,25.08,94.1,former,male,5.4,0.0141843991741263,0.0141843991741263
11961.0,6.8,31.8,8.6,54.7,4.3,0.6,0.15,42.44,140.7,former,male,6.9,0.5683566703120138,-0.5683566703120138
11430.0,4.6,18.3,11.1,66.7,3.1,0.9,0.25,23.94,95.4,former,male,5.9,1.9233302296513928,1.9233302296513928
15261.0,8.6,35.3,6.7,51.2,6.1,0.8,0.67,35.56,117.1,never,female,6.0,0.5470614937574549,-0.5470614937574549
13626.0,4.9,32.0,11.2,54.3,2.1,0.4,0.09,26.26,99.7,former,male,5.7,0.0248151261108243,0.0248151261108243
14819.0,7.4,30.7,5.9,62.1,0.9,0.4,0.06,24.56,89.0,current,female,5.0,0.5042494312889796,-0.5042494312889796
20018.0,9.4,5.3,5.1,87.3,2.3,0.1,0.45,30.94,98.2,never,female,5.4,0.5209743086255232,-0.5209743086255232
14524.0,5.1,22.9,7.3,68.3,1.6,0.1,0.04,21.6,89.7,former,male,4.8,0.8180259831709028,-0.8180259831709028
12735.0,4.3,28.9,8.0,58.7,4.0,0.5,0.08,21.24,80.3,never,male,5.0,0.781108977145066,0.781108977145066
13582.0,4.4,38.8,11.4,46.8,2.5,0.4,0.24,25.18,85.2,former,female,5.2,0.6197886396170085,-0.6197886396170085
13383.0,7.5,31.6,8.5,57.6,2.0,0.4,0.17,25.2,93.2,current,male,5.2,0.3634628492065882,-0.3634628492065882
19142.0,8.1,23.7,7.1,67.7,1.2,0.4,0.07,21.23,84.7,former,female,5.0,0.0646012376700277,0.0646012376700277
12426.0,8.4,29.1,9.6,55.9,4.5,0.9,0.56,37.81,129.3,never,male,11.2,0.6538915940152334,-0.6538915940152334
16509.0,6.2,19.2,8.9,69.1,2.5,0.3,0.22,26.11,91.8,never,male,5.6,0.4597459274768998,0.4597459274768998
19412.0,8.7,28.1,7.1,61.2,3.2,0.4,0.69,25.86,95.4,never,male,10.5,0.5887486367620954,-0.5887486367620954
16447.0,5.9,22.0,10.4,65.1,2.4,0.1,0.06,27.29,100.4,never,male,5.5,0.9352749571855268,-0.9352749571855268
12146.0,6.6,34.4,7.5,54.4,2.8,0.9,0.31,28.7,95.5,former,male,6.5,2.124980097437659,-2.124980097437659
14580.0,9.7,18.1,7.6,72.5,0.9,0.9,0.14,28.51,106.8,former,male,5.6,0.6884852034134047,-0.6884852034134047
19298.0,8.1,29.1,6.9,62.2,1.6,0.1,2.22,44.15,,never,male,6.4,0.1494454234170372,-0.1494454234170372
18334.0,6.9,25.5,8.6,63.2,2.0,0.8,0.05,19.84,78.2,never,male,5.6,0.9348162911470114,-0.9348162911470114
15545.0,8.6,34.0,7.5,56.4,1.4,0.8,1.16,39.82,109.6,never,female,5.7,1.779917991725503,-1.779917991725503
14230.0,8.2,24.8,8.5,65.4,1.0,0.4,0.32,19.68,88.2,current,male,5.2,0.7727859250795472,0.7727859250795472
17949.0,7.3,26.2,10.1,60.9,2.1,0.8,0.32,33.51,128.0,former,male,5.6,0.0493091202958257,-0.0493091202958257
19394.0,6.7,24.9,7.9,60.9,5.7,0.6,0.1,,,never,male,5.7,0.4505112804208633,0.4505112804208633
20219.0,7.4,20.8,10.3,64.8,3.7,0.4,1.05,32.5,108.6,former,female,6.1,0.6455867126992442,-0.6455867126992442
19195.0,6.2,24.0,7.6,64.7,2.9,0.6,0.73,34.65,109.5,never,female,5.5,0.3268115086733603,0.3268115086733603
15272.0,8.1,29.7,7.3,60.1,2.6,0.4,0.06,31.24,95.4,current,female,5.4,0.1917342744182309,0.1917342744182309
20885.0,4.9,19.8,8.6,69.0,1.9,0.8,0.09,,104.3,former,male,6.1,0.4643623084069866,0.4643623084069866
19824.0,7.3,19.5,5.7,74.2,0.3,0.3,0.35,30.23,113.1,never,male,5.0,0.0032965376555811,-0.0032965376555811
18497.0,5.6,30.6,6.6,60.0,2.4,0.4,0.18,27.58,100.4,never,male,5.8,1.112828224517176,-1.112828224517176
18079.0,7.6,26.9,7.5,60.3,4.5,0.8,0.14,24.88,103.3,former,male,5.5,0.2682432864026646,0.2682432864026646
11592.0,4.8,41.8,9.5,47.1,1.0,0.6,0.07,27.52,88.7,never,female,5.3,2.0664833791466393,-2.0664833791466393
14604.0,7.1,26.2,11.9,60.0,0.9,1.0,2.38,27.45,85.5,never,female,5.1,1.321951696332101,-1.321951696332101
10962.0,8.2,27.8,9.8,57.2,4.2,1.0,0.58,33.26,115.4,former,male,7.8,0.2802745883337186,-0.2802745883337186
13545.0,5.3,21.8,8.8,66.9,2.0,0.5,0.12,25.15,87.5,former,female,5.2,0.8506355983298706,-0.8506355983298706
15618.0,5.9,28.6,7.3,58.0,5.5,0.6,0.16,41.41,136.0,former,male,6.3,0.1180818536128458,0.1180818536128458
19838.0,6.0,33.0,8.9,52.6,5.0,0.4,0.31,31.73,109.7,former,male,5.2,2.039775599965069,2.039775599965069
12284.0,5.0,38.4,7.9,44.7,7.6,1.4,0.1,31.65,110.8,former,male,5.4,0.2367446945083938,-0.2367446945083938
15351.0,6.1,30.1,7.3,56.8,4.4,1.4,0.36,25.65,99.2,former,male,12.9,0.5945977411709319,0.5945977411709319
18607.0,4.1,23.6,8.1,63.5,4.5,0.3,0.17,23.8,96.1,former,male,6.2,0.7545982169144184,0.7545982169144184
12129.0,6.7,24.8,8.0,60.3,5.9,0.9,0.04,24.97,94.6,former,male,5.8,0.6589546101996945,0.6589546101996945
20362.0,4.8,29.2,9.9,56.7,2.8,1.5,0.17,18.61,72.5,current,male,5.5,0.2472530720026973,-0.2472530720026973
18752.0,5.7,39.0,9.0,47.6,3.2,1.3,0.43,28.68,101.2,never,female,5.5,0.763198896892078,-0.763198896892078
13834.0,4.1,45.1,7.6,44.8,2.3,0.3,0.25,25.64,97.7,never,male,5.4,0.783241209958987,-0.783241209958987
13751.0,8.3,31.3,5.3,60.9,2.0,0.4,0.32,36.49,129.4,former,female,6.0,0.884375002152821,0.884375002152821
13273.0,6.1,27.1,7.6,59.6,5.6,0.2,2.18,24.21,90.5,former,male,5.8,0.8273238487144232,-0.8273238487144232
13833.0,4.5,23.6,9.8,59.3,7.0,0.4,0.54,26.11,99.8,former,male,6.0,0.2392320006000493,-0.2392320006000493
14435.0,6.5,20.6,9.4,67.9,1.8,0.4,0.05,22.39,83.4,never,male,5.6,0.8076966919700301,0.8076966919700301
12716.0,5.1,10.6,2.8,81.6,4.8,0.3,4.95,26.08,94.7,current,male,5.4,1.1096557861224263,1.1096557861224263
15160.0,5.4,19.6,11.0,66.3,2.3,0.9,0.16,23.96,96.7,never,male,5.3,1.0723248215717325,-1.0723248215717325
11549.0,6.2,23.0,11.4,60.4,3.8,1.4,0.04,20.84,92.3,former,male,5.5,0.9522249126218824,0.9522249126218824
14852.0,5.4,39.5,12.7,45.9,1.6,0.3,0.73,19.72,77.3,former,female,5.8,0.1365303154604781,-0.1365303154604781
19920.0,7.1,15.1,10.1,72.6,1.7,0.5,0.27,18.69,87.0,never,female,5.6,0.3376752388716083,0.3376752388716083
13288.0,8.3,51.8,5.7,38.3,3.7,0.4,0.17,31.56,110.7,former,male,5.1,0.8380486155430238,-0.8380486155430238
16026.0,8.6,23.3,7.9,67.6,1.0,0.3,0.06,28.11,98.0,never,male,5.5,0.1301050162712576,-0.1301050162712576
15640.0,7.0,33.8,7.6,54.7,3.6,0.4,1.58,28.47,111.0,current,female,5.8,0.2499611270147381,-0.2499611270147381
15778.0,3.7,32.2,12.0,50.2,5.2,0.4,0.07,24.58,82.5,never,female,5.8,2.5496523334129475,-2.5496523334129475
18557.0,7.9,28.3,10.2,58.6,2.3,0.6,1.22,31.65,96.8,former,female,5.0,0.5662898865398047,0.5662898865398047
14563.0,4.9,41.9,11.5,44.6,1.2,0.9,0.14,23.7,85.9,never,female,5.4,0.1485677572416006,0.1485677572416006
13049.0,3.4,34.6,8.0,54.3,2.5,0.7,0.03,27.91,106.3,never,male,5.4,0.5326613636195133,0.5326613636195133
16785.0,10.9,12.9,6.5,79.4,0.9,0.4,0.48,,104.2,former,male,5.7,0.749020979815657,0.749020979815657
19380.0,4.7,45.2,8.4,43.8,1.8,0.6,0.05,24.18,83.0,never,female,5.6,0.5623752534193058,-0.5623752534193058
17349.0,6.9,20.5,8.2,70.2,1.0,0.2,0.15,29.51,109.1,former,male,6.6,0.3654892724348835,0.3654892724348835
17955.0,3.8,35.8,10.9,46.9,4.0,2.4,1.19,34.14,108.0,never,female,6.3,1.9012041813251928,-1.9012041813251928
12240.0,8.6,26.2,11.1,58.9,3.2,0.7,0.22,,,never,female,5.4,0.6443891235060003,-0.6443891235060003
12443.0,6.3,18.8,6.4,73.3,0.9,0.7,0.61,19.76,86.3,former,female,8.1,0.4171128195774732,-0.4171128195774732
17503.0,5.9,36.7,6.9,54.7,1.3,0.3,0.07,24.77,92.3,former,male,5.6,0.3927856064326792,-0.3927856064326792
18842.0,8.0,18.1,6.1,74.6,0.9,0.4,0.05,19.74,80.8,never,female,5.0,0.0259296696546623,-0.0259296696546623
19068.0,6.9,21.9,9.7,65.6,2.5,0.4,0.09,27.95,109.8,never,male,5.9,0.5713550094592086,0.5713550094592086
17987.0,6.3,32.4,6.4,55.5,5.1,0.6,0.21,32.71,121.2,former,male,9.3,0.4752940748204392,0.4752940748204392
15642.0,12.2,27.9,4.7,64.7,1.7,1.0,0.97,37.5,119.2,never,female,8.2,0.7365068589615564,-0.7365068589615564
17373.0,7.9,32.3,7.9,57.2,2.3,0.3,0.15,27.78,82.0,former,female,5.3,1.7692317764985803,1.7692317764985803
11639.0,6.9,28.3,8.8,60.7,1.9,0.4,0.07,26.49,85.7,never,male,5.6,0.8247748867729944,-0.8247748867729944
18885.0,7.8,15.0,8.5,72.2,4.3,0.1,0.44,28.99,105.0,never,male,5.3,0.7818688023425616,-0.7818688023425616
14917.0,7.8,27.0,9.6,62.2,0.6,0.6,0.09,24.49,91.0,never,male,5.7,0.359491511473605,-0.359491511473605
16226.0,8.2,27.5,6.6,61.4,4.0,0.6,0.13,27.38,100.1,former,male,5.2,0.91157469287031,-0.91157469287031
14646.0,6.1,49.3,8.0,37.4,4.6,0.6,0.11,22.16,98.2,never,female,6.8,1.124934041409118,1.124934041409118
18606.0,8.8,39.5,5.9,53.3,0.8,0.6,0.29,35.77,111.5,former,female,6.0,0.7061090012373873,-0.7061090012373873
11835.0,5.0,22.7,8.4,65.6,2.1,1.2,0.11,21.79,86.9,never,male,5.3,0.1980477454889534,-0.1980477454889534
12372.0,6.2,21.3,9.6,64.3,4.1,0.8,0.03,40.33,123.4,former,male,5.6,0.8371983810332381,-0.8371983810332381
20807.0,4.9,39.9,10.8,46.6,1.8,0.9,0.63,42.03,120.4,never,female,6.3,0.5182747299343474,-0.5182747299343474
11403.0,7.4,21.5,8.6,68.4,1.4,0.1,0.07,26.33,97.5,never,male,5.6,0.2220282903930935,0.2220282903930935
14402.0,4.6,37.1,13.8,47.6,1.3,0.2,1.15,16.85,78.7,current,male,5.9,0.5812105456330217,0.5812105456330217
15723.0,3.4,35.3,7.9,52.8,3.0,1.0,0.19,34.41,117.5,never,female,5.3,0.9516154696884742,-0.9516154696884742
20682.0,9.7,26.5,6.4,63.2,3.2,0.7,0.1,32.83,114.1,current,male,6.2,0.3406346760407223,0.3406346760407223
17567.0,5.5,24.8,8.1,64.7,1.3,1.2,0.02,26.3,94.1,never,male,5.0,0.1498829023757501,-0.1498829023757501
15989.0,6.6,27.4,8.9,58.2,4.7,0.8,0.04,20.62,84.2,former,male,5.3,0.2777226831212023,-0.2777226831212023
19947.0,3.4,22.4,9.5,64.6,2.8,0.7,0.22,18.52,72.0,current,male,5.6,0.7970726524893605,-0.7970726524893605
19199.0,5.1,35.7,11.2,50.3,2.2,0.8,0.08,37.2,93.4,former,female,5.7,1.913472891005597,-1.913472891005597
14829.0,7.2,25.7,11.6,56.5,5.4,0.9,0.09,21.93,88.4,never,male,7.1,0.189614395424561,0.189614395424561
20200.0,7.7,33.3,6.3,58.8,0.9,0.8,0.47,25.36,95.7,former,female,5.3,0.729511612398426,0.729511612398426
12217.0,6.9,23.1,8.7,61.6,5.4,1.3,0.13,24.08,87.6,never,female,5.5,1.3272703719007393,-1.3272703719007393
16430.0,6.7,31.4,8.4,57.9,1.8,0.5,0.33,20.63,71.5,never,female,5.2,0.7770443156629829,-0.7770443156629829
13935.0,7.5,29.3,9.3,57.7,3.2,0.5,0.64,31.08,108.0,former,male,8.8,0.7767977936857807,-0.7767977936857807
20113.0,5.3,33.2,6.4,57.3,2.7,0.4,0.07,31.97,102.8,never,female,5.7,2.093977753924641,-2.093977753924641
13306.0,8.2,26.2,7.2,37.5,28.2,1.0,1.06,27.69,99.8,former,female,5.4,0.1091800810635326,0.1091800810635326
16676.0,10.1,19.5,7.7,71.1,1.0,0.6,0.11,28.96,102.5,former,male,5.5,0.387154719344145,-0.387154719344145
15649.0,8.6,16.8,9.5,68.6,5.0,0.2,0.71,32.85,118.7,former,male,6.0,0.2191745668224552,0.2191745668224552
15183.0,7.6,21.3,5.9,69.7,2.6,0.5,0.62,33.38,104.0,never,female,6.8,0.7300857244333199,-0.7300857244333199
10846.0,7.9,27.1,10.5,58.1,3.5,0.9,0.12,36.4,105.6,never,female,5.4,0.0281198209965873,0.0281198209965873
19916.0,5.7,30.0,7.1,61.0,1.3,0.6,0.15,35.05,123.2,never,male,5.8,1.6120850617583076,1.6120850617583076
10886.0,7.1,32.3,8.1,56.3,2.3,1.1,0.22,32.17,112.7,former,female,5.3,0.3418334839816142,-0.3418334839816142
20924.0,8.2,19.0,12.3,64.9,2.7,1.1,0.28,31.93,109.7,former,male,4.6,1.4041854743305824,-1.4041854743305824
18489.0,6.6,28.1,8.3,60.4,2.8,0.4,0.04,21.13,81.3,former,male,5.4,1.3518610709838803,1.3518610709838803
10537.0,3.6,34.3,10.8,52.8,1.3,0.8,0.08,32.53,111.8,former,male,7.3,1.236730752196417,-1.236730752196417
11078.0,7.5,18.7,8.4,70.7,1.5,0.8,0.23,,,never,female,5.9,0.4191181954464488,0.4191181954464488
19376.0,8.9,43.2,5.8,46.7,3.6,0.7,0.17,26.23,91.4,never,female,6.0,0.2062530117832213,-0.2062530117832213
11359.0,7.6,17.4,8.9,70.3,2.8,0.6,0.68,32.59,112.7,former,male,6.4,0.6075006550563589,-0.6075006550563589
12945.0,6.1,32.4,8.9,54.3,4.0,0.5,0.67,31.36,96.9,never,female,5.5,0.3607151851313488,-0.3607151851313488
20013.0,6.6,26.5,8.5,61.3,2.3,1.3,0.22,24.67,89.3,current,female,5.3,0.92860604950342,-0.92860604950342
13539.0,6.8,29.5,7.7,59.2,2.9,0.6,0.04,22.17,81.2,never,male,6.1,0.0222762120080461,-0.0222762120080461
17488.0,5.5,30.0,11.0,54.0,4.3,0.8,0.15,27.55,97.6,current,male,4.9,0.116529137038192,-0.116529137038192
10146.0,6.4,28.4,9.6,59.8,2.1,0.2,0.06,34.52,122.2,former,male,5.6,0.8191630658632133,0.8191630658632133
18561.0,6.9,23.2,10.2,63.6,2.6,0.5,0.14,28.0,100.3,never,male,5.7,0.2306733022382884,-0.2306733022382884
12981.0,11.3,36.4,8.1,47.7,5.7,2.2,0.5,26.59,100.7,current,male,10.0,0.0919192704241255,0.0919192704241255
16476.0,5.7,41.9,9.3,43.5,4.6,0.7,0.9,26.87,107.2,former,male,6.6,0.4692905179462187,-0.4692905179462187
12376.0,10.6,41.0,6.6,51.1,0.9,0.4,0.08,25.83,94.7,never,female,8.8,0.0631898581214046,0.0631898581214046
16845.0,6.3,14.2,8.8,73.7,3.1,0.3,0.22,22.06,80.1,current,female,5.6,0.881744204499155,-0.881744204499155
14347.0,6.1,41.3,8.9,47.2,1.8,0.7,1.27,24.52,96.3,current,female,5.7,0.4442480021459042,-0.4442480021459042
13556.0,9.3,24.5,5.2,67.5,2.3,0.5,0.03,20.83,86.2,current,male,5.5,0.5933490369844396,-0.5933490369844396
13146.0,7.5,33.6,6.2,57.4,2.2,0.8,0.21,44.22,127.2,never,female,5.5,0.1103674650241737,0.1103674650241737
14850.0,10.9,34.5,4.7,56.7,3.8,0.4,0.3,30.2,99.0,never,female,6.0,0.569509215489219,0.569509215489219
10489.0,7.9,18.0,4.7,68.6,8.1,0.6,0.4,,95.6,former,male,5.2,0.9127434437716402,-0.9127434437716402
19398.0,6.8,34.7,6.5,47.0,3.3,8.5,0.41,35.99,120.4,current,male,5.0,1.3840483429790422,-1.3840483429790422
11586.0,7.1,48.2,12.0,35.5,3.7,0.7,0.08,27.25,97.6,never,male,7.1,0.1586631895290056,-0.1586631895290056
19320.0,7.8,34.4,8.0,55.3,2.0,0.4,0.36,27.27,77.3,never,female,5.4,0.0860336655352995,0.0860336655352995
14770.0,7.4,37.0,11.9,47.9,2.4,0.9,0.16,27.66,104.6,former,male,5.4,1.1433324039674695,-1.1433324039674695
19560.0,12.2,28.6,7.4,62.2,1.3,0.6,0.08,26.38,99.6,current,female,6.2,0.494940777255776,-0.494940777255776
11232.0,6.6,39.4,8.9,44.9,5.6,1.3,0.73,30.88,114.6,former,female,5.5,0.232724331587677,0.232724331587677
20698.0,6.5,36.7,9.6,50.6,2.0,1.1,0.21,25.69,96.6,former,male,5.2,0.8899067580334962,-0.8899067580334962
19417.0,5.1,21.3,9.2,65.1,3.2,1.2,0.09,24.35,101.7,former,male,5.4,0.1284693408718144,0.1284693408718144
15407.0,12.2,22.8,6.2,68.1,0.3,2.6,1.6,28.08,106.2,current,male,5.9,0.0046926835334155,0.0046926835334155
17599.0,6.9,20.7,6.8,71.3,0.9,0.3,0.22,27.85,106.9,never,male,5.5,0.6482202044955632,0.6482202044955632
10915.0,6.2,18.9,10.4,68.5,1.7,0.4,0.04,16.19,66.3,never,female,5.3,0.2452279461824725,-0.2452279461824725
13044.0,6.5,26.4,7.6,65.3,0.4,0.2,0.37,29.99,85.5,former,female,5.9,1.0491695170047115,-1.0491695170047115
12983.0,5.6,23.7,9.8,65.2,1.0,0.3,0.04,27.32,93.4,never,female,5.0,0.5735395405982517,-0.5735395405982517
10917.0,7.6,31.0,8.4,58.6,1.6,0.4,1.37,33.21,111.8,never,female,5.6,0.5898732683755835,0.5898732683755835
12764.0,6.9,16.8,8.1,73.3,1.0,0.8,0.03,,,never,female,5.5,0.5977610675133775,-0.5977610675133775
17695.0,5.6,35.1,8.4,51.9,4.6,0.1,0.39,33.69,117.6,former,male,6.0,0.7049964924786675,0.7049964924786675
17559.0,6.0,24.6,7.7,64.8,2.0,0.9,0.25,,,former,male,5.8,0.7693984146944,0.7693984146944
13366.0,8.6,26.0,10.2,62.4,1.1,0.3,1.81,28.82,102.8,former,male,5.9,0.5304311060132958,-0.5304311060132958
16918.0,4.7,46.5,5.8,41.5,5.5,0.7,0.26,43.27,112.2,current,female,5.7,0.9907144774334772,-0.9907144774334772
12993.0,4.4,18.3,7.6,68.4,5.1,0.7,0.16,27.81,102.7,never,male,5.6,0.223127342355161,-0.223127342355161
20118.0,4.3,46.2,9.3,40.9,2.9,0.8,0.02,27.46,100.3,former,male,7.3,0.0382594489944732,-0.0382594489944732
13169.0,12.1,35.2,5.5,56.7,1.9,0.7,0.3,46.33,121.0,former,female,6.8,0.4035935205758143,-0.4035935205758143
18569.0,5.8,34.8,6.7,52.8,4.7,1.0,0.64,29.78,96.5,never,female,5.3,1.7537418336948132,-1.7537418336948132
20286.0,8.1,21.2,5.1,71.9,1.0,0.8,2.62,32.48,110.3,current,female,5.9,0.1210412140009243,-0.1210412140009243
17275.0,5.2,25.4,10.0,62.0,2.0,0.7,0.92,41.5,121.6,former,female,5.4,1.2522272176683036,-1.2522272176683036
20513.0,5.1,35.9,5.6,54.6,3.4,0.4,0.05,27.42,101.4,former,male,6.0,0.4459999858134105,0.4459999858134105
10442.0,5.6,26.7,8.1,56.7,6.8,1.7,1.87,,,never,female,6.8,0.1579275906877104,-0.1579275906877104
11893.0,4.9,35.4,9.0,50.8,3.2,1.6,0.27,29.87,101.3,never,male,5.1,0.1051106623496049,0.1051106623496049
11662.0,11.8,34.6,10.4,50.9,3.5,0.6,0.2,21.48,85.7,current,male,6.0,0.8246272627132438,-0.8246272627132438
15882.0,5.1,45.3,13.3,38.1,2.5,0.9,0.02,21.37,84.9,former,male,5.7,1.3934728579202889,1.3934728579202889
17733.0,7.6,21.2,6.2,71.3,1.0,0.3,0.11,31.19,105.3,current,male,5.2,0.636272297762385,0.636272297762385
16790.0,7.6,31.1,7.8,59.3,1.7,5.397605346934028e-79,0.06,35.18,97.5,never,female,5.5,0.3408113640785196,0.3408113640785196
19502.0,8.4,32.7,13.1,50.7,3.3,0.4,1.7,29.96,93.2,never,female,6.5,0.0003619449732297,0.0003619449732297
16969.0,7.5,28.5,8.0,57.5,5.2,0.9,0.1,26.51,97.0,former,male,5.7,0.683480778957732,0.683480778957732
13929.0,6.6,40.3,6.6,50.2,2.4,0.6,1.58,31.82,106.0,never,female,5.2,0.2584410145178857,0.2584410145178857
15904.0,6.9,35.6,10.0,52.1,1.6,0.7,0.17,34.79,103.4,never,female,6.0,1.2557203824416354,-1.2557203824416354
14105.0,9.1,36.2,5.7,57.0,1.0,0.1,2.08,35.64,113.1,former,female,9.3,1.4482480483194276,-1.4482480483194276
11278.0,5.9,19.1,10.1,67.9,2.0,0.9,1.23,26.63,99.0,current,male,11.3,0.3638964238661694,0.3638964238661694
12205.0,8.5,21.7,7.7,67.2,2.4,0.9,0.6,29.45,99.4,never,female,5.6,0.2164934223186919,-0.2164934223186919
18110.0,8.1,30.8,8.6,57.8,2.0,0.9,0.04,24.26,98.6,never,male,5.7,0.7933140995389701,0.7933140995389701
14837.0,6.0,17.5,6.9,74.3,0.9,0.4,0.21,20.03,74.8,never,female,5.2,0.1590586911180143,-0.1590586911180143
12265.0,6.8,20.0,8.9,66.5,4.1,0.4,1.53,30.17,116.1,former,male,6.1,0.6224914788145537,0.6224914788145537
19890.0,5.6,16.8,10.2,69.4,3.2,0.5,0.22,27.46,101.6,never,female,5.7,0.6267757320920809,-0.6267757320920809
14633.0,7.9,23.7,5.7,62.9,6.4,1.2,0.31,33.97,105.3,current,female,5.5,0.7969861157808892,-0.7969861157808892
16587.0,7.8,27.8,8.8,60.8,2.0,0.6,0.91,41.11,132.8,current,female,5.7,0.942014895790526,-0.942014895790526
14844.0,4.7,36.0,9.4,47.4,6.7,0.6,0.05,26.76,107.2,former,male,5.0,0.1417882175639697,0.1417882175639697
14572.0,7.5,26.6,9.9,62.0,1.4,0.1,0.2,26.57,91.3,never,female,5.7,0.3055816810822356,-0.3055816810822356
13075.0,5.8,42.8,6.8,47.6,2.3,0.6,0.07,28.74,104.7,former,male,5.7,0.1123908290473952,-0.1123908290473952
15215.0,11.8,24.2,5.5,68.4,1.4,0.5,0.24,29.33,113.1,never,male,6.2,0.9568782599314196,0.9568782599314196
14166.0,6.9,22.7,7.4,67.2,2.1,0.6,0.42,29.72,101.5,never,female,5.4,0.4045983655207461,-0.4045983655207461
13225.0,5.6,34.4,7.7,56.9,0.6,0.4,0.06,24.72,80.9,never,female,5.3,1.0453248150044705,-1.0453248150044705
10207.0,9.5,24.8,4.6,65.5,4.0,1.2,1.94,42.03,119.8,former,female,5.9,0.0084964153135429,-0.0084964153135429
11052.0,7.2,24.2,6.9,66.5,1.7,0.8,0.89,18.8,82.0,former,male,5.7,0.1950885322315473,-0.1950885322315473
13141.0,8.4,22.0,6.4,70.0,0.9,0.6,0.62,,,never,female,5.5,0.9334143091423583,-0.9334143091423583
10106.0,5.4,26.2,8.2,62.2,2.4,0.9,0.04,26.5,100.5,never,male,6.9,0.0346658711715449,0.0346658711715449
11552.0,7.1,14.5,9.4,71.7,4.3,0.1,16.0,26.91,107.6,former,male,7.0,1.4792871431730776,-1.4792871431730776
20226.0,5.8,39.3,7.8,50.1,2.2,0.6,0.14,18.87,75.8,current,male,5.6,0.0657536910361217,-0.0657536910361217
18631.0,6.1,33.9,9.7,52.9,2.9,0.6,0.34,28.28,98.2,never,female,7.2,2.2808810664554184,-2.2808810664554184
15146.0,6.8,24.0,7.9,65.3,2.5,0.4,0.26,31.28,108.0,former,male,6.9,0.1603859575559731,-0.1603859575559731
11838.0,8.6,27.1,6.8,63.8,1.4,0.9,0.85,29.33,98.1,never,female,5.6,0.3231528477621754,-0.3231528477621754
10518.0,7.1,21.0,7.6,61.1,9.5,0.9,0.66,25.29,96.2,former,female,5.7,0.003510269253882,0.003510269253882
10901.0,6.1,41.8,12.2,40.0,5.6,0.4,0.1,20.06,80.3,current,male,5.3,0.0667439079529223,-0.0667439079529223
19359.0,8.6,32.1,8.6,57.5,1.4,0.4,1.12,28.2,107.6,never,female,5.6,0.4417660050959597,-0.4417660050959597
15060.0,7.4,31.2,8.5,56.4,3.4,0.4,0.31,25.93,92.5,never,male,5.4,0.3150586321775589,-0.3150586321775589
20437.0,4.1,34.5,8.6,53.8,2.5,0.6,0.21,26.47,97.5,never,female,5.9,0.4267443940264923,-0.4267443940264923
10436.0,3.5,47.8,8.4,40.3,2.7,0.7,0.19,32.5,107.4,former,male,5.6,0.203584705760345,0.203584705760345
20171.0,7.6,33.2,6.6,56.2,3.1,1.0,0.22,30.28,103.7,never,female,5.4,0.92495444193873,-0.92495444193873
17629.0,8.6,28.4,8.0,58.5,5.1,0.1,0.15,24.95,92.8,current,male,7.3,0.5360484243408451,0.5360484243408451
12115.0,4.8,15.5,9.0,73.1,2.3,0.1,0.43,40.61,111.4,former,female,5.4,0.7140104207103901,0.7140104207103901
20821.0,4.3,24.5,15.8,57.7,1.7,0.3,0.13,17.43,66.7,former,male,4.5,0.3341582163581221,0.3341582163581221
16182.0,5.6,27.8,7.4,63.6,0.9,0.4,0.05,27.41,94.2,never,female,5.4,0.6052513592584692,-0.6052513592584692
18877.0,4.6,32.8,8.1,54.7,3.3,1.2,0.27,,82.1,former,female,6.1,0.6715392037316379,0.6715392037316379
19106.0,5.3,36.0,12.1,45.1,6.0,0.9,0.12,26.51,93.2,former,female,5.4,2.1163708584081498,-2.1163708584081498
17061.0,7.0,28.3,10.4,53.7,6.6,1.2,0.12,26.88,100.4,former,male,5.5,1.1641184645133382,1.1641184645133382
17102.0,6.9,26.0,7.3,65.3,1.0,0.5,0.08,28.41,91.8,never,female,5.4,0.628013033987586,-0.628013033987586
14867.0,5.6,36.4,7.5,51.7,3.2,1.3,0.04,23.44,82.3,never,female,6.6,0.1762491032245163,0.1762491032245163
13431.0,8.2,34.8,9.0,53.8,1.3,1.1,0.34,29.82,95.7,never,female,5.2,0.0872666955982326,-0.0872666955982326
13800.0,9.1,12.1,9.6,74.9,2.7,0.8,0.3,,84.2,former,male,6.4,0.3597615579490068,0.3597615579490068
11975.0,11.6,23.1,7.8,67.1,1.3,0.8,0.1,23.09,84.8,current,female,5.5,0.1749541230859559,0.1749541230859559
13247.0,6.9,19.6,6.2,72.8,0.9,0.6,0.13,22.69,86.5,former,male,5.2,2.993346169602707,2.993346169602707
11386.0,5.0,28.6,8.6,60.0,2.0,0.8,0.15,28.83,104.3,former,male,7.1,0.4376261882675568,0.4376261882675568
20583.0,6.2,17.2,5.9,75.4,1.0,0.4,0.67,35.39,122.0,never,male,8.1,0.2994548621151746,0.2994548621151746
20727.0,6.0,39.3,6.6,52.2,0.6,1.3,0.33,32.38,97.0,never,female,11.4,2.1088637100309007,-2.1088637100309007
11409.0,3.7,38.6,14.1,40.7,5.5,1.2,1.02,30.03,109.0,former,male,5.9,0.1687375970584639,-0.1687375970584639
15776.0,4.9,31.3,9.8,55.3,2.8,0.9,0.25,23.6,89.1,never,female,5.8,0.6747463688955744,0.6747463688955744
12753.0,7.6,31.9,8.5,53.6,5.5,0.6,0.34,29.53,102.0,former,male,5.6,0.3814376882111321,0.3814376882111321
14256.0,7.4,30.5,10.4,57.6,1.3,0.4,0.43,26.48,103.4,former,male,5.4,0.6176684132029212,-0.6176684132029212
14480.0,6.8,31.1,8.6,58.3,1.5,0.6,0.12,25.52,85.0,never,female,5.2,0.3815962992994754,0.3815962992994754
17633.0,6.7,24.6,8.6,65.1,0.9,0.9,0.76,24.58,80.6,never,female,7.1,0.4864871052923563,-0.4864871052923563
19645.0,7.2,26.8,7.5,63.8,1.7,0.3,0.02,32.93,116.0,former,male,5.5,0.3041291895804754,0.3041291895804754
10913.0,8.1,37.2,8.4,52.5,1.5,0.5,0.94,31.17,95.2,never,female,5.4,0.8204706631804831,-0.8204706631804831
13958.0,4.5,32.7,8.6,56.9,1.3,0.5,0.25,25.35,103.1,never,female,6.9,0.6522796639042527,-0.6522796639042527
10133.0,7.1,27.7,10.2,58.1,3.3,0.7,0.09,28.34,107.1,never,male,5.2,0.0135816544771364,0.0135816544771364
17906.0,7.6,44.6,6.3,47.0,1.3,0.9,0.27,24.7,88.0,former,female,5.3,0.7446919943798639,-0.7446919943798639
11434.0,6.7,26.7,7.2,60.6,4.4,1.1,1.85,36.08,115.5,former,female,5.7,0.2167385392527637,0.2167385392527637
19302.0,7.1,27.3,8.1,60.9,3.1,0.7,0.23,30.38,106.6,never,male,5.8,1.4779733994300837,-1.4779733994300837
19872.0,6.9,33.8,6.8,57.3,1.8,0.3,0.14,21.28,75.0,never,female,5.3,0.5595770571054153,0.5595770571054153
20140.0,4.7,44.6,12.2,42.2,5.397605346934028e-79,1.0,0.11,28.73,98.7,former,male,6.9,1.5876788039521843,-1.5876788039521843
14940.0,3.9,34.8,12.0,50.1,2.5,0.7,0.68,28.75,92.3,never,female,5.6,1.3315967379027032,-1.3315967379027032
11769.0,7.8,23.0,10.8,63.9,1.4,0.9,0.23,27.34,101.7,former,male,5.7,0.3955209938515429,0.3955209938515429
14685.0,6.3,37.4,7.1,51.2,4.1,0.1,0.11,22.95,87.8,current,male,5.8,0.9551451356462052,-0.9551451356462052
16445.0,7.9,31.7,10.6,52.6,4.7,0.4,0.12,17.52,70.0,current,female,5.6,0.0298061438950163,0.0298061438950163
12754.0,5.2,32.5,7.6,52.0,7.4,0.5,0.06,27.11,108.6,former,male,5.2,0.9989834152050258,0.9989834152050258
19701.0,9.1,30.3,6.1,62.1,1.0,0.6,0.23,20.34,74.7,former,female,5.3,0.1828512417905783,-0.1828512417905783
17095.0,5.9,17.0,8.1,66.8,6.5,1.7,0.28,28.46,,former,male,5.3,0.0365715757610567,0.0365715757610567
19823.0,5.4,43.4,9.6,45.5,0.9,0.6,0.05,21.51,80.2,never,male,9.7,0.1301213266870425,-0.1301213266870425
11024.0,7.7,19.4,6.2,65.9,7.4,1.1,0.16,28.89,114.7,never,male,5.6,0.1191469963407851,-0.1191469963407851
16686.0,6.1,27.8,10.5,57.5,3.8,0.5,0.12,23.6,81.3,never,female,4.9,1.2818726822778128,-1.2818726822778128
15949.0,7.8,33.9,7.7,48.8,8.3,1.3,0.04,25.17,93.2,never,female,6.7,0.2602799026163565,-0.2602799026163565
16362.0,7.4,31.5,8.8,55.0,3.8,0.9,1.05,42.41,123.8,current,female,5.8,0.0331845789302728,-0.0331845789302728
20143.0,4.7,48.7,10.6,35.7,4.6,0.5,0.29,43.76,117.0,former,female,6.3,0.0239493151301788,-0.0239493151301788
10720.0,5.1,33.9,9.0,51.9,4.8,0.4,0.26,34.5,119.7,former,male,4.8,0.6076190942933039,0.6076190942933039
15881.0,5.9,33.5,8.9,55.1,2.3,0.3,0.27,20.58,85.1,never,male,6.1,0.6473686281157878,-0.6473686281157878
14601.0,8.1,30.8,5.8,62.7,0.7,0.1,2.04,29.88,90.1,never,female,5.5,0.3871640870173266,-0.3871640870173266
19050.0,6.4,10.9,4.2,84.2,0.2,0.6,0.03,22.26,81.8,former,male,5.5,0.3775782705650367,0.3775782705650367
20602.0,5.4,22.7,8.3,65.9,3.1,0.1,0.35,32.17,111.0,never,female,5.4,0.9820961965167908,0.9820961965167908
18999.0,7.0,30.6,7.5,60.6,1.0,0.3,0.64,29.95,104.8,never,female,5.0,0.2793557851829564,-0.2793557851829564
12118.0,10.0,17.7,7.1,72.4,2.5,0.3,0.33,29.32,105.8,current,male,6.1,0.1869943062871086,-0.1869943062871086
16110.0,10.0,20.1,10.6,67.1,1.5,0.6,0.31,24.31,96.0,current,male,12.8,1.0434857986373334,1.0434857986373334
10732.0,6.2,33.3,8.1,55.1,2.6,1.0,0.25,31.44,107.0,never,male,5.3,0.6495037953459915,-0.6495037953459915
18204.0,7.3,39.0,9.4,49.7,1.6,0.4,0.16,26.46,104.6,former,male,7.2,0.3975783414086575,0.3975783414086575
18556.0,7.0,29.1,7.6,61.5,1.2,0.6,1.05,34.86,103.9,former,female,5.5,0.245704556443995,0.245704556443995
15844.0,5.7,25.9,14.6,56.6,2.5,0.4,0.08,25.03,99.0,never,male,6.1,0.1922213087808329,0.1922213087808329
19554.0,4.5,13.0,6.4,79.8,0.4,0.4,9.92,23.56,80.6,never,female,5.3,0.1716517805642755,0.1716517805642755
10037.0,9.3,20.0,8.4,66.4,4.4,0.9,0.39,37.39,106.7,never,female,5.5,1.4882159955452618,1.4882159955452618
12651.0,4.4,18.5,8.0,71.4,1.9,0.2,0.22,23.76,90.9,never,female,6.3,1.635397661571736,-1.635397661571736
14409.0,12.5,23.4,8.5,65.1,2.7,0.3,0.35,27.8,99.3,former,male,5.2,1.1326831303067346,-1.1326831303067346
14973.0,7.4,34.1,7.2,56.6,1.3,0.9,1.71,36.47,122.0,former,female,5.6,0.3580906772318298,-0.3580906772318298
14399.0,6.4,17.2,5.1,75.9,1.0,0.9,0.1,21.02,82.0,current,male,14.1,0.0055619621534685,-0.0055619621534685
20526.0,6.3,33.4,6.1,59.5,0.8,0.2,0.53,24.04,90.4,former,male,5.4,0.0353137068900987,0.0353137068900987
15797.0,8.1,36.5,6.8,53.3,2.4,1.1,0.21,40.74,132.0,current,female,5.6,0.0917124419281272,-0.0917124419281272
14331.0,5.6,28.8,9.0,58.3,2.7,1.3,0.47,39.75,121.2,former,female,5.2,0.5981247749682326,-0.5981247749682326
10773.0,8.0,29.2,6.4,56.1,7.3,0.9,0.3,28.7,100.0,former,male,6.0,0.0694316847304393,-0.0694316847304393
14268.0,7.6,30.6,10.0,46.1,12.4,0.9,0.39,33.61,112.3,former,male,5.7,0.9296858261743546,0.9296858261743546
15029.0,6.6,32.1,5.5,60.5,1.6,0.4,0.26,30.57,106.4,former,female,5.6,0.5639256795707392,-0.5639256795707392
10388.0,5.4,28.7,11.4,56.6,2.3,1.1,0.63,49.59,134.8,never,female,6.4,1.1576889959523602,-1.1576889959523602
14533.0,8.4,27.5,6.3,63.9,1.9,0.5,1.92,30.74,104.2,former,female,6.1,0.8012439256798392,-0.8012439256798392
17096.0,6.6,19.6,8.6,66.7,4.4,0.8,0.55,39.45,127.2,former,female,5.7,1.542074264875157,1.542074264875157
14821.0,7.7,27.8,4.7,66.2,0.9,0.4,0.1,31.24,105.5,former,male,5.2,0.9576266198925676,0.9576266198925676
20995.0,8.4,31.0,8.4,58.1,2.0,0.6,0.03,23.53,92.0,former,female,5.9,0.2477201145105526,-0.2477201145105526
17978.0,6.1,27.5,8.8,53.8,9.3,0.7,0.33,26.06,95.3,former,male,5.1,0.8639397408554426,0.8639397408554426
17583.0,7.3,22.3,6.1,70.8,0.6,0.3,0.05,27.32,101.3,never,female,4.8,0.0626661373991669,0.0626661373991669
13844.0,5.2,34.8,5.8,55.1,3.3,1.0,0.38,28.0,86.0,never,female,5.4,0.7515577683219323,-0.7515577683219323
15931.0,9.4,27.9,6.2,62.6,3.3,0.1,0.5,23.36,87.5,never,female,5.7,0.0943353317644194,0.0943353317644194
19932.0,7.1,24.8,9.6,61.7,3.4,0.4,0.53,31.53,109.4,never,male,5.7,0.4807047037096773,0.4807047037096773
16247.0,7.1,38.6,6.9,51.8,2.1,0.6,0.18,28.14,99.2,,female,5.8,1.861862240517222,1.861862240517222
20657.0,9.4,17.2,5.3,76.1,1.1,0.4,0.56,,103.6,current,female,5.2,0.9344466946099612,0.9344466946099612
14768.0,5.1,30.7,9.5,56.6,2.8,0.4,0.17,32.36,124.5,never,male,5.5,1.5906481535586203,1.5906481535586203
18588.0,4.5,40.3,9.5,47.8,2.2,0.1,0.12,23.11,80.1,never,female,5.3,0.1604952849873688,-0.1604952849873688
18772.0,7.7,33.7,7.7,54.7,3.4,0.6,0.09,24.17,85.2,former,female,5.6,1.440549305919296,-1.440549305919296
19894.0,4.6,26.3,7.4,64.9,1.2,0.3,0.06,24.24,89.2,never,male,5.3,0.2140166542305095,-0.2140166542305095
11979.0,5.6,42.2,9.1,44.9,3.0,0.9,0.6,24.39,84.7,former,female,5.3,0.77399194779387,0.77399194779387
14218.0,7.1,38.8,4.2,50.9,5.6,0.4,0.36,,,former,female,5.9,0.3575400328859312,0.3575400328859312
17236.0,4.8,35.8,10.9,48.6,3.7,1.1,0.5,23.56,98.8,never,male,5.7,0.3892459691387031,-0.3892459691387031
10321.0,6.1,16.3,16.5,64.5,2.4,0.4,0.17,27.86,105.9,former,male,7.3,0.532134901111054,0.532134901111054
20354.0,5.9,18.3,7.1,66.6,7.7,0.4,0.46,33.45,113.5,former,male,6.1,0.0056461213560529,0.0056461213560529
13715.0,5.3,23.3,8.1,65.9,2.3,0.4,0.93,32.85,110.2,former,female,6.4,0.2226815829973567,-0.2226815829973567
11443.0,7.3,46.1,5.5,45.8,2.1,0.6,0.16,31.74,107.2,former,female,5.5,0.5545178568274003,-0.5545178568274003
11756.0,7.1,44.0,11.6,43.0,1.0,0.3,0.45,37.46,125.7,former,male,8.8,1.076467504902641,-1.076467504902641
14578.0,7.4,42.7,7.4,46.1,3.8,0.1,0.27,26.58,94.0,former,female,5.1,0.1087415770063416,0.1087415770063416
10797.0,4.8,41.1,6.7,49.4,2.0,0.9,1.16,29.98,108.0,never,female,6.2,0.8739569001978278,-0.8739569001978278
10936.0,6.4,22.1,7.0,69.3,1.2,0.4,0.23,30.99,107.0,former,female,5.5,1.0793931880135723,1.0793931880135723
12213.0,6.2,34.7,8.9,50.4,5.1,0.9,0.24,23.69,96.0,former,male,5.2,0.0309154006132721,0.0309154006132721
13406.0,5.9,30.9,9.6,55.5,3.6,0.5,0.35,24.14,93.8,former,male,5.0,1.9668752106484055,1.9668752106484055
11285.0,3.7,24.4,7.1,66.1,2.1,0.3,0.05,19.87,75.7,former,female,5.2,1.200410998520345,-1.200410998520345
18985.0,5.8,31.1,9.3,52.2,7.2,0.2,0.1,24.77,98.5,never,female,6.7,0.5382280835099894,-0.5382280835099894
19292.0,6.7,30.3,5.4,63.1,0.8,0.4,0.5,33.26,118.5,never,female,8.9,0.4738470898678047,0.4738470898678047
18453.0,7.6,31.3,7.6,59.1,0.9,1.2,1.12,20.33,83.5,current,female,5.1,0.6960744524215159,-0.6960744524215159
17268.0,5.5,34.4,6.3,57.0,1.7,0.7,0.32,37.49,123.0,former,male,8.9,0.428207238282576,0.428207238282576
16963.0,3.1,34.3,11.9,53.0,0.6,0.2,0.07,17.87,72.1,former,male,5.9,2.7298739498920175,2.7298739498920175
15389.0,4.1,38.9,12.1,46.3,2.1,0.6,0.22,35.74,117.5,never,male,5.8,0.342627844933193,0.342627844933193
13056.0,5.1,24.8,4.9,68.1,1.5,0.6,0.1,31.4,106.7,never,female,5.8,0.0814738786260108,-0.0814738786260108
12023.0,4.9,33.6,8.0,56.7,1.3,0.4,0.02,22.36,82.0,never,female,5.5,0.0319057028252498,-0.0319057028252498
19959.0,6.7,38.6,10.4,47.5,2.2,1.4,0.1,28.84,97.3,former,female,7.0,0.3280524490479147,0.3280524490479147
17635.0,4.4,49.3,7.5,40.3,2.2,0.8,0.34,,,never,female,5.3,0.3652151576569847,-0.3652151576569847
18094.0,5.6,19.7,6.8,69.3,0.8,3.4,0.18,22.64,81.5,former,female,5.4,1.4821783751306994,1.4821783751306994
20500.0,6.8,29.7,6.9,61.4,1.7,0.3,0.07,19.26,,never,female,5.0,1.0119530322511543,-1.0119530322511543
19798.0,6.6,31.3,7.6,58.5,2.1,0.6,0.63,39.85,137.0,former,female,6.7,0.8747308685023301,0.8747308685023301
13740.0,5.4,40.5,9.7,46.0,3.3,0.6,0.09,30.57,108.0,former,male,7.1,0.4151224424050064,0.4151224424050064
11097.0,7.4,29.5,5.9,62.2,1.7,0.6,0.49,27.12,101.0,never,female,5.7,1.1791580324142312,-1.1791580324142312
14745.0,6.3,35.5,10.6,52.0,1.8,0.2,0.63,45.04,119.7,never,female,5.4,0.7736768715995117,-0.7736768715995117
14424.0,12.2,20.0,8.6,68.5,2.3,0.6,0.8,18.32,80.2,never,female,5.8,0.1962658375305019,-0.1962658375305019
14570.0,6.8,41.1,7.8,49.9,1.2,0.2,0.17,28.91,102.1,former,male,5.9,0.0814077067513008,0.0814077067513008
17527.0,6.2,29.8,8.4,60.7,1.2,0.1,0.05,24.95,84.0,never,female,5.1,0.3608065979294327,0.3608065979294327
14656.0,5.4,38.2,6.6,52.2,2.4,0.7,1.91,,120.2,current,female,6.0,1.2166291950342183,-1.2166291950342183
19404.0,6.4,26.3,7.2,64.4,1.9,0.3,0.09,36.35,116.8,former,female,7.6,1.0521562910147355,1.0521562910147355
16376.0,7.4,21.2,7.5,68.9,1.6,0.9,0.17,28.1,100.2,never,male,5.0,0.8571467182675523,-0.8571467182675523
16058.0,7.8,34.7,6.1,54.3,4.1,0.8,0.23,26.14,97.0,former,female,5.4,0.1126831952953499,0.1126831952953499
18616.0,7.1,28.3,10.8,58.7,2.3,5.397605346934028e-79,1.54,28.68,112.6,former,male,10.5,0.2569799019956686,-0.2569799019956686
19707.0,5.1,37.5,5.6,54.0,2.2,0.7,0.46,31.63,99.2,never,female,6.2,0.3079120619855468,-0.3079120619855468
12131.0,4.2,38.5,4.7,53.9,2.3,0.6,0.53,27.55,105.4,never,female,16.1,0.7547982203163403,-0.7547982203163403
10871.0,8.0,16.6,6.6,75.9,0.6,0.2,0.23,23.58,84.3,never,male,5.4,0.1981470391817311,0.1981470391817311
11426.0,6.1,36.5,9.6,47.2,4.7,2.0,0.08,25.45,97.6,former,male,5.8,1.166834765838772,1.166834765838772
10782.0,7.1,26.3,4.3,68.4,0.9,0.1,0.09,22.48,82.0,current,male,5.4,0.4638859482981113,0.4638859482981113
10382.0,5.1,31.2,7.5,54.9,5.1,1.3,0.01,21.31,79.2,former,male,5.1,0.6158202319815991,-0.6158202319815991
20746.0,8.9,22.1,8.1,66.0,3.1,0.6,0.07,32.06,110.0,never,male,5.6,1.251105166635646,-1.251105166635646
11188.0,7.3,30.0,5.7,62.1,1.6,0.6,0.4,28.12,88.9,never,female,5.4,0.4529393598708683,-0.4529393598708683
13658.0,5.8,42.7,14.1,35.8,6.4,1.0,0.72,25.83,90.8,current,male,5.5,0.1546156039131075,-0.1546156039131075
18131.0,8.2,13.9,8.2,75.7,2.3,5.397605346934028e-79,3.88,32.85,110.4,current,female,5.5,0.7682691862305415,0.7682691862305415
15369.0,5.6,28.7,11.6,57.0,2.1,0.6,0.08,28.84,107.4,former,male,5.8,0.4461215986377995,-0.4461215986377995
13486.0,9.9,18.3,8.6,69.4,2.8,0.9,0.04,28.0,111.5,former,male,5.4,1.425816509174345,1.425816509174345
13922.0,6.3,42.4,5.5,49.3,2.0,0.8,0.36,37.47,117.3,current,female,5.3,0.0730411276560143,0.0730411276560143
11079.0,6.1,36.7,7.8,48.7,6.5,0.4,0.51,32.45,111.0,current,male,5.7,0.6117138770777857,0.6117138770777857
10142.0,5.8,34.6,2.4,57.1,3.9,2.0,1.96,35.27,101.0,never,female,5.9,1.2588623239816978,-1.2588623239816978
11591.0,6.8,20.7,9.3,67.3,2.1,0.6,0.29,31.77,109.7,former,male,5.3,0.4020614567533325,-0.4020614567533325
13892.0,7.7,30.8,6.6,60.0,2.5,0.2,2.32,59.88,,never,female,5.5,1.4151940707878747,-1.4151940707878747
20005.0,8.5,34.0,4.7,56.3,3.8,1.0,0.25,,,current,female,5.6,0.4156248663662071,-0.4156248663662071
19348.0,9.7,17.5,6.3,72.6,3.2,0.4,0.32,30.87,113.5,former,male,6.1,0.984608560782563,-0.984608560782563
10330.0,4.8,26.7,8.0,63.3,0.9,1.0,2.02,28.29,104.4,former,female,5.0,0.5803316269077288,-0.5803316269077288
12515.0,8.6,31.9,8.0,57.8,2.0,0.4,0.92,37.36,113.5,never,female,7.0,0.61562753468522,-0.61562753468522
16897.0,8.4,25.6,8.1,64.5,1.1,0.7,0.13,27.64,104.9,former,male,5.4,1.0721132200334642,1.0721132200334642
13817.0,11.5,27.3,4.0,62.7,5.8,0.2,1.21,37.31,,never,female,8.3,0.5351730720394328,0.5351730720394328
12979.0,4.9,35.3,7.5,52.0,4.8,0.3,0.36,28.96,99.3,former,male,7.7,0.350990151205715,-0.350990151205715
19789.0,7.1,25.2,6.9,65.3,1.7,0.9,1.12,27.71,97.5,former,female,5.4,0.6245906628541812,-0.6245906628541812
18932.0,4.9,26.7,13.9,56.8,1.6,1.0,0.33,22.34,83.5,never,female,5.3,0.3528774393981428,0.3528774393981428
15594.0,8.2,29.9,6.1,60.1,2.8,1.2,0.31,32.02,85.5,never,female,5.1,0.3270557823249055,-0.3270557823249055
12484.0,9.4,38.6,7.1,51.4,2.0,0.9,0.06,29.12,104.1,current,male,5.7,0.3978677105915085,0.3978677105915085
11982.0,9.8,20.3,7.7,69.8,1.7,0.6,0.21,29.85,99.9,never,male,8.4,1.578347019882994,1.578347019882994
14521.0,6.1,46.6,9.1,40.2,3.2,1.0,1.15,39.21,122.6,never,female,6.3,1.4247011891187824,-1.4247011891187824
9968.0,9.4,23.1,8.9,65.6,1.7,0.8,2.62,24.62,86.1,former,female,5.8,1.073880175733589,-1.073880175733589
17427.0,5.3,24.0,8.2,66.7,1.0,0.2,0.01,19.4,84.8,never,male,5.0,0.4886174964532193,0.4886174964532193
10167.0,4.6,38.9,8.4,45.8,6.1,0.9,1.9,24.49,87.2,never,female,4.6,0.2638344734704325,-0.2638344734704325
13490.0,6.8,24.0,7.9,66.4,1.6,0.3,0.15,25.84,91.8,never,male,5.3,0.6442105193459595,-0.6442105193459595
11747.0,6.0,22.0,7.3,68.9,1.4,0.4,0.31,28.52,104.4,never,male,5.2,0.6092381284036369,0.6092381284036369
12963.0,6.6,25.4,8.6,63.2,2.2,0.7,0.11,22.82,92.3,never,male,8.6,0.2037833326347908,-0.2037833326347908
14556.0,7.4,16.2,6.7,76.0,0.9,0.3,0.7,20.65,80.2,former,male,5.3,0.5694371205523846,0.5694371205523846
12962.0,7.9,30.3,8.8,57.9,2.3,0.7,0.35,27.19,100.8,never,male,5.8,0.4373343854861763,-0.4373343854861763
20549.0,7.8,36.8,7.4,54.2,1.5,0.2,0.51,29.36,,never,female,5.8,0.0504626932473343,0.0504626932473343
19303.0,7.4,31.2,6.9,59.9,1.7,0.5,0.76,38.01,121.5,never,female,12.3,0.7982614386004069,-0.7982614386004069
20917.0,3.8,35.0,7.4,55.5,1.8,0.3,1.39,25.76,95.2,current,male,5.4,2.0638565290265585,-2.0638565290265585
17944.0,5.9,29.6,11.2,55.8,2.6,0.8,0.16,28.96,106.4,never,male,5.6,2.0885569917868834,2.0885569917868834
17542.0,5.6,29.0,8.3,60.6,1.7,0.4,0.16,25.52,95.0,former,male,5.4,1.312881139963494,1.312881139963494
19384.0,5.6,39.0,8.8,50.0,2.0,0.3,0.47,32.9,104.3,never,female,5.3,1.1799428708960384,-1.1799428708960384
10433.0,7.1,22.5,8.6,66.4,2.0,0.5,0.05,31.84,103.7,never,female,6.3,0.52253261722428,0.52253261722428
12947.0,5.7,32.2,8.5,53.5,4.7,1.2,0.22,24.56,82.5,never,female,6.1,0.4916000281655665,0.4916000281655665
14799.0,7.2,28.4,7.6,58.8,4.1,1.0,0.18,26.36,96.5,current,male,8.9,0.0582581999536933,0.0582581999536933
15218.0,4.0,23.7,9.1,65.6,1.3,0.4,0.09,24.89,89.2,never,female,14.6,1.4565771475072569,1.4565771475072569
18138.0,6.1,19.5,11.9,64.9,3.3,0.6,0.26,24.96,,former,male,5.3,2.5001547430636277,2.5001547430636277
19056.0,3.5,30.7,11.6,53.5,3.5,0.8,0.19,22.79,80.3,former,male,5.7,0.8723915007948041,-0.8723915007948041
16926.0,6.4,37.0,10.2,49.7,2.9,0.1,0.18,28.88,100.0,former,male,5.2,1.0764234304313334,-1.0764234304313334
11579.0,7.2,34.8,9.9,50.5,3.8,1.0,0.9,40.19,132.0,never,male,5.7,0.1994417157393811,0.1994417157393811
14284.0,5.1,20.0,10.8,66.3,1.7,1.2,0.12,29.51,105.1,former,male,5.0,0.9084985752885878,-0.9084985752885878
12570.0,9.8,33.7,7.6,56.2,2.0,0.6,0.05,30.74,104.0,former,male,5.2,0.1117046157688733,0.1117046157688733
20889.0,5.4,41.3,7.6,47.9,2.6,0.6,1.26,32.67,116.5,never,male,7.1,2.290126848729583,2.290126848729583
16945.0,5.1,19.5,8.4,70.2,1.5,0.5,0.13,23.2,93.2,never,female,4.8,0.4783465863839963,-0.4783465863839963
14849.0,4.7,36.1,10.6,49.7,3.3,0.3,0.2,23.05,82.6,former,male,5.7,0.2957182086294492,0.2957182086294492
18458.0,8.6,19.1,8.4,68.9,3.1,0.4,0.34,,112.8,former,male,7.9,0.9643803603175338,-0.9643803603175338
11142.0,6.8,34.8,14.0,44.9,5.6,0.6,0.09,26.26,97.2,current,male,4.8,0.5560943327643646,0.5560943327643646
13507.0,5.4,33.3,8.1,53.8,4.8,5.397605346934028e-79,0.2,29.74,115.6,never,male,5.4,0.3668186780083079,0.3668186780083079
17778.0,5.3,35.5,7.5,50.5,6.4,0.1,0.3,30.81,111.0,former,male,5.4,0.0856226000257661,0.0856226000257661
12313.0,4.7,36.9,12.4,46.6,3.4,0.7,2.57,47.61,139.9,never,male,6.7,1.0046740692228198,1.0046740692228198
15660.0,6.6,27.7,7.6,62.4,1.9,0.6,0.31,28.04,94.7,never,male,6.6,0.6208814353374529,0.6208814353374529
18206.0,6.2,32.8,6.1,58.3,2.2,0.5,0.19,24.97,89.0,current,female,5.3,0.1431270085943133,0.1431270085943133
19977.0,6.6,36.9,6.1,51.8,4.4,0.8,0.36,32.05,97.5,never,female,5.1,0.3043901171009724,0.3043901171009724
11657.0,6.2,38.7,6.5,51.6,2.8,0.5,0.08,21.65,73.1,former,female,5.4,2.092076705964243,-2.092076705964243
14522.0,7.5,37.7,9.5,49.5,2.4,1.0,0.45,29.43,102.3,former,male,5.6,0.3839581065040109,-0.3839581065040109
11382.0,8.8,21.5,7.1,68.6,1.8,0.9,1.1,46.21,141.9,former,male,5.4,0.2091804258146424,0.2091804258146424
13749.0,4.2,29.5,13.6,53.8,2.6,0.5,0.04,25.3,100.4,former,male,7.1,1.0846783788802226,-1.0846783788802226
16418.0,5.9,42.6,4.7,51.3,1.0,0.4,0.42,26.72,95.4,,female,5.8,0.0140566942373788,-0.0140566942373788
20775.0,5.7,36.7,11.2,47.0,4.7,0.4,0.09,26.75,100.6,former,male,5.5,0.2460427564433347,0.2460427564433347
20826.0,7.4,38.7,9.1,49.1,2.7,0.5,0.2,24.57,97.3,former,male,5.5,1.8760128687529032,1.8760128687529032
15340.0,7.4,19.9,5.2,72.8,1.7,0.5,0.67,20.26,82.2,current,female,5.2,0.9090345769137764,0.9090345769137764
20893.0,5.0,40.1,6.5,52.6,0.7,0.2,0.04,26.05,105.2,current,male,4.9,1.417962596730268,1.417962596730268
19725.0,6.8,15.8,6.7,76.1,1.4,5.397605346934028e-79,0.19,20.9,77.5,former,female,5.3,0.6655822545533814,-0.6655822545533814
10357.0,9.9,29.7,3.4,63.6,3.2,0.2,0.13,20.19,81.6,current,female,5.3,0.8259624395892761,-0.8259624395892761
16956.0,9.6,29.0,7.5,59.2,3.5,0.9,1.46,24.33,100.7,current,male,5.7,0.8641861055756843,0.8641861055756843
17286.0,4.7,23.3,9.4,60.4,6.7,0.4,0.61,23.78,81.4,former,female,5.3,0.1718591749720738,-0.1718591749720738
17942.0,3.5,30.5,7.6,60.3,1.0,0.6,0.11,27.55,102.7,former,male,4.9,0.0023072859346842,0.0023072859346842
19261.0,5.9,42.7,6.1,43.1,8.0,0.2,0.53,21.42,80.3,never,female,5.6,0.9964091288926784,-0.9964091288926784
20850.0,6.4,38.4,6.5,52.1,2.5,0.5,0.58,25.96,100.7,former,male,5.3,0.2360696810454289,0.2360696810454289
18209.0,6.1,31.2,7.3,58.6,2.4,0.6,0.22,32.2,114.7,never,female,5.4,1.778393988951675,-1.778393988951675
10903.0,8.1,39.2,6.4,53.0,1.3,0.1,0.41,29.34,,never,female,5.8,1.1521969875805915,1.1521969875805915
17768.0,7.0,41.0,5.2,49.2,3.8,0.9,0.42,36.7,124.8,never,female,5.5,0.4309970811072356,-0.4309970811072356
11402.0,7.9,32.8,9.9,54.3,2.1,0.9,0.62,28.29,97.8,former,female,6.8,0.6669346702228952,0.6669346702228952
17325.0,8.8,27.4,11.0,59.2,2.3,0.2,3.12,32.99,112.9,never,male,5.5,0.1143109010421555,0.1143109010421555
14776.0,5.3,37.3,7.8,52.2,2.3,0.4,0.06,24.57,89.4,never,male,5.1,0.4407066204059612,-0.4407066204059612
13633.0,6.1,26.7,8.9,62.5,1.3,0.6,0.07,28.76,98.4,former,male,5.5,1.1652903288449836,-1.1652903288449836
14044.0,7.6,27.7,8.1,63.0,1.0,0.3,1.52,28.06,96.8,never,female,5.5,0.9128983879329658,-0.9128983879329658
10752.0,5.4,25.0,9.5,63.8,1.2,0.5,0.05,,87.7,never,male,5.3,0.5025587127422495,0.5025587127422495
10107.0,5.9,35.1,11.0,48.6,4.1,1.2,0.06,23.17,79.5,former,female,5.3,0.3115531355312798,0.3115531355312798
17135.0,17.5,36.6,7.8,53.5,1.8,0.4,0.52,26.86,97.6,current,male,5.3,0.2380316130432334,0.2380316130432334
15840.0,6.4,33.8,8.0,55.9,1.8,0.5,0.24,23.17,83.5,current,female,5.3,1.1466843847792838,1.1466843847792838
13898.0,5.9,24.8,6.6,61.3,6.2,1.0,0.12,28.8,95.5,never,female,5.2,0.2231376511964793,0.2231376511964793
18380.0,8.1,25.0,8.0,64.3,2.3,0.4,0.82,33.61,109.1,current,female,5.4,0.4585459234563638,-0.4585459234563638
10700.0,6.0,31.3,7.4,57.8,2.6,1.0,0.38,32.91,110.6,former,female,5.4,0.0869759294627995,-0.0869759294627995
19465.0,4.9,32.0,10.3,54.6,2.4,0.6,0.12,23.41,87.8,never,male,5.3,0.137127470392082,0.137127470392082
10364.0,5.5,43.6,10.5,40.9,4.7,0.3,0.19,,105.0,former,female,6.0,0.4226365269694777,0.4226365269694777
15504.0,3.4,25.2,9.0,58.6,6.0,1.3,0.05,25.45,86.0,never,female,4.8,1.1463894038612437,-1.1463894038612437
16815.0,5.1,29.3,12.4,55.5,2.3,0.5,0.84,27.2,98.4,former,male,8.0,1.3790564007831425,1.3790564007831425
10104.0,8.1,29.5,6.8,61.4,1.6,0.7,0.1,33.29,109.3,never,female,8.5,0.3152867677107338,-0.3152867677107338
12553.0,8.4,33.0,6.2,54.5,5.9,0.5,0.64,24.47,90.8,former,female,5.1,0.0080821303263586,0.0080821303263586
13096.0,6.6,36.7,7.5,54.3,1.2,0.4,0.32,,,never,female,6.8,0.0842894742891398,-0.0842894742891398
16664.0,7.6,35.6,10.6,51.2,2.0,0.6,0.18,36.61,111.1,never,female,5.5,0.5129660379860791,-0.5129660379860791
13804.0,8.1,23.7,10.9,63.6,1.4,0.4,0.19,24.49,95.2,former,male,5.8,2.0487854714030487,2.0487854714030487
19674.0,4.6,43.6,9.4,42.8,3.8,0.6,0.05,16.37,78.3,current,female,5.3,0.3619724065558343,-0.3619724065558343
19413.0,3.8,20.8,18.0,57.8,3.1,0.4,1.05,31.28,108.2,current,male,5.8,0.825303295019514,0.825303295019514
18994.0,6.5,30.8,10.4,56.5,1.4,0.9,0.1,35.02,122.7,former,male,5.7,0.9644099578501084,0.9644099578501084
15530.0,8.5,36.6,9.6,51.3,2.1,0.4,0.16,25.28,92.6,former,male,5.5,1.7890690920766734,1.7890690920766734
18322.0,5.5,30.8,8.8,55.3,4.3,1.0,0.01,21.17,80.0,never,male,5.0,0.4745257319481006,-0.4745257319481006
17036.0,8.0,17.9,8.9,69.5,3.8,5.397605346934028e-79,0.32,28.02,104.2,never,male,5.8,0.9000796083143779,0.9000796083143779
10739.0,7.1,31.4,9.8,55.5,2.5,0.8,0.35,27.39,103.4,current,male,5.3,1.134650250762795,1.134650250762795
18582.0,7.3,34.4,6.2,56.4,2.9,5.397605346934028e-79,0.19,34.36,116.5,former,male,5.7,0.7425521417100849,0.7425521417100849
19883.0,5.5,37.0,6.7,54.1,1.8,0.4,0.31,28.77,105.0,never,female,5.2,0.8113430096665681,0.8113430096665681
20694.0,5.5,28.3,9.5,58.4,2.5,1.3,0.47,37.34,109.5,never,female,5.7,1.031332869564067,-1.031332869564067
19410.0,7.5,23.5,8.0,66.1,2.0,0.5,0.46,22.12,85.2,former,female,5.3,0.3188181975646692,-0.3188181975646692
17621.0,8.6,27.0,7.1,60.4,4.7,1.0,0.17,20.69,87.2,current,male,6.0,0.1502868398365051,0.1502868398365051
20673.0,6.1,22.5,8.9,66.0,2.0,0.6,0.28,28.34,101.2,former,female,5.7,2.70799737443052,-2.70799737443052
10529.0,5.1,30.8,11.4,55.9,1.6,0.4,0.17,29.73,98.6,never,female,5.2,0.0862479374064682,-0.0862479374064682
10323.0,6.7,41.8,11.3,42.8,3.4,0.8,0.4,30.74,108.5,never,female,8.5,0.555609028028671,0.555609028028671
17515.0,6.9,27.0,7.4,63.0,1.9,0.7,0.1,29.44,107.7,never,female,5.4,0.7679505936674387,0.7679505936674387
16899.0,6.4,27.4,10.6,60.6,1.2,0.2,0.43,27.18,103.4,former,female,5.9,0.1571282992447432,0.1571282992447432
17596.0,5.4,37.3,11.3,46.3,4.3,0.8,0.17,25.96,98.8,former,male,5.2,0.9623120630605904,0.9623120630605904
16604.0,4.6,35.4,9.6,52.9,1.7,0.5,0.22,31.89,101.0,former,male,4.6,0.4300723865402591,0.4300723865402591
11160.0,9.6,35.4,7.0,56.3,0.8,0.5,0.08,28.76,97.8,current,male,5.5,0.7211391115903654,0.7211391115903654
16736.0,7.6,12.1,12.0,57.2,17.8,1.0,0.53,21.3,76.5,former,female,5.7,0.1896516257515755,0.1896516257515755
11019.0,5.1,33.4,6.3,53.8,6.1,0.4,0.5,21.62,82.8,current,female,5.2,0.6033761182054737,0.6033761182054737
16077.0,6.1,31.3,10.6,51.4,5.7,1.0,0.16,26.57,93.8,former,male,5.5,0.1278755426146388,-0.1278755426146388
14823.0,6.9,45.6,7.6,43.0,3.4,0.4,0.1,26.15,100.4,former,male,8.1,0.6510896245479282,-0.6510896245479282
10453.0,8.6,36.5,5.8,54.3,2.9,0.4,0.59,34.06,105.0,never,female,6.3,0.3735931661643878,-0.3735931661643878
13783.0,5.5,38.8,11.1,47.7,2.1,0.4,0.7,29.72,107.1,never,female,5.8,0.3379223216257492,0.3379223216257492
16352.0,3.8,44.3,6.0,46.3,2.8,0.5,0.3,33.2,109.1,never,female,5.9,1.8726168480204235,1.8726168480204235
11420.0,4.6,39.3,7.5,50.7,2.0,0.5,0.29,32.33,102.8,never,female,5.4,1.7471214503333,-1.7471214503333
19178.0,6.4,34.9,8.9,53.4,2.0,0.9,0.02,24.33,94.8,former,male,5.7,0.961627524509888,0.961627524509888
20840.0,8.4,25.3,8.1,62.2,4.1,0.4,0.34,29.72,113.0,former,male,7.0,1.061294570200874,1.061294570200874
12326.0,6.4,30.0,10.1,55.5,3.8,0.6,0.27,37.49,120.4,former,male,5.7,0.749713369256762,0.749713369256762
16867.0,9.1,29.8,10.6,57.9,0.8,0.9,0.09,27.42,96.5,never,female,6.8,0.9805216699065328,0.9805216699065328
19526.0,8.4,22.2,9.6,67.0,1.0,0.3,1.3,54.65,141.0,former,female,5.1,0.6515759463863544,0.6515759463863544
11906.0,6.8,23.9,6.6,66.0,2.4,1.1,0.54,30.03,100.3,former,female,5.3,0.2468717171805191,-0.2468717171805191
17372.0,5.7,25.6,9.4,60.9,3.4,0.8,0.07,24.2,81.4,never,female,5.4,0.1995927242847838,-0.1995927242847838
9988.0,9.3,34.7,8.1,53.7,2.7,1.0,0.23,31.53,110.3,never,female,5.8,0.1463880260737654,-0.1463880260737654
14835.0,5.8,29.0,6.5,63.2,0.9,0.6,0.25,23.24,81.0,former,female,5.0,0.99145601492459,-0.99145601492459
20902.0,5.5,30.4,7.7,59.5,1.7,0.8,0.06,27.32,86.5,never,female,5.2,1.0460306669620032,-1.0460306669620032
19165.0,5.8,48.7,10.6,38.3,2.1,0.4,0.03,31.74,108.7,former,male,6.1,0.1679797298545373,-0.1679797298545373
12181.0,7.7,41.4,4.8,52.5,0.9,0.4,0.31,30.09,98.2,current,female,6.2,0.7485802134650918,-0.7485802134650918
13216.0,5.7,42.7,5.5,50.7,0.9,0.3,0.64,,101.7,never,female,5.9,0.3640383845626262,0.3640383845626262
10051.0,7.1,20.2,8.3,70.5,0.8,0.3,0.1,,,former,female,5.2,0.3815911622385854,0.3815911622385854
12624.0,8.8,23.5,12.3,58.8,4.2,1.4,0.25,30.54,109.7,former,male,5.8,0.7735260694188799,0.7735260694188799
14184.0,5.4,30.1,9.1,58.8,1.7,0.4,0.16,23.52,83.9,never,female,5.4,0.5041933839919794,-0.5041933839919794
11797.0,,,,,,,0.24,26.8,99.0,former,male,,0.7073220547678503,-0.7073220547678503
11696.0,6.1,19.0,7.8,69.2,3.6,0.5,0.23,22.76,86.3,never,female,5.3,0.882841009147371,-0.882841009147371
17365.0,8.5,26.9,8.4,60.9,3.4,0.6,0.14,38.46,117.6,never,male,6.6,0.6435989824830572,0.6435989824830572
12067.0,7.0,15.5,6.1,75.2,3.1,0.2,0.07,28.97,103.7,never,male,5.4,0.4613699646312914,0.4613699646312914
16061.0,7.3,36.1,9.9,51.1,2.5,0.5,0.03,18.86,76.4,current,female,5.1,0.0602886876023811,-0.0602886876023811
16560.0,7.2,27.4,7.8,61.7,2.7,0.4,0.06,26.06,89.5,never,female,5.4,0.1863499036950464,0.1863499036950464
18355.0,6.1,26.1,7.1,64.6,1.6,0.7,0.46,32.11,107.6,former,male,7.8,0.1871010550022594,0.1871010550022594
15440.0,5.4,38.0,7.4,53.3,1.0,0.3,0.1,20.69,69.6,current,female,5.4,0.0537136638756947,-0.0537136638756947
14718.0,4.7,24.4,10.8,61.1,3.1,0.6,0.12,26.62,81.3,never,female,4.9,0.2092278626854633,0.2092278626854633
14150.0,5.6,37.2,8.6,44.1,8.5,1.6,0.59,,,former,male,6.5,0.0839503451930936,0.0839503451930936
12381.0,8.2,44.7,6.4,41.7,6.6,0.5,0.04,42.68,106.7,former,female,5.6,1.3762796075721295,1.3762796075721295
11641.0,5.9,42.0,8.4,44.9,3.5,1.2,0.31,25.03,88.3,never,female,5.3,0.4055670981633562,0.4055670981633562
13855.0,6.1,37.6,6.7,54.4,1.3,0.2,0.82,34.78,106.7,never,female,6.0,0.4816450189306928,-0.4816450189306928
20025.0,7.1,36.3,7.8,54.2,1.3,0.4,0.84,25.36,89.3,never,female,5.6,0.0304257935770325,0.0304257935770325
18673.0,6.4,32.1,6.8,49.5,11.2,0.6,0.16,31.35,108.9,former,male,5.3,0.7616538911749628,0.7616538911749628
15356.0,9.3,33.6,6.4,58.0,1.3,0.6,0.3,27.61,98.2,former,female,5.6,0.5070691355883737,0.5070691355883737
17089.0,6.8,31.4,6.4,60.3,1.1,0.8,0.05,22.76,87.7,former,female,5.3,0.8654416473684452,-0.8654416473684452
18254.0,5.6,29.6,8.6,57.2,3.9,0.6,0.06,25.11,86.9,former,male,4.6,0.4670797938269513,-0.4670797938269513
12002.0,7.1,46.8,7.4,43.0,2.2,0.6,0.24,38.18,120.9,former,female,5.8,0.5508622276965783,-0.5508622276965783
10422.0,9.1,37.8,4.6,54.9,2.5,0.3,0.54,24.43,92.7,former,female,5.4,0.1118917344341131,-0.1118917344341131
18289.0,6.9,37.3,8.5,52.9,0.8,0.6,1.27,40.39,112.1,never,female,5.4,1.01138341403946,-1.01138341403946
16326.0,5.6,31.8,15.2,50.4,1.9,0.6,0.8,27.01,101.3,former,male,6.3,0.6663784947267077,0.6663784947267077
11562.0,6.9,22.9,7.3,67.2,2.2,0.4,0.23,,106.3,current,male,6.1,1.2360292877015338,1.2360292877015338
10966.0,8.9,28.3,7.2,61.9,2.3,0.4,0.38,30.79,113.6,former,male,5.6,0.5033928907372808,-0.5033928907372808
15225.0,6.2,25.3,9.1,61.3,3.9,0.4,0.23,29.97,106.0,former,male,5.3,0.6619298999655828,-0.6619298999655828
16641.0,9.1,28.3,6.3,62.8,2.0,0.6,0.4,25.99,88.6,never,female,5.5,0.1842031977891645,0.1842031977891645
11361.0,5.7,29.5,13.0,52.2,3.8,1.6,0.08,29.12,98.8,former,male,5.3,0.1141575137110257,0.1141575137110257
16254.0,7.4,36.7,7.4,53.1,2.2,0.7,0.25,31.97,107.9,never,female,6.1,0.3327437726735354,0.3327437726735354
15550.0,6.8,41.8,6.5,50.6,0.6,0.4,0.49,32.05,107.4,former,female,11.3,1.3541567778265335,-1.3541567778265335
17013.0,7.1,17.0,7.9,72.3,2.5,0.2,0.22,24.37,89.8,never,male,5.4,0.4610979337474732,0.4610979337474732
14858.0,5.5,39.1,6.5,51.2,2.4,0.9,0.24,26.28,86.0,former,female,5.7,0.2991610589957099,-0.2991610589957099
18955.0,6.0,42.8,6.9,47.8,2.0,0.3,0.02,25.08,96.6,never,female,5.9,0.2334077570557785,-0.2334077570557785
19536.0,10.0,17.7,6.4,70.0,5.4,0.4,0.17,36.61,104.7,current,female,5.5,0.6827787790231756,0.6827787790231756
20183.0,5.6,33.2,7.5,57.0,1.5,1.0,0.2,26.09,96.1,former,male,5.9,0.5400266554728509,-0.5400266554728509
9973.0,4.9,39.9,9.0,45.1,5.1,0.8,0.06,26.6,94.2,current,female,5.4,0.9575087196334232,0.9575087196334232
15444.0,5.1,23.0,7.3,66.5,2.6,0.6,0.17,26.62,104.8,former,male,7.2,1.1790103659639966,1.1790103659639966
20212.0,4.7,32.8,10.6,48.6,7.1,0.9,0.06,22.97,84.0,former,female,5.1,1.1458025562755942,-1.1458025562755942
11676.0,6.0,27.5,8.5,61.8,1.7,0.4,0.25,22.91,87.0,never,female,6.1,1.7665279281119015,1.7665279281119015
18503.0,6.5,22.7,11.3,61.2,4.4,0.5,0.2,35.16,114.8,former,male,5.6,1.2505987777423029,-1.2505987777423029
13260.0,7.1,28.0,6.7,56.8,6.8,1.7,0.37,25.31,92.3,former,male,6.1,0.4525772625849926,0.4525772625849926
12618.0,8.0,33.0,6.7,55.1,4.6,0.6,1.22,38.18,112.5,never,female,5.5,1.050581378282249,1.050581378282249
11412.0,6.1,25.7,7.3,66.2,0.6,0.3,0.09,24.53,88.4,former,male,5.7,1.1185149113459405,-1.1185149113459405
20992.0,6.5,38.5,7.3,51.1,2.5,0.6,0.17,28.94,90.2,never,female,5.8,1.1211780670465523,-1.1211780670465523
18804.0,9.6,18.2,7.9,72.9,0.7,0.3,0.28,33.83,115.8,never,male,6.3,0.5752771149995192,0.5752771149995192
14428.0,7.1,30.9,9.3,53.4,6.0,0.4,0.61,25.37,100.4,current,male,5.5,1.938475289302594,1.938475289302594
12688.0,5.7,25.3,16.4,56.0,1.7,0.6,1.89,,,former,male,5.7,0.0471908823409416,-0.0471908823409416
10447.0,4.9,40.2,9.4,47.4,2.2,0.9,0.38,30.13,102.4,former,male,5.5,1.5318475939060994,1.5318475939060994
11614.0,6.3,23.0,6.6,69.4,0.9,0.1,0.14,23.75,81.2,former,female,5.0,1.3172608583394718,1.3172608583394718
14285.0,8.9,22.8,7.9,56.8,11.5,1.0,0.95,29.75,107.5,former,female,5.3,0.1588285610108817,-0.1588285610108817
17296.0,5.4,43.9,8.2,45.7,1.7,0.5,1.14,30.27,95.4,former,female,6.6,0.2863160008318912,-0.2863160008318912
12668.0,10.4,25.0,9.6,62.0,2.7,0.7,3.92,28.77,105.2,former,female,5.6,0.9417541577924418,0.9417541577924418
13866.0,7.4,35.8,10.6,48.2,3.7,1.8,0.39,29.2,111.5,former,male,7.7,0.8322039436066752,-0.8322039436066752
16319.0,4.8,18.7,8.4,70.6,1.8,0.4,0.06,25.13,97.2,former,male,5.3,1.339622284850287,1.339622284850287
15937.0,7.3,28.6,6.7,61.6,2.7,0.6,0.33,23.58,89.6,never,female,6.6,0.5273539761642312,-0.5273539761642312
17922.0,3.4,26.3,8.2,60.0,5.1,0.4,0.04,18.95,65.7,never,female,5.2,1.7392861363634124,1.7392861363634124
15466.0,5.8,27.5,7.7,62.8,1.3,0.8,0.24,35.86,109.5,never,female,5.5,0.8817750548697647,0.8817750548697647
19617.0,8.4,27.3,7.3,60.3,4.0,1.1,1.61,33.38,115.7,current,male,6.1,0.6167858046479481,0.6167858046479481
19059.0,4.9,14.8,16.8,20.4,48.0,0.1,0.4,,,current,male,5.4,2.68498428707132,2.68498428707132
13845.0,11.8,15.4,5.2,78.0,0.9,0.4,0.2,25.32,83.2,never,female,5.4,0.4617928757076672,0.4617928757076672
15279.0,5.3,25.1,5.9,66.1,1.9,1.0,0.05,28.16,116.6,former,male,5.8,0.4367636122755108,-0.4367636122755108
19180.0,4.2,26.3,8.9,63.0,1.8,0.1,0.16,31.47,115.5,former,male,5.6,0.4610850044546362,0.4610850044546362
14389.0,5.7,34.1,5.6,56.4,3.1,0.8,0.07,31.63,100.0,former,male,7.2,0.9542282605021404,0.9542282605021404
12667.0,5.5,33.4,11.4,52.8,1.7,0.7,0.09,23.67,85.8,former,male,5.5,0.5728038021909302,-0.5728038021909302
16827.0,6.7,13.3,4.7,79.9,1.2,0.9,0.12,,67.2,never,female,5.4,0.8943230372624045,-0.8943230372624045
20470.0,4.9,12.5,13.1,70.8,3.2,0.5,0.44,42.56,126.8,former,female,5.5,0.99930571699919,-0.99930571699919
16496.0,5.3,27.3,6.4,62.0,3.8,0.5,0.91,32.09,109.1,former,female,6.4,0.0739136868363176,0.0739136868363176
19279.0,4.4,30.3,7.5,55.3,6.2,0.7,0.29,32.34,105.0,never,male,5.5,0.6558302408476,0.6558302408476
19836.0,10.0,18.7,6.9,70.0,3.6,0.8,1.37,29.04,108.4,current,male,5.4,0.5761451030669797,0.5761451030669797
15771.0,6.9,23.4,6.2,67.4,2.0,0.9,0.48,28.27,95.5,never,female,5.9,0.7698971246346495,0.7698971246346495
16644.0,7.9,25.0,12.3,58.1,4.3,0.3,0.8,29.02,108.3,former,male,5.6,1.2639748442605916,1.2639748442605916
16491.0,8.0,44.7,6.1,44.3,4.1,0.8,0.57,32.32,101.0,never,female,5.9,0.9373034968746988,-0.9373034968746988
19355.0,5.6,36.5,10.0,48.5,3.5,1.5,0.1,31.19,112.2,never,male,5.2,2.773051025614116,-2.773051025614116
14308.0,6.1,33.8,7.8,56.5,1.1,0.8,0.38,29.39,102.4,former,female,5.6,0.5134554648345973,0.5134554648345973
12890.0,7.9,34.7,8.5,54.9,1.4,0.6,0.32,25.64,96.4,former,female,5.1,0.4654550026579132,-0.4654550026579132
15287.0,9.1,36.4,7.2,54.3,1.9,0.3,0.51,48.47,127.2,never,female,6.4,1.098685158401902,-1.098685158401902
14781.0,9.1,23.6,6.6,66.2,3.0,0.6,0.07,28.21,100.5,never,male,5.4,0.7281647943861581,-0.7281647943861581
11236.0,8.4,21.3,7.4,69.7,0.9,0.8,0.12,,100.6,current,female,6.0,0.640665544285809,-0.640665544285809
15181.0,8.7,19.8,6.1,69.6,3.6,0.9,0.59,31.21,124.5,former,male,5.3,0.4192936035877873,0.4192936035877873
15691.0,5.4,34.2,9.4,40.3,15.0,1.2,0.34,22.46,91.8,former,male,5.2,0.0191801767920594,0.0191801767920594
17979.0,5.7,43.4,6.8,47.7,1.7,0.6,0.12,26.73,91.1,never,female,5.5,0.2385733894925663,0.2385733894925663
12674.0,7.6,22.8,7.1,68.1,1.2,1.0,0.11,26.88,88.3,never,female,5.7,1.698785722250939,-1.698785722250939
17704.0,6.9,30.1,7.9,56.6,4.7,0.8,0.53,28.31,109.5,never,female,5.6,1.0568615635498275,-1.0568615635498275
17092.0,8.4,31.1,12.3,54.0,1.7,0.9,0.39,,118.1,never,male,5.8,0.6176316516937832,0.6176316516937832
14096.0,5.1,31.0,9.0,56.5,2.6,0.9,2.09,37.35,109.6,never,female,6.0,0.9992988254549288,0.9992988254549288
12824.0,9.1,27.4,7.5,58.2,6.2,0.8,0.32,32.8,122.5,current,male,5.7,0.1441927087517461,-0.1441927087517461
19256.0,8.9,24.6,8.4,63.7,2.8,0.4,0.45,36.98,116.1,never,female,7.0,0.1301889182675415,0.1301889182675415
16234.0,7.8,18.5,6.3,72.2,2.4,0.5,0.34,24.51,92.2,never,male,5.6,0.4059987961364383,-0.4059987961364383
12429.0,5.9,37.7,10.9,49.6,1.3,0.6,0.21,38.33,123.9,former,male,5.3,1.4235212453514183,1.4235212453514183
17566.0,6.8,43.9,10.6,43.0,1.9,0.6,0.14,31.43,110.5,former,male,6.2,0.4171807435058525,0.4171807435058525
12657.0,6.2,33.0,9.8,55.3,1.1,0.9,0.42,34.63,136.2,never,female,5.4,0.2063809074870672,-0.2063809074870672
17911.0,5.9,25.3,8.0,62.2,3.1,1.4,0.29,26.7,92.0,never,female,5.5,0.3024640262823408,0.3024640262823408
17505.0,8.4,20.2,8.0,63.8,7.5,0.6,3.74,33.2,100.0,never,female,8.1,0.4496245155512272,0.4496245155512272
19426.0,9.6,20.7,7.3,69.0,2.3,0.8,2.88,31.05,105.1,current,female,5.6,0.9213494115724,0.9213494115724
15579.0,6.9,47.0,9.6,40.4,2.3,0.7,0.18,42.06,121.4,former,female,5.4,0.7069588438942741,-0.7069588438942741
13518.0,8.6,38.1,5.7,54.1,1.7,0.6,0.81,,110.0,current,female,8.4,0.5446633127450916,0.5446633127450916
11607.0,9.4,12.5,7.5,77.0,1.6,1.4,1.47,28.23,113.8,former,male,7.3,0.3295694193727976,0.3295694193727976
16805.0,5.4,27.8,6.9,63.2,1.6,0.5,0.33,29.95,105.3,former,male,5.6,0.8611939882648008,0.8611939882648008
19358.0,4.1,31.7,12.2,48.7,6.4,1.0,0.48,26.29,100.0,never,female,5.2,1.0442875771838076,1.0442875771838076
16075.0,6.9,18.3,8.0,72.2,0.9,0.6,0.45,19.66,69.8,current,female,5.5,0.6663662419140722,-0.6663662419140722
16423.0,5.3,36.2,7.9,54.2,1.2,0.6,2.08,42.32,117.4,never,female,5.7,0.3122163788306852,0.3122163788306852
15200.0,9.3,27.9,7.7,62.4,1.2,0.8,1.13,30.11,97.7,current,female,5.7,2.6929115219519706,2.6929115219519706
15740.0,10.0,43.2,8.5,45.7,2.3,0.3,0.52,32.6,112.7,current,male,7.2,0.9975512224298092,0.9975512224298092
19073.0,7.7,34.9,9.7,51.7,3.1,0.6,0.75,37.46,123.4,never,male,5.1,0.3095176922822522,0.3095176922822522
18741.0,6.5,27.9,8.9,59.2,3.5,0.6,0.22,28.41,110.2,former,male,5.1,1.6209667414463973,-1.6209667414463973
20272.0,7.1,29.1,12.1,51.9,5.6,1.3,0.89,31.16,116.2,former,male,11.5,0.5844050642603297,0.5844050642603297
20341.0,4.9,32.2,8.6,56.9,1.7,0.6,0.05,27.78,95.6,never,male,5.1,0.3293248705312188,-0.3293248705312188
13564.0,6.1,46.5,6.3,43.0,3.1,1.1,0.04,28.26,100.7,never,male,5.7,0.0233379533241213,-0.0233379533241213
19577.0,7.8,15.5,7.7,74.4,1.5,0.9,0.1,22.82,90.8,never,male,4.9,1.5495824373363636,1.5495824373363636
20108.0,5.4,40.2,12.4,44.1,2.2,1.2,1.07,29.38,101.5,former,female,5.2,0.7541383000720687,0.7541383000720687
20670.0,4.9,35.9,18.2,43.0,2.2,0.7,0.49,25.95,95.3,never,female,5.4,0.5234292432179238,0.5234292432179238
12641.0,9.6,34.0,7.2,56.7,1.7,0.5,7.25,23.19,101.1,current,male,5.5,1.5343526961706129,1.5343526961706129
16661.0,9.4,24.2,7.8,64.6,2.8,0.6,0.27,31.45,103.5,former,male,8.2,0.2644392754139127,0.2644392754139127
13254.0,5.3,30.3,8.3,58.3,3.1,0.2,0.13,28.83,93.0,never,female,5.4,0.258893344326811,0.258893344326811
12064.0,9.2,15.8,5.9,75.8,1.8,0.8,0.08,28.9,98.2,former,male,7.3,0.911702070368545,0.911702070368545
17860.0,5.9,32.5,12.4,51.8,2.6,0.8,0.07,25.53,79.3,never,female,5.4,0.6673036692236678,0.6673036692236678
19848.0,5.5,30.5,7.2,59.2,2.0,1.0,0.99,30.02,96.9,never,female,6.7,0.1721714315871494,0.1721714315871494
19277.0,6.4,25.8,12.0,58.3,3.5,0.4,0.45,28.4,89.4,never,female,5.7,0.9689236981493152,0.9689236981493152
20726.0,8.3,18.8,7.2,72.1,1.8,0.2,6.06,37.55,,never,male,5.5,0.5910678703213741,0.5910678703213741
14664.0,4.7,28.8,8.0,59.0,3.4,0.9,0.18,26.29,97.5,never,female,5.4,0.6283348467276291,-0.6283348467276291
17211.0,4.6,44.3,11.6,42.0,1.7,0.4,0.15,24.66,89.3,former,female,5.0,2.8772718777375945,2.8772718777375945
12126.0,6.1,17.8,4.9,75.9,0.9,0.4,0.06,,,never,male,5.6,0.8582667375329277,-0.8582667375329277
20656.0,4.2,25.0,10.6,58.8,4.0,1.6,0.11,29.26,96.8,never,female,5.2,0.0294078863485082,0.0294078863485082
20668.0,5.9,22.6,7.5,67.2,2.0,0.6,0.12,22.21,81.2,never,male,4.9,2.98292538284024,2.98292538284024
14815.0,5.9,32.0,9.1,57.8,0.7,0.3,0.47,38.62,125.1,current,male,6.3,1.2344098198852658,1.2344098198852658
10682.0,10.8,28.4,6.6,64.2,0.7,0.2,0.06,30.15,107.1,never,male,6.2,0.9926950191570076,0.9926950191570076
20229.0,5.6,31.5,8.8,57.0,1.8,0.9,0.89,31.77,106.8,never,female,9.9,0.2466803303352943,0.2466803303352943
16357.0,8.1,21.4,7.4,69.3,1.3,0.6,0.3,30.95,101.4,current,male,5.4,0.8140637587054074,0.8140637587054074
15779.0,4.1,38.8,10.0,48.6,1.8,0.7,0.42,35.01,111.6,former,female,5.3,0.4755123044600197,-0.4755123044600197
16731.0,3.9,18.3,9.0,70.8,1.2,0.9,0.01,17.16,72.0,never,female,5.5,0.4209988965276434,0.4209988965276434
16025.0,6.7,20.8,8.5,69.8,0.2,0.8,0.5,27.17,100.0,former,male,5.7,1.1990258557829756,1.1990258557829756
13385.0,7.5,19.8,5.9,72.4,1.4,0.5,0.74,29.49,101.4,current,female,8.1,0.0183037895490417,-0.0183037895490417
18954.0,4.7,26.3,7.4,62.8,2.9,0.6,0.24,24.5,78.5,never,female,9.5,0.7023766478060519,0.7023766478060519
18638.0,6.7,37.6,6.9,49.7,5.2,0.8,0.55,36.41,109.5,former,female,6.1,0.9207574083979826,0.9207574083979826
20425.0,3.6,29.0,12.4,57.4,0.6,0.6,0.2,33.92,104.4,never,female,9.3,1.840415715060097,1.840415715060097
12177.0,5.6,41.9,8.7,48.3,0.9,0.3,0.39,20.45,67.7,never,female,5.4,0.4655540751431751,0.4655540751431751
17983.0,5.1,20.3,14.0,60.7,4.6,0.6,0.36,29.36,103.0,former,male,5.4,1.260765717607358,1.260765717607358
12652.0,6.1,36.4,7.4,54.3,1.4,0.6,0.76,31.98,112.6,former,female,5.8,1.582863782928607,1.582863782928607
10670.0,7.6,24.1,7.3,67.4,0.7,0.6,0.24,25.15,95.1,never,female,5.6,0.4656667663676044,-0.4656667663676044
15855.0,5.5,28.3,9.4,56.6,5.6,0.2,0.03,23.41,90.2,former,male,5.6,0.325352538761732,-0.325352538761732
14152.0,6.4,31.6,7.4,56.4,4.0,0.6,2.83,48.18,116.7,never,female,5.4,0.4482551504590643,-0.4482551504590643
12481.0,5.1,27.8,6.8,60.9,4.3,0.3,0.06,26.78,104.0,former,female,5.0,0.7536303531828354,-0.7536303531828354
11610.0,4.6,29.6,10.6,55.9,3.2,0.6,0.04,24.38,80.7,never,female,5.4,0.3287334678004747,0.3287334678004747
10545.0,5.5,39.3,11.6,46.4,2.3,0.3,0.32,33.19,107.4,never,male,8.2,0.4387304416571613,-0.4387304416571613
15828.0,6.4,24.2,6.7,66.5,1.6,1.0,1.28,28.94,96.6,never,female,12.4,0.5504844183405989,0.5504844183405989
15327.0,6.2,30.5,8.0,55.7,4.7,1.2,0.23,36.83,118.7,former,female,5.3,0.6308125786338457,0.6308125786338457
13912.0,12.5,26.2,4.3,65.4,3.4,0.9,1.22,55.4,,current,female,6.3,0.2869185307244514,0.2869185307244514
13910.0,8.4,30.3,7.3,59.7,1.9,0.9,0.34,51.04,154.5,former,male,5.8,0.9995990795955544,0.9995990795955544
14126.0,7.5,30.1,7.8,59.7,1.9,0.6,0.56,29.91,97.3,never,female,6.4,2.8185800295358137,-2.8185800295358137
19757.0,12.6,31.1,7.4,58.1,2.7,0.8,0.42,31.43,110.3,current,male,5.8,1.697523854645051,1.697523854645051
19116.0,7.2,27.0,4.7,62.2,4.7,1.4,0.05,24.0,96.0,never,male,5.5,1.4480411158207498,1.4480411158207498
20912.0,5.9,27.7,7.3,59.0,5.0,1.0,0.57,34.02,109.3,never,female,5.5,0.2130281689646103,-0.2130281689646103
13097.0,10.9,28.0,24.9,45.1,1.7,0.4,2.16,42.99,138.8,current,female,9.1,0.3981481151243861,-0.3981481151243861
12714.0,4.9,24.2,10.4,61.8,3.0,0.6,0.64,22.98,86.0,former,female,5.0,0.5910890239360457,0.5910890239360457
18189.0,8.9,26.8,9.5,60.9,2.4,0.4,0.5,17.65,75.0,current,male,4.9,1.8317041080349024,1.8317041080349024
13680.0,7.3,31.3,10.1,50.5,6.7,1.4,0.42,,,current,male,6.2,0.9722008331862482,0.9722008331862482
15583.0,7.0,33.8,8.6,55.1,1.4,1.0,0.46,27.85,94.4,never,female,5.4,0.2683911376015713,0.2683911376015713
11948.0,7.9,26.3,6.2,66.3,1.2,0.1,0.04,23.7,88.3,never,male,5.5,1.5493580816322083,1.5493580816322083
12622.0,9.5,20.6,6.8,68.9,3.0,0.8,0.52,28.7,88.5,never,female,5.6,0.7375588994876664,-0.7375588994876664
14045.0,5.7,31.8,8.1,57.4,2.0,0.6,0.88,37.95,106.5,never,female,5.3,0.1611264530807973,-0.1611264530807973
14652.0,4.1,34.9,8.9,54.6,0.9,0.8,0.32,22.67,79.0,never,female,5.3,0.7193695583632835,-0.7193695583632835
16938.0,6.7,35.9,7.4,53.9,2.2,0.6,0.14,27.88,98.6,former,female,5.9,2.133859273747204,2.133859273747204
10928.0,6.2,12.3,10.4,76.2,1.2,0.1,0.17,29.76,110.4,former,male,5.1,1.083742205683104,-1.083742205683104
19820.0,7.0,24.0,6.5,63.7,4.4,1.3,0.13,26.51,101.7,current,male,5.3,0.5509033025030261,0.5509033025030261
12980.0,7.9,23.2,7.0,67.3,2.1,0.4,0.35,23.39,90.5,never,female,5.3,0.0983088783131889,-0.0983088783131889
13876.0,6.1,37.7,8.1,50.0,2.4,1.8,0.2,29.53,108.3,never,male,7.9,0.7268986609757805,-0.7268986609757805
16943.0,10.7,27.3,5.3,62.2,4.4,0.8,0.25,28.7,96.2,never,female,5.6,0.2212620838723836,0.2212620838723836
16621.0,8.4,32.5,7.0,57.0,3.3,0.3,1.86,23.81,,never,female,7.1,0.2171060393129571,0.2171060393129571
18036.0,6.2,44.8,7.6,43.0,3.7,0.9,0.06,21.44,83.8,current,male,5.5,0.5545476635467104,0.5545476635467104
12371.0,6.5,23.3,11.5,60.6,4.2,0.5,0.71,32.85,113.8,former,male,7.0,0.2457277632666792,0.2457277632666792
17137.0,6.1,42.2,7.8,48.5,1.2,0.4,0.23,25.77,96.1,never,female,5.6,0.7758418609830406,-0.7758418609830406
13100.0,10.1,21.7,7.2,67.2,3.3,0.7,0.27,33.46,111.8,former,male,5.6,0.46992499184658,0.46992499184658
15139.0,4.8,44.7,7.7,46.2,1.3,0.1,0.49,32.72,108.6,former,female,7.7,1.2004820308517954,-1.2004820308517954
17752.0,2.6,,,,,,0.17,,,current,male,5.4,1.213716103618246,1.213716103618246
11742.0,7.3,36.1,6.4,52.7,4.7,0.2,0.28,32.0,103.0,never,male,5.5,1.4505269571724877,1.4505269571724877
19045.0,3.5,48.0,11.6,39.5,0.9,5.397605346934028e-79,0.01,27.04,100.7,former,male,6.0,1.3041819480041228,1.3041819480041228
20709.0,6.2,19.9,4.8,71.6,2.5,1.3,0.41,35.44,112.0,never,female,5.3,0.4122758099739729,-0.4122758099739729
17321.0,7.2,37.6,6.9,53.8,1.0,0.6,0.52,32.52,101.8,former,female,5.7,0.187492647817615,0.187492647817615
19813.0,5.6,29.0,12.5,53.8,3.3,1.4,0.29,27.65,92.9,current,male,6.0,0.2357126063695366,-0.2357126063695366
16889.0,9.5,35.1,5.6,56.0,2.8,0.4,0.33,29.96,94.1,former,female,5.5,0.0454568496300417,0.0454568496300417
17998.0,4.7,34.4,12.5,46.9,5.1,1.1,0.06,24.88,91.5,former,male,5.2,0.4209249129343093,0.4209249129343093
11841.0,5.9,29.6,5.9,61.8,2.5,0.1,0.68,,99.5,never,female,5.1,0.9578059336443,0.9578059336443
17693.0,8.1,22.3,5.9,69.7,1.6,0.4,1.76,43.03,117.8,never,female,5.3,0.5209987287306515,0.5209987287306515
17127.0,12.9,21.8,7.1,66.3,4.6,0.2,0.71,28.41,102.7,former,male,6.7,0.0399337631631926,-0.0399337631631926
16150.0,4.3,29.1,7.8,52.4,9.9,0.9,0.22,22.28,88.6,former,male,4.9,0.6936746841194451,0.6936746841194451
16971.0,6.1,51.0,6.5,38.7,3.4,0.5,0.1,25.53,98.8,never,male,5.7,2.3172945615556872,-2.3172945615556872
17292.0,6.6,33.8,6.8,57.8,1.1,0.4,0.46,27.36,95.5,former,female,5.4,0.6652033173522919,-0.6652033173522919
14964.0,4.9,36.5,6.9,50.8,5.3,0.6,0.21,28.15,90.6,never,female,5.4,1.0159623182701103,1.0159623182701103
15406.0,6.2,21.9,8.9,63.9,4.6,0.6,2.96,41.04,126.8,never,female,6.7,0.4814549039532551,0.4814549039532551
12022.0,6.4,41.4,7.3,50.0,1.0,0.3,0.68,30.98,110.0,former,male,5.6,1.2326662474590089,1.2326662474590089
18144.0,10.0,59.1,4.7,33.8,2.0,0.3,0.38,29.83,104.3,former,male,6.4,1.7460815510002383,1.7460815510002383
13073.0,6.8,30.8,6.1,61.2,1.7,0.3,0.02,,,current,male,4.8,0.4310564180659695,-0.4310564180659695
17231.0,7.3,35.8,8.6,53.3,1.4,0.9,0.04,31.55,107.3,former,male,5.5,0.9521322531135412,0.9521322531135412
16225.0,7.1,22.1,7.7,67.5,2.4,0.4,0.15,28.86,114.8,former,male,5.5,1.4294882867545295,1.4294882867545295
16730.0,7.2,20.8,10.6,65.7,2.0,0.9,0.82,37.4,98.9,never,female,5.5,0.5826049982896555,0.5826049982896555
16029.0,8.1,37.0,8.8,50.5,3.3,0.6,0.17,36.49,105.6,never,female,5.3,0.071069339589961,-0.071069339589961
13840.0,5.3,27.7,13.1,57.4,1.4,0.4,0.1,27.53,93.7,never,male,5.3,0.7168082693653373,-0.7168082693653373
12294.0,7.5,50.0,9.3,39.0,1.2,0.5,1.16,28.53,104.3,current,female,5.6,0.6563612621318475,0.6563612621318475
10319.0,3.4,24.5,10.0,60.7,4.2,0.7,0.06,23.59,88.1,never,female,5.1,0.0915733671608444,0.0915733671608444
16656.0,8.1,33.6,9.0,51.7,4.7,1.1,0.71,37.63,127.3,current,male,5.5,1.2360989155040385,1.2360989155040385
19264.0,7.2,19.4,7.8,71.0,1.5,0.4,0.46,24.49,77.6,never,female,5.4,0.0787489964322114,0.0787489964322114
10040.0,4.3,42.1,8.6,47.0,1.5,0.8,0.41,47.88,,former,female,5.3,1.0531887150435753,1.0531887150435753
17783.0,6.1,38.7,6.4,51.4,3.0,0.6,0.86,25.25,89.1,current,male,5.5,1.1068471694478808,1.1068471694478808
12702.0,6.8,44.3,12.6,41.3,1.4,0.4,0.52,32.12,99.0,current,female,5.1,1.7096732774183785,1.7096732774183785
14999.0,12.3,43.0,7.6,46.1,2.7,0.7,0.16,40.39,131.2,current,female,7.3,0.5063599098988254,0.5063599098988254
10632.0,5.5,44.3,12.7,40.8,1.8,0.4,1.48,22.84,79.6,current,male,5.6,1.0595218623668694,1.0595218623668694
16470.0,8.4,31.1,10.2,54.3,3.7,0.7,2.44,,,current,female,5.6,0.3750357952491847,-0.3750357952491847
14171.0,5.9,28.7,8.4,60.2,2.0,0.7,0.26,24.4,89.9,former,female,5.4,0.5731536835747482,-0.5731536835747482
17420.0,5.4,32.4,7.6,55.3,3.8,0.9,0.43,29.0,110.3,never,female,5.0,0.4106253521937234,-0.4106253521937234
16481.0,4.4,30.9,10.4,53.1,5.4,0.2,0.28,22.76,87.1,former,male,4.7,0.8943576470818632,0.8943576470818632
11840.0,7.4,26.9,7.4,62.4,2.1,1.3,0.17,22.57,94.1,never,male,5.3,0.7890655760761784,0.7890655760761784
14697.0,7.6,38.6,13.0,43.8,3.9,0.6,0.57,41.0,130.1,current,male,6.4,0.2549335331022196,0.2549335331022196
17360.0,7.1,32.5,8.3,56.3,2.2,0.8,0.04,25.18,101.3,never,female,5.4,0.8091021283876549,-0.8091021283876549
12138.0,5.2,36.1,7.1,54.5,2.0,0.4,0.53,42.48,132.8,never,male,8.3,0.1288221718445078,0.1288221718445078
10390.0,6.8,26.7,7.4,59.2,6.1,0.8,0.16,27.27,97.4,current,male,6.0,2.0936150563606795,2.0936150563606795
10014.0,7.1,29.3,7.1,61.0,1.6,1.0,3.13,22.36,89.3,former,female,5.4,0.1138859641848555,-0.1138859641848555
12820.0,4.4,18.8,14.5,63.2,3.1,0.4,2.59,29.78,88.5,never,female,6.1,3.0551455875252844,-3.0551455875252844
20345.0,6.3,25.2,10.5,59.4,4.3,0.6,0.03,25.11,94.7,never,male,5.0,1.6082457449234524,1.6082457449234524
11578.0,7.0,40.9,7.1,49.9,1.6,0.6,1.31,28.15,98.6,never,female,5.9,0.017785540527178,0.017785540527178
10781.0,8.4,29.5,7.6,60.1,2.3,0.5,0.15,33.72,120.2,former,male,7.0,2.741470723049338,2.741470723049338
17993.0,5.9,40.2,7.0,49.9,2.5,0.4,0.08,23.94,76.7,never,female,5.4,0.9173837594032488,0.9173837594032488
10096.0,7.5,28.8,7.7,59.9,2.8,0.9,1.86,26.24,95.1,former,female,5.5,0.701650626385265,0.701650626385265
15360.0,6.1,43.0,10.0,44.3,2.3,0.4,0.08,28.88,113.1,former,male,5.2,1.1349778520627445,1.1349778520627445
16986.0,6.4,34.6,9.1,54.2,1.6,0.7,0.19,27.94,91.6,never,female,5.3,2.4891518983887067,2.4891518983887067
11760.0,5.7,34.8,9.1,51.3,3.7,1.1,0.15,29.44,103.1,current,male,6.4,1.8730151174640055,1.8730151174640055
15430.0,6.9,31.6,6.7,60.6,0.9,0.2,0.23,17.97,64.8,never,female,5.6,0.8100752136647665,0.8100752136647665
14049.0,7.5,30.7,8.8,54.2,5.6,0.8,0.3,34.64,110.0,never,female,6.5,1.4102768671718402,1.4102768671718402
15264.0,4.6,39.6,4.6,52.8,1.9,1.2,0.05,20.53,78.2,never,female,5.5,0.1273633909635824,0.1273633909635824
10250.0,8.2,35.3,8.0,51.6,4.5,0.7,0.49,31.93,117.6,current,male,6.2,0.7594605898645408,0.7594605898645408
17758.0,4.9,41.9,7.9,45.8,1.9,2.5,0.25,23.96,89.0,never,female,6.3,1.8671620844790384,1.8671620844790384
19238.0,5.4,37.1,6.3,53.8,2.2,0.6,0.57,33.17,111.1,never,female,5.7,0.0969892163125414,0.0969892163125414
14329.0,6.7,25.9,6.7,64.1,2.6,0.8,0.23,27.11,92.6,never,female,5.4,0.8135761980141732,0.8135761980141732
13326.0,6.9,47.6,6.2,43.7,1.4,1.2,0.2,27.41,94.0,never,female,6.0,0.7839228192664198,0.7839228192664198
10679.0,5.3,34.3,7.6,53.3,4.4,0.4,0.17,25.79,89.2,former,male,5.3,1.401622981164627,1.401622981164627
17694.0,9.9,28.8,9.4,60.8,0.8,0.4,0.3,30.53,102.2,never,female,6.0,0.750724649024961,0.750724649024961
16985.0,8.9,24.5,8.9,63.7,2.4,0.5,0.77,32.29,130.3,never,male,8.1,1.0206425429303665,1.0206425429303665
20394.0,3.4,34.1,10.6,52.0,3.0,0.3,0.03,26.93,97.1,,male,5.4,0.6038311314313736,-0.6038311314313736
10775.0,11.0,36.7,11.4,49.9,1.7,0.3,0.36,28.36,101.4,never,female,6.4,1.879857537160484,1.879857537160484
14104.0,4.1,61.4,7.4,26.7,3.6,1.0,0.06,27.54,78.4,never,female,5.4,1.916548249468435,-1.916548249468435
15378.0,7.7,32.2,5.8,58.6,3.2,0.3,0.14,25.94,97.5,former,female,4.9,0.0056785344905112,0.0056785344905112
14953.0,5.5,35.0,7.5,52.2,4.4,0.9,0.3,28.66,111.1,never,female,6.1,0.564112251506362,0.564112251506362
14683.0,8.2,29.0,4.6,62.7,3.4,0.4,1.54,41.89,110.4,never,female,7.6,1.2813537467474372,1.2813537467474372
10738.0,7.4,18.1,7.2,71.7,2.3,0.6,0.24,23.9,82.1,never,female,5.0,2.6230811295350804,2.6230811295350804
20182.0,4.9,35.3,8.9,52.1,3.6,0.2,0.22,19.32,73.9,current,male,5.4,2.0356128488374106,2.0356128488374106
19545.0,5.4,43.2,6.4,48.0,1.7,0.7,0.67,32.97,99.4,never,female,6.0,0.725910245049837,-0.725910245049837
15451.0,9.7,36.7,6.8,53.6,2.4,0.5,1.77,,94.1,never,female,6.5,0.7840428637196296,0.7840428637196296
19717.0,9.6,43.7,8.6,45.3,1.9,0.6,2.49,39.49,117.8,current,female,9.6,1.95281471850364,-1.95281471850364
16190.0,9.3,21.1,7.0,70.4,0.8,0.8,0.05,27.41,103.1,current,male,5.1,1.041899914893803,1.041899914893803
17569.0,5.9,56.4,7.2,33.4,2.3,0.7,0.07,36.19,115.2,current,male,5.0,1.3089018876684573,1.3089018876684573
11383.0,3.5,52.4,8.7,36.8,1.4,0.8,0.12,20.94,75.7,current,female,5.4,0.5018340668054572,-0.5018340668054572
12421.0,5.7,24.1,9.3,63.9,2.3,0.5,0.26,30.86,104.0,never,male,5.3,1.8885165645225055,1.8885165645225055
16575.0,6.9,43.4,7.3,48.6,0.4,0.4,1.25,36.36,119.5,never,female,10.7,0.8281657879242877,0.8281657879242877
13593.0,9.4,34.9,8.7,52.6,2.7,1.2,0.36,32.07,116.5,never,male,6.7,0.5976709261479742,0.5976709261479742
16363.0,5.6,21.4,10.7,66.7,0.9,0.4,0.04,24.71,100.0,former,male,5.2,1.8184219668608623,1.8184219668608623
14995.0,8.1,13.4,7.8,75.6,2.8,0.4,0.05,28.49,104.8,former,male,4.9,1.225951935234007,1.225951935234007
19788.0,6.1,40.9,11.8,44.0,2.9,0.4,0.23,26.42,100.9,current,male,5.8,0.2652143595495002,0.2652143595495002
13086.0,4.4,30.2,7.7,56.4,4.7,0.9,0.64,23.9,95.2,former,male,6.2,1.598867510562772,1.598867510562772
13702.0,4.3,33.6,10.8,52.9,2.5,0.2,0.38,29.82,103.3,former,male,5.5,0.0450372563702503,-0.0450372563702503
16758.0,9.1,21.2,10.1,65.4,2.7,0.6,0.59,36.01,117.7,former,female,5.3,1.6519830632601389,1.6519830632601389
11177.0,6.5,26.5,7.7,56.4,8.6,0.8,0.64,,92.1,former,male,5.2,1.9889818043752423,1.9889818043752423
14108.0,6.4,29.2,8.8,57.3,4.0,0.8,0.21,26.67,85.9,never,female,5.2,0.9272109233817328,0.9272109233817328
20994.0,5.7,44.7,9.0,42.0,3.8,0.6,0.21,30.3,102.3,current,female,5.3,0.6012562636165902,0.6012562636165902
17766.0,5.8,20.4,11.7,65.8,1.7,0.5,0.1,24.05,92.1,never,male,6.2,0.7870438750256592,0.7870438750256592
14237.0,6.6,20.0,7.6,71.0,0.9,0.5,1.01,20.38,82.3,never,female,5.3,0.96064062281344,0.96064062281344
18854.0,4.1,41.3,7.8,47.0,3.4,0.4,0.01,19.73,66.7,current,female,5.1,0.0434769432027353,0.0434769432027353
12858.0,7.4,18.4,7.0,68.7,5.8,0.1,0.24,29.2,110.7,former,female,5.2,1.8627270060960088,1.8627270060960088
15569.0,6.2,31.1,8.6,57.8,2.3,0.2,1.14,47.76,111.4,never,female,5.0,1.063984220126978,-1.063984220126978
16037.0,3.2,26.6,11.6,54.7,6.9,0.2,0.1,,,never,male,5.9,2.22449961284237,2.22449961284237
11277.0,6.7,37.3,8.1,51.8,2.5,0.4,0.14,28.41,105.0,never,male,5.6,2.201672330564743,2.201672330564743
20851.0,9.7,18.3,4.9,74.7,2.0,0.1,1.09,22.63,76.3,never,female,6.1,2.0302016053922047,2.0302016053922047
15617.0,6.9,29.5,8.5,59.7,2.0,0.3,0.18,32.02,101.4,never,male,7.2,1.2433850913224067,1.2433850913224067
12860.0,3.4,52.1,9.6,36.9,1.2,0.3,0.02,23.51,79.9,never,female,5.2,0.1042508080223278,0.1042508080223278
12268.0,4.6,40.1,10.9,45.8,2.3,1.0,0.14,32.42,109.0,former,male,6.1,0.2914156170826452,-0.2914156170826452
11490.0,4.7,48.0,6.1,43.3,1.9,0.8,0.31,31.36,99.4,never,female,5.6,0.8893340912316525,0.8893340912316525
11600.0,8.1,21.3,6.9,66.9,4.6,0.4,0.83,,112.3,never,female,6.6,2.0431132068873694,2.0431132068873694
20745.0,7.6,25.7,6.5,65.8,1.5,0.5,0.43,37.1,125.5,former,male,6.0,2.155148229343897,2.155148229343897
14474.0,5.5,31.0,9.1,52.5,6.4,0.9,0.03,24.8,105.0,former,male,5.8,2.6896908805266104,2.6896908805266104
17631.0,13.7,8.0,1.3,89.6,0.6,0.4,0.22,33.99,116.5,former,female,5.9,1.1082407013393718,1.1082407013393718
14975.0,9.7,26.9,6.4,65.3,0.9,0.6,0.62,26.86,85.8,never,female,6.0,0.3603296608514803,0.3603296608514803
10398.0,4.4,19.8,8.8,67.9,2.6,0.9,0.1,30.08,101.3,never,female,5.3,0.954494796115963,0.954494796115963
14288.0,4.6,65.4,4.3,28.2,1.9,0.2,0.51,25.91,87.2,never,female,5.8,1.8805905832322096,1.8805905832322096
12994.0,8.6,16.2,6.9,74.1,1.8,1.0,1.14,30.05,88.0,former,female,5.7,1.1126948338723113,1.1126948338723113
20299.0,7.2,28.7,9.1,59.4,2.3,0.5,0.1,26.02,96.1,never,female,5.2,0.7203519893358095,0.7203519893358095
10007.0,6.0,20.8,12.4,65.0,1.5,0.3,0.08,26.57,89.6,never,female,8.9,2.4308210414643394,2.4308210414643394
16539.0,4.7,44.3,6.0,46.8,2.3,0.6,0.04,26.11,85.5,current,male,6.0,0.1071550403131564,-0.1071550403131564
18122.0,4.9,56.9,8.1,31.1,3.4,0.5,0.52,36.66,109.7,never,female,5.4,0.7639467449675399,-0.7639467449675399
10429.0,5.1,24.8,7.5,66.7,0.8,0.4,0.05,29.1,102.6,former,male,5.3,0.0043912844284319,-0.0043912844284319
18693.0,5.7,41.0,7.6,46.0,4.9,0.5,0.12,21.63,71.5,current,female,5.2,3.1969461459461295,3.1969461459461295
11664.0,6.9,32.9,7.0,57.7,1.8,0.6,0.09,25.74,105.2,former,male,5.8,2.6486358382106197,2.6486358382106197
14676.0,4.4,32.7,9.4,55.6,1.2,1.2,0.02,23.97,92.4,never,male,5.2,1.3868271258052982,1.3868271258052982
15076.0,5.6,26.3,7.2,61.7,4.3,0.6,0.22,31.94,116.1,never,male,8.5,1.9002522096381589,1.9002522096381589
15051.0,8.5,27.1,6.6,64.6,1.2,0.5,0.14,28.17,100.9,former,female,7.5,0.5021612609066002,0.5021612609066002
18592.0,8.0,31.7,5.4,61.6,0.8,0.5,0.61,19.67,74.5,never,female,5.2,0.8457400186604657,0.8457400186604657
17637.0,5.6,28.8,7.9,55.1,6.8,1.5,0.17,29.39,99.3,former,male,6.4,0.2623595690385967,-0.2623595690385967
17961.0,6.6,21.6,9.5,67.1,1.3,0.6,0.03,19.64,77.5,never,male,5.2,0.3299024963518706,0.3299024963518706
15646.0,10.2,19.4,7.2,71.2,1.5,0.9,1.83,21.84,88.5,current,female,5.2,1.950084089692352,1.950084089692352
15348.0,8.6,22.8,8.4,64.3,4.1,0.6,0.22,33.87,106.9,former,male,5.8,0.676943974879959,0.676943974879959
14784.0,6.4,34.4,4.3,59.7,1.2,0.4,0.4,29.74,84.1,former,female,5.3,1.1906896468193937,1.1906896468193937
20001.0,6.1,40.0,9.1,48.0,2.2,0.7,1.62,,97.7,former,female,5.6,2.1556724818980846,2.1556724818980846
10219.0,5.6,43.3,9.9,37.0,9.1,0.6,1.22,26.55,90.8,never,female,5.6,0.2274359303655131,-0.2274359303655131
10522.0,10.0,19.1,11.1,64.9,4.0,1.0,0.46,31.09,115.4,former,male,5.6,2.212965834191355,2.212965834191355
18501.0,8.9,36.0,5.6,54.7,3.1,0.5,0.12,24.66,78.8,former,female,5.5,0.8526453139605569,0.8526453139605569
19094.0,10.0,31.3,5.9,61.1,1.0,0.8,0.14,21.14,80.8,never,female,5.4,0.1637375922241235,-0.1637375922241235
18200.0,5.6,23.0,9.5,60.5,6.3,0.8,1.0,,,former,male,5.4,1.536171808011684,1.536171808011684
10704.0,4.9,31.9,7.8,54.7,4.6,1.0,0.32,21.97,86.8,never,male,5.0,1.1360742350574105,1.1360742350574105
11663.0,4.4,39.8,8.1,50.8,0.8,0.4,0.05,30.34,99.5,never,male,5.7,0.0912037948304389,0.0912037948304389
18988.0,7.3,20.3,7.8,68.1,3.4,0.4,3.64,29.25,115.5,former,female,7.9,2.87517138033439,2.87517138033439
15403.0,6.3,35.0,6.9,54.9,2.0,1.2,0.15,29.48,105.5,never,male,6.1,0.929891169448998,0.929891169448998
18305.0,6.6,42.1,8.0,45.5,3.9,0.6,0.08,24.02,82.2,never,female,5.6,0.3576656685290351,0.3576656685290351
10806.0,8.8,43.1,5.7,49.3,1.2,0.7,0.01,21.97,83.2,current,female,5.7,1.4313019563354752,1.4313019563354752
17867.0,8.2,21.7,8.6,65.2,3.8,0.6,0.48,22.54,99.4,never,female,5.1,1.2627332639454691,1.2627332639454691
10517.0,6.9,13.0,6.3,79.2,1.6,5.397605346934028e-79,0.15,36.74,110.3,never,female,5.2,0.1681215540061131,-0.1681215540061131
13066.0,5.4,26.5,9.6,61.7,1.7,0.6,0.14,35.34,110.7,never,female,5.3,1.1007554791601777,1.1007554791601777
18016.0,8.8,29.8,7.8,61.1,0.9,0.5,0.54,23.24,84.8,never,female,5.5,0.2208518773962275,0.2208518773962275
12655.0,5.0,57.0,6.6,34.3,1.7,0.5,0.39,25.57,93.2,never,female,5.9,2.746421970731954,2.746421970731954
17232.0,7.8,29.9,7.5,60.9,0.9,0.8,0.18,38.35,126.1,never,male,5.5,1.2181002424740135,1.2181002424740135
10373.0,9.1,35.8,8.9,38.4,15.6,1.2,0.18,28.94,94.0,former,female,5.8,0.0868295088021029,0.0868295088021029
15482.0,7.5,34.0,7.2,55.7,3.0,0.3,0.05,29.98,111.9,never,male,5.3,1.4126488331585143,1.4126488331585143
17918.0,8.3,14.9,8.3,74.9,1.3,0.6,2.33,,91.8,never,male,5.4,2.003373479715397,2.003373479715397
13562.0,8.0,26.3,6.6,64.5,2.4,0.2,0.07,27.3,99.4,former,female,6.5,1.943239006366684,1.943239006366684
10719.0,5.1,30.3,10.3,55.3,3.9,0.2,0.51,27.77,108.0,never,male,5.3,1.0654290892932854,1.0654290892932854
14520.0,6.8,27.2,10.1,59.9,2.3,0.6,0.2,31.79,99.2,current,female,6.1,2.0112391525482742,2.0112391525482742
19340.0,8.2,17.7,7.2,72.2,2.3,0.6,0.59,35.8,105.8,former,female,6.1,1.9348118388949835,1.9348118388949835
15315.0,3.7,50.2,13.2,32.7,3.1,0.9,0.04,29.24,111.4,never,male,6.1,1.2200049567234728,1.2200049567234728
10098.0,4.6,28.6,5.5,63.9,2.1,5.397605346934028e-79,0.75,,,never,female,5.7,0.4578349438369886,0.4578349438369886
16038.0,5.4,25.8,12.0,58.5,3.1,0.8,0.09,32.64,116.4,former,male,7.6,1.1705732192551277,1.1705732192551277
13883.0,5.1,27.2,9.1,61.1,2.2,0.4,0.52,22.1,87.0,never,female,5.5,2.0532103005082285,2.0532103005082285
15379.0,5.9,50.9,5.3,43.0,0.4,0.3,0.12,24.85,93.2,never,female,5.8,0.2329882330597765,-0.2329882330597765
12369.0,8.1,28.8,9.6,58.7,2.6,0.3,0.65,46.5,113.0,current,female,5.5,1.1649325980170966,1.1649325980170966
20697.0,7.6,28.1,5.9,64.3,1.2,0.4,0.32,19.95,67.8,never,female,5.4,0.0484114701770503,0.0484114701770503
17813.0,8.4,42.4,7.3,47.7,1.8,0.8,0.25,28.21,100.2,never,female,9.0,1.4672829725554275,1.4672829725554275
17884.0,9.1,31.6,6.1,53.4,8.5,0.4,4.98,43.47,115.0,never,female,5.2,1.0286560163226015,1.0286560163226015
12322.0,9.9,14.6,3.2,81.9,0.4,5.397605346934028e-79,0.5,41.94,117.0,never,female,7.5,0.2408576635823964,0.2408576635823964
20306.0,9.5,25.6,7.5,64.8,1.7,0.4,0.44,28.63,96.4,current,female,4.8,1.9777575377390348,1.9777575377390348
10269.0,5.9,25.4,9.1,64.1,1.2,0.2,0.01,17.88,72.8,current,male,5.3,2.8261698477674218,2.8261698477674218
18929.0,4.2,45.9,5.9,45.6,1.9,0.6,0.05,23.6,87.7,never,female,5.1,0.016723655097157,0.016723655097157
14112.0,6.9,22.0,7.3,65.1,4.7,1.0,0.12,29.83,111.4,never,male,5.3,2.2941214470584343,2.2941214470584343
20238.0,10.1,25.8,5.8,67.4,0.3,0.7,0.1,32.58,104.3,current,female,9.4,2.0338328950251863,2.0338328950251863
13604.0,5.2,30.3,10.3,53.7,4.7,1.1,0.2,26.02,73.8,never,female,5.4,2.1597444166992017,2.1597444166992017
13665.0,5.4,30.6,7.7,56.1,4.9,0.6,0.03,20.48,78.7,former,male,5.7,1.0132329562079367,1.0132329562079367
18217.0,4.2,42.1,13.9,37.8,5.8,0.4,0.08,36.26,120.3,,male,6.9,0.5604137604089949,0.5604137604089949
11384.0,5.1,43.3,6.6,44.5,3.8,1.8,0.09,26.06,94.1,current,female,6.8,2.2455310552814347,2.2455310552814347
12352.0,7.5,29.4,8.0,59.9,2.2,0.6,0.44,30.95,107.0,current,male,5.9,1.658183181815994,1.658183181815994
18115.0,8.3,39.1,6.6,51.7,2.2,0.4,0.39,21.2,85.7,current,female,5.2,1.7416796857019718,1.7416796857019718
18220.0,8.4,16.5,9.0,69.7,4.3,0.6,0.17,18.83,76.1,never,female,5.6,0.8512366457729317,0.8512366457729317
13765.0,7.9,26.8,8.4,62.2,1.7,0.9,0.99,22.25,81.5,never,female,5.5,1.403321447167555,1.403321447167555
10277.0,5.9,29.8,12.0,55.3,2.2,0.8,0.23,30.45,96.3,never,male,6.2,2.1969267131835712,2.1969267131835712
20530.0,6.9,33.3,9.6,52.6,3.8,0.8,0.15,33.49,114.5,former,male,5.8,1.2661591335902478,1.2661591335902478
18271.0,10.0,28.2,8.9,61.1,1.6,0.3,0.14,24.48,86.9,never,female,5.7,1.5909501290811474,1.5909501290811474
14259.0,4.4,35.7,8.6,53.8,1.2,0.8,1.12,32.56,105.6,never,female,7.0,1.3272302798105309,1.3272302798105309
11820.0,6.7,51.6,10.8,32.1,5.3,0.4,0.04,44.11,136.6,former,male,5.4,1.4871862026332956,1.4871862026332956
17446.0,9.1,22.7,7.5,67.0,2.3,0.6,1.03,22.61,85.6,former,male,5.5,1.108934133874874,1.108934133874874
14279.0,10.8,37.0,6.9,49.8,5.3,0.9,0.26,23.25,77.8,never,female,5.4,1.2365890951083678,1.2365890951083678
18919.0,4.4,39.2,9.1,48.1,2.4,1.2,0.21,28.44,94.3,former,female,5.5,0.3148849957652648,0.3148849957652648
10576.0,6.6,15.4,10.1,69.1,5.0,0.4,1.7,33.03,113.6,former,female,7.6,1.0518106991990237,1.0518106991990237
20326.0,5.1,39.0,6.9,47.0,5.9,1.2,0.77,28.77,99.6,never,male,6.0,0.4667722087586601,0.4667722087586601
18299.0,5.3,40.7,10.3,47.0,1.7,0.3,0.73,34.2,104.5,never,female,7.4,0.6440496627574646,0.6440496627574646
20440.0,4.9,34.0,9.0,53.0,3.3,0.8,0.05,25.82,90.9,never,male,5.2,2.45367406217572,2.45367406217572
20621.0,8.1,25.4,7.8,65.1,1.3,0.6,0.15,28.5,99.2,never,female,5.7,2.463571864691384,2.463571864691384
17409.0,6.7,44.7,9.2,39.2,6.3,0.6,0.71,31.53,108.0,former,male,6.0,2.667892372218876,2.667892372218876
19349.0,5.1,46.6,6.6,43.1,3.1,0.7,0.09,29.74,92.7,never,female,5.5,0.8338864829911454,-0.8338864829911454
15503.0,4.5,29.6,12.2,54.7,2.7,0.8,0.07,,96.4,never,female,4.7,2.3011211271248295,2.3011211271248295
20316.0,7.8,32.9,10.9,52.8,2.8,0.5,0.25,38.17,122.4,never,female,6.0,1.7541581542461864,1.7541581542461864
13338.0,10.6,8.1,10.7,75.0,6.3,5.397605346934028e-79,4.28,,103.7,never,male,6.7,0.803735273157433,0.803735273157433
16021.0,8.8,31.3,9.5,54.7,3.8,0.8,0.19,35.84,115.5,former,female,8.5,0.9959032537440308,0.9959032537440308
18114.0,4.6,18.5,11.4,64.7,4.5,0.9,0.89,19.0,76.0,former,female,5.0,2.653003969606619,2.653003969606619
20422.0,4.1,49.6,12.4,34.7,2.9,0.5,0.14,27.8,86.6,never,female,5.6,1.5256690804022808,1.5256690804022808
13502.0,4.6,43.7,9.5,42.7,3.1,1.0,0.42,26.21,96.0,current,male,4.9,0.2972771055117491,0.2972771055117491
20064.0,5.9,21.2,6.8,70.0,1.5,0.6,0.05,27.19,100.1,never,male,6.9,1.9892075828663427,1.9892075828663427
18109.0,7.6,35.8,10.0,52.5,1.2,0.6,0.3,26.4,97.4,current,female,5.7,1.4922226169552872,1.4922226169552872
19665.0,5.1,16.9,12.4,69.2,0.8,0.9,0.86,26.73,99.7,former,male,5.2,1.6187360806119138,1.6187360806119138
12796.0,3.0,31.8,12.5,51.3,4.1,0.3,0.18,21.9,79.9,former,male,4.9,2.8052239110606676,2.8052239110606676
14453.0,4.9,41.6,8.8,47.6,1.7,0.4,0.19,27.91,100.8,never,female,5.4,1.217760761133788,1.217760761133788
10090.0,8.2,31.5,3.5,63.2,1.5,0.4,1.12,46.69,128.3,never,female,5.7,0.9558167295026608,0.9558167295026608
16146.0,5.3,23.4,13.0,59.6,3.8,0.2,0.41,29.44,109.0,former,male,5.8,3.7545381827948825,3.7545381827948825
10524.0,3.4,48.8,9.7,38.1,2.8,0.6,0.29,28.61,105.5,former,male,5.6,0.2666688913108475,0.2666688913108475
15694.0,7.1,24.9,9.6,62.2,2.7,0.7,0.04,26.41,99.9,former,male,5.6,2.0722258459629304,2.0722258459629304
20933.0,3.6,25.3,10.8,56.8,6.1,1.2,0.01,,105.9,former,male,8.0,2.5029181443907347,2.5029181443907347
19761.0,5.5,49.4,8.5,37.7,2.8,1.7,0.12,38.65,116.5,former,female,6.6,0.8007052470103653,0.8007052470103653
15815.0,4.4,40.5,6.5,47.5,4.6,1.0,0.12,26.16,86.2,never,female,6.0,1.5315533948713576,1.5315533948713576
16205.0,7.1,31.7,7.6,58.2,2.2,0.4,0.2,24.98,93.5,former,female,5.8,1.861451199931196,1.861451199931196
17034.0,6.2,23.2,9.1,62.6,4.1,1.0,0.73,26.11,90.6,never,female,5.6,1.4094754603172923,1.4094754603172923
18889.0,7.1,30.4,5.7,61.2,1.8,0.9,0.18,35.82,100.1,never,female,5.7,2.080199811913809,2.080199811913809
18361.0,9.8,31.7,8.0,56.1,3.3,0.9,0.47,,,never,female,5.8,1.5120273209909767,1.5120273209909767
11422.0,6.4,37.3,5.2,50.1,7.1,0.4,0.1,31.54,107.6,current,female,5.4,1.628235288417479,1.628235288417479
13489.0,4.6,33.8,14.5,48.8,2.3,0.6,0.68,,108.0,never,female,5.9,1.112412870790698,1.112412870790698
14097.0,5.8,44.4,10.4,41.3,2.8,1.1,1.77,26.67,95.1,former,male,5.9,1.1581544680161509,1.1581544680161509
17829.0,7.8,17.6,9.1,67.4,5.7,0.2,0.1,26.39,93.5,former,male,5.1,2.0634839671916696,2.0634839671916696
15241.0,4.8,26.7,6.3,63.4,2.8,0.9,0.03,37.37,132.7,never,male,4.8,2.219556235695568,2.219556235695568
11725.0,8.6,30.5,7.8,57.2,4.1,0.4,0.36,26.76,94.7,current,male,5.3,3.373584043688187,3.373584043688187
14079.0,8.9,15.6,6.8,75.3,2.0,0.4,0.56,,111.0,former,female,5.2,1.5618010533634683,1.5618010533634683
11098.0,8.4,42.3,7.8,45.2,4.0,0.7,1.36,35.47,106.7,never,female,6.6,1.322900323847782,-1.322900323847782
10848.0,3.4,56.0,9.7,30.5,2.9,0.9,0.16,,104.4,former,male,6.2,1.767771886087904,1.767771886087904
13814.0,7.4,39.2,7.3,49.5,3.4,0.6,1.17,34.2,97.5,never,female,6.0,1.9637552054385892,1.9637552054385892
17260.0,5.7,60.9,5.4,24.9,8.1,0.7,0.03,33.62,118.6,former,male,5.8,5.5520524178588895,5.5520524178588895
13207.0,6.4,28.4,8.5,60.5,1.9,0.7,0.41,33.2,101.8,former,female,5.3,3.098279649222347,3.098279649222347
10519.0,4.7,29.9,8.1,58.8,2.8,0.4,0.17,21.37,84.9,never,male,5.3,4.160905393555783,4.160905393555783
13241.0,6.1,38.0,9.7,50.6,1.5,0.2,0.26,28.7,94.5,never,female,5.7,0.2499636767380311,-0.2499636767380311
18173.0,7.3,28.5,7.6,59.4,4.1,0.4,0.27,22.67,80.2,current,female,5.1,2.1194718409593736,2.1194718409593736
17804.0,9.4,13.3,6.2,77.4,3.1,0.2,0.87,31.08,111.1,former,male,5.4,1.96176391237853,1.96176391237853
19776.0,6.1,31.6,11.0,54.5,1.9,1.0,0.45,28.88,105.5,never,female,5.5,2.947701193455217,2.947701193455217
18992.0,6.8,31.7,14.5,50.5,2.9,0.4,0.23,31.8,116.3,current,male,5.9,3.204755635752417,3.204755635752417
10057.0,9.8,40.6,8.4,48.9,1.1,1.0,0.29,32.73,107.6,former,female,5.4,4.048201099463709,4.048201099463709
18213.0,5.4,29.7,10.4,56.6,2.8,0.6,0.6,35.4,100.5,never,female,5.8,2.293383524735378,2.293383524735378
12659.0,4.6,37.1,8.4,52.1,1.7,0.7,0.03,23.08,75.9,former,female,5.2,3.0102665301494835,3.0102665301494835
14968.0,4.7,27.1,9.5,61.3,1.9,0.2,0.04,25.25,84.2,never,male,5.3,3.9153621483732586,3.9153621483732586
15310.0,5.8,20.0,7.8,70.9,1.2,0.3,0.1,22.69,90.0,never,male,5.3,4.244752718790595,4.244752718790595
12960.0,6.9,23.1,7.5,67.4,1.1,0.9,0.48,33.19,108.7,current,female,6.0,4.9847840214916515,4.9847840214916515
10449.0,6.8,17.7,9.0,67.2,5.8,0.3,1.68,27.0,97.6,former,male,4.4,5.11936685391807,5.11936685391807
