SEQN,TELOSTD,TELO_CV
2084.0,0.0274996225992,0.0706320126498259
6445.0,0.0189151147048,0.043659307463511
5363.0,0.0410102160122,0.0925126969943366
8606.0,0.0468386458093,0.1053862970606959
5843.0,0.015954447776,0.0352167360377511
963.0,0.0463729145967,0.0997041267852571
5411.0,0.0434225986459,0.0921226692910784
626.0,0.0441365360049,0.0925365347774676
9173.0,0.0304783333013,0.0638309768504121
9370.0,0.0197721340606,0.0412784347540218
6962.0,0.0455637174565,0.0912799929351115
7734.0,0.152196541512,0.3030432441485396
4721.0,0.036008481793,0.0709164142409999
8628.0,0.0331934390177,0.0649791753100587
8289.0,0.0278926801667,0.0538115357289644
7796.0,0.0207639685022,0.0398413442478704
1141.0,0.0488503052021,0.093156564966756
4812.0,0.0248175490716,0.0472879200113756
3999.0,0.0300591991089,0.0572189112011003
3668.0,0.0173518402278,0.0330116675854285
2102.0,0.0318225016881,0.0602478022520796
2190.0,0.0426321307615,0.0805613793071115
8953.0,0.0201504712249,0.0374652537569388
9090.0,0.0497991786638,0.0924534899388619
4045.0,0.0234887955141,0.043427184050043
8604.0,0.03480741029,0.0642878983959141
2488.0,0.0124959351413,0.0230484366983715
9246.0,0.0206554551897,0.0380962638078551
6300.0,0.0232436845459,0.0427365026717478
7456.0,0.0568557821003,0.1041126715850191
5884.0,0.0288975768552,0.0527383310868742
7487.0,0.0511112418713,0.0932678188689531
8947.0,0.035083713271,0.0638033552353633
6414.0,0.0182834228804,0.0332150524456256
4229.0,0.0231990296281,0.0419250117170162
4840.0,0.0427962845149,0.0773088740286663
8727.0,0.0438803235077,0.0791202898884834
865.0,0.0313635150397,0.0565079509908499
4472.0,0.0279326250325,0.0501405180392604
8239.0,0.0220233270097,0.0395085378325794
6944.0,0.033077281272,0.0592543087620367
6912.0,0.0365144047469,0.0652830831231204
9597.0,0.0420007205224,0.0748512528942188
3466.0,0.038039819097,0.0676651904667384
211.0,0.0511129384702,0.0908879144211602
9530.0,0.0809893591053,0.1437150537844412
8918.0,0.0342864255872,0.0603707474987857
3743.0,0.0200341728666,0.0352255395138303
5432.0,0.0318430021232,0.0559491092434774
9915.0,0.0396984009788,0.069542613731124
3116.0,0.0275878405243,0.0483047413468353
2531.0,0.0405472822215,0.0708867404417348
7276.0,0.028706646256,0.0500466675318805
5463.0,0.0270132366858,0.0470574458093079
8731.0,0.0282202392201,0.0491439618462015
4303.0,0.0363946253874,0.0633643422677514
1919.0,0.02354403938,0.0409399296973332
2790.0,0.0188652394624,0.032710176937053
8108.0,0.0231233906643,0.0400618552969428
9625.0,0.0427544411818,0.0738417320417772
4122.0,0.024435345027,0.0421200378638666
3275.0,0.0494047428618,0.0850436975437626
7792.0,0.0534659472802,0.0919870710546437
2184.0,0.033999456153,0.0583043105635479
2231.0,0.0460294352494,0.078853682559973
374.0,0.0368192900843,0.0629619722694519
7497.0,0.031207257441,0.0533548819728849
3482.0,0.0163954946957,0.02797695557367
293.0,0.0350411903375,0.0597712804684106
8337.0,0.0360877421449,0.0613595716251936
5533.0,0.0294914865888,0.0500382690786814
5139.0,0.0461397164542,0.0782092507990892
695.0,0.0627448863073,0.1062408668185634
6396.0,0.0765056821018,0.1293786382785432
2031.0,0.0546819135229,0.0923878707543611
5235.0,0.0362414024423,0.06120465737106
1623.0,0.0216026404244,0.0364512825593694
4338.0,0.032535186051,0.0548643291530576
4261.0,0.0290920292614,0.0490273246529418
2817.0,0.0500176314826,0.0841256497794536
6116.0,0.0292796063262,0.0492231313307491
93.0,0.0576272109047,0.096576168677306
5856.0,0.172172458936,0.2882685691022834
2723.0,0.0450984856624,0.0754231556539782
6990.0,0.0550445174005,0.0919426069750533
4419.0,0.031016715155,0.0517093759028128
136.0,0.0353080206864,0.0587990235946922
2548.0,0.0210867753982,0.0349279249336219
7301.0,0.0209288675641,0.0346243215571489
5479.0,0.0483181008283,0.0797175719547454
2947.0,0.0303827812432,0.0499717207772342
9042.0,0.020399083513,0.0335396310452214
1777.0,0.042155448808,0.0692787668557279
5302.0,0.0876947700319,0.1438341228201609
8174.0,0.0272687334748,0.0447214760659248
6703.0,0.0335409482026,0.0549908271329854
4390.0,0.0539367704587,0.0883883080925265
5792.0,0.0584045361684,0.0954390889930444
9819.0,0.0349188204782,0.0570177974385547
9648.0,0.191899784111,0.312326566253792
3786.0,0.0320932320098,0.0520815325099874
8412.0,0.0938495602496,0.1521065843967654
162.0,0.0297797623513,0.0482325874211002
9762.0,0.0265730141389,0.0429800158709505
4931.0,0.0606105172934,0.0979979913905361
5941.0,0.0334838574569,0.0540540254003483
2830.0,0.0194584526372,0.0314044482969597
813.0,0.0497948364205,0.0803559615950088
1473.0,0.0606575494277,0.0977590262143235
4823.0,0.0601650726388,0.0969177821587152
8497.0,0.01381473379,0.0222527697675304
1546.0,0.0252843554952,0.0406128069742489
2361.0,0.0362494483926,0.0581368715550386
8944.0,0.023117714396,0.0370371585122244
3305.0,0.0530198938903,0.0847917940166224
3412.0,0.0633581439871,0.1012753415680615
9207.0,0.0249838665447,0.0398744444041594
225.0,0.0546814643111,0.0869191612798256
4559.0,0.0560221655085,0.0890073981991469
6189.0,0.0556295330184,0.0880613655627889
7010.0,0.0348654630237,0.0551286236309021
5195.0,0.0579719695784,0.0915989013384924
2185.0,0.0736934412125,0.1163914932892382
1625.0,0.0281193560397,0.0443645769866996
5124.0,0.0592356687199,0.0931236478959088
9303.0,0.0300985379305,0.0473145352456169
6077.0,0.0371728341633,0.0584348581509627
160.0,0.0452310513638,0.0709272649385741
7042.0,0.0270963918215,0.0424020206037905
2571.0,0.0761089880988,0.1190979299589825
1846.0,0.0465127568411,0.0726693470064571
3221.0,0.0602386876311,0.0940777513596309
7741.0,0.0312371608477,0.0487654146522288
4446.0,0.0494173545626,0.0769933205207887
8971.0,0.0456966521463,0.0711727220327474
197.0,0.0112689925393,0.0175431050923188
2426.0,0.030051395786,0.0467551300073804
421.0,0.0423450858979,0.0658671349564241
4445.0,0.0412397878792,0.0641053452946993
3802.0,0.0378074996582,0.0587404958754523
3281.0,0.0341709793682,0.0530350733062074
2754.0,0.0563831313874,0.0874277246834892
3292.0,0.0627335960153,0.0972454356604659
5562.0,0.0421075645525,0.0652711811826693
1085.0,0.0336609851081,0.0521716829181851
8645.0,0.0306656036065,0.0475277271791259
8710.0,0.0297295247846,0.0459709093829546
6583.0,0.0497336308624,0.0768729984475637
4530.0,0.0277329927599,0.042866375788529
1897.0,0.0198613946272,0.0306389880090479
8068.0,0.0121531830862,0.0187058852209147
6736.0,0.0468517343552,0.0720946812206082
4508.0,0.0369702033086,0.0568599332441848
3575.0,0.0284139605459,0.0436926093047278
5136.0,0.0413116069449,0.0634281588151043
3570.0,0.0303958661766,0.046664433681601
6000.0,0.014236912527,0.02181300730725
5278.0,0.0651158494659,0.099708341782374
3436.0,0.0368265428428,0.056386001274493
1729.0,0.0515551342661,0.0787711664539311
4990.0,0.0432099413469,0.0660020854482922
477.0,0.0210682478072,0.0321724074962734
3748.0,0.0251674690014,0.0384304901342515
3946.0,0.0420168005368,0.0640980958155291
9818.0,0.036031874937,0.0548775612919833
2337.0,0.0487555627412,0.0742119041495212
4753.0,0.0419843590273,0.0638440770183835
1634.0,0.0594303168652,0.0902672956798611
6109.0,0.0619080247376,0.0938632614067504
4212.0,0.0644290379731,0.097620717024851
1244.0,0.0452466591655,0.0685270494194835
6352.0,0.0182956655821,0.027686067682039
1255.0,0.0434866230905,0.0657747236517884
5064.0,0.0374383333499,0.0564776533759612
1824.0,0.0492428814634,0.0742431043843065
266.0,0.0380112172614,0.0572396870307337
1351.0,0.0532837223247,0.080203851928347
424.0,0.0453409119506,0.0682379444650203
2701.0,0.0286776938826,0.0431181487054068
1652.0,0.0325659134239,0.0489212297372869
622.0,0.0308402405513,0.0463257343166884
7269.0,0.0392674419159,0.0589390471736792
8729.0,0.0167834579592,0.0251532465900079
6534.0,0.120232093237,0.1799967371667098
879.0,0.0416383199942999,0.0623073043747437
3356.0,0.0311750074717,0.0466030111311129
16.0,0.0297494283751,0.0444541615610672
3506.0,0.039389433878,0.058853991231832
6866.0,0.0566782573421,0.08468440107315
7531.0,0.0449114398022,0.0669919162986132
8139.0,0.0490993816134,0.0732112424481334
4101.0,0.0384169996992,0.0572478188867716
2973.0,0.0509177331374,0.0758614152763064
2948.0,0.0275360394035,0.041012276032659
7601.0,0.0489851578643,0.0728919207794955
4430.0,0.0293069649064,0.043582206524419
4130.0,0.0271748170439,0.040354331961539
1779.0,0.0448093671646,0.0664945685839129
8016.0,0.0260441904103,0.0386462993050895
6721.0,0.0744990038844,0.1105056024754931
8489.0,0.0370671694737,0.0549310254478823
2020.0,0.0406637084153,0.0601261837315828
392.0,0.043334950276,0.0640741254733429
9446.0,0.0376166368416,0.055584765091259
9840.0,0.0407542693168,0.0600845451524678
1045.0,0.0307236735516,0.0452919937270615
1021.0,0.070254394195,0.1032867223345504
9234.0,0.0228275196469,0.0335506853994601
8548.0,0.0448555126298,0.0659079188907819
3514.0,0.0293200654193,0.0429647325584426
7716.0,0.0483335184755,0.0708197027583334
7231.0,0.0257996894244,0.0378019981264816
2927.0,0.0318771858703,0.0466748641572435
7063.0,0.0384021094789,0.0561502989725295
6379.0,0.0350744160458,0.0512111608525456
2605.0,0.0220469106074,0.0321682645804599
2962.0,0.0453229523969,0.0660541468491838
351.0,0.0395899557216,0.0576972751971135
5706.0,0.0323416389453,0.0471065438837274
129.0,0.0430640806727,0.0626461508270043
9833.0,0.0363688041588,0.0529010497153006
402.0,0.0529352940235,0.0769647762116305
5322.0,0.0323195681146,0.0469326368242928
8408.0,0.0337723242359,0.0490417456687638
9424.0,0.0392872703862,0.0570003649280664
6867.0,0.0387940944567,0.0562808334341258
1171.0,0.0424914174587,0.0615908799756997
2416.0,0.00754701512857,0.0109288805962812
8769.0,0.0491063023347,0.0709628529741818
7312.0,0.0505765902329,0.0730731979733055
925.0,0.0295372718607,0.042529927554629
3035.0,0.0259222918332,0.0372007419949937
2732.0,0.0625803310282,0.0896653701794765
6270.0,0.0327004756575,0.0468422738858998
508.0,0.0430906551044,0.0617169938879247
3664.0,0.0378754902627,0.0542287738645915
1799.0,0.0497012797816,0.0711046177218484
3597.0,0.0475325152257,0.0678238835320284
7221.0,0.0413730429645,0.0589681924223327
8815.0,0.0350900163914,0.0500082583344848
8353.0,0.0344660215821,0.0490975427598977
8938.0,0.0537871674327,0.076423581403281
7244.0,0.0502092849297,0.0712570858067472
2940.0,0.0241773005674,0.034301295443574
8268.0,0.0589212902197,0.0835221894926309
5789.0,0.0488111411549,0.0691789154269429
9414.0,0.0350349318653,0.0496400895172039
7047.0,0.0463532067741,0.0656729786916019
332.0,0.0372991860854,0.0528433324187459
1283.0,0.0603445303474,0.0853238492675757
9544.0,0.0366715532092,0.0518221729106272
7991.0,0.0345011643442,0.0487348641055473
6845.0,0.0424760046661,0.0599992744595737
9113.0,0.0288522178753,0.0407171255182921
8230.0,0.0619021520009,0.0873509938611863
8496.0,0.0364953012137,0.0513684512970981
7267.0,0.0824682963957,0.1160181602449964
917.0,0.0812721032153,0.1142122840977203
7522.0,0.0415382704682,0.0583488583346427
9715.0,0.0533423750676,0.0747877314450416
8721.0,0.0469164644211,0.0656665119611827
8155.0,0.0890530760723,0.1246300975937056
1855.0,0.0210057934463,0.0293609459969569
7388.0,0.0378989544552,0.0529361248789277
9316.0,0.0502920329917,0.070191206302168
8697.0,0.059406115409,0.0829096548360212
2620.0,0.0550475751712,0.076714812650064
3849.0,0.0191554612229,0.0266933983581837
9720.0,0.0257358149743,0.0358046499330501
5009.0,0.0516535890452,0.0718018811893394
3333.0,0.0519361704427,0.0721788245932886
5882.0,0.0528021288474,0.0733084438382705
8939.0,0.0427468823102,0.0592887703685572
2265.0,0.0437602964843,0.0606461155336517
389.0,0.0576687956226,0.0798358533160342
3296.0,0.0329724936582,0.0455694171398621
3362.0,0.0430684432267,0.0595057652844525
4636.0,0.0314968065856,0.0434565805854285
4781.0,0.0407259747178,0.0561858118586812
5753.0,0.0244443756106,0.0337133403649441
1967.0,0.0544476582051,0.075062050472936
9822.0,0.0793787147562,0.1093101718492093
4941.0,0.02281275951,0.0314131946725491
1210.0,0.0376347198681,0.0518038846826539
981.0,0.0350561147916,0.048250891257474
6122.0,0.0469432070691,0.064611744342939
368.0,0.0329123648535,0.0452654829931664
4563.0,0.0642891772484,0.0883510376641259
5310.0,0.012180039114,0.0167382288280964
2014.0,0.0378350272005,0.0519678805657364
7295.0,0.0312485450598,0.0428065176069229
9931.0,0.0445702819985,0.0609910275024965
5964.0,0.0144480126797,0.0197638098235115
151.0,0.00449235553828,0.0061411417190212
6972.0,0.0594671503403,0.0812634036767076
8365.0,0.0546295210076,0.0746454295076152
5401.0,0.070952045858,0.0969072458688281
2864.0,0.0513589057271,0.0701332713390702
5520.0,0.0592094909559,0.0807822912176533
8189.0,0.0917600597595,0.1251778663557081
1873.0,0.0536108229445,0.0731150688696332
1659.0,0.0483050363065,0.0658765780085699
6682.0,0.0684486136383,0.0933463483156287
2762.0,0.041267857285,0.0561957064969891
8050.0,0.0224966301004,0.0306194129190474
2938.0,0.0787827501485,0.1072282212448902
9199.0,0.0471653197983,0.064147083984942
728.0,0.0402348809954,0.0547095268472448
876.0,0.0594525561949,0.0808302324617957
3652.0,0.0490716841933,0.0666975504257116
9532.0,0.0490488978447,0.066480216558431
2977.0,0.0548551293979,0.0743026191055517
9347.0,0.0329256997718,0.0445535871797452
5333.0,0.0473830417551,0.0641133277213958
690.0,0.0583152354146,0.0788576325323816
221.0,0.062454805053,0.0844093312052184
2045.0,0.150581347788,0.2034995363155369
8498.0,0.0374686817747,0.0505953222565301
3085.0,0.0467264076767,0.063089416699558
6025.0,0.048765271217,0.0658165979630316
1861.0,0.0305698189161,0.0411674498259177
3890.0,0.0378844111687,0.0510021301936168
1825.0,0.0257409194679,0.0346421085276441
7767.0,0.0527497471809,0.0709860149178954
403.0,0.0428973215009,0.0576954957091136
3141.0,0.0515970211325,0.0693726174648426
2451.0,0.064792352437,0.0870981311005963
4644.0,0.0287885188268,0.0386765169636405
3915.0,0.0430022698786,0.0577666146606474
8777.0,0.0312704585323,0.041987571146561
7554.0,0.0373174397591,0.0500998133273465
4863.0,0.0261354770385,0.0350466754904377
7578.0,0.0429582921832,0.0575443087410843
4396.0,0.0696627887629,0.0932767811034021
2897.0,0.0481132810104,0.06440933561904
6051.0,0.0412562584344,0.0552149224197454
7347.0,0.0237408331304,0.0317423845527101
1782.0,0.0556776122713,0.0743705629178771
2822.0,0.0302131036802,0.040347304286562
4853.0,0.0318277423938,0.0425027816952226
9599.0,0.0659553767445,0.0879854493596337
9087.0,0.0462927205352,0.0617369373390283
164.0,0.0604713002818,0.0805954566509888
5284.0,0.0375866927169,0.0500442676190942
1899.0,0.0294554279582,0.0392053651802165
6775.0,0.0742979557717,0.0988671077518131
2344.0,0.0498086150516,0.0662683927417015
5612.0,0.0489207905527,0.0650758576926904
5184.0,0.0379214474664,0.0503029678934651
8243.0,0.0483757912429,0.0640991341110322
9861.0,0.0625084001045,0.0827944774387819
999.0,0.0342553082679,0.0453481564613595
9187.0,0.0458538058196,0.0606784605024873
6557.0,0.0393795409774,0.0520763185825628
8299.0,0.0355760443109,0.0470335973420652
7393.0,0.0464512302962,0.0614072426467309
6256.0,0.0550104670719,0.0726910678069075
7634.0,0.0381735749535,0.0504376316690062
6938.0,0.0227093883833,0.0299939916875744
1695.0,0.0382766331595,0.0505380635012451
8734.0,0.0336773169965,0.0444565314248445
1305.0,0.0525343168959,0.0692466901768137
5198.0,0.0377018702965,0.0496946790415609
4497.0,0.034374808696,0.0452980233124923
5016.0,0.0519622557184,0.0684615545690125
5700.0,0.0582867903392,0.0767481773327375
9097.0,0.0346086013465,0.0455531555769125
4998.0,0.0312589329705,0.0411357131924241
9463.0,0.021441611045,0.0282045134946471
5452.0,0.0565378445009,0.0743294803520323
4399.0,0.0426018484539,0.0558157084512574
4525.0,0.0431162024361,0.0564596654467178
2912.0,0.0310916665671,0.0407121528843259
9550.0,0.0432165107346,0.0565742417010338
655.0,0.035379687419,0.0462923262788399
4316.0,0.0228018443235,0.0297915611364644
2702.0,0.0349877926047,0.0457117534102421
3695.0,0.0431388634468,0.0563395132088219
897.0,0.0368437521519,0.0481149677449786
8125.0,0.0516255909928,0.0674104487663732
5881.0,0.0488611544546,0.0637090721755177
875.0,0.0350196281086,0.0456137476323334
4096.0,0.0341073147413,0.0442872898530751
7265.0,0.0504978549613,0.0655502633177401
2929.0,0.0379027545893,0.0491629999775034
334.0,0.045740858886,0.0593077279161122
8610.0,0.0223565473271,0.0289833251776285
2617.0,0.0523516621186,0.0678569225678878
2061.0,0.0366418791441,0.0474805048657849
4255.0,0.0500811081681,0.0648906695798745
6673.0,0.0470035408635,0.0608569957257162
7936.0,0.0247678080852,0.0320640735340782
4952.0,0.0379696936644,0.0491525495729016
6565.0,0.0131896898107,0.0170650879239858
2037.0,0.0483196077223,0.0624645406749544
1442.0,0.0493141938389,0.0637299725739428
3089.0,0.0397018156097,0.0512476536321713
1945.0,0.0374042206746,0.048281468704843
1333.0,0.056921136585,0.0734596662960301
8861.0,0.0281411657437,0.0363147756455068
452.0,0.0714776310298,0.0921158139976482
8040.0,0.0264237486871,0.0340383194766441
7048.0,0.0555029841431,0.0714803064696279
3981.0,0.0370432647799,0.0476515688452515
7567.0,0.0274757830499,0.0353002609594686
9932.0,0.0600085573744,0.0770914827948379
6027.0,0.0374307800929,0.0480843913436809
8028.0,0.0293122972422,0.03762370467548
3750.0,0.0654379645799,0.083962433701238
5519.0,0.0412436801142,0.0528365428066585
8869.0,0.0369576258221,0.0473095033145398
94.0,0.0412340079299,0.0527557997219389
6610.0,0.0448815250421,0.0574200042416459
3408.0,0.0662324569915,0.0846904001728021
788.0,0.0236794470328,0.0302769723935085
9040.0,0.0325656285524,0.0416299614388118
4037.0,0.0664191639893,0.0848859124544784
1128.0,0.0519960811295,0.0664343876712592
2769.0,0.0272512463083,0.0348112420513308
7114.0,0.0974233938796,0.1243047160602739
7421.0,0.0419823700114,0.0535602331718328
9423.0,0.0408563610411,0.0520958897929375
2307.0,0.100629268832,0.1283051352708648
4574.0,0.0868892111803,0.1107482719404102
4868.0,0.0512704114095,0.0653139902884757
1901.0,0.0398580532224,0.0507614264973013
9925.0,0.030681999773,0.0390343344308199
8100.0,0.0251199635654,0.0319531705206323
2643.0,0.080497320903,0.1022303399939899
7946.0,0.0274137625091,0.034804769914446
2376.0,0.0415719235151,0.0526756375726903
5222.0,0.0352576552353,0.0446442698129434
257.0,0.0326270222542,0.0413079146136623
7761.0,0.0740570891327,0.0937603745853766
8535.0,0.0876261968382,0.1109246713292299
4974.0,0.100255289144,0.1269111336822565
7077.0,0.0460207115193,0.0582549792987145
4038.0,0.222774868208,0.2817267198725549
59.0,0.0322098279538,0.0407046085853042
287.0,0.0921876509086,0.1164470712424737
2342.0,0.0382438642342,0.0482967049984663
2068.0,0.0365591298654,0.0461595793930389
1430.0,0.0389803442912,0.0491873548179491
2429.0,0.0424533460327,0.0535686462922715
9256.0,0.140334635803,0.1770765877695072
8786.0,0.0583185884651,0.0735588113463927
1196.0,0.0519315961107,0.0654910598524493
5306.0,0.0284030334776,0.0358136004015873
6283.0,0.0431933999729,0.054401903541372
9117.0,0.0321973967657,0.0405204488635487
9369.0,0.0232131883585,0.0292093638861058
5076.0,0.0767699908997,0.096530295817279
9802.0,0.0446609656212,0.0561510964088938
6661.0,0.0215026655293,0.0270097167577248
9811.0,0.0366121701383,0.0459581648672398
8113.0,0.0444652109041,0.0558061704562852
3923.0,0.0621368890468,0.0779728455397084
9154.0,0.0290968373884,0.0364653122120325
6339.0,0.0772036923606,0.0967501847024941
3080.0,0.0164057353324,0.0205468556468186
8285.0,0.0601533509723,0.0753328066080017
1229.0,0.0516719159716,0.0646518940053392
4557.0,0.100533423403,0.1257461159970232
3545.0,0.0341763857629,0.0427170728124367
6896.0,0.0477328123215,0.0595984279414463
475.0,0.0393893009772,0.0491608722685841
6160.0,0.0735195952372,0.0916409236315012
2987.0,0.0684217139713,0.0852411464140345
954.0,0.0101871499289,0.0126899112786748
9194.0,0.0590344258667,0.0734758516588217
8470.0,0.0315950891047,0.0393169657529389
5878.0,0.0435148617781,0.0541408444385008
9331.0,0.0220845529398,0.0274604532404063
1400.0,0.0612520013144,0.0761164230909609
6094.0,0.0669573579969,0.0831996129916256
1000.0,0.0784414713467,0.0974147709934629
1721.0,0.0630186854631,0.0782568400871725
828.0,0.0468262002013,0.058145881147961
8541.0,0.0687253218519,0.0853287756083901
7713.0,0.103462286541,0.1284578908536715
4405.0,0.037764394314,0.0468214888662065
6140.0,0.0608070384864,0.0753335481036468
6904.0,0.0402274142504,0.049801878864445
800.0,0.0787726946796,0.0974946773546348
2458.0,0.0560274855712,0.0693028587702732
1629.0,0.0136987450612,0.0169429532855473
6222.0,0.0210686879347,0.026017436207401
3945.0,0.0420596772205,0.0519236326882048
8536.0,0.0464933596402,0.0573794785086165
3614.0,0.0601796521108,0.0742354095379854
907.0,0.0636071533352,0.0784336536621053
6299.0,0.122442575143,0.1509680840690369
1892.0,0.0130569330565,0.0160699297290824
9429.0,0.0559803991467,0.0688608057353682
2505.0,0.0940749136988,0.1156357485492657
1715.0,0.0454446015962,0.0558468669988038
7237.0,0.058789013303,0.0722313318822148
6183.0,0.0284248840643,0.0348786698506445
6148.0,0.0818201289531,0.1003560978164363
7087.0,0.0611201863554,0.074928710880886
8227.0,0.0530497057265,0.0649222794507494
6104.0,0.0648204941924,0.0792583215127952
7751.0,0.0466674250758,0.0570607113309057
3258.0,0.0351658282131,0.0429739089538292
2212.0,0.0614166121391,0.0750415466378265
1691.0,0.0577836848245,0.0705611524236791
458.0,0.0456009164425,0.0556511661773023
887.0,0.0606234423664,0.0739730800777691
8055.0,0.0383859068835,0.0468135078364405
7195.0,0.046932634786,0.0572093100651739
9908.0,0.0342709685052,0.041760767657791
9190.0,0.0234716347054,0.0285964703947349
9793.0,0.0401716457875,0.0488931026757427
6184.0,0.054455431746,0.0662436468468484
330.0,0.0408517401208,0.0496002275797014
2247.0,0.0723300973666,0.0877894470670359
551.0,0.115939315328,0.1407043220372378
273.0,0.0456525267278,0.0553990269679642
7927.0,0.0413885736345,0.0501984282632364
3344.0,0.073943345545,0.0896807753691328
6788.0,0.0544894861877,0.066046984440507
4621.0,0.0670291861898,0.0812456409886094
6287.0,0.0386668000544,0.0468635620769023
8120.0,0.0442328391659,0.0535894830030689
5862.0,0.16041987142,0.1942635746591706
7939.0,0.0192591847753,0.0233202026379776
3489.0,0.0318331491131,0.0385401479924795
7060.0,0.0277912027145,0.0336048941915139
7953.0,0.0294637720892,0.0356249064630166
1931.0,0.0327316262462,0.0395709418411794
3182.0,0.0567394388311,0.0685868120892179
3173.0,0.0982991427211,0.1183691827890553
1374.0,0.0414534228668,0.0499042361830427
1332.0,0.0391758716039,0.0471385272649146
1431.0,0.118450057299,0.1424431395273846
9735.0,0.0573354484657,0.0688771122802349
3382.0,0.0348220654042,0.04182287036738
3075.0,0.11427446508,0.1372358350504054
561.0,0.04524987662,0.0543258120090322
8466.0,0.0500096897372,0.0600233853797706
2816.0,0.0356526474796,0.0427857422545797
3350.0,0.0409292630218,0.0490832380882549
3914.0,0.0591169812843,0.0707917163004059
4964.0,0.044374413112,0.0531123944541373
9944.0,0.05373812976,0.0643143376923024
2934.0,0.0505871222459,0.0605165654883714
4571.0,0.0241777560861,0.0289131649378023
2168.0,0.0507488426717,0.0606832817065299
6956.0,0.0866057012854,0.1035542800384002
7525.0,0.0477690363984,0.0570522488797419
6121.0,0.0570530769144,0.0681265414849331
8864.0,0.0692047354541,0.08257373561437
4502.0,0.0585342163959,0.0698385713130877
2396.0,0.055281797448,0.0659575057457219
9091.0,0.0665076802696,0.0793305842678917
2162.0,0.0455061880366,0.0542698476544078
5309.0,0.0772936527145,0.09209962349166
1696.0,0.042945202001,0.0511208338262682
965.0,0.0418807675459,0.0498486559204271
5605.0,0.0234144146767,0.0278368441121266
1506.0,0.0920467097647,0.1094280607077448
5830.0,0.0611319042465,0.0726724860390252
3403.0,0.0716990025104,0.0852334928051478
5320.0,0.0460684924177,0.0547207076860256
6368.0,0.0252614052859,0.0300053357722928
8807.0,0.0693380816151,0.0823287131515546
5093.0,0.0995906148312,0.1181503717256283
1177.0,0.0652068607803,0.0773047478518737
1316.0,0.0710970856158,0.0842823676810717
5894.0,0.0632919320115,0.075022022655108
9826.0,0.0607680783861,0.0720042970394961
7982.0,0.0608510379578,0.0720145690754357
505.0,0.104174896002,0.1232469231183035
2008.0,0.0489988389402,0.0579149838478
6927.0,0.0521282654554,0.0616006989752136
6419.0,0.283015488028,0.3344412315228792
2053.0,0.0440882109388,0.0520712779723277
3757.0,0.0583563256376,0.0689196722917806
792.0,0.0440875690746,0.0520507493861737
1730.0,0.107177251358,0.126495915312258
3884.0,0.0957236200305,0.1129093248625832
6376.0,0.0589264834739,0.0694937054094134
8095.0,0.0461566548916,0.0543965276997322
6545.0,0.0526610174781,0.0618621387572615
5874.0,0.0589767723256,0.0692645923644584
1465.0,0.0280841128814,0.0329588374465876
3816.0,0.0497789004482,0.0584032900187619
4053.0,0.0211454063599,0.024798171386745
5248.0,0.0677101960672,0.0793953370905889
1571.0,0.0679595907237,0.0796446462589853
3894.0,0.0698906347188,0.0816933328939119
5265.0,0.0481170981059,0.0562200106177021
3234.0,0.0423221247375,0.0494210082774972
3462.0,0.0605013140318,0.0706470154812682
8248.0,0.0353237002671,0.0411853984004661
5434.0,0.0416130363745,0.0484654520225395
372.0,0.0549842356709,0.0639722519287827
2349.0,0.0749455015122,0.0871003621996542
4263.0,0.108183514042,0.1255527086163526
9011.0,0.0507711475172,0.058884500292357
4728.0,0.0538754641268,0.0624592571804194
8956.0,0.0539939686611,0.0625682706089624
7582.0,0.0769771833596,0.0890788380494943
6201.0,0.049357636247,0.0570525158587205
8017.0,0.0501138126064,0.0579238891569145
3785.0,0.0344816381603,0.0398108288918598
5608.0,0.0358215717231,0.0413561665101602
9459.0,0.0358106262805,0.0413267903437558
9381.0,0.0421156532551,0.0485910639667623
1805.0,0.137199667453,0.1581818330939802
889.0,0.0553212826617,0.0637236103621184
4988.0,0.0664700323293,0.0764716601118133
5984.0,0.0500305752158,0.0575321198327106
2825.0,0.0853332990944,0.09803773186477
4688.0,0.0607314270822,0.0696319694084032
6605.0,0.0969106845939,0.1110003074695684
3955.0,0.0702497886447,0.0804489176579425
8199.0,0.0269125825147,0.0308094389613312
3628.0,0.0680455373328,0.0778406443886997
4679.0,0.107401596101,0.1228549052728535
7371.0,0.0486220135748,0.0555966810192559
7521.0,0.0912099110425,0.104194342729418
9483.0,0.0429282849371,0.0490383103757101
3345.0,0.0444171617835,0.0507307580088439
3254.0,0.0683571337308,0.0780302940246735
2682.0,0.0804109394516,0.0917738196738426
5652.0,0.0739335849412,0.0843716518616385
4624.0,0.0632428680261,0.0720560115776749
6910.0,0.0774330839913,0.0881836657378861
1558.0,0.058742781128,0.0668760164359209
101.0,0.0666123408497,0.075827656338888
698.0,0.0251436290047,0.0285755734575127
2441.0,0.0517812963384,0.058846197350355
4581.0,0.1842562251,0.2093831609878116
4778.0,0.0315242156355,0.0357678777551892
4170.0,0.0451309928943,0.0512042910469532
6859.0,0.0817119369003,0.0926918653956231
8511.0,0.023775469938,0.0269697654781395
3273.0,0.062039308106,0.0703313608396076
1279.0,0.0579795499044,0.0657273148263515
2831.0,0.0979577901053,0.1109504399825508
7635.0,0.0724144977708,0.0819948038540309
5482.0,0.0656776795933,0.0742235409757373
2318.0,0.0583765723413,0.0659642375033124
4011.0,0.0672038265055,0.0758970950741773
6093.0,0.0596678336784,0.067373080281212
6976.0,0.0301645750521,0.0340221850111332
2432.0,0.054327441809,0.0612241694354983
3535.0,0.0423746022249,0.0477234592228877
2645.0,0.0374756720049,0.0422027983427332
55.0,0.0757073609,0.0852318625680172
4431.0,0.100758511394,0.1134268200143686
8475.0,0.0191693796516,0.0215677541578995
4995.0,0.0520712144099,0.0585606501647277
118.0,0.0359622595202,0.0403949122630844
2395.0,0.0420457910412,0.0471949712022872
6159.0,0.0294886462212,0.0330919637049338
6395.0,0.0484920934825,0.0544045994606727
5613.0,0.0480569582725,0.0538947625661379
5164.0,0.0887564927219,0.0995264246043552
5275.0,0.0463117703788,0.0519089588146509
1031.0,0.0937867568568,0.1050995918382657
7975.0,0.0477627583803,0.053511899868484
7947.0,0.02106965865,0.0235810300699421
8397.0,0.0546861995793,0.0612042357234988
4570.0,0.0331112870755,0.0370530670982273
4194.0,0.0328481413711,0.0367542025351792
8036.0,0.0765953811637,0.0856526157951556
1343.0,0.0411242846271,0.0459861749326085
5777.0,0.0786797905919,0.0879595435989366
8996.0,0.0483741092563,0.0540456489071525
7111.0,0.066455928258,0.0742236681304158
2546.0,0.0331832153714,0.0370573642274975
943.0,0.0323632670713,0.0361220847253425
5332.0,0.0211230516291,0.0235569670147313
2560.0,0.0391076368216,0.0435920126774152
7342.0,0.053658277425,0.0598064146034606
6957.0,0.0452316213631,0.0503955710997973
2103.0,0.0462555552257,0.0515136033037791
2195.0,0.084764186052,0.0942720749278919
3523.0,0.0401908611705,0.0446733908162363
7491.0,0.0751731557199,0.0834627981834204
6237.0,0.0513383660684,0.0569429876146077
6309.0,0.053680090296,0.0595339985732228
5842.0,0.0399154301715,0.0442298968094567
7557.0,0.0282162915431,0.0312558751339604
8382.0,0.0827919762091,0.0916871028214852
2696.0,0.0484384692315,0.0536362877155729
5761.0,0.0271024037014,0.0299828697804587
5229.0,0.0545851652401,0.0603860922961407
2601.0,0.0658340954908,0.0728118129791788
6738.0,0.0524318909882,0.0579510799126967
6167.0,0.029201700749,0.0322131739541572
9633.0,0.0459543336566,0.0506465929007305
1001.0,0.0436657621318,0.0481162082116288
7146.0,0.0552303713767,0.0608512962644679
5018.0,0.0386561521725,0.0425257093051859
9210.0,0.0419716891608,0.0461475129551201
6404.0,0.0613836721917,0.0674510512233503
5191.0,0.05344349948,0.0587071452608755
1561.0,0.114140932938,0.1253626014544067
908.0,0.0668675614507,0.0733980879827985
481.0,0.0560721043666,0.0614655826701375
7696.0,0.0364799188971,0.0399609182891079
469.0,0.0541895431141,0.0593571976841996
40.0,0.0672791965875,0.0736492175915671
7184.0,0.0616912275265,0.0675031930526074
1251.0,0.0400368936082,0.0437983975106891
3033.0,0.0152905441386,0.01671846182137
9912.0,0.0295342104227,0.0322896893638136
9152.0,0.0523432836953,0.0572180257182451
6213.0,0.031357224109,0.0342387193187581
7360.0,0.0529488870412,0.0578111073154374
1161.0,0.0674767619947,0.0736712078963419
2884.0,0.0617157054771,0.0673144416879605
7442.0,0.0596496154189,0.0650317358420646
4834.0,0.0507339909762,0.05531146582633
4803.0,0.0523248472595,0.0570275831670384
8514.0,0.0480576553133,0.0523638645317699
5321.0,0.0245990151274,0.0267987400961688
7566.0,0.135286866681,0.1472032579013786
7398.0,0.0605911272335,0.0658925423713358
7992.0,0.0403047105132,0.0438000004121728
6872.0,0.0573436549681,0.0622971268194329
6304.0,0.0657711314331,0.0713986101750462
5962.0,0.0547226684604,0.0593613300756479
9828.0,0.0568558076797,0.061655012410238
855.0,0.0404087061417,0.0438170289293879
9741.0,0.0154515322565,0.01675344141462
3730.0,0.0723728454886,0.0784489138337361
7471.0,0.0930123237086,0.1007246367540364
2819.0,0.0368703881486,0.0399209390227129
6999.0,0.110243613197,0.1193056266362296
1173.0,0.0742833237111,0.0803794171657014
5946.0,0.082981004747,0.0896924660564593
443.0,0.0468454800373,0.0506224362980784
5891.0,0.0757274783336,0.0817517503131309
4755.0,0.0576399089606,0.0621761917042128
9452.0,0.051029902431,0.0550247852059386
3450.0,0.0270020363536,0.0291104340058861
1987.0,0.035270104555,0.0380214232838926
2615.0,0.016274038843,0.0175401706514552
1822.0,0.0411055757087,0.0443019590213012
9286.0,0.0337571423259,0.0363648975516607
1638.0,0.0380635660929,0.0409524071067604
2678.0,0.0547908769574,0.058922083692271
7940.0,0.0578541649251,0.0621967471312987
5654.0,0.0286591911172,0.0307885231334909
2336.0,0.114100312416,0.1225428044012169
83.0,0.0568695599548,0.0608175808656895
6512.0,0.0133891350907,0.0143135674144448
1650.0,0.0714098374596,0.0762504541138178
7251.0,0.0672458383003,0.0717865761876821
3870.0,0.0698838244102,0.0745916907600993
2500.0,0.0813671860605,0.0868068065446835
6161.0,0.0521672621748,0.0556341483605369
2140.0,0.0986435971502,0.1051207184335312
8881.0,0.0979002666207,0.1041743712847889
4033.0,0.0959044370377,0.1020191526197227
3478.0,0.0226453198114,0.0240715155665797
6670.0,0.0754388910885,0.0801323289282924
9399.0,0.026568197039,0.0282064753609135
4049.0,0.0666000597224,0.0706555200487349
9668.0,0.0649507078444,0.0689028552341842
8618.0,0.0827449311072,0.0877701255429495
1534.0,0.0652502517297,0.0691363305800546
6147.0,0.0391266735467,0.0414563307471463
4614.0,0.0182190163759,0.0192808671915431
9099.0,0.0816209809309,0.0863275601668547
8910.0,0.0686604589973,0.0726142220337676
1030.0,0.0566564794252,0.0599097945819186
4273.0,0.0838307949489,0.0885669196669476
1295.0,0.0220261983911,0.0232688762365041
5936.0,0.0266786800358,0.0281635922923091
7848.0,0.0460507141547,0.0485857949160035
4669.0,0.0656125554664,0.0691719945307356
7085.0,0.0734091856498,0.0773763082834298
7758.0,0.0584537807497,0.0615890085617705
7985.0,0.0666980850028,0.0702198894215266
8852.0,0.0782105818016,0.0822251392237134
8099.0,0.0664869457646,0.0698792033591467
6373.0,0.0554599545802,0.0582803844631991
3886.0,0.0660709991045,0.0694128540680698
987.0,0.0856174722766,0.0899163438647917
4842.0,0.040950689676,0.0430043997541247
2529.0,0.0242378068187,0.0254459187698762
2326.0,0.0461215525774,0.0483934304095988
5230.0,0.0434456974562,0.045565662877416
8717.0,0.0575499894344,0.060334171972821
8501.0,0.0749861271254,0.0785932095845967
5341.0,0.0672750744501,0.0705018852821959
9937.0,0.0894437989662,0.0937151912341884
2139.0,0.00991011855234,0.0103771590972029
4461.0,0.0588458468005,0.0616066004146771
3711.0,0.0585467020919,0.0612857666767766
4078.0,0.0835773696892,0.0874321518000235
3547.0,0.049067883092,0.0513120603696195
9849.0,0.0407515660593,0.0425818838318815
5747.0,0.0584193257625,0.0610151614763789
8314.0,0.0543193054651,0.0567069620075894
6847.0,0.0895798953329,0.0934189955127776
5438.0,0.0358920863225,0.0373988686562893
1505.0,0.0703859224901,0.0733329497217767
531.0,0.0554543120225,0.0577632891901004
8573.0,0.0428746284045,0.0446568704114031
1058.0,0.0375660993462,0.0390865139999357
9511.0,0.0494400245173,0.0514333732064609
6518.0,0.0626642082836,0.0651816100467192
1682.0,0.0353737892432,0.0367945492548086
3215.0,0.0478504587672,0.0497628101631616
340.0,0.0524721363944,0.0545238618313312
4830.0,0.0473965623543,0.0492171353116376
6574.0,0.0848705660029,0.088122601817517
9809.0,0.0475624195501,0.0493763135347266
1394.0,0.0504888009231,0.0524047045626812
9096.0,0.0977449753078,0.1014419961106787
2709.0,0.0623181996116,0.0646424178727188
6303.0,0.0467498641615,0.0484521468076998
956.0,0.092222901549,0.0955598661675947
4199.0,0.0387640953142,0.0401627225128139
8485.0,0.0144899973989,0.0150104380615642
5924.0,0.0567045660297,0.0586738297072971
6173.0,0.0825003583059,0.0851978571837033
2798.0,0.0544422238371,0.0562218361166344
434.0,0.0589814979587,0.0609065788782699
9484.0,0.0496816807278,0.0512700971610327
2906.0,0.0558636740012,0.0576266818307963
5623.0,0.0643463619485,0.0663276668124912
807.0,0.0382092680086,0.0393628016768273
7984.0,0.0711082308485,0.0732384399552934
1851.0,0.0561064118104,0.0577487673137597
8033.0,0.0457055009939,0.0469425565009117
1268.0,0.0312511726573,0.0320441189128313
8780.0,0.0596053997237,0.0611069877344321
3265.0,0.0150001496683,0.0153751736749891
4119.0,0.0662401416442,0.0678572506762598
7823.0,0.0617497042051,0.0632244190023097
5127.0,0.00876871926964,0.0089775364013629
6247.0,0.0515926704466,0.0528188112822009
1865.0,0.0615938773018,0.0629159533628134
5144.0,0.051697214156,0.0527948544312785
6493.0,0.0725724449351,0.0741078514170718
858.0,0.0385221029731,0.0393340063267477
5396.0,0.0584719787345,0.0596897455891392
3583.0,0.0465588717166,0.0474576369541694
2105.0,0.0312215936081,0.0318169917380872
7576.0,0.0730777777529,0.0744339680786042
8743.0,0.0526624146108,0.0536380706788959
4260.0,0.0564983191474,0.0575238479028186
7861.0,0.0860275092853,0.0875361931568716
1189.0,0.0434053848257,0.0440625115533497
3893.0,0.075141986141,0.0760576923690459
6072.0,0.0292737526403,0.0296281753068228
627.0,0.0687453715602,0.0695673708946297
2992.0,0.0641081983094,0.0647217850527929
1296.0,0.0542901095342,0.0548081993681422
3960.0,0.115868624397,0.1169472752730088
2345.0,0.0680384340884,0.0686292061874678
7352.0,0.0304550820935,0.0306674642742308
9344.0,0.0650220835287,0.0654552455113806
6735.0,0.0387476064726,0.0390007124311388
9740.0,0.043778422151,0.0440300827695778
6618.0,0.0637279238021,0.0639504135385
232.0,0.0732569186681,0.0734895845580854
6472.0,0.0144272497932,0.0144722095446505
6954.0,0.0490899982347,0.0492298124648019
3930.0,0.0880140526872,0.0882346281773151
929.0,0.0798649883371,0.0799673234936173
7626.0,0.0551705794324,0.0550875042995707
2225.0,0.0642644958413,0.0641420759908643
5498.0,0.0880624957434,0.0878346285159544
8820.0,0.0385763893131,0.0384608080665223
9445.0,0.0494605641657,0.0493072449049457
9494.0,0.0490229173765,0.0488635487169056
1273.0,0.0402770205044,0.0400763908827
7071.0,0.0984018275704,0.0977958588106063
1684.0,0.0480209412908,0.0476905785210444
1978.0,0.0743532626892,0.0737838213501926
5787.0,0.0437998473781,0.0434520668361913
1765.0,0.0519476794737,0.0515043572881946
996.0,0.0372322300485,0.0368594259851441
9920.0,0.0702755650557,0.0695420694350694
9267.0,0.0591106335944,0.0584889988058549
46.0,0.0742581645893,0.0734446055964658
6390.0,0.0519999177003,0.0513994885782093
2850.0,0.0592687656265,0.0584046528702643
8376.0,0.0347095850024,0.0342021399310704
3098.0,0.0967734950598,0.0953101890587197
1119.0,0.0461686079843,0.0454534206941264
6922.0,0.0396284444022,0.0389954090323926
5002.0,0.0512102210258,0.0503625376240716
302.0,0.0552186864029,0.0542815576283488
8399.0,0.0423541960182,0.0415969579381382
6613.0,0.0681041435324,0.0668803956520161
130.0,0.0298123864039,0.0292627218134113
6294.0,0.0296481698852,0.0290886195142475
7886.0,0.0567929506986,0.0556723742137087
5961.0,0.0736502221107,0.0720667701632243
8093.0,0.0962055927857,0.094044609296652
8518.0,0.026712702327,0.026109177423952
1686.0,0.0878789175396,0.0858140357375207
761.0,0.0965055200627,0.094231256882555
328.0,0.0238868583495,0.0232914882870339
4385.0,0.0666183782569,0.0648642490117899
8854.0,0.066474146372,0.0646558201456028
2924.0,0.0662667346089,0.0644522713111668
5833.0,0.0475753342257,0.0462310572842762
5338.0,0.0869155265442,0.0844356584666831
1342.0,0.065086090043,0.0631960945888948
1798.0,0.00430925986671,0.0041823441737483
1464.0,0.0786639904159,0.076324382001823
2392.0,0.0805506624867,0.0781517147778713
267.0,0.0566394153059,0.0549237645751366
3559.0,0.100545465646,0.097438680138356
3293.0,0.0637254789629,0.0617504858134869
8638.0,0.0029036455351,0.0028116127028346
9749.0,0.0713213936563,0.0690436890200854
5461.0,0.0626041266895,0.0605980343694417
1035.0,0.029942175754,0.0289788738273624
861.0,0.0285805164012,0.0276263967535436
1555.0,0.0496080519217,0.0479410500331364
4075.0,0.0862003272002,0.0832772997758338
7230.0,0.0945250366173,0.091311490932534
3566.0,0.0171328940755,0.0165167006223976
998.0,0.0503053133494,0.0484741320849641
804.0,0.0920903215566,0.0886349207773093
8633.0,0.097342836237,0.0936536679038589
8737.0,0.0627878253412,0.0603675829973501
9730.0,0.0759803075996,0.0730115303560715
8848.0,0.0833932066756,0.0800596398564271
3274.0,0.107599253565,0.1032743828407078
5914.0,0.0529377914157,0.0507641136384055
8169.0,0.0545271848563,0.0522122667546795
1990.0,0.0224169090126,0.0214645023558268
4905.0,0.100768283863,0.0963242279993125
3455.0,0.0668464439635,0.0638529854286855
177.0,0.0336232634538,0.0320816405979662
7358.0,0.0792657855657,0.0756277657979486
9960.0,0.0567239024645,0.0540441923104052
7196.0,0.0554142911651,0.0526309813517255
2528.0,0.0544968429886,0.0517491876335241
6198.0,0.0590810620657,0.0560991440577729
7577.0,0.0316835403585,0.030076911321469
7553.0,0.0519890256543,0.0493413625944719
678.0,0.062388186241,0.0592039760208383
9879.0,0.0941282383934,0.0892920690041341
1817.0,0.0452167407749,0.0428136691653731
3246.0,0.0514398372653,0.0486877491878127
8209.0,0.0673236043469,0.0637141213801688
393.0,0.0911483545633,0.0862572754997723
9104.0,0.0667804634574,0.0631429779402412
2596.0,0.0861304374006,0.0813003822304948
972.0,0.0565172472588,0.0532855075158367
3624.0,0.041131053403,0.0387589845584461
4764.0,0.0754341389472,0.0709429281993758
9862.0,0.0694744447745,0.0653082666768286
2331.0,0.0395106389305,0.0371385225017074
4298.0,0.0810330150591,0.0761325170172114
9878.0,0.0351374831666,0.0329618382424474
1891.0,0.0826060338723,0.0774486273134166
6236.0,0.0736874695216,0.0689908083206907
1384.0,0.0568227731354,0.0531825440486238
3045.0,0.056012113605,0.0523726914795198
6850.0,0.0266025333567,0.0248644916885767
8698.0,0.0700972915914,0.0655074493194334
5549.0,0.0614626811436,0.0573248831377597
2483.0,0.0827015958796,0.0771288999072731
6355.0,0.0385805911863,0.0359763619221314
4106.0,0.0335773081373,0.0312872349666472
6232.0,0.0842577347975,0.0784733558582934
5459.0,0.111311370189,0.1035867258306167
131.0,0.117387251991,0.1091942214652332
3989.0,0.12286367014,0.1141473711541764
9657.0,0.254953275588,0.2366751752419889
1644.0,0.0354932628745,0.0329407978063815
1364.0,0.0499398407428,0.0463475957747542
5683.0,0.0310920429637,0.0288440429989287
4896.0,0.0537161570251,0.0498116926358107
920.0,0.055972774443,0.051852997149344
6967.0,0.06032649843,0.0558790858459701
9703.0,0.0669218624643,0.0618320999069454
7318.0,0.0602758848974,0.055630450978563
6732.0,0.0894404412997,0.0824643171393772
9339.0,0.0641743274288,0.0590687967946047
2015.0,0.120902564037,0.111206929460527
5935.0,0.0675819872044,0.0621549405574496
8772.0,0.105713133176,0.0971502575452619
3199.0,0.0721906429057,0.0663015383793268
8062.0,0.0596275233721,0.054762448761244
7073.0,0.0510625698546,0.0468084415352448
4833.0,0.103503845999,0.0948592181351607
3095.0,0.048556208739,0.0444858994339245
9940.0,0.0565512008434,0.0517341619251833
8960.0,0.0783468824864,0.0716660024520906
8396.0,0.0584907335519,0.0534784019627559
789.0,0.0454231431573,0.0414584453658652
3122.0,0.0456451208646,0.0416556003234454
9817.0,0.0498778131044,0.0454540755878869
1339.0,0.0284823440028,0.0259551361329748
6341.0,0.0505552150251,0.0460595342446279
7381.0,0.0679140826984,0.0617440650257146
9602.0,0.0877529996546,0.0796815946964803
4831.0,0.0605519265215,0.0549170686505091
7537.0,0.0554868882603,0.0503191695587659
3804.0,0.0497756473638,0.0451390855380183
7804.0,0.0366714104394,0.0332440004685338
1046.0,0.0908124230244,0.0822958861273342
8177.0,0.086113456097,0.0780094423053412
8829.0,0.0603452309199,0.0545584310085437
2427.0,0.0355470691626,0.0321230018939688
6015.0,0.051022721684,0.0460821021241537
7161.0,0.0136060534316,0.0122701422875941
6823.0,0.0545388241656,0.0491592716096937
2598.0,0.0818835340993,0.0736544624438151
9332.0,0.05784498567,0.051980348023222
1663.0,0.0341601261291,0.0306964615727274
7548.0,0.0394193678995,0.0352996740671725
1436.0,0.0606181467812,0.0542301497284867
7136.0,0.0477852854726,0.0426728897755308
9380.0,0.0781958218121,0.0698096523288851
2110.0,0.154230859181,0.1376894890291483
4337.0,0.0797907983207,0.0712207737680633
8748.0,0.0959555933813,0.0855289842519805
6462.0,0.0731058702614,0.0651372758070789
1723.0,0.0466348289746,0.0415499174007608
6461.0,0.0695190262331,0.0619328563305297
9126.0,0.0678266520018,0.0604222161184451
6360.0,0.0653216153605,0.058157907862839
4732.0,0.0423494366862,0.0376783179425745
6585.0,0.107907314097,0.0959641472892491
4336.0,0.050217518224,0.0446210473808982
6318.0,0.0459543886217,0.0408072020443451
1992.0,0.0611611518927,0.0543011847337912
8559.0,0.0719872242961,0.0638132823889087
2895.0,0.054083240482,0.0479367108200309
3681.0,0.0436115178621,0.0386447296083268
9206.0,0.0298453251917,0.0264463154724062
6734.0,0.0305698757924,0.0270870947698397
239.0,0.0783059026891,0.0693110980044048
823.0,0.0645493610594,0.0571014047466411
862.0,0.0358679194433,0.031699031647498
2146.0,0.0391384352171,0.0345807172244106
8388.0,0.0694609390671,0.0612645671437555
1328.0,0.112255287159,0.0989307471209491
6666.0,0.0417862539753,0.036785462385891
6008.0,0.0404732086082,0.0355949447740031
3205.0,0.0910499144226,0.0799974219590986
990.0,0.119661635616,0.1051168316995546
7171.0,0.0461851405759,0.0405405985756941
9478.0,0.0488968937959,0.0428860086845551
6063.0,0.0694311326886,0.0608619524386519
6894.0,0.0428664545312,0.0375579008346236
3967.0,0.0682969885623,0.0598163991326819
5476.0,0.0708252003809,0.0619766289302694
8185.0,0.0375038615041,0.0328169960266604
6428.0,0.0253517784393,0.0221682602192365
960.0,0.0682806751755,0.0595857550814186
3552.0,0.0323408377086,0.0282062838522171
1898.0,0.0776474043178,0.0676298215524925
6348.0,0.050016190902,0.0435207718033955
2210.0,0.0845497355983,0.0735158028176547
2025.0,0.050230761022,0.0436511712063235
6553.0,0.0364299795949,0.0316399782403547
7241.0,0.0587916998487,0.0510583774740727
1929.0,0.0600793201354,0.0521666217622251
6107.0,0.107833818869,0.093256472694866
7377.0,0.0873332319512,0.075368110528002
2360.0,0.081202987188,0.0699893282487267
3174.0,0.0795152244231,0.0684976495133228
3686.0,0.0223572329028,0.0192313144136016
9050.0,0.0562703597413,0.0483548286072544
3678.0,0.0875638289482,0.075163897893101
1705.0,0.0418218440268,0.035859765846866
13.0,0.0672617915565,0.0576322364108438
5982.0,0.0854090299907,0.0731772015524394
9568.0,0.0503176124729,0.0430644460595168
8931.0,0.104053117738,0.0889527825346222
234.0,0.0460274108176,0.039213707429858
8715.0,0.0678952011911,0.0578303294716803
3780.0,0.077207272138,0.0652703891539194
666.0,0.0487757057075,0.0412106479634272
5347.0,0.0609809351018,0.0514411558664634
5503.0,0.0612893025223,0.0516830514086851
8992.0,0.0935593762787,0.0788148460470858
1352.0,0.040113260973,0.0337443558766006
2398.0,0.0738239793126,0.062092533105021
8003.0,0.0785031516399,0.0659981945939244
5000.0,0.0672463188499,0.0565123953868007
2915.0,0.0752127536824,0.0631808278939421
5968.0,0.0788136425692,0.0659075786181735
7.0,0.0414762518813,0.0346605724812098
6485.0,0.151116407465,0.1262491502154879
339.0,0.0361396567489,0.0301093720055937
1552.0,0.0641282221193,0.0533072963412121
1916.0,0.0450578265987,0.0374424827896068
2936.0,0.0844311225117,0.0701509097813504
9842.0,0.0534797712287,0.0444171859351392
9535.0,0.03500101414,0.0290694469502571
1358.0,0.0745799086537,0.0618296489413304
6861.0,0.0845964610382,0.0699331892020859
8942.0,0.0723764883538,0.0597485347307319
3093.0,0.085600794731,0.0706029278297453
410.0,0.0986196014945,0.0812528503231648
5681.0,0.138899818997,0.1144305921611152
2834.0,0.0466444945186,0.0383574114209027
7843.0,0.0822766326133,0.0675857542883784
9367.0,0.0888454211403,0.0729352834181897
7062.0,0.0501108937597,0.0411249873864369
9247.0,0.150893943102,0.1237108233839391
1793.0,0.0893635024288,0.0729071557560916
7258.0,0.03157267927,0.0257530747586363
7581.0,0.0881097899634,0.0716874890264105
4727.0,0.0803978378144,0.0653344786567205
9903.0,0.0995152615847,0.0808646089748548
1921.0,0.0614405480585,0.0498818149853222
7278.0,0.0594788300032,0.0482526876243388
3769.0,0.0780745395174,0.0632961832654295
3797.0,0.0712608509385,0.0577685764419717
4709.0,0.0504485538817,0.0408527966905924
1952.0,0.0803452345633,0.064951507580571
9816.0,0.0980498695059,0.0792293428758933
3043.0,0.0921819991829,0.0743111077723624
4982.0,0.0837437069213,0.0673620689507111
3013.0,0.0761269050843,0.0611923354594545
1616.0,0.0546342984978,0.0439003538931639
2978.0,0.0834400965661,0.067019056452871
6199.0,0.0897364255643,0.0719832891316447
1737.0,0.0563023944734,0.0450908509300701
4143.0,0.0604362922974,0.048389737071979
1792.0,0.0577463431023,0.046207658787091
8730.0,0.0899622406917,0.0718480557430831
7449.0,0.0613727785819,0.0490004048140737
8405.0,0.0754678134424,0.0602280579505677
5672.0,0.0897496221511,0.0716237503534021
9938.0,0.0424701626402,0.0338909507541679
2297.0,0.0898552029713,0.0716728414551386
5187.0,0.0699800422624,0.055804786197756
191.0,0.0670665704504,0.0534680238310841
2551.0,0.0809107527309,0.0644311703857038
2556.0,0.0978437341107,0.077913433950084
4869.0,0.106684637253,0.0849041755393302
7562.0,0.0802492939387,0.0637369623389296
8620.0,0.0042636628037,0.0033768892613573
8719.0,0.0849040953486,0.0672156053514224
1044.0,0.114118763124,0.090314126756185
5294.0,0.054874579476,0.0433528130620467
5472.0,0.0687657123064,0.0542746642005006
4373.0,0.0503422627447,0.039721862105623
1589.0,0.0744598368935,0.0584344552283517
6905.0,0.0799436000514,0.0625702806996842
4966.0,0.0304145143843,0.0237619259886237
7837.0,0.0688949442961,0.053820044941904
4666.0,0.0763317798367,0.0595390819051838
731.0,0.0420453264786,0.0327277242500262
517.0,0.0531714981875,0.0413410896024118
9232.0,0.085532962843,0.0662182447902962
5315.0,0.112731552328,0.0871380679555687
4277.0,0.0554869918333,0.0428620372248299
1578.0,0.045354757227,0.0350302545625998
7435.0,0.0925534984014,0.0709324369259666
1386.0,0.0370969199076,0.0283002501995826
2569.0,0.148027302151,0.1129058718593006
1469.0,0.0962497530869,0.0732826214289439
9581.0,0.0834625870405,0.0634151277604786
8392.0,0.0258532986188,0.0195922656925366
8539.0,0.0897298277708,0.0677888557795137
7229.0,0.105290773304,0.0793869553690923
3548.0,0.0455129842909,0.0342558258239993
6948.0,0.102091863424,0.0767964457152333
6604.0,0.0491149824067,0.0369282685060342
3756.0,0.0383633381126,0.0287934548609994
7134.0,0.072459673761,0.0543795615412476
5942.0,0.0965483167916,0.072380561111024
4343.0,0.0324605599837,0.024333015513164
6249.0,0.0550620344152,0.0411372850297294
5901.0,0.0958281065217,0.071445418900516
8968.0,0.122527596326,0.0910227477774067
4250.0,0.0863611282595,0.0641135113785492
314.0,0.0885782359477,0.0657544893432631
2899.0,0.103025150957,0.0764285942741514
9526.0,0.0612395296552,0.0453270041064039
1032.0,0.189940759513,0.1403027688001957
620.0,0.0377491206949,0.0277784120026483
8418.0,0.0946007885336,0.0695110592683631
6934.0,0.115946581894,0.0849558656391844
3617.0,1.05521430769,0.7728073619236357
5274.0,0.0986083358624,0.0717318596722458
5568.0,0.109713567282,0.0798045466594224
6090.0,0.0380029914691,0.0276252342995241
3646.0,0.102367062634,0.0744030626771036
8001.0,0.0706913857232,0.0513520305228327
7836.0,0.0925084111948,0.0664615668258945
4318.0,0.07628647661,0.0545397439062504
6347.0,0.0492537671328,0.0351953577047054
6383.0,0.077045113906,0.0549203724829633
7979.0,0.0354060311061,0.025210851552729
4828.0,0.113824196542,0.0809028449854816
9260.0,0.147704527428,0.1043277029694928
968.0,0.0633886210536,0.0437512623915592
9401.0,0.113494395134,0.0773811156959694
7284.0,0.124999707527,0.0840394756682451
8962.0,0.117508167626,0.0789802888394724
964.0,0.111099671509,0.0743462713932571
3690.0,0.0887815270756,0.0593311947328208
928.0,0.0666547983052,0.0440561480942877
8020.0,0.0491680035008,0.0323574765763828
871.0,0.0977238401279,0.0641042876729221
3252.0,0.170562239233,0.111349612500352
3357.0,0.0814136225793,0.0526742326649314
5408.0,0.107719180837,0.0684727350655877
3689.0,0.127959651255,0.0800327471095247
8674.0,0.057199965387,0.0356290225028796
3949.0,0.0842165303163,0.052211015628274
4800.0,0.0815901073141,0.050052256387806
5826.0,0.112997140118,0.06695016633479
3538.0,0.075747236684,0.0447026589749891
2019.0,0.0972170683367,0.0525411186363679
1026.0,0.0666342399477,0.0354873119664857
986.0,0.0990874227117,0.0518514603367545
8532.0,0.105995715024,0.0502573451119277
19028.0,0.0253292634334,0.0558707327235179
10168.0,0.0180252975172,0.0383131874600522
17861.0,0.0340649535348,0.0676630916840434
12264.0,0.0299218506119,0.0585180841124522
20678.0,0.0227525943796,0.0444104525377334
17615.0,0.186313508048,0.3635736712849669
14036.0,0.0258631660209,0.0491160643893351
20884.0,0.029949173642,0.0566014040829145
17315.0,0.0226480818494,0.0417325067543288
13108.0,0.016926798907,0.0308883255421583
13363.0,0.0102684317179,0.0187257274411672
11351.0,0.0413253574815,0.0743096533938572
13526.0,0.0207699145078,0.0372403643174253
19613.0,0.0574429220431,0.1020254368345438
19595.0,0.0444513313811,0.0783679875075123
12276.0,0.0192816557035,0.0339685882757484
15770.0,0.0358947300465,0.0631513935482045
15236.0,0.0682472035574,0.1196507829529335
18300.0,0.0429999551223,0.0751269106208796
18884.0,0.0650706291045,0.1124318432975716
10415.0,0.0353064927627,0.0610039076361405
15479.0,0.0710733836655,0.1219768232702598
10131.0,0.0258051556526,0.0442837585099366
17568.0,0.0464252861362,0.0788942211785522
15185.0,0.0586100990966,0.0990897636680294
16186.0,0.0851740140928,0.1437985093786081
17297.0,0.0686712416605,0.1154619028853984
10577.0,0.0243304324369,0.0407849434134503
15568.0,0.0516219852923,0.0858876210105986
11311.0,0.0629151815005,0.1045885103440177
12061.0,0.045438232542,0.0755280094774492
10243.0,0.018898752902,0.031388653614579
16324.0,0.0266810144523,0.0443096069507352
19753.0,0.037512286287,0.0622289321720899
18059.0,0.0352575400295,0.0582794528160397
10411.0,0.0276432572814,0.0454075600036474
14990.0,0.0306839425695,0.0500483963520024
16098.0,0.031669485364,0.0513255364172734
15895.0,0.0279995835026,0.0452775013800613
11507.0,0.0577646623038,0.0931535040317844
10929.0,0.0412899702338,0.0664758381306696
17954.0,0.0414552987023,0.0662014012063923
20896.0,0.0335802465175,0.0535410359974018
14255.0,0.0214378238741,0.0341391648749395
13686.0,0.0269587998522,0.0428642174247576
19096.0,0.0271252288471,0.0431154375252294
16345.0,0.0318022199908,0.0505024622559913
16434.0,0.027972431077,0.0442215007838386
19097.0,0.0392520142467,0.061817224424024
15100.0,0.0283354073596,0.0445144148909437
14916.0,0.0458700699826,0.0720409424085203
17521.0,0.027197504461,0.0425125771862036
15876.0,0.0331490732249,0.0517258332372138
12807.0,0.047550948142,0.0739760087708804
18413.0,0.0498848724065,0.0774508012063892
14137.0,0.00972776537915,0.015076116296358
15874.0,0.071656952465,0.1107824064788992
10625.0,0.0592712726214,0.0915192191418637
20311.0,0.0442616531913,0.0683173987787329
13248.0,0.0410338700132,0.0632990984854815
17181.0,0.064071286543,0.0986597933213228
20870.0,0.0346977331798,0.0530335801733688
15114.0,0.0413983318646,0.063273023459491
19435.0,0.0348638375927,0.0532558197507426
12942.0,0.044904695297,0.0685573514846706
12759.0,0.0385957294738,0.0587704944328539
11625.0,0.0603608209813,0.0918989279416129
10437.0,0.0316426971981,0.048160826195834
18784.0,0.0189431383727,0.0287617261281457
15741.0,0.0567290669369,0.0858531799649404
19815.0,0.0284667633599,0.0430579190431166
11628.0,0.0232113292135,0.0351024868346524
12413.0,0.0524859168299,0.0791560035812404
14313.0,0.0368322705796,0.0554007921366588
19878.0,0.0420914712309,0.063168058175771
16875.0,0.121632798044,0.1824141357209827
11785.0,0.0556334605939,0.0834270670850085
13673.0,0.0682297054626,0.1022453279632296
13809.0,0.0285397022132,0.0427401015928355
18718.0,0.0336374896483,0.0500239565389756
10680.0,0.051194693927,0.0760044942757515
16295.0,0.0412031765556,0.0610847414856163
16643.0,0.0467475046176,0.0692227034069148
19207.0,0.0467015743938,0.068995270020133
12236.0,0.0291087146011,0.042984341085154
16179.0,0.0666711194529,0.0983071031873965
19429.0,0.0899483616828,0.1326171536118961
11711.0,0.0502482817349,0.0739010919209919
18364.0,0.0520314233426,0.0763335533363072
12071.0,0.0266572768701,0.0390898870638655
18551.0,0.04551817001,0.06672040743318
15077.0,0.0322466495837,0.0472640156001228
11828.0,0.0292465659232,0.0428551449784645
15808.0,0.0284418481793,0.0416679355020338
16137.0,0.0261441045019,0.0382583777028879
14824.0,0.0356127462826,0.0519607096382306
20520.0,0.0260635953548,0.0380228791639711
20479.0,0.105300440394,0.1536034556476127
18728.0,0.0458586382811,0.0668002628929931
17038.0,0.0539285085748,0.0785395701378452
10393.0,0.028205219835,0.0410749324239565
14921.0,0.0417426698262,0.0607830974647432
18533.0,0.0502920332395,0.0731692429394204
18963.0,0.0400367579478,0.0582427297865069
11496.0,0.0498569489063,0.0725146229872746
19074.0,0.0267932078594,0.0389466511588166
19120.0,0.0703510260192,0.1021607454291905
14681.0,0.04072388239,0.0590939381323168
19126.0,0.0908594587334,0.1316014685686539
12028.0,0.0342881733334,0.0496595300827922
12511.0,0.0324300071273,0.0469653138527184
20047.0,0.0323832655577,0.0468290141117596
15813.0,0.0431344255162,0.0623454547412584
18344.0,0.0624690887521,0.0901496140451634
11295.0,0.0303748664372,0.043795997321078
11297.0,0.077636389117,0.1119328989260012
18946.0,0.0377974896915,0.0544875904291989
18412.0,0.0483155948186,0.0696159802788521
18852.0,0.0919011547054,0.1323184915492854
16672.0,0.0531133607253,0.0763477619528106
20386.0,0.037310461096,0.0534769159669416
14411.0,0.0542091373271,0.0774891721795645
11437.0,0.045383503637,0.0647335763747215
17939.0,0.0295626242862,0.0421339232556298
11537.0,0.056492771029,0.0804559835327572
13041.0,0.0490978284164,0.0698487367595816
14080.0,0.0522917556808,0.0743613211951514
12703.0,0.0257397791508,0.0365559682037843
13937.0,0.031701108857,0.0449447486300449
15863.0,0.0361953404233,0.0512937197041218
12974.0,0.040301944079,0.0570562982570332
16288.0,0.0350659266824,0.049635510576382
16255.0,0.0462110328449,0.065291733504258
15832.0,0.0425471437764,0.0601109170084835
11919.0,0.0181478288118,0.0255951163080565
17457.0,0.0759302390062,0.1069723565787743
16808.0,0.0484848327637,0.0683011888756074
18022.0,0.0323117509331,0.0454774135429235
18614.0,0.0300640019193,0.0423129131031266
15156.0,0.034893436794,0.0490854506999126
13548.0,0.0502911180644,0.0706902613000653
20754.0,0.027991098902,0.0393293220404761
17725.0,0.0517225396914,0.0726424861398101
12772.0,0.123211239303,0.1729294597738149
20472.0,0.0662136008814,0.0928459070089116
18304.0,0.0570399302528,0.0798318851799239
10586.0,0.0327845420955,0.0458801937838779
15929.0,0.0652686691973,0.0913385169322649
20045.0,0.235097610607,0.3289321370664063
13888.0,0.0710806304623,0.099415081477512
15918.0,0.0328484382865,0.0459352950938934
16105.0,0.029267364218,0.0408946960489437
17242.0,0.0372434958893,0.0520025564226714
17210.0,0.0476133848626,0.0664063700230805
13015.0,0.0605971735157,0.0842464417124477
18478.0,0.0529391743044,0.0735932200720305
14960.0,0.0240909167549,0.0334562468207085
15432.0,0.096181750017,0.1334474635827879
19584.0,0.0578052363872,0.0801998700029952
10050.0,0.0503855561783,0.0697917930022402
16300.0,0.0512722716145,0.0710129086668016
16823.0,0.0738037009815,0.1020864223132123
15819.0,0.0955881043638,0.1320785885621081
11608.0,0.03362205086,0.0464004089336801
13365.0,0.0454798983891,0.0627115932750547
14115.0,0.040576606873,0.0559188850504521
18950.0,0.0619969463022,0.0854125255758653
13867.0,0.0338788389033,0.0466454512386233
13282.0,0.0624246373694,0.0859402055762385
17072.0,0.0292432377426,0.0401384500960707
11826.0,0.0468491610659,0.0642289749059371
20918.0,0.0791486238436,0.1081579564292701
20499.0,0.0588634694017,0.0804319599605543
14109.0,0.0800638953981,0.1092936028218602
17578.0,0.0261477166858,0.0356790599553187
11572.0,0.0511171055915,0.0697074716261449
11904.0,0.0317334608974,0.0432620000029445
14265.0,0.0427400409219,0.0582361984949047
12329.0,0.034926401417,0.0475545371466969
16301.0,0.0544986875218,0.0740249624182608
13505.0,0.0332320566687,0.0450225156369329
11389.0,0.018123521697,0.0245498359709525
12763.0,0.0257220261047,0.0348400234146464
18894.0,0.0527615270417,0.0714317390914736
19896.0,0.0369059703466,0.0499337174121198
13967.0,0.04304182045,0.0582292405101408
14546.0,0.057071345445,0.0771442192998014
20101.0,0.0361616813642,0.0488747142730141
20042.0,0.0292757882216,0.0395476542457036
12153.0,0.0134135523054,0.0180406175010082
10304.0,0.0653528996758,0.0878638704717674
19257.0,0.0430982569215,0.0579302459847165
18423.0,0.0419022838373,0.0563107384646516
10101.0,0.0196725214511,0.0264366868256282
15873.0,0.0362506385456,0.0487137948768509
19015.0,0.0453607235889,0.0609098774008543
10683.0,0.028637930161,0.0384351286185245
17489.0,0.0625285022317,0.0837876336263657
19907.0,0.0716226578951,0.0959141715569348
11346.0,0.0394065311084,0.0527619332750527
14967.0,0.0400573963509,0.0535649710275957
18225.0,0.0339337107505,0.0453632975116037
10227.0,0.0347949526735,0.0463289014441057
11292.0,0.0776014321291,0.1032946023745705
19702.0,0.0425943684337,0.0566809808462289
13382.0,0.0611602466576,0.0813493540154727
10381.0,0.00632517936825,0.0083920201740996
16693.0,0.0513925473532,0.0681766349780396
19551.0,0.0926722502885,0.1228867079541039
17116.0,0.0928112042575,0.1229503325506223
10434.0,0.045493564724,0.060255135929279
14168.0,0.036450262123,0.0482279203595458
16771.0,0.0486982394987,0.0643861963225264
16864.0,0.0419948021085,0.0555230724624386
14303.0,0.0452208995981,0.0596807958060347
15376.0,0.0614541651709,0.0810775231654427
12166.0,0.0365302363784,0.0481948931640364
19837.0,0.00680859708533,0.0089811180155454
20567.0,0.0657095299574,0.0866458004817193
14910.0,0.0290527592511,0.0382544941974303
14364.0,0.0476044718109,0.0626817605330093
11326.0,0.0209076850908,0.0275263833341515
11939.0,0.0363594050603,0.0478663353936381
17282.0,0.0451116995526,0.059352841991618
11918.0,0.0492403514199,0.0647564468243591
10324.0,0.0272952874551,0.0358908107518779
15591.0,0.0280743065103,0.0368747167626615
11930.0,0.0546622467259,0.0717859779815707
12977.0,0.0579350235687,0.0760674420334696
19800.0,0.0426464018059,0.0559687915308111
20387.0,0.0350239386361,0.0459491968929994
15266.0,0.0377919561178,0.0495667082546374
18573.0,0.102351893264,0.1340367625714603
12696.0,0.0417763478072,0.0547055472944807
10988.0,0.0407560575187,0.0533110973964819
17580.0,0.0627944402616,0.0820712367315384
11972.0,0.010694667073,0.0139657583574861
13370.0,0.0422518103137,0.055140773899355
19669.0,0.0358760132438,0.0467964463411041
18674.0,0.0335322477223,0.0437292118553946
18663.0,0.0341210693349,0.0444823266021595
11751.0,0.0555914096124,0.0724641630742705
17898.0,0.0359470687722,0.0468360701127105
15614.0,0.0280265446749,0.0364741902727916
15641.0,0.100674489656,0.131013257271651
9979.0,0.0408527576819,0.0531457065278838
19731.0,0.0411953110642,0.0535703824177709
12164.0,0.0648326220172,0.0843074261585123
15923.0,0.0351916857362,0.0457573163450166
10656.0,0.0539048428433,0.0700768056750366
15655.0,0.0805985057665,0.1046995747785473
20338.0,0.00489580220501,0.0063574621810649
20308.0,0.0486445114816,0.0630999771654791
13982.0,0.053183095726,0.0689788193629243
17819.0,0.0328070141004,0.0425128707949825
14359.0,0.038309492648,0.0496292990176661
19291.0,0.142559498585,0.1844353214601581
14379.0,0.038645636206,0.0499823567927041
15702.0,0.0524251972869,0.067801110234544
16551.0,0.0645671948821,0.0834615070319352
13488.0,0.0971132069394,0.1255108858677248
13000.0,0.0747171435541,0.096488380795407
19445.0,0.058922987348,0.0760507446709888
18012.0,0.0305130325639,0.0393818475365722
16093.0,0.0289293326655,0.0373296893016267
12246.0,0.0482709896415,0.0622702170305992
14515.0,0.0670600764004,0.0864776034000381
14129.0,0.0970165459145,0.124998412591678
16349.0,0.0413528974586,0.0532692594003636
10154.0,0.104084631099,0.1339981712844062
19716.0,0.068238503182,0.0878458501902265
20835.0,0.0575215078315,0.0740415572041394
11148.0,0.0446851201936,0.0574947384211065
19643.0,0.0976829782737,0.1252266844476783
15303.0,0.0681568266727,0.0873562552679091
15956.0,0.0600678722594,0.0768810736979258
16833.0,0.0158199753243,0.0202382980724273
20242.0,0.0407623180834,0.0521181046839356
16157.0,0.0523182308832,0.066780703401595
17425.0,0.0521794323361,0.0665930298726754
13510.0,0.0282495964857,0.0360217553252227
15712.0,0.0672588602612,0.085737763037739
11459.0,0.0397564048408,0.0506734918844379
11231.0,0.0461983054301,0.0588669155087968
11260.0,0.070312407617,0.0894865415457907
12676.0,0.0362375292508,0.0460368071350364
20899.0,0.102077326895,0.1296593752654622
18882.0,0.0425944759544,0.0540873301819351
14636.0,0.0786567200384,0.0998425886114661
13313.0,0.0570817599195,0.0724396723664873
15073.0,0.0691158077427,0.0876470202961307
16515.0,0.0477174960407,0.0604914882935263
10260.0,0.0374195906392,0.0474278636509518
10999.0,0.053915931416,0.0682212700162358
11801.0,0.0398778078915,0.0504537396939764
13017.0,0.0361881564475,0.0457463508339799
13528.0,0.0678380180576,0.0856722276097364
13519.0,0.0826135219308,0.1043189120305954
17901.0,0.0566682202764,0.0715158357875351
13643.0,0.0506303502456,0.0638814786478389
14358.0,0.0443514718037,0.0559548482613292
10162.0,0.0922037634943,0.116231824041138
19362.0,0.0432331189936,0.0544944942359604
11004.0,0.055122067325,0.0694648458027791
13787.0,0.0702302117786,0.0884176305918381
18827.0,0.0666313808527,0.0838690902342762
18848.0,0.072413937902,0.0911053569522855
18459.0,0.130540930253,0.1641565092216249
19847.0,0.0512552648254,0.0644302301835575
20058.0,0.0709887979184,0.0891571437260683
12953.0,0.0442069612676,0.0555202488119548
14596.0,0.021932267566,0.0275230254076991
12442.0,0.0415903039765,0.0521679081573997
17145.0,0.0491604046496,0.0616418323381984
16215.0,0.0402906964251,0.0505018991302177
15121.0,0.0409894190038,0.0513711818994832
16506.0,0.0785094963506,0.098376068219771
16995.0,0.0552627301814,0.0691592335497162
17856.0,0.0498389685672,0.062355030566387
16306.0,0.0518909257235,0.0649003181316685
17464.0,0.0208458664407,0.0260650415625948
12480.0,0.0578559253326,0.0722953802057043
18782.0,0.100580517126,0.1255504348659855
15349.0,0.0633777158008,0.0790623185555216
19478.0,0.0542784467274,0.0676389424912132
13269.0,0.0358088965237,0.044602923125416
17208.0,0.051984243597,0.0647501418209545
10326.0,0.0436460974532,0.0543599929512392
16420.0,0.036841906911,0.0458531083495715
12157.0,0.0428810440115,0.0533372139242866
20531.0,0.0318188510558,0.0395639891677788
19220.0,0.0588626011518,0.0731691166753229
12834.0,0.0377913341232,0.0469703946415843
10070.0,0.0849695542598,0.1056036355392353
10375.0,0.045857465021,0.056963514185034
18711.0,0.0502596170824,0.0623680905623838
10426.0,0.0491894144084,0.0610320749730248
16193.0,0.0656828123179,0.0814400202207219
14173.0,0.0604959378399,0.0749908435165579
13178.0,0.0823979425594,0.1020790218453083
12810.0,0.0617192300084,0.0763967986044295
11953.0,0.0604591085769,0.074824080834805
13109.0,0.0644463619441,0.0797475893188271
17786.0,0.08353537312,0.1032244306757248
19943.0,0.0714715434998,0.0883135455118621
11786.0,0.0993784639507,0.1227064530706528
11476.0,0.0323989310402,0.0400005197361471
11867.0,0.0384516046951,0.0474634737945568
19004.0,0.043884400314,0.0541684506601124
16355.0,0.0593099927657,0.0731978524833228
12451.0,0.0314355899567,0.0387532754091478
18599.0,0.0653470406292,0.0805404722424987
13724.0,0.0403028680075,0.0496065787733417
10975.0,0.0493752523142,0.060743438820102
11251.0,0.0478522060514,0.0588611566981852
12331.0,0.0387701920706,0.0476591928271961
11429.0,0.124352200953,0.1528358348284981
11817.0,0.0464065033172,0.0570245758554688
14291.0,0.0603822183334,0.0741711707561521
16392.0,0.0457552574372,0.0561628354527088
13692.0,0.036736775265,0.0450587819521964
17197.0,0.0964505818301,0.1182899504616415
19618.0,0.05786887129,0.070933654701417
14472.0,0.184331282755,0.225919924300245
18962.0,0.079590359084,0.0975125812851367
10013.0,0.0379636326214,0.0464914070359653
13754.0,0.0645053751824,0.0789534493091137
12585.0,0.0649787214372,0.0795168676451156
17104.0,0.0320613332431,0.0392179907913595
12817.0,0.0493065723739,0.0602442436673155
12665.0,0.0258236723011,0.0315359337997514
10597.0,0.0690754922369,0.0842861346121543
14352.0,0.0748185457445,0.0912347475131069
14901.0,0.0808870333805,0.0985854022655418
16777.0,0.0551005290925,0.0671463970846209
14738.0,0.0357253319847,0.0435181569390795
17369.0,0.0896466271679,0.1091751531501932
14866.0,0.0455047333091,0.0554144511942432
11423.0,0.0488125996564,0.0593900769587806
17312.0,0.0519291548929,0.0631567646597234
20157.0,0.0702105079708,0.0853668746451447
19479.0,0.0253931809531,0.0308657464892816
20922.0,0.0696275866616,0.0845568911283296
14881.0,0.0590162481354,0.0716305898460807
19945.0,0.0399046158682,0.0484118216833346
16761.0,0.0500730307682,0.0607442564514137
13735.0,0.0898471775284,0.1089628705897673
14869.0,0.0556948327668,0.0675439215305354
18742.0,0.0709390874152,0.0860187659319265
18709.0,0.0712802059372,0.086396715657969
12692.0,0.0932686843494,0.1129375925354706
15131.0,0.0683784986832,0.0826443862398582
15309.0,0.0490266002637,0.0592516534680101
12758.0,0.0366566491176,0.0442250642531052
10725.0,0.0556061308437,0.0670868001894577
12572.0,0.0273781323997,0.0330222111876163
14353.0,0.0587101148522,0.0707965233750615
12007.0,0.0572673706961,0.0690311658614283
15178.0,0.0427821297836,0.0515620490074158
12418.0,0.0317144418717,0.0382216970646798
15179.0,0.0301773389267,0.0363584985498471
11812.0,0.0394851630848,0.0475677920053057
18384.0,0.0614852393254,0.0740540178509249
12124.0,0.0367939319717,0.0443081970492906
14310.0,0.0696531075591,0.083784951192248
13571.0,0.0766784004851,0.0922268955908095
20761.0,0.0833040700525,0.1001195237124367
17838.0,0.0629338114876,0.0756258829556089
14272.0,0.022628227938,0.0271832202032695
17155.0,0.052237881291,0.0627148003197099
12708.0,0.0511991974102,0.061443290869894
11275.0,0.111142703208,0.1333532489743686
13838.0,0.0741630133268,0.0888880519791322
13167.0,0.0354836254391,0.0425094976520275
18386.0,0.0386243914815,0.0462720164036095
11033.0,0.0992430715094,0.1188528535154032
11178.0,0.0244367348557,0.0292521747026086
13951.0,0.0564594297598,0.0675674106576214
18401.0,0.0440079281159,0.052666141119762
14326.0,0.0621731438397,0.0743932833056737
19328.0,0.0986545590348,0.1180441855657793
14761.0,0.0465588038163,0.0557008366423803
13511.0,0.0558905502163,0.0668474685626204
12046.0,0.0507547034422,0.0606975065275266
18746.0,0.053236336283,0.0636187989292279
20407.0,0.0528521138745,0.0631529403415955
11543.0,0.0365241960272,0.0436314563005935
20720.0,0.0442505383378,0.0528526653572144
18598.0,0.0239666424041,0.02862263143741
14011.0,0.0441072378933,0.0526752637745401
20443.0,0.0484358249733,0.0577823329041819
11293.0,0.0550060608055,0.0656079863546277
14506.0,0.0498559045084,0.0594480091744739
20295.0,0.0333206988542,0.0397275277738245
15300.0,0.0366136510325,0.0436010737264465
13411.0,0.0582400277391,0.0693501888859211
11889.0,0.0253315179011,0.0301494250049979
18224.0,0.0525378654804,0.0625137345734829
16083.0,0.0545064386209,0.0648544276683109
20496.0,0.0461541227588,0.0548915664934349
13684.0,0.0322643266373,0.0383436994745319
19258.0,0.0762320077085,0.0905413889780531
11961.0,0.0656044962695,0.0778802414344961
11430.0,0.0688120930908,0.0816762986704283
15261.0,0.0806983005449,0.0957409869121253
13626.0,0.045301398025,0.0537150191503767
14819.0,0.0829497879575,0.0983485408709697
20018.0,0.085784472753,0.1016568789728272
14524.0,0.0908269971561,0.1076072175308638
12735.0,0.0285694864479,0.0338420717588894
13582.0,0.12805007438,0.1516555604758911
13383.0,0.0651016860505,0.0770933669052306
19142.0,0.0470051111727,0.0556596984333222
12426.0,0.0555179657562,0.0657024647911635
16509.0,0.0536579802572,0.0634996475177771
19412.0,0.0550516594388,0.0650905811387703
16447.0,0.0997336682781,0.1179129023483215
12146.0,0.0392459759698,0.0463917668723794
14580.0,0.0505914024126,0.0597965981675294
19298.0,0.0922666376603,0.1089959262527399
18334.0,0.0930025442875,0.1098305397020769
15545.0,0.0747888166489,0.0882776207688069
14230.0,0.0400603583713,0.0472853561308832
17949.0,0.0764361392058,0.0901181639183454
19394.0,0.119090784592,0.1402803270739423
20219.0,0.158268900684,0.18642798071817
19195.0,0.0513205127804,0.0604471946435734
15272.0,0.0508259331965,0.0598581736164709
20885.0,0.0335864179802,0.0395472910442291
19824.0,0.0509488843654,0.0599474387322384
18497.0,0.00373861947708,0.0043988349256827
18079.0,0.0672664913742,0.0790821369376745
11592.0,0.0619513808467,0.0727843253489129
14604.0,0.037536762102,0.0440929020285369
10962.0,0.102458597575,0.1202910615813926
13545.0,0.00544243631316,0.0063895588777516
15618.0,0.0612833001968,0.0719475394439064
19838.0,0.0613446908231,0.0719234339039959
12284.0,0.0875681183965,0.1025209956653559
15351.0,0.0517603457155,0.0605603214533008
18607.0,0.0544382700334,0.0636433865080865
12129.0,0.0219526716282,0.0256423700416874
20362.0,0.0560963692413,0.0654928735201817
18752.0,0.0589136341335,0.0687754647647687
13834.0,0.0882139124978,0.1029634636115081
13751.0,0.113329783228,0.1322181176584132
13273.0,0.0718818654994,0.0838578168278889
13833.0,0.0673199105355,0.0785046562970594
14435.0,0.0512374408609,0.0597103545956907
12716.0,0.0627570552235,0.0731245951675941
15160.0,0.0720155778668,0.0838935166197628
11549.0,0.021570089831,0.0251038446350074
14852.0,0.0416075912712,0.0483389117739613
19920.0,0.0942102719915,0.1094445499582494
13288.0,0.0631087132773,0.0732911849549541
16026.0,0.0648853688917,0.0753305008448207
15640.0,0.0745669690464,0.0864962238445578
15778.0,0.1690936593,0.1960925002426327
18557.0,0.0922052842261,0.1068796144061663
14563.0,0.0464957429558,0.0538516209932358
13049.0,0.0825895843607,0.0955235610654793
16785.0,0.0405702304082,0.0469226755854886
19380.0,0.0476620889348,0.055109810357292
17349.0,0.0389177664112,0.0449922935091969
17955.0,0.0779345379045,0.0900672904879331
12240.0,0.0284250770919,0.0328472901790089
12443.0,0.0775108349963,0.0895570898338244
17503.0,0.0862976537132,0.099680272189461
18842.0,0.101993381461,0.1177088117946111
19068.0,0.0147657065762,0.0170279042242905
17987.0,0.019766870615,0.0227912815342347
15642.0,0.048653009049,0.0560873685580248
17373.0,0.0408691023839,0.0470378886861588
11639.0,0.0360980302904,0.0415160746763906
18885.0,0.0359955554712,0.0413927973729964
14917.0,0.0638582917009,0.0733863360512043
16226.0,0.0797307461004,0.0916001378473514
14646.0,0.0537636490038,0.0617501458060671
18606.0,0.0653537492459,0.0750548228761742
11835.0,0.0616241210368,0.0706226720524653
12372.0,0.0605566542107,0.0693587646688594
20807.0,0.0535426497634,0.0612803797677521
11403.0,0.0379314561061,0.0434002047216949
14402.0,0.0330249013702,0.0377852471877493
15723.0,0.0468549373748,0.0536069582692291
20682.0,0.0942277092138,0.1077959545254099
17567.0,0.0579252642087,0.0662625080357121
15989.0,0.0627543051878,0.0716832112484211
19947.0,0.0450136828627,0.0514142007464044
19199.0,0.070280552043,0.0802408026980353
14829.0,0.0469675399783,0.0536081229628951
20200.0,0.0269286584757,0.0307240144382792
12217.0,0.0362369362647,0.0413395197483066
16430.0,0.0422544900962,0.0482021619554867
13935.0,0.0579889625857,0.0661391322868609
20113.0,0.183372271309,0.2090251336335654
13306.0,0.118537419117,0.1350246020279612
16676.0,0.0736102043985,0.0838244233996818
15649.0,0.145316803113,0.1654808398277503
15183.0,0.060226786379,0.0685083989109285
10846.0,0.061079032575,0.06945087329716
19916.0,0.052545058441,0.0597384943252194
10886.0,0.0473319404309,0.0538091398633457
20924.0,0.0635560508197,0.0722378914146717
18489.0,0.107492854041,0.1221493904639303
10537.0,0.0645849609088,0.0733903788690038
11078.0,0.0573889517223,0.0651817175340816
19376.0,0.0648604344908,0.0736330482709031
11359.0,0.0618483872434,0.070202680816273
12945.0,0.0444533763042,0.0504498766265452
20013.0,0.0797815011256,0.0905349031780347
13539.0,0.0801714285304,0.0909436298072067
17488.0,0.0347169151604,0.0393777249068246
10146.0,0.0350973572559,0.0398030529024527
18561.0,0.0350365721854,0.0397283493263764
12981.0,0.109227544092,0.12383656085216
16476.0,0.0846249258821,0.0959246409300228
12376.0,0.0412949393391,0.0467964027335776
16845.0,0.0630414528631,0.0714338363617431
14347.0,0.0440605876627,0.0499254315677363
13556.0,0.051165201248,0.0579652479560942
13146.0,0.0400067561656,0.0453191395839457
14850.0,0.0459872572343,0.0520835637981001
10489.0,0.0302164602407,0.0342119580089717
19398.0,0.0451727299123,0.0511373725273166
11586.0,0.127096512546,0.143864657290506
19320.0,0.0295588548268,0.033448408579007
14770.0,0.0659611579259,0.074622071911175
19560.0,0.0410987298241,0.0464919733361641
11232.0,0.0595222332279,0.0673252421296017
20698.0,0.00729785208988,0.0082543840240531
19417.0,0.0569005591013,0.064329682270808
15407.0,0.0690747324996,0.0780828853226007
17599.0,0.0505137825952,0.0570958641323904
10915.0,0.0479232784255,0.054143681334389
13044.0,0.0683692385208,0.0771811288713055
12983.0,0.0368220021397,0.0415594133119703
10917.0,0.0474517530255,0.0535462204972931
12764.0,0.0552213657973,0.062284784278238
17695.0,0.0628995004235,0.0709238436769091
17559.0,0.104531115112,0.117824187502041
13366.0,0.035334785208,0.0398229301029273
16918.0,0.0537355741494,0.0605443897140539
12993.0,0.0645368520189,0.0727122975514318
20118.0,0.0460198599188,0.0518383945644026
13169.0,0.0644401806054,0.0725645251044551
18569.0,0.0298760219665,0.0336367874756466
20286.0,0.0652777030455,0.0734630093560687
17275.0,0.0389290770208,0.0438001582862519
20513.0,0.0567848451462,0.0638428006635761
10442.0,0.0891295284312,0.1001296654347512
11893.0,0.0458330633834,0.0514889630642605
11662.0,0.012053533411,0.0135337377421583
15882.0,0.0588686084967,0.0660552575447862
17733.0,0.118087289871,0.1324947548210808
16790.0,0.0752425511512,0.0843333106533574
19502.0,0.0667288230565,0.0747712039122528
16969.0,0.156248729948,0.175065882961329
13929.0,0.0598879121703,0.066935282914223
15904.0,0.0619440479181,0.069226711518945
14105.0,0.0435692156788,0.0486573299159141
11278.0,0.0679186603876,0.075786804108116
12205.0,0.0437168892723,0.0487582578959983
18110.0,0.0744318689472,0.0828858406281218
14837.0,0.0686178818844,0.0762952379378596
12265.0,0.0609636833453,0.0677393720299636
19890.0,0.0182853298744,0.0202915938849171
14633.0,0.0455932511912,0.0505550021034751
16587.0,0.0483560131582,0.0536027879950557
14844.0,0.0584973954497,0.0647826164661854
14572.0,0.0668177791258,0.0739731612480799
13075.0,0.112053204461,0.124006946927407
15215.0,0.0588189092781,0.0650840219237375
14166.0,0.109039706032,0.1206533773254226
13225.0,0.0868239939687,0.0960374954703955
10207.0,0.0615025709568,0.067994555449992
11052.0,0.0421513115581,0.0465415873580932
13141.0,0.0561560781727,0.0619666016948733
10106.0,0.0712034604798,0.0785404210813166
11552.0,0.0483769637727,0.0532719934170373
20226.0,0.0538587693105,0.0592660652622417
18631.0,0.057345867506,0.0630138007131791
15146.0,0.0477582295471,0.0524611387280303
11838.0,0.0113094411578,0.0124177802170798
10518.0,0.0494077723886,0.0542289561232975
10901.0,0.04996748335,0.0548342469451216
19359.0,0.0578048881459,0.0634078506464112
15060.0,0.0509622717708,0.0558756526961673
20437.0,0.0371315374517,0.0407086382687414
10436.0,0.0461318660721,0.0505653667305319
20171.0,0.0426070645283,0.0466547954025608
17629.0,0.0518325948241,0.0567385495854832
12115.0,0.0974578859873,0.1066637761762904
20821.0,0.0777373074642,0.0850680369252701
16182.0,0.0411245874697,0.0449171195040853
18877.0,0.0555591172635,0.0606814732445712
19106.0,0.0424560316135,0.0463671636378976
17061.0,0.0532703936743,0.0581715059123948
17102.0,0.0975507771643,0.1064063281283519
14867.0,0.0787733422778,0.0859198541436699
13431.0,0.0290972710272,0.031734129169571
13800.0,0.0461715279643,0.0503269981479006
11975.0,0.0763369220415,0.0831929261678605
13247.0,0.033722274855,0.0367421382075385
11386.0,0.0603743607942,0.0657712446270314
20583.0,0.058351098197,0.0635603679903685
20727.0,0.052546075598,0.0571988613019902
11409.0,0.0624795687333,0.0679817063144236
15776.0,0.0535743060673,0.0582704851299877
12753.0,0.0575270457029,0.0625674349306494
14256.0,0.0628445750707,0.0683372548995339
14480.0,0.0507492074304,0.0551818006115105
17633.0,0.052306309833,0.0568715739965317
19645.0,0.12081160177,0.1312938291998104
10913.0,0.0240943998383,0.0261673701348076
13958.0,0.0254545090987,0.0276338359898852
10133.0,0.0306938616585,0.033320282240376
17906.0,0.0598018653845,0.0649141065661052
11434.0,0.0345579995329,0.037485267671676
19302.0,0.0294681169257,0.0319634813708973
19872.0,0.0519353093701,0.056325879939596
20140.0,0.0333976641849,0.0362048574476172
14940.0,0.0513862719722,0.0556311890960616
11769.0,0.0281477819719,0.0304564396418973
14685.0,0.0358854697661,0.0388257633947771
16445.0,0.055222002443,0.0597351124318483
12754.0,0.0903281224658,0.0976636623049237
19701.0,0.0601238311746,0.0648838767035632
17095.0,0.0644150700736,0.0694771683519697
19823.0,0.0173704028388,0.0187334031915992
11024.0,0.0491226047355,0.0529563064883562
16686.0,0.0675591271257,0.07281537281813
15949.0,0.0755889573357,0.0813534721357506
16362.0,0.0739706541793,0.0795875253398068
20143.0,0.0670785043225,0.0721644907241803
10720.0,0.0549287562762,0.0590853373958102
15881.0,0.0543124304044,0.0583613929781355
14601.0,0.151392129787,0.1626537673290432
19050.0,0.0595558681523,0.063951185810024
20602.0,0.0845202029513,0.0907371053711604
18999.0,0.048229136064,0.0517659065037008
12118.0,0.0422386347607,0.0453243048451973
16110.0,0.0434834226729,0.0466521083333581
10732.0,0.0361455288979,0.0387676234926251
18204.0,0.0473258630093,0.0507505714892666
18556.0,0.0823347203007,0.0882147415209658
15844.0,0.0535882111458,0.0573995789944185
19554.0,0.0948465610337,0.1015735045319428
10037.0,0.0702289671293,0.0751655374908956
12651.0,0.058488868118,0.0625644288789304
14409.0,0.0771398831601,0.0824764483054805
14973.0,0.0141388665645,0.0151066410830686
14399.0,0.0554116049821,0.0591749068034348
20526.0,0.0612489150551,0.0653946027521377
15797.0,0.0697899037434,0.0744766122389711
14331.0,0.0557913200691,0.0595288187766655
10773.0,0.0401011176069,0.0427706097230373
14268.0,0.0632331989869,0.0673977017122634
15029.0,0.0589933778988,0.062872069982952
10388.0,0.0345858802055,0.0368436667654478
14533.0,0.0324582628382,0.034572704445724
17096.0,0.0524878268821,0.0559062305240089
14821.0,0.108194988203,0.1151624890985128
20995.0,0.0626585596304,0.0666855843726058
17978.0,0.0575296678846,0.0611970853083032
17583.0,0.0623307254829,0.0663027965385381
13844.0,0.0732725860557,0.0779384016465435
15931.0,0.0784296451286,0.0833511252919838
19932.0,0.0627177494268,0.0666353067613984
16247.0,0.063826556042,0.0678054977491418
20657.0,0.0476812006455,0.0506378214912458
14768.0,0.0539353936533,0.0572240354566048
18588.0,0.0581224579243,0.061647158579012
18772.0,0.0318863525903,0.0338087251514842
19894.0,0.0772485862053,0.0817385445670981
11979.0,0.0503802143441,0.0532788517392618
14218.0,0.0166416276332,0.0175969240551913
17236.0,0.0981999838438,0.1037707191521334
10321.0,0.0479449229862,0.0506476230105791
20354.0,0.0613093441185,0.0647649338893688
13715.0,0.0567973539941,0.0599923274874026
11443.0,0.0522792154613,0.0552130401199279
11756.0,0.0325397651847,0.0343389057244469
14578.0,0.046714182249,0.0492879635551494
10797.0,0.0440242012445,0.04643188553324
10936.0,0.0470563920936,0.0496265032847601
12213.0,0.0389071799086,0.0410154448202149
13406.0,0.0895121253146,0.0943603543076039
11285.0,0.0260656314215,0.0274652193987231
18985.0,0.0734365756821,0.0773355172911387
19292.0,0.0791955643285,0.0833708140978145
18453.0,0.0707303480068,0.0744579233829544
17268.0,0.0459708271528,0.0483769962184777
16963.0,0.111164753416,0.1169423544747018
15389.0,0.0483961671092,0.050878733503216
13056.0,0.0578363883413,0.0607753052394298
12023.0,0.0380014085875,0.039874820933133
19959.0,0.075322136423,0.0789886104811233
17635.0,0.0634088599307,0.066481985105824
18094.0,0.0359325106487,0.0376095211668784
20500.0,0.0486557026792,0.050895053363711
19798.0,0.0777709644822,0.0813478790010279
13740.0,0.0657052857354,0.0686829309650629
11097.0,0.0636996964272,0.066561197052606
14745.0,0.0750111029542,0.0783257232866141
14424.0,0.0575372866326,0.0600654419042242
14570.0,0.0329670859207,0.0344153959448467
17527.0,0.0667735900142,0.0696559171552885
14656.0,0.0911773044271,0.0950972884640188
19404.0,0.0946733466811,0.0987298492802671
16376.0,0.0321984767803,0.033562151676279
16058.0,0.0531591332178,0.0554071402462719
18616.0,0.0682352069131,0.0710992771835869
19707.0,0.146467205454,0.1525139214962121
12131.0,0.0256601216374,0.026716623880037
10871.0,0.0647915968813,0.0674171485500398
11426.0,0.0517944472475,0.0538893098708681
10782.0,0.0241274558385,0.0250894575493861
10382.0,0.0974279437158,0.1012507246401767
20746.0,0.0324293111372,0.0336742381106338
11188.0,0.0490355452224,0.0508987645799663
13658.0,0.0297956290172,0.0309251676595954
18131.0,0.0601921303656,0.0624705493815016
15369.0,0.0449333081423,0.0465529864069594
13486.0,0.0804216722304,0.0833148804276626
13922.0,0.0434418301056,0.0450012219329739
11079.0,0.0981145048913,0.1016240281623248
10142.0,0.0546051458027,0.0565487113174674
11591.0,0.0399536420683,0.0413754537853687
13892.0,0.0288208032681,0.0298382661182116
20005.0,0.0887646891514,0.0918602205048446
19348.0,0.0931127468247,0.0962413524214899
10330.0,0.0511417712284,0.0528346074960772
12515.0,0.0150498593441,0.0155475322811193
16897.0,0.0549668668343,0.0567747136510627
13817.0,0.0556048573066,0.0574258050354902
12979.0,0.0503981416476,0.0520482744714065
19789.0,0.0690659212263,0.0713271224932544
18932.0,0.0491327205576,0.0506423047291955
15594.0,0.0685612618116,0.0706422517632463
12484.0,0.062237760527,0.064121691280608
11982.0,0.168442153954,0.1735034280244431
14521.0,0.069382453555,0.0714609303222616
9968.0,0.0545646500367,0.0561446258282532
17427.0,0.102871639497,0.1058013775080593
10167.0,0.0977024230545,0.1004578069972326
13490.0,0.0313629221,0.0322436971633568
11747.0,0.0966922709765,0.0993780104228815
12963.0,0.0350324587377,0.0359778384024334
14556.0,0.0488817170346,0.0501955410810504
12962.0,0.0421978059015,0.043330645310788
20549.0,0.0462133094415,0.0474360566395877
19303.0,0.0686680945574,0.0704849250296706
20917.0,0.0474780542779,0.0487238993330376
17944.0,0.0638170040989,0.0654497856380162
17542.0,0.0591602274179,0.0606552612074108
19384.0,0.0852692289798,0.0874081684326215
10433.0,0.0432238548486,0.0443060183459133
12947.0,0.0810406606681,0.0830535382317652
14799.0,0.0781020504555,0.0800320462388754
15218.0,0.0825112705423,0.084538875870769
18138.0,0.064165840537,0.0657229511536389
19056.0,0.0474362097906,0.0485167707258951
16926.0,0.0604709161468,0.061845630259542
11579.0,0.0502609770262,0.0513832417231513
14284.0,0.0540676803346,0.0552238414521961
12570.0,0.0534425097276,0.0545570337951119
20889.0,0.0640565718014,0.0653664744596395
16945.0,0.0583931501294,0.0595389313801761
14849.0,0.0642802990758,0.0655143866699933
18458.0,0.0561617547632,0.0572050879989815
11142.0,0.0515962942195,0.0525205268870636
13507.0,0.0442216291346,0.0450038663540694
17778.0,0.0531900607814,0.0541144446164142
12313.0,0.094284353504,0.095841548150835
15660.0,0.134663721076,0.1368868265477137
18206.0,0.0374272973014,0.0380410094653054
19977.0,0.0607100323664,0.0616948031757064
11657.0,0.0580872053375,0.0589292581598108
14522.0,0.0388391150208,0.0393869826311292
11382.0,0.0731397290418,0.0741646003498631
13749.0,0.0687491533109,0.0696746059234389
16418.0,0.0474635431097,0.0480952722496928
20775.0,0.0346589303554,0.0351129028012083
20826.0,0.0560801343609,0.0567899557494232
15340.0,0.0890384714375,0.0901359514503239
20893.0,0.0951301342215,0.0962003487171016
19725.0,0.0671539695851,0.0678800873157591
10357.0,0.0501333734455,0.0506739859280694
16956.0,0.0582188410283,0.0588333583659775
17286.0,0.0357379687662,0.0361013145058171
17942.0,0.0879441380847,0.0887624117953282
19261.0,0.0995867165012,0.100470421232915
20850.0,0.0975946489361,0.0984056532582192
18209.0,0.0599652711146,0.0604221097743993
10903.0,0.0488428324962,0.0491572006419079
17768.0,0.0397755469421,0.0400010809170432
11402.0,0.0300329328936,0.0301972294827232
17325.0,0.037890397711,0.0380804847376047
14776.0,0.0448540461187,0.0450466871741076
13633.0,0.0587260398291,0.0589731505472503
14044.0,0.103938271764,0.1043439890354765
10752.0,0.0480546365384,0.0482313746261842
10107.0,0.0389949262697,0.0391130301801483
17135.0,0.0317125760222,0.0317955644683598
15840.0,0.082195364808,0.0822995445380892
13898.0,0.0503234706313,0.0503808437299069
18380.0,0.0388912830842,0.0388876599088711
10700.0,0.045820119118,0.0458046064897839
19465.0,0.0319179620104,0.0318769284113511
10364.0,0.0559590642068,0.0558589768155157
15504.0,0.0842453406616,0.0840880530116103
16815.0,0.0181859603756,0.0181424803687627
10104.0,0.0761750918668,0.0759803761234038
12553.0,0.0409538387937,0.0408127518946461
13096.0,0.034397258461,0.0342768003276793
16664.0,0.0738054331112,0.0735426666033915
13804.0,0.0812702153972,0.0809296003326297
19674.0,0.0539495148553,0.0536736417393085
19413.0,0.0425152092851,0.042269336813552
18994.0,0.104506480206,0.1038983042910308
15530.0,0.0620209176786,0.0616586002902097
18322.0,0.0664223373346,0.0660154143392234
17036.0,0.12462107523,0.1237935056717793
10739.0,0.0746336055369,0.0741223364294911
18582.0,0.0869356510998,0.0861741078304622
19883.0,0.104179528234,0.1032662299600264
20694.0,0.0563129480801,0.0558154835636152
19410.0,0.107044035598,0.1060202821330075
17621.0,0.0826632658967,0.0818681811329656
20673.0,0.0879813166719,0.0871139291344356
10529.0,0.0784798366838,0.0775928555450726
10323.0,0.0483255515842,0.0477527317757766
17515.0,0.0375633568224,0.0371162567618352
16899.0,0.0385109132322,0.0380173268866621
17596.0,0.0600518501215,0.059257960825292
16604.0,0.0611711528359,0.0603554590193965
11160.0,0.102268511409,0.1008975856007805
16736.0,0.0383541998011,0.0378312743182492
11019.0,0.0875588921601,0.0862750246764255
16077.0,0.0431817153408,0.0425380996944809
14823.0,0.0979285708045,0.0963725485462776
10453.0,0.0776024958185,0.0763339197027003
13783.0,0.0858098604321,0.0844028796462364
16352.0,0.0499224053466,0.0491021317552003
11420.0,0.0577530583916,0.0567851566480783
19178.0,0.0764263652183,0.0750655842438123
20840.0,0.0477382202785,0.0468192748871462
12326.0,0.0801604205638,0.0785792187955776
16867.0,0.0571885265661,0.0560536517251252
19526.0,0.0664621126812,0.0651265087683807
11906.0,0.115776476936,0.1134457209226284
17372.0,0.105957759313,0.1037461150551517
9988.0,0.0809772213179,0.0792733686786318
14835.0,0.0655025699016,0.064057837369351
20902.0,0.0637211458829,0.06230578348878
19165.0,0.0368160824463,0.0359810156260515
12181.0,0.0853722826004,0.0833482268822332
13216.0,0.10247720846,0.100046222576829
10051.0,0.0571833904275,0.0557833256888073
12624.0,0.0318486826423,0.0310641818867003
14184.0,0.0740042455732,0.0721564645133523
11797.0,0.0639837381666,0.0623618775412199
11696.0,0.177843058888,0.1733174718784307
17365.0,0.0392918213814,0.0382914794353614
12067.0,0.0836682609495,0.0814773509567231
16061.0,0.0602942787136,0.0586593434372112
16560.0,0.103413988729,0.1004312150046042
18355.0,0.0825759535745,0.0801453087878586
15440.0,0.0475230662614,0.0461145695104877
14718.0,0.110463564203,0.1071452761981004
14150.0,0.0709805422345,0.0688471015594378
12381.0,0.0321710104014,0.0311856102296433
11641.0,0.075599074825,0.073273279232972
13855.0,0.0738848228484,0.0715722493987733
20025.0,0.0850748906525,0.0823617941629554
18673.0,0.0707983517156,0.0685321180268933
15356.0,0.0396030121196,0.0383199417956375
17089.0,0.0566458787762,0.0547952320946556
18254.0,0.0512572695758,0.0495491545355171
12002.0,0.0944935381539,0.0913281511388184
10422.0,0.0683758519223,0.0660246947645841
18289.0,0.0876115895766,0.0845934026443289
16326.0,0.0432702258995,0.0417607168827589
11562.0,0.024738704011,0.0238602068309422
10966.0,0.0564606033107,0.0544117057966311
15225.0,0.0939953223066,0.0905291041381729
16641.0,0.0435887933768,0.0419285728954751
11361.0,0.0695804069371,0.0669009015354214
16254.0,0.0590368265227,0.0567482868479935
15550.0,0.0472226265887,0.0453835522026308
17013.0,0.0467958805817,0.0449173614729318
14858.0,0.053438643799,0.0512637441717782
18955.0,0.0507294898903,0.0486551047526306
19536.0,0.0979890135974,0.0939372327524379
20183.0,0.0433589630086,0.0415479705382699
9973.0,0.0882918137903,0.0846034982742276
15444.0,0.132557446218,0.1269211568862643
20212.0,0.071438054328,0.0683820913553865
11676.0,0.0674667874518,0.0645628466091705
18503.0,0.0662536139444,0.0633615071561123
13260.0,0.0527348343257,0.0504242642032681
12618.0,0.0554241047358,0.0529927766547848
11412.0,0.0452469424109,0.0432567993215115
20992.0,0.0494512750045,0.047268173188664
18804.0,0.0505448373631,0.0482788115598515
14428.0,0.0715984214053,0.0683634569418102
12688.0,0.0626159496349,0.059777360621734
10447.0,0.0634800189864,0.0605376720679718
11614.0,0.0323441756697,0.0308410161723159
14285.0,0.0729070605162,0.0695089581042554
17296.0,0.0221148430002,0.0210758422796798
12668.0,0.0527248480798,0.0501539562517418
13866.0,0.0540979090656,0.0514381552909458
16319.0,0.0524762442616,0.0498776537184855
15937.0,0.0192921952668,0.018336589836415
17922.0,0.0573172027334,0.0544409202721503
15466.0,0.0786183178304,0.0746510053372588
19617.0,0.0434056140169,0.0411741716261359
19059.0,0.0495076363008,0.0468659654616511
13845.0,0.0595287012825,0.0563110482171321
15279.0,0.032553731689,0.0307836506477784
19180.0,0.0560894927789,0.0530058899824797
14389.0,0.068846666572,0.0650443593948277
12667.0,0.0551151745044,0.0520568063393227
16827.0,0.0782275305655,0.0738736195722326
20470.0,0.113505091846,0.1070739423714248
16496.0,0.0665417773098,0.0627497361332797
19279.0,0.0453435547261,0.0425783578083401
19836.0,0.170026466593,0.1595608534860835
15771.0,0.0793558847616,0.0744293835280493
16644.0,0.0598383563585,0.0560768844335813
16491.0,0.0769636091888,0.0720800721856019
19355.0,0.0575675735663,0.0539131824597997
14308.0,0.0286220897341,0.0267945591563618
12890.0,0.140422522027,0.1313873223607159
15287.0,0.043524389136,0.0407072205484443
14781.0,0.0683587428939,0.0637854040641782
11236.0,0.0925328622137,0.0863188207870744
15181.0,0.0669267528006,0.0623846197493844
15691.0,0.0524105422819,0.0488497597652466
17979.0,0.0819595053444,0.0763901720571645
12674.0,0.0622480084244,0.0579646168966797
17704.0,0.0605092360386,0.0563265236243804
17092.0,0.0992993803586,0.0923841119848971
14096.0,0.0467736040725,0.0435058935910122
12824.0,0.0797520206193,0.0741569968048594
19256.0,0.0586962416124,0.0545742794178331
16234.0,0.0836014283106,0.0777174325269474
12429.0,0.0630059597074,0.0585641783726453
17566.0,0.0779017952706,0.0723980967666971
12657.0,0.0728173216534,0.0675788485045519
17911.0,0.089440172346,0.0829877597142386
17505.0,0.0618228696334,0.057354337896112
19426.0,0.104877532731,0.0972928867155311
15579.0,0.0242226237157,0.0224691081383032
13518.0,0.0715529639759,0.0663420173821364
11607.0,0.0768963735644,0.0712735340875931
16805.0,0.141828102856,0.1314454641261787
19358.0,0.024943118176,0.0231094204903761
16075.0,0.104584353843,0.0968579666674651
16423.0,0.060581449065,0.0560535431841158
15200.0,0.0478641383548,0.044275898729986
15740.0,0.0793856346391,0.0734328304113703
19073.0,0.0965562226286,0.0892563897530459
18741.0,0.0681550425924,0.0629993483384757
20272.0,0.0473682343212,0.0437034934188983
20341.0,0.062566663922,0.057685896807509
13564.0,0.0615025106151,0.0566706018361515
19577.0,0.029628418496,0.0272947609578627
20108.0,0.0376652508813,0.0346798794170333
20670.0,0.0615340410815,0.0566121980253478
12641.0,0.0576455393641,0.0529775389598857
16661.0,0.073900744906,0.0677888760538667
13254.0,0.050681788877,0.0464725004541659
12064.0,0.106693250207,0.0975882552398702
17860.0,0.0875956745593,0.0800798679749032
19848.0,0.0889463626629,0.0812813616233162
19277.0,0.0838514679727,0.0765688559466173
20726.0,0.107912570962,0.0984452163394787
14664.0,0.0700440410181,0.0638863984210827
17211.0,0.0604570307271,0.0551292939034911
12126.0,0.0802594291987,0.0731859087806569
20656.0,0.0479843275147,0.0437257662760919
20668.0,0.105995640873,0.0965592672408489
14815.0,0.0587924668344,0.0535581956229192
10682.0,0.0707019178372,0.0644038931449507
20229.0,0.0436995751637,0.0397933821482901
16357.0,0.0694290409106,0.0631812648749506
15779.0,0.0569919589765,0.0518594769940407
16731.0,0.0556597020446,0.0505919248703361
16025.0,0.0876038574857,0.0794567471669012
13385.0,0.066843295573,0.0606199059287946
18954.0,0.121697658947,0.110365596157218
18638.0,0.0402659812161,0.0365138602108525
20425.0,0.0744068186524,0.0673410742686939
12177.0,0.0751222618643,0.0679609232492764
17983.0,0.0472427632987,0.0427238098711452
12652.0,0.0550689301007,0.0497732711098721
10670.0,0.0539144237317,0.048710941045657
15855.0,0.0597046639485,0.0539258754860114
14152.0,0.0571790154945,0.0515328192764864
12481.0,0.0803462346302,0.072405263992729
11610.0,0.0482062116657,0.0434399621899241
10545.0,0.116652739713,0.1050481784815249
15828.0,0.045742327329,0.0411805073220912
15327.0,0.0521658912976,0.0469488600392042
13912.0,0.36550011287,0.3288434342245556
13910.0,0.0635096296156,0.0571008821172222
14126.0,0.120537461265,0.1083561627780121
19757.0,0.0469584181215,0.0422015715695893
19116.0,0.0642056363011,0.0576379441697685
20912.0,0.0497854146349,0.0446585921659868
13097.0,0.133799022104,0.1199856987125242
12714.0,0.0357202437317,0.0320273787376157
18189.0,0.118471004771,0.1062151967310889
13680.0,0.0622298025436,0.0557770544343827
15583.0,0.0501802754979,0.0449488387106533
11948.0,0.0770240316101,0.0689766075023702
12622.0,0.0915821877358,0.0819455485524688
14045.0,0.0435705433514,0.0389706409893374
14652.0,0.0460309978869,0.0411633472250593
16938.0,0.100001403915,0.0893778973547144
10928.0,0.0544551785693,0.048602921273319
19820.0,0.0539874199601,0.0481151664106426
12980.0,0.0602003614095,0.0536484857891584
13876.0,0.0438622548832,0.0390791222914759
16943.0,0.0343743523138,0.030601274313795
16621.0,0.0460622124147,0.0409775499273464
18036.0,0.0511236870887,0.0454473790050068
12371.0,0.0682237603663,0.0606350091416547
17137.0,0.0668447026417,0.0593690623785639
13100.0,0.0816392137988,0.0724536767213691
15139.0,0.0622592492134,0.0552341530443942
17752.0,0.0944747047679,0.0836313101679717
11742.0,0.038046783683,0.0336180150605304
19045.0,0.102063096112,0.0900115144256257
20709.0,0.063305362109,0.0558199006959453
17321.0,0.057863473804,0.0510122416181563
19813.0,0.0590676591726,0.0520400753246877
16889.0,0.0612500083965,0.0539008278538679
17998.0,0.0921905548409,0.0810455612379367
11841.0,0.0931185201638,0.0817784341842592
17693.0,0.0627975771349,0.055112026623518
17127.0,0.0915368169225,0.0803228122784299
16150.0,0.0559872556085,0.0491273298013198
16971.0,0.0625544556647,0.05485760402391
17292.0,0.0899323888082,0.078862875408877
14964.0,0.0451538517183,0.0395916808022453
15406.0,0.112398743012,0.0984978577718367
12022.0,0.0738335731186,0.0646771124779885
18144.0,0.0908647120256,0.0795236192353567
13073.0,0.0723004797673,0.0632727280248077
17231.0,0.0519191375571,0.0453820256897243
16225.0,0.073186011757,0.0639130124224197
16730.0,0.0629820868474,0.0549632959116789
16029.0,0.0391805366797,0.0341720330082096
13840.0,0.0869984952274,0.0758324481627987
12294.0,0.0498095175279,0.043416369722535
10319.0,0.0637119250955,0.0554929702142128
16656.0,0.0786035419237,0.0683859299275458
19264.0,0.0843831422022,0.0732431178712508
10040.0,0.0884146224702,0.0766197137117595
17783.0,0.0676205728966,0.0585848903356198
12702.0,0.0939533848956,0.0813889925936674
14999.0,0.0604649084374,0.0523380531003837
10632.0,0.10119627383,0.0875799576985163
16470.0,0.0682590276918,0.0589508511468492
14171.0,0.0411785551528,0.0355539614263761
17420.0,0.097618287757,0.0842540416580246
16481.0,0.0843833278574,0.0728243415710426
11840.0,0.105436903568,0.0909754262449228
14697.0,0.0592113291325,0.0510725751761928
17360.0,0.0325022330388,0.0279549154957794
12138.0,0.0852630807561,0.0731576739660878
10390.0,0.0566976003585,0.0486081237611122
10014.0,0.083324691655,0.0712670032486325
12820.0,0.188179517327,0.160790899265425
20345.0,0.103629695497,0.0884816782880774
11578.0,0.104778977437,0.0894621735429138
10781.0,0.0805209273418,0.0687493747059279
17993.0,0.0856215597837,0.0730754293691556
10096.0,0.117763345149,0.1004859876939818
15360.0,0.0604333159234,0.0514757801964427
16986.0,0.111218343697,0.0946726658885822
11760.0,0.0312196170076,0.0265463852774998
15430.0,0.0459324821368,0.0390133339022753
14049.0,0.0662698359271,0.0562143290694965
15264.0,0.038318695881,0.0324937405969895
10250.0,0.0693021483502,0.0586233793834541
17758.0,0.0947752520468,0.0800789121852272
19238.0,0.0854239989594,0.0720740675991762
14329.0,0.14192584717,0.1197047918079974
13326.0,0.0832998929418,0.0702542057394138
10679.0,0.0677595964934,0.0570479127804154
17694.0,0.08150607394,0.0685722398832842
16985.0,0.0804240524088,0.0673935767244395
20394.0,0.0583920096188,0.0489180840760364
10775.0,0.0880626084526,0.0737482182157115
14104.0,0.097100424347,0.0810906125271007
15378.0,0.0440076484263,0.0367259700503755
14953.0,0.0603543315793,0.050293303933826
14683.0,0.0494255919505,0.0411685121545229
10738.0,0.0775609821047,0.0645525400845902
20182.0,0.0926682129472,0.0770886773741296
19545.0,0.0792911257759,0.0658876130772244
15451.0,0.0576376382538,0.0477574998034067
19717.0,0.0648550063989,0.0537364869984516
16190.0,0.0603986497707,0.0499724123709224
17569.0,0.0865462425116,0.0714741436943581
11383.0,0.064996927303,0.0535761912828019
12421.0,0.0798910975226,0.0656589819164884
16575.0,0.119540742688,0.0981509339667062
13593.0,0.073731082423,0.0605207181742889
16363.0,0.0717263674097,0.0587576697195335
14995.0,0.154351706,0.1263591839896135
19788.0,0.0398316652958,0.0325492976010123
13086.0,0.105362737969,0.0858353484098559
13702.0,0.0987789615659,0.0803653259431469
16758.0,0.139260515978,0.1132843599513585
11177.0,0.104568267946,0.084945819723317
14108.0,0.0376377181765,0.0305621775285747
20994.0,0.123134524745,0.0997826211653209
17766.0,0.0559022313453,0.045285983621032
14237.0,0.0731352263472,0.0592413797272368
18854.0,0.0562749716395,0.045571151684583
12858.0,0.0926929682466,0.0749381513620988
15569.0,0.045151667837,0.0364847359314691
16037.0,0.0875043057767,0.0705669495120757
11277.0,0.119170233674,0.0960594029489815
20851.0,0.0800232160398,0.064385240767002
15617.0,0.0289255335952,0.0232608279079155
12860.0,0.0778864362601,0.0625563100771742
12268.0,0.111259027581,0.0892493737569874
11490.0,0.00517606356043,0.0041328683570023
11600.0,0.0630609213147,0.0503471030710225
20745.0,0.0441216971112,0.0351594283919502
14474.0,0.0524135317071,0.0416255459381382
17631.0,0.091611167929,0.0727459842255681
14975.0,0.138494897443,0.1097997977177778
10398.0,0.0884067987643,0.0700774314843467
14288.0,0.0982645311314,0.0777729343587769
12994.0,0.0943418404594,0.0746259432701276
20299.0,0.0623764591548,0.0492465442161484
10007.0,0.0862240963949,0.0680040643308731
16539.0,0.0891001452727,0.0702578992641063
18122.0,0.0628507751106,0.0494749173149526
10429.0,0.168568963312,0.1326937401618198
18693.0,0.0852413605435,0.0670472253805602
11664.0,0.0338621207519,0.026618393042361
14676.0,0.145587408962,0.1143862998557641
15076.0,0.0841752967528,0.0661009231307027
15051.0,0.0691119945118,0.0542439634024595
18592.0,0.159637390263,0.1251815936478991
17637.0,0.130317958164,0.1017432450124115
17961.0,0.0743986440392,0.0580825470575674
15646.0,0.0716434091125,0.0558603037032572
15348.0,0.125970519975,0.0981663354918869
14784.0,0.0453960275131,0.0353565548712752
20001.0,0.0908457618764,0.0707260233270543
10219.0,0.0387388590068,0.0301531838734187
10522.0,0.125291195537,0.0974921550819544
18501.0,0.125712424641,0.0976488513113928
19094.0,0.0797408056234,0.0618155333923724
18200.0,0.0612040734285,0.0472750285949596
10704.0,0.0505316823309,0.0390212062125316
11663.0,0.104112415395,0.080288685980654
18988.0,0.10015847657,0.0771691856494446
15403.0,0.100303017585,0.0772155695138402
18305.0,0.0885247984476,0.0680752558381396
10806.0,0.167445268987,0.1287505877432974
17867.0,0.0594778217859,0.0454003337141965
10517.0,0.0534508695192,0.0407714995769734
13066.0,0.0693342724197,0.0527885977213151
18016.0,0.0839182003002,0.0638727482357258
12655.0,0.0723327412174,0.0547169570745942
17232.0,0.0516160456094,0.0390215716900264
10373.0,0.137500483957,0.1038522884337658
15482.0,0.100530820881,0.0757973563591176
17918.0,0.144441325738,0.1081466695560102
13562.0,0.13445354754,0.1004232805859614
10719.0,0.0896706664913,0.0668413282442419
14520.0,0.0895430077704,0.0666896330727327
19340.0,0.0472842347092,0.0352048385620994
15315.0,0.0889404149408,0.0662055495410875
10098.0,0.0894602142567,0.0664725747852661
16038.0,0.0655897038624,0.0487231228225324
13883.0,0.122904687504,0.0908913666823987
15379.0,0.106481314415,0.0785218304348219
12369.0,0.179227662121,0.1321636232264156
20697.0,0.0754981861726,0.0555506148042874
17813.0,0.495013456848,0.3641227636063233
17884.0,0.0785028745919,0.0576901459447404
12322.0,0.130120412172,0.0955180514754974
20306.0,0.126643320477,0.0928125399588058
10269.0,0.0975919761832,0.0714731486814572
18929.0,0.121883242185,0.0892513197345382
14112.0,0.0910053768682,0.0666045006421951
20238.0,0.154390191928,0.1128527271928816
13604.0,0.0734463931507,0.0536324542001901
13665.0,0.0835088339844,0.060762058898246
18217.0,0.0529794891245,0.0384658578432411
11384.0,0.0564196135637,0.0408695271128739
12352.0,0.0323929105357,0.0234012474451178
18115.0,0.0931062854545,0.0671979255765464
18220.0,0.075190159545,0.0540121917000865
13765.0,0.0824199767321,0.0592038894992238
10277.0,0.0692451092174,0.0495166994870484
20530.0,0.18408180618,0.1315322825639249
18271.0,0.0674182331964,0.0480761983260501
14259.0,0.0388633539981,0.0276886984290688
11820.0,0.0635392302293,0.0452468276199646
17446.0,0.139106282926,0.0988877567788602
14279.0,0.0381342709221,0.0270697374607867
18919.0,0.0813639914265,0.0576502102964261
10576.0,0.0861918820358,0.0610267598180243
20326.0,0.0827499701489,0.0581687703785318
18299.0,0.11691707943,0.0817092569502958
20440.0,0.102143720573,0.0713141614976466
20621.0,0.0580568000362,0.040526311034723
17409.0,0.0867925153177,0.0603411864695375
19349.0,0.0807058767032,0.0560084570970149
15503.0,0.0588265127008,0.0405874370709901
20316.0,0.0901856610199,0.0622093528692475
13338.0,0.0851926557179,0.0586623312412157
16021.0,0.0923268796189,0.063570042928919
18114.0,0.0847429203057,0.0582980838514636
20422.0,0.139415531481,0.0957890921157399
13502.0,0.164723395584,0.1130628891295901
20064.0,0.0978762976846,0.067135241269209
18109.0,0.0845494356769,0.0579175632693423
19665.0,0.0578368257748,0.0394925772946241
12796.0,0.0698596357152,0.0476381782595468
14453.0,0.096576212055,0.0657468615331282
10090.0,0.067399601405,0.0458550412282217
16146.0,0.0848461352972,0.0575054333172864
10524.0,0.0908517197169,0.0614704740105574
15694.0,0.0872329133081,0.0589930777345184
20933.0,0.0692053065641,0.046739553010311
19761.0,0.107747410606,0.0724785612477129
15815.0,0.0725145146557,0.0487445437254179
16205.0,0.0761095850514,0.0511237828549541
17034.0,0.151386987103,0.101632094037859
18889.0,0.0582775020878,0.0391155157223187
18361.0,0.068002428137,0.0456015976701031
11422.0,0.249045161536,0.1669470738562138
13489.0,0.0914941343112,0.0612320126372634
14097.0,0.181355638636,0.1212978903056225
17829.0,0.106226760216,0.0708693319513787
15241.0,0.0655988260034,0.0437315515082286
11725.0,0.0675467132026,0.0448596559010933
14079.0,0.087945109105,0.0583512756391804
11098.0,0.170311493204,0.1126268965504924
10848.0,0.152686985423,0.0988120839558838
13814.0,0.0507630534612,0.0327901063986419
17260.0,0.12116689194,0.0774935701238955
13207.0,0.0777828505223,0.0495817168278655
10519.0,1.78581460126,1.126447963956922
13241.0,0.0345707414724,0.0216553421942044
18173.0,0.121607386614,0.0755781679810418
17804.0,0.0861461173926,0.0533609955664048
19776.0,0.114126855954,0.0691035897535386
18992.0,0.097023686663,0.0582630648815761
10057.0,0.0940389054682,0.0557483781881586
18213.0,0.0852514850759,0.0495933206480471
12659.0,0.0619924646217,0.0352356825299436
14968.0,0.0427518730986,0.0235537074149894
15310.0,0.0398123599421,0.0212689951854735
12960.0,0.0693107554386,0.0369959605483619
10449.0,0.209444945674,0.0886327400714224
